patch_key,solver,solver_display,distance_bin_m,n_pixels,rmse_mmph,bias_mmph,pearson_corr
RAD_OPERA_HOURLY_RAINFALL_ACCUMULATION_202301180600_patch000,IDW,IDW,≤125,4307,0.5884041774312471,-0.006828647486593929,0.9636924923963743
RAD_OPERA_HOURLY_RAINFALL_ACCUMULATION_202301180600_patch000,IDW,IDW,"(125,375]",16831,0.6655629119053221,0.005569040297215355,0.9515462507757635
RAD_OPERA_HOURLY_RAINFALL_ACCUMULATION_202301180600_patch000,IDW,IDW,"(375,750]",25567,0.7867280722097257,0.07620763740919274,0.9251664608513503
RAD_OPERA_HOURLY_RAINFALL_ACCUMULATION_202301180600_patch000,IDW,IDW,"(750,1500]",46989,0.9999826193062695,0.13909373439231784,0.8546123856473156
RAD_OPERA_HOURLY_RAINFALL_ACCUMULATION_202301180600_patch000,IDW,IDW,"(1500,3125]",76874,1.2944985817505303,0.16177781537866406,0.7023251409448222
RAD_OPERA_HOURLY_RAINFALL_ACCUMULATION_202301180600_patch000,IDW,IDW,"(3125,6000]",38395,1.296787150980252,0.22984289582826023,0.6130751816782477
RAD_OPERA_HOURLY_RAINFALL_ACCUMULATION_202301180600_patch000,IDW,IDW,"(6000,9000]",4984,1.0010914959072075,0.6473882117848335,0.462579557814552
RAD_OPERA_HOURLY_RAINFALL_ACCUMULATION_202301180600_patch000,IDW,IDW,>9000,1093,0.9946116569147246,0.7759538487567884,-0.496181689946021
RAD_OPERA_HOURLY_RAINFALL_ACCUMULATION_202301180900_patch002,IDW,IDW,≤125,3902,0.4782953931516564,-0.03003059288543435,0.9753246747172116
RAD_OPERA_HOURLY_RAINFALL_ACCUMULATION_202301180900_patch002,IDW,IDW,"(125,375]",15131,0.5668097074844775,-0.03262619243176572,0.9649502075352765
RAD_OPERA_HOURLY_RAINFALL_ACCUMULATION_202301180900_patch002,IDW,IDW,"(375,750]",22331,0.6670546674230962,-0.01742953547327204,0.9489357005532614
RAD_OPERA_HOURLY_RAINFALL_ACCUMULATION_202301180900_patch002,IDW,IDW,"(750,1500]",41053,0.8750540784919201,-0.059347971532949816,0.9095532819342921
RAD_OPERA_HOURLY_RAINFALL_ACCUMULATION_202301180900_patch002,IDW,IDW,"(1500,3125]",69051,1.3103067867376927,-0.2186851680733173,0.8238678254907544
RAD_OPERA_HOURLY_RAINFALL_ACCUMULATION_202301180900_patch002,IDW,IDW,"(3125,6000]",34633,2.2864166759246687,-0.3565192489553317,0.4927617512546431
RAD_OPERA_HOURLY_RAINFALL_ACCUMULATION_202301180900_patch002,IDW,IDW,"(6000,9000]",4806,2.8705984075357267,1.6684600296389596,-0.5844821906724413
RAD_OPERA_HOURLY_RAINFALL_ACCUMULATION_202301180900_patch002,IDW,IDW,>9000,1093,2.7139560305875894,0.9959366481890944,-0.9198346851414133
RAD_OPERA_HOURLY_RAINFALL_ACCUMULATION_202301181200_patch003,IDW,IDW,≤125,3836,0.6280646944968833,0.061329902122787765,0.9616359558533448
RAD_OPERA_HOURLY_RAINFALL_ACCUMULATION_202301181200_patch003,IDW,IDW,"(125,375]",15470,0.6670976002018756,0.10682960454676389,0.941013312101507
RAD_OPERA_HOURLY_RAINFALL_ACCUMULATION_202301181200_patch003,IDW,IDW,"(375,750]",24747,0.7712772955425033,0.16851485294890337,0.9099417392647635
RAD_OPERA_HOURLY_RAINFALL_ACCUMULATION_202301181200_patch003,IDW,IDW,"(750,1500]",46358,0.9239732075922589,0.2065772092823825,0.8774934560901978
RAD_OPERA_HOURLY_RAINFALL_ACCUMULATION_202301181200_patch003,IDW,IDW,"(1500,3125]",72954,1.1349212721541437,0.345369510498781,0.833855103019504
RAD_OPERA_HOURLY_RAINFALL_ACCUMULATION_202301181200_patch003,IDW,IDW,"(3125,6000]",38442,1.2493509862225916,0.49536952494570824,0.767249857437065
RAD_OPERA_HOURLY_RAINFALL_ACCUMULATION_202301181200_patch003,IDW,IDW,"(6000,9000]",2993,0.8418535999947514,0.4426426036159529,0.703022998029011
RAD_OPERA_HOURLY_RAINFALL_ACCUMULATION_202301181300_patch002,IDW,IDW,≤125,4067,0.3823670719890551,-0.006717572963762436,0.9526491908688545
RAD_OPERA_HOURLY_RAINFALL_ACCUMULATION_202301181300_patch002,IDW,IDW,"(125,375]",16278,0.40422182799616907,0.009172679766022115,0.944351139621338
RAD_OPERA_HOURLY_RAINFALL_ACCUMULATION_202301181300_patch002,IDW,IDW,"(375,750]",25812,0.46563576176058946,0.01705675944974584,0.8965200061289834
RAD_OPERA_HOURLY_RAINFALL_ACCUMULATION_202301181300_patch002,IDW,IDW,"(750,1500]",48116,0.5821983261156881,0.015414675787030556,0.818253345046045
RAD_OPERA_HOURLY_RAINFALL_ACCUMULATION_202301181300_patch002,IDW,IDW,"(1500,3125]",75981,0.6965536151254518,-0.01647125594753783,0.7387800381894604
RAD_OPERA_HOURLY_RAINFALL_ACCUMULATION_202301181300_patch002,IDW,IDW,"(3125,6000]",35618,0.5648485639049238,0.042670596595750024,0.6611247498608714
RAD_OPERA_HOURLY_RAINFALL_ACCUMULATION_202301181300_patch002,IDW,IDW,"(6000,9000]",1488,0.6758491376155689,0.2727382359325245,0.26585918718653556
RAD_OPERA_HOURLY_RAINFALL_ACCUMULATION_202301181900_patch000,IDW,IDW,≤125,5288,0.19974840571036184,0.002446333577633806,0.985971912153649
RAD_OPERA_HOURLY_RAINFALL_ACCUMULATION_202301181900_patch000,IDW,IDW,"(125,375]",20528,0.24905500091970115,-0.0048503402347617654,0.9802713266724111
RAD_OPERA_HOURLY_RAINFALL_ACCUMULATION_202301181900_patch000,IDW,IDW,"(375,750]",32454,0.3245766125116598,-0.009480682362442414,0.9709964567742194
RAD_OPERA_HOURLY_RAINFALL_ACCUMULATION_202301181900_patch000,IDW,IDW,"(750,1500]",61361,0.4413456678777641,-0.03736054019450955,0.952638655684074
RAD_OPERA_HOURLY_RAINFALL_ACCUMULATION_202301181900_patch000,IDW,IDW,"(1500,3125]",101172,0.5874834074632093,-0.0772523803223517,0.9155239154514596
RAD_OPERA_HOURLY_RAINFALL_ACCUMULATION_202301181900_patch000,IDW,IDW,"(3125,6000]",52907,0.6148925971233674,-0.0261605875573819,0.9034035057450693
RAD_OPERA_HOURLY_RAINFALL_ACCUMULATION_202301181900_patch000,IDW,IDW,"(6000,9000]",3681,0.3163557206820813,0.20545546231597572,0.9753840383685761
RAD_OPERA_HOURLY_RAINFALL_ACCUMULATION_202301181900_patch000,IDW,IDW,>9000,369,0.24771822892919934,0.24762293882163236,0.3213570306641213
RAD_OPERA_HOURLY_RAINFALL_ACCUMULATION_202301190000_patch000,IDW,IDW,≤125,4743,0.2772095799225203,0.014717544831732971,0.9906238991627233
RAD_OPERA_HOURLY_RAINFALL_ACCUMULATION_202301190000_patch000,IDW,IDW,"(125,375]",19207,0.34430439683373415,0.02329634400529256,0.9849678937760106
RAD_OPERA_HOURLY_RAINFALL_ACCUMULATION_202301190000_patch000,IDW,IDW,"(375,750]",31346,0.4350045062285288,0.031155955772078015,0.9757413447967388
RAD_OPERA_HOURLY_RAINFALL_ACCUMULATION_202301190000_patch000,IDW,IDW,"(750,1500]",61078,0.5445432485793767,0.05422163121381526,0.9549711811461482
RAD_OPERA_HOURLY_RAINFALL_ACCUMULATION_202301190000_patch000,IDW,IDW,"(1500,3125]",101514,0.7084035297725827,0.1284676775740523,0.9054247123364562
RAD_OPERA_HOURLY_RAINFALL_ACCUMULATION_202301190000_patch000,IDW,IDW,"(3125,6000]",51996,0.8055618360802939,0.35702657888729633,0.8764398058975399
RAD_OPERA_HOURLY_RAINFALL_ACCUMULATION_202301190000_patch000,IDW,IDW,"(6000,9000]",5503,0.8857528504873411,0.7210489104774547,0.7560856618406717
RAD_OPERA_HOURLY_RAINFALL_ACCUMULATION_202301190000_patch000,IDW,IDW,>9000,1093,1.367691401290495,1.2711781820679409,0.25895802767861226
RAD_OPERA_HOURLY_RAINFALL_ACCUMULATION_202301190300_patch000,IDW,IDW,≤125,5625,0.4652233970488019,-0.03637650305430094,0.9708430670700108
RAD_OPERA_HOURLY_RAINFALL_ACCUMULATION_202301190300_patch000,IDW,IDW,"(125,375]",22142,0.49809446134098145,-0.016357121149081544,0.9628185223243857
RAD_OPERA_HOURLY_RAINFALL_ACCUMULATION_202301190300_patch000,IDW,IDW,"(375,750]",36071,0.6088844262814134,-0.02576595279765993,0.9496182570519854
RAD_OPERA_HOURLY_RAINFALL_ACCUMULATION_202301190300_patch000,IDW,IDW,"(750,1500]",71147,0.7418879014997387,-0.05643913419469151,0.9172646632213524
RAD_OPERA_HOURLY_RAINFALL_ACCUMULATION_202301190300_patch000,IDW,IDW,"(1500,3125]",121319,0.9692054563819597,-0.14075707909621046,0.8666133169952704
RAD_OPERA_HOURLY_RAINFALL_ACCUMULATION_202301190300_patch000,IDW,IDW,"(3125,6000]",72157,1.266951497413227,-0.07387318081586616,0.8196116080443995
RAD_OPERA_HOURLY_RAINFALL_ACCUMULATION_202301190300_patch000,IDW,IDW,"(6000,9000]",16588,1.1470849912253551,0.34518924236750353,0.6540776229378921
RAD_OPERA_HOURLY_RAINFALL_ACCUMULATION_202301190300_patch000,IDW,IDW,>9000,4391,0.9587906221472082,0.3167802986496539,0.6545867487728817
RAD_OPERA_HOURLY_RAINFALL_ACCUMULATION_202301190300_patch001,IDW,IDW,≤125,6138,0.5493011674794829,-0.08835451006527495,0.9670156609226367
RAD_OPERA_HOURLY_RAINFALL_ACCUMULATION_202301190300_patch001,IDW,IDW,"(125,375]",24392,0.5465918386765071,-0.06797406988297441,0.95832789936481
RAD_OPERA_HOURLY_RAINFALL_ACCUMULATION_202301190300_patch001,IDW,IDW,"(375,750]",39715,0.6408039140577774,-0.04117498392599213,0.9318591562995543
RAD_OPERA_HOURLY_RAINFALL_ACCUMULATION_202301190300_patch001,IDW,IDW,"(750,1500]",78272,0.7415966550615168,-0.0172149905390767,0.8961836261537757
RAD_OPERA_HOURLY_RAINFALL_ACCUMULATION_202301190300_patch001,IDW,IDW,"(1500,3125]",134070,0.963400990610391,-0.08169203562083735,0.8259490267657003
RAD_OPERA_HOURLY_RAINFALL_ACCUMULATION_202301190300_patch001,IDW,IDW,"(3125,6000]",75249,1.029872979213013,-0.15365064896037506,0.8113268535377582
RAD_OPERA_HOURLY_RAINFALL_ACCUMULATION_202301190300_patch001,IDW,IDW,"(6000,9000]",6503,0.676336678847487,0.22734684261498514,0.91292400141959
RAD_OPERA_HOURLY_RAINFALL_ACCUMULATION_202301190300_patch001,IDW,IDW,>9000,1229,0.005709181024336547,-0.00016511764206474176,0.9999988453165425
RAD_OPERA_HOURLY_RAINFALL_ACCUMULATION_202301190700_patch000,IDW,IDW,≤125,6028,0.24509720478446215,-0.004499288581128775,0.9869531014127447
RAD_OPERA_HOURLY_RAINFALL_ACCUMULATION_202301190700_patch000,IDW,IDW,"(125,375]",23900,0.27979843685490835,0.00012378873997153598,0.9837808430329448
RAD_OPERA_HOURLY_RAINFALL_ACCUMULATION_202301190700_patch000,IDW,IDW,"(375,750]",38804,0.391281987063118,-0.017274908860074947,0.9722778393600391
RAD_OPERA_HOURLY_RAINFALL_ACCUMULATION_202301190700_patch000,IDW,IDW,"(750,1500]",75204,0.5047971628389579,-0.012652774753294614,0.9530416945608381
RAD_OPERA_HOURLY_RAINFALL_ACCUMULATION_202301190700_patch000,IDW,IDW,"(1500,3125]",129043,0.6335534238591521,0.026673107594788588,0.9254354585770938
RAD_OPERA_HOURLY_RAINFALL_ACCUMULATION_202301190700_patch000,IDW,IDW,"(3125,6000]",74735,0.7348343734274777,0.013477440475580117,0.8737541428035285
RAD_OPERA_HOURLY_RAINFALL_ACCUMULATION_202301190700_patch000,IDW,IDW,"(6000,9000]",6675,0.8602473010280528,-0.2980796987214562,0.7493734329542308
RAD_OPERA_HOURLY_RAINFALL_ACCUMULATION_202301190700_patch000,IDW,IDW,>9000,427,1.1300039557750379,-0.5265282349229138,0.07654862453514652
RAD_OPERA_HOURLY_RAINFALL_ACCUMULATION_202301190800_patch001,IDW,IDW,≤125,4739,0.45778171557855835,0.024629797858008607,0.9459736674954977
RAD_OPERA_HOURLY_RAINFALL_ACCUMULATION_202301190800_patch001,IDW,IDW,"(125,375]",17811,0.5236694745846538,0.02667825236806944,0.9231453499931832
RAD_OPERA_HOURLY_RAINFALL_ACCUMULATION_202301190800_patch001,IDW,IDW,"(375,750]",26584,0.6605850631605789,0.04194529824297435,0.8870543420042889
RAD_OPERA_HOURLY_RAINFALL_ACCUMULATION_202301190800_patch001,IDW,IDW,"(750,1500]",49607,0.8465634352065066,0.08549884636100256,0.8288493054214183
RAD_OPERA_HOURLY_RAINFALL_ACCUMULATION_202301190800_patch001,IDW,IDW,"(1500,3125]",84697,1.2359902560159417,0.11241114995022913,0.7126706767627835
RAD_OPERA_HOURLY_RAINFALL_ACCUMULATION_202301190800_patch001,IDW,IDW,"(3125,6000]",49616,1.6738592008966333,0.10951051386526729,0.6899403902562826
RAD_OPERA_HOURLY_RAINFALL_ACCUMULATION_202301190800_patch001,IDW,IDW,"(6000,9000]",11038,1.157918688785102,0.0989564875207273,0.3889521265341188
RAD_OPERA_HOURLY_RAINFALL_ACCUMULATION_202301190800_patch001,IDW,IDW,>9000,5508,1.7347318914400935,-1.5812265916349408,0.5305516740839389
RAD_OPERA_HOURLY_RAINFALL_ACCUMULATION_202301190800_patch002,IDW,IDW,≤125,4948,1.818705938678162,-0.124598101801771,0.9555308395812858
RAD_OPERA_HOURLY_RAINFALL_ACCUMULATION_202301190800_patch002,IDW,IDW,"(125,375]",19069,1.9759284405021431,-0.06759296850918163,0.9459200715080516
RAD_OPERA_HOURLY_RAINFALL_ACCUMULATION_202301190800_patch002,IDW,IDW,"(375,750]",29951,2.2483212534405936,-0.027333575300930387,0.9381249219084767
RAD_OPERA_HOURLY_RAINFALL_ACCUMULATION_202301190800_patch002,IDW,IDW,"(750,1500]",56000,2.7194754152870284,0.12890017531523998,0.9039679360157448
RAD_OPERA_HOURLY_RAINFALL_ACCUMULATION_202301190800_patch002,IDW,IDW,"(1500,3125]",91858,3.562695986970669,0.5351127340936855,0.830175028937528
RAD_OPERA_HOURLY_RAINFALL_ACCUMULATION_202301190800_patch002,IDW,IDW,"(3125,6000]",49656,3.6800854600307416,0.7960985532269835,0.7737652230655326
RAD_OPERA_HOURLY_RAINFALL_ACCUMULATION_202301190800_patch002,IDW,IDW,"(6000,9000]",2462,1.0505538479138123,0.693579802701604,0.9096153749500793
RAD_OPERA_HOURLY_RAINFALL_ACCUMULATION_202301190800_patch002,IDW,IDW,>9000,8,0.15158704082297747,0.15005343034863472,
RAD_OPERA_HOURLY_RAINFALL_ACCUMULATION_202301190900_patch001,IDW,IDW,≤125,4873,0.3484947295493045,0.004647888101005906,0.9693293233689682
RAD_OPERA_HOURLY_RAINFALL_ACCUMULATION_202301190900_patch001,IDW,IDW,"(125,375]",18313,0.40406847875262114,0.0027091083993736245,0.9566428043234042
RAD_OPERA_HOURLY_RAINFALL_ACCUMULATION_202301190900_patch001,IDW,IDW,"(375,750]",27719,0.5300239502513993,0.025462684807157597,0.9299664799270513
RAD_OPERA_HOURLY_RAINFALL_ACCUMULATION_202301190900_patch001,IDW,IDW,"(750,1500]",51845,0.6867729021873091,0.014657867014586311,0.890669373529152
RAD_OPERA_HOURLY_RAINFALL_ACCUMULATION_202301190900_patch001,IDW,IDW,"(1500,3125]",88154,0.9009439186087856,-0.08675364576437151,0.8342347148920144
RAD_OPERA_HOURLY_RAINFALL_ACCUMULATION_202301190900_patch001,IDW,IDW,"(3125,6000]",43325,1.1533438190261245,-0.030435314965399442,0.7976878587804698
RAD_OPERA_HOURLY_RAINFALL_ACCUMULATION_202301190900_patch001,IDW,IDW,"(6000,9000]",779,0.9842923235023759,0.34710927814513026,-0.5024399375487909
RAD_OPERA_HOURLY_RAINFALL_ACCUMULATION_202301192000_patch000,IDW,IDW,≤125,5128,0.44340073730850016,-0.0038488223660568736,0.9750724813653135
RAD_OPERA_HOURLY_RAINFALL_ACCUMULATION_202301192000_patch000,IDW,IDW,"(125,375]",21179,0.4934510024053509,0.004688809554346887,0.966234135752235
RAD_OPERA_HOURLY_RAINFALL_ACCUMULATION_202301192000_patch000,IDW,IDW,"(375,750]",35613,0.6093582310849678,0.04192415875636466,0.9416432529557727
RAD_OPERA_HOURLY_RAINFALL_ACCUMULATION_202301192000_patch000,IDW,IDW,"(750,1500]",73106,0.7445596276002451,0.056032922880307395,0.9103013405241476
RAD_OPERA_HOURLY_RAINFALL_ACCUMULATION_202301192000_patch000,IDW,IDW,"(1500,3125]",132462,0.8256639148062775,0.1464022547146662,0.8804990094869743
RAD_OPERA_HOURLY_RAINFALL_ACCUMULATION_202301192000_patch000,IDW,IDW,"(3125,6000]",68585,0.8377366388950447,0.3384503642419619,0.8711729217552144
RAD_OPERA_HOURLY_RAINFALL_ACCUMULATION_202301192000_patch000,IDW,IDW,"(6000,9000]",11329,0.8057776646670035,0.45416305647627464,0.593997109141986
RAD_OPERA_HOURLY_RAINFALL_ACCUMULATION_202301192000_patch000,IDW,IDW,>9000,1782,1.2545231259481624,0.3740375547029086,-0.5144149475495632
RAD_OPERA_HOURLY_RAINFALL_ACCUMULATION_202301200400_patch000,IDW,IDW,≤125,4653,0.12030830051010726,-0.0009470195276312436,0.9875490668467996
RAD_OPERA_HOURLY_RAINFALL_ACCUMULATION_202301200400_patch000,IDW,IDW,"(125,375]",18817,0.14832258551126293,-0.0029115294329372663,0.9812675591450242
RAD_OPERA_HOURLY_RAINFALL_ACCUMULATION_202301200400_patch000,IDW,IDW,"(375,750]",30187,0.18777202530073173,-0.002374468948508824,0.9719262141370619
RAD_OPERA_HOURLY_RAINFALL_ACCUMULATION_202301200400_patch000,IDW,IDW,"(750,1500]",57992,0.2603634270115051,-0.004956124858422713,0.9487101398995866
RAD_OPERA_HOURLY_RAINFALL_ACCUMULATION_202301200400_patch000,IDW,IDW,"(1500,3125]",92124,0.35536629350659593,0.0014455567159466786,0.9035249458327891
RAD_OPERA_HOURLY_RAINFALL_ACCUMULATION_202301200400_patch000,IDW,IDW,"(3125,6000]",45691,0.3471620739162275,0.06342969767067537,0.8764466277775569
RAD_OPERA_HOURLY_RAINFALL_ACCUMULATION_202301200400_patch000,IDW,IDW,"(6000,9000]",10365,0.348220558863197,0.23977470132272943,0.9398827322493426
RAD_OPERA_HOURLY_RAINFALL_ACCUMULATION_202301200400_patch000,IDW,IDW,>9000,2059,0.35981400859041385,0.25041665690451237,0.9117953113300028
RAD_OPERA_HOURLY_RAINFALL_ACCUMULATION_202301200800_patch001,IDW,IDW,≤125,5792,0.22212786458738634,-0.002412918651507375,0.9767582554858143
RAD_OPERA_HOURLY_RAINFALL_ACCUMULATION_202301200800_patch001,IDW,IDW,"(125,375]",22486,0.254813612339682,0.0028357759227431124,0.9724503751108666
RAD_OPERA_HOURLY_RAINFALL_ACCUMULATION_202301200800_patch001,IDW,IDW,"(375,750]",36877,0.32387374079139697,0.011410484041008718,0.9637233866365199
RAD_OPERA_HOURLY_RAINFALL_ACCUMULATION_202301200800_patch001,IDW,IDW,"(750,1500]",73632,0.39545426827780683,0.015077642798201504,0.9522408623865899
RAD_OPERA_HOURLY_RAINFALL_ACCUMULATION_202301200800_patch001,IDW,IDW,"(1500,3125]",126564,0.5725220344254595,0.059778890284466014,0.9227863350973816
RAD_OPERA_HOURLY_RAINFALL_ACCUMULATION_202301200800_patch001,IDW,IDW,"(3125,6000]",63958,0.6963078058759882,0.04530666377678951,0.845967870206446
RAD_OPERA_HOURLY_RAINFALL_ACCUMULATION_202301200800_patch001,IDW,IDW,"(6000,9000]",2211,0.9505087528904086,0.05358326866420779,0.18290797484559151
RAD_OPERA_HOURLY_RAINFALL_ACCUMULATION_202301201300_patch000,IDW,IDW,≤125,3390,0.5638047895376052,-0.04495106168904487,0.934579575612371
RAD_OPERA_HOURLY_RAINFALL_ACCUMULATION_202301201300_patch000,IDW,IDW,"(125,375]",13291,0.6100064094198621,-0.07921605436287618,0.936426309443125
RAD_OPERA_HOURLY_RAINFALL_ACCUMULATION_202301201300_patch000,IDW,IDW,"(375,750]",19563,0.7395704453495702,-0.13930607604960968,0.925569126919548
RAD_OPERA_HOURLY_RAINFALL_ACCUMULATION_202301201300_patch000,IDW,IDW,"(750,1500]",36286,0.9852742313269766,-0.23080704114846184,0.8958967783438694
RAD_OPERA_HOURLY_RAINFALL_ACCUMULATION_202301201300_patch000,IDW,IDW,"(1500,3125]",59850,1.2735030381046053,-0.2901642233337476,0.8568223151526221
RAD_OPERA_HOURLY_RAINFALL_ACCUMULATION_202301201300_patch000,IDW,IDW,"(3125,6000]",31192,1.1821724640492044,-0.03635154975419107,0.8658398068957773
RAD_OPERA_HOURLY_RAINFALL_ACCUMULATION_202301201300_patch000,IDW,IDW,"(6000,9000]",2828,0.9679368564801046,0.7785355073980765,0.6440350358865538
RAD_OPERA_HOURLY_RAINFALL_ACCUMULATION_202301201600_patch002,IDW,IDW,≤125,3270,0.3019550877837705,-0.051402082501566006,0.9643467106326549
RAD_OPERA_HOURLY_RAINFALL_ACCUMULATION_202301201600_patch002,IDW,IDW,"(125,375]",12789,0.31594149896724755,-0.04688622762006837,0.9606488306218536
RAD_OPERA_HOURLY_RAINFALL_ACCUMULATION_202301201600_patch002,IDW,IDW,"(375,750]",19079,0.3879416919829325,-0.035995889174887594,0.9456168293096858
RAD_OPERA_HOURLY_RAINFALL_ACCUMULATION_202301201600_patch002,IDW,IDW,"(750,1500]",35634,0.48437721040155224,-0.053387645456187016,0.9198558459684297
RAD_OPERA_HOURLY_RAINFALL_ACCUMULATION_202301201600_patch002,IDW,IDW,"(1500,3125]",58364,0.6080529844198348,-0.0451960281037,0.8603589138427864
RAD_OPERA_HOURLY_RAINFALL_ACCUMULATION_202301201600_patch002,IDW,IDW,"(3125,6000]",29778,0.5611645538569442,0.1384662727711063,0.8321184739533843
RAD_OPERA_HOURLY_RAINFALL_ACCUMULATION_202301201600_patch002,IDW,IDW,"(6000,9000]",1086,0.6655418019463797,-0.007418352705778119,0.6223184881395409
RAD_OPERA_HOURLY_RAINFALL_ACCUMULATION_202301210300_patch000,IDW,IDW,≤125,4759,1.5729388722699127,-0.06288087528901107,0.9206010425500186
RAD_OPERA_HOURLY_RAINFALL_ACCUMULATION_202301210300_patch000,IDW,IDW,"(125,375]",19284,1.450031055751116,-0.050728401142589065,0.9315548015793162
RAD_OPERA_HOURLY_RAINFALL_ACCUMULATION_202301210300_patch000,IDW,IDW,"(375,750]",31010,1.6511920881533226,-0.043111364487010834,0.907608565818505
RAD_OPERA_HOURLY_RAINFALL_ACCUMULATION_202301210300_patch000,IDW,IDW,"(750,1500]",60712,2.280427303175653,-0.12394681461817202,0.860705115476933
RAD_OPERA_HOURLY_RAINFALL_ACCUMULATION_202301210300_patch000,IDW,IDW,"(1500,3125]",96412,4.124225836048044,-0.30916187172341836,0.7522614473966481
RAD_OPERA_HOURLY_RAINFALL_ACCUMULATION_202301210300_patch000,IDW,IDW,"(3125,6000]",45122,4.568682908144756,-0.47094853485494137,0.7351564252671419
RAD_OPERA_HOURLY_RAINFALL_ACCUMULATION_202301210300_patch000,IDW,IDW,"(6000,9000]",9644,2.6177221118585625,1.453418774544783,0.5658012168031283
RAD_OPERA_HOURLY_RAINFALL_ACCUMULATION_202301210300_patch000,IDW,IDW,>9000,2881,3.375787871030851,2.384937865498609,-0.09253080875661605
RAD_OPERA_HOURLY_RAINFALL_ACCUMULATION_202301210800_patch002,IDW,IDW,≤125,5965,1.319225412383519,-0.1532873272796006,0.9582787473139962
RAD_OPERA_HOURLY_RAINFALL_ACCUMULATION_202301210800_patch002,IDW,IDW,"(125,375]",23267,1.538469424967688,-0.16426369082488695,0.9465856006608424
RAD_OPERA_HOURLY_RAINFALL_ACCUMULATION_202301210800_patch002,IDW,IDW,"(375,750]",38413,2.0306909388457837,-0.24902773370873527,0.9313899348621595
RAD_OPERA_HOURLY_RAINFALL_ACCUMULATION_202301210800_patch002,IDW,IDW,"(750,1500]",76851,2.7993234248605767,-0.4244406873679272,0.9051075791533448
RAD_OPERA_HOURLY_RAINFALL_ACCUMULATION_202301210800_patch002,IDW,IDW,"(1500,3125]",134773,3.4177446594420067,-0.4316005118913761,0.8604119482417067
RAD_OPERA_HOURLY_RAINFALL_ACCUMULATION_202301210800_patch002,IDW,IDW,"(3125,6000]",67483,2.4640500460696573,0.050033994409174685,0.8203159815068074
RAD_OPERA_HOURLY_RAINFALL_ACCUMULATION_202301210800_patch002,IDW,IDW,"(6000,9000]",3454,1.2151575312060983,-0.14669305260658586,0.9658888954179059
RAD_OPERA_HOURLY_RAINFALL_ACCUMULATION_202301210800_patch002,IDW,IDW,>9000,2,0.0,0.0,
RAD_OPERA_HOURLY_RAINFALL_ACCUMULATION_202301210900_patch000,IDW,IDW,≤125,6233,1.6047453540910714,0.03915421595666152,0.9736172853748895
RAD_OPERA_HOURLY_RAINFALL_ACCUMULATION_202301210900_patch000,IDW,IDW,"(125,375]",24491,1.981291324831784,-0.06778594477710471,0.9632204963458781
RAD_OPERA_HOURLY_RAINFALL_ACCUMULATION_202301210900_patch000,IDW,IDW,"(375,750]",41092,2.347403431746864,-0.0329103211942725,0.9431889920398616
RAD_OPERA_HOURLY_RAINFALL_ACCUMULATION_202301210900_patch000,IDW,IDW,"(750,1500]",84004,2.819992501412717,-0.049118826877688024,0.9144476999495192
RAD_OPERA_HOURLY_RAINFALL_ACCUMULATION_202301210900_patch000,IDW,IDW,"(1500,3125]",151272,3.75569231021247,-0.13008814019155218,0.8473584698792852
RAD_OPERA_HOURLY_RAINFALL_ACCUMULATION_202301210900_patch000,IDW,IDW,"(3125,6000]",82886,4.271429346244459,-0.3459888768591602,0.8282094943343143
RAD_OPERA_HOURLY_RAINFALL_ACCUMULATION_202301210900_patch000,IDW,IDW,"(6000,9000]",7812,3.476762354266732,-0.12258353963246568,0.9257959809563637
RAD_OPERA_HOURLY_RAINFALL_ACCUMULATION_202301210900_patch000,IDW,IDW,>9000,34,0.08612039999830247,0.07927276457057279,0.61910771117334
RAD_OPERA_HOURLY_RAINFALL_ACCUMULATION_202301211500_patch000,IDW,IDW,≤125,4173,0.5903713114908337,0.003668362813518112,0.9254576911971503
RAD_OPERA_HOURLY_RAINFALL_ACCUMULATION_202301211500_patch000,IDW,IDW,"(125,375]",16207,0.6018381974982064,0.004859869772290333,0.9252003011197096
RAD_OPERA_HOURLY_RAINFALL_ACCUMULATION_202301211500_patch000,IDW,IDW,"(375,750]",23822,0.7159347038955278,-0.027452195654507097,0.907379214696038
RAD_OPERA_HOURLY_RAINFALL_ACCUMULATION_202301211500_patch000,IDW,IDW,"(750,1500]",43474,0.8791386712626372,-0.0956513025625795,0.8743294662743915
RAD_OPERA_HOURLY_RAINFALL_ACCUMULATION_202301211500_patch000,IDW,IDW,"(1500,3125]",72595,1.2125973354132422,-0.1254029260164319,0.7613857861595833
RAD_OPERA_HOURLY_RAINFALL_ACCUMULATION_202301211500_patch000,IDW,IDW,"(3125,6000]",37593,1.2160067507866956,0.12022738347816356,0.7679565422962795
RAD_OPERA_HOURLY_RAINFALL_ACCUMULATION_202301211500_patch000,IDW,IDW,"(6000,9000]",6818,0.957092892647489,0.7886009719118969,0.8509987526116815
RAD_OPERA_HOURLY_RAINFALL_ACCUMULATION_202301211500_patch000,IDW,IDW,>9000,1654,0.9160687433579829,0.8833859242147517,0.9327740647878624
RAD_OPERA_HOURLY_RAINFALL_ACCUMULATION_202301211800_patch000,IDW,IDW,≤125,3690,0.3782902147656988,-0.05121923237625702,0.9505799130389396
RAD_OPERA_HOURLY_RAINFALL_ACCUMULATION_202301211800_patch000,IDW,IDW,"(125,375]",14314,0.43458374098453845,-0.05818421140865519,0.947055613479844
RAD_OPERA_HOURLY_RAINFALL_ACCUMULATION_202301211800_patch000,IDW,IDW,"(375,750]",21246,0.566167713919272,-0.10102154956930637,0.9300098088471782
RAD_OPERA_HOURLY_RAINFALL_ACCUMULATION_202301211800_patch000,IDW,IDW,"(750,1500]",39504,0.7433216134844128,-0.16163397183899453,0.8796740131144628
RAD_OPERA_HOURLY_RAINFALL_ACCUMULATION_202301211800_patch000,IDW,IDW,"(1500,3125]",66874,1.0333782570402275,-0.2269754262593405,0.7570308451035528
RAD_OPERA_HOURLY_RAINFALL_ACCUMULATION_202301211800_patch000,IDW,IDW,"(3125,6000]",32140,1.1495782925141924,-0.10691544052164749,0.619477202578507
RAD_OPERA_HOURLY_RAINFALL_ACCUMULATION_202301211800_patch000,IDW,IDW,"(6000,9000]",1432,1.2342389556400966,-0.15738969287892293,0.31284406370615775
RAD_OPERA_HOURLY_RAINFALL_ACCUMULATION_202301211900_patch000,IDW,IDW,≤125,5624,0.35423506311953024,-0.009436560771564845,0.9662301664098508
RAD_OPERA_HOURLY_RAINFALL_ACCUMULATION_202301211900_patch000,IDW,IDW,"(125,375]",21915,0.44908530036591127,-0.05111381534436676,0.9561172591151591
RAD_OPERA_HOURLY_RAINFALL_ACCUMULATION_202301211900_patch000,IDW,IDW,"(375,750]",34783,0.6039264796854403,-0.08316359703865696,0.9314871666771513
RAD_OPERA_HOURLY_RAINFALL_ACCUMULATION_202301211900_patch000,IDW,IDW,"(750,1500]",66652,0.7772569930237928,-0.11393699227736674,0.8950735105423372
RAD_OPERA_HOURLY_RAINFALL_ACCUMULATION_202301211900_patch000,IDW,IDW,"(1500,3125]",114198,1.1421053756378754,-0.2570255718587556,0.7942544754701302
RAD_OPERA_HOURLY_RAINFALL_ACCUMULATION_202301211900_patch000,IDW,IDW,"(3125,6000]",59909,1.4201468804766466,-0.3142187226507428,0.7423649997113299
RAD_OPERA_HOURLY_RAINFALL_ACCUMULATION_202301211900_patch000,IDW,IDW,"(6000,9000]",1303,1.0005020510909386,-0.28464154215791826,0.9246589322875152
RAD_OPERA_HOURLY_RAINFALL_ACCUMULATION_202301211900_patch001,IDW,IDW,≤125,4911,0.5417752489027777,-0.04172411292861154,0.9341358050970664
RAD_OPERA_HOURLY_RAINFALL_ACCUMULATION_202301211900_patch001,IDW,IDW,"(125,375]",18873,0.5782659965854149,-0.046893869107006624,0.933717223052577
RAD_OPERA_HOURLY_RAINFALL_ACCUMULATION_202301211900_patch001,IDW,IDW,"(375,750]",29125,0.7185664859930138,-0.0759942374304677,0.9165966730830535
RAD_OPERA_HOURLY_RAINFALL_ACCUMULATION_202301211900_patch001,IDW,IDW,"(750,1500]",55476,0.9167443600946706,-0.14975542104539105,0.8830317038372676
RAD_OPERA_HOURLY_RAINFALL_ACCUMULATION_202301211900_patch001,IDW,IDW,"(1500,3125]",96752,1.182542480347906,-0.2780217768520063,0.831008843963406
RAD_OPERA_HOURLY_RAINFALL_ACCUMULATION_202301211900_patch001,IDW,IDW,"(3125,6000]",57530,1.4555344940357169,-0.46410950244309995,0.6671679563078735
RAD_OPERA_HOURLY_RAINFALL_ACCUMULATION_202301211900_patch001,IDW,IDW,"(6000,9000]",5827,2.0929935549623133,-1.099866073234996,0.00465400077869382
RAD_OPERA_HOURLY_RAINFALL_ACCUMULATION_202301211900_patch001,IDW,IDW,>9000,306,2.375858237802169,-1.736649963201261,-0.9518614755843294
RAD_OPERA_HOURLY_RAINFALL_ACCUMULATION_202301212300_patch000,IDW,IDW,≤125,4692,0.46647727356375857,0.0008659492812904657,0.9720769796086176
RAD_OPERA_HOURLY_RAINFALL_ACCUMULATION_202301212300_patch000,IDW,IDW,"(125,375]",17503,0.504175308699154,0.02648080358680695,0.9634348708972268
RAD_OPERA_HOURLY_RAINFALL_ACCUMULATION_202301212300_patch000,IDW,IDW,"(375,750]",25922,0.6200522515632886,0.059503978221341604,0.9351951291113204
RAD_OPERA_HOURLY_RAINFALL_ACCUMULATION_202301212300_patch000,IDW,IDW,"(750,1500]",47008,0.7883518753068418,0.11383889767501713,0.8662045887154618
RAD_OPERA_HOURLY_RAINFALL_ACCUMULATION_202301212300_patch000,IDW,IDW,"(1500,3125]",81012,1.0612845400843334,0.12773214771792557,0.7057726975539294
RAD_OPERA_HOURLY_RAINFALL_ACCUMULATION_202301212300_patch000,IDW,IDW,"(3125,6000]",43894,1.2051486674039307,0.055746615791899816,0.5792967017916937
RAD_OPERA_HOURLY_RAINFALL_ACCUMULATION_202301212300_patch000,IDW,IDW,"(6000,9000]",1153,0.8418543765625544,-0.11084282553309684,0.8951756774928412
RAD_OPERA_HOURLY_RAINFALL_ACCUMULATION_202301220000_patch001,IDW,IDW,≤125,5230,0.5243216477919035,0.032072429817675635,0.9776153615711443
RAD_OPERA_HOURLY_RAINFALL_ACCUMULATION_202301220000_patch001,IDW,IDW,"(125,375]",20323,0.5825636909534423,0.034427158341324246,0.9688687618423285
RAD_OPERA_HOURLY_RAINFALL_ACCUMULATION_202301220000_patch001,IDW,IDW,"(375,750]",32666,0.7191671102165031,0.045118804528614984,0.9447345970133729
RAD_OPERA_HOURLY_RAINFALL_ACCUMULATION_202301220000_patch001,IDW,IDW,"(750,1500]",63206,0.8587570458765139,0.06135426628768433,0.9121867592045612
RAD_OPERA_HOURLY_RAINFALL_ACCUMULATION_202301220000_patch001,IDW,IDW,"(1500,3125]",104459,1.1651974397351224,0.09560489827622784,0.8298092569517825
RAD_OPERA_HOURLY_RAINFALL_ACCUMULATION_202301220000_patch001,IDW,IDW,"(3125,6000]",53531,1.4082408019099268,-0.0760483860391,0.7698513505794621
RAD_OPERA_HOURLY_RAINFALL_ACCUMULATION_202301220000_patch001,IDW,IDW,"(6000,9000]",5048,1.5686350618154217,1.1560150005932144,0.6942371087765943
RAD_OPERA_HOURLY_RAINFALL_ACCUMULATION_202301220000_patch001,IDW,IDW,>9000,2257,0.838055574132988,0.6753913584038596,0.09581833752191311
RAD_OPERA_HOURLY_RAINFALL_ACCUMULATION_202301220100_patch001,IDW,IDW,≤125,4018,0.43129999367636174,-0.026197885615114196,0.9792492401664205
RAD_OPERA_HOURLY_RAINFALL_ACCUMULATION_202301220100_patch001,IDW,IDW,"(125,375]",15534,0.5101441950592019,-0.035996068768789365,0.9771844955493473
RAD_OPERA_HOURLY_RAINFALL_ACCUMULATION_202301220100_patch001,IDW,IDW,"(375,750]",22904,0.6836125307656243,-0.08330442647765535,0.9669647537870233
RAD_OPERA_HOURLY_RAINFALL_ACCUMULATION_202301220100_patch001,IDW,IDW,"(750,1500]",41857,0.9470061245190564,-0.13423745191427344,0.9426448693927051
RAD_OPERA_HOURLY_RAINFALL_ACCUMULATION_202301220100_patch001,IDW,IDW,"(1500,3125]",71355,1.294017679843144,-0.12845836577011754,0.9018409170269769
RAD_OPERA_HOURLY_RAINFALL_ACCUMULATION_202301220100_patch001,IDW,IDW,"(3125,6000]",34056,1.3368519647563148,0.4425673364760739,0.87556809986569
RAD_OPERA_HOURLY_RAINFALL_ACCUMULATION_202301220100_patch001,IDW,IDW,"(6000,9000]",3300,0.9130410711489745,0.6433802836185152,0.9471984083850534
RAD_OPERA_HOURLY_RAINFALL_ACCUMULATION_202301221200_patch000,IDW,IDW,≤125,5692,0.3923519921177808,0.018146074810919424,0.9875253632872729
RAD_OPERA_HOURLY_RAINFALL_ACCUMULATION_202301221200_patch000,IDW,IDW,"(125,375]",22509,0.4777197579583003,0.016945512097013952,0.984976441822194
RAD_OPERA_HOURLY_RAINFALL_ACCUMULATION_202301221200_patch000,IDW,IDW,"(375,750]",37533,0.6273188663800708,-0.0007149660537763328,0.9798440495803994
RAD_OPERA_HOURLY_RAINFALL_ACCUMULATION_202301221200_patch000,IDW,IDW,"(750,1500]",75522,0.8240285944926852,0.051340866689593805,0.9591524344688386
RAD_OPERA_HOURLY_RAINFALL_ACCUMULATION_202301221200_patch000,IDW,IDW,"(1500,3125]",133266,1.0790282427879982,0.1284854622124783,0.8854391771683696
RAD_OPERA_HOURLY_RAINFALL_ACCUMULATION_202301221200_patch000,IDW,IDW,"(3125,6000]",68969,1.5384050230551598,0.2900616293254656,0.6875619380834476
RAD_OPERA_HOURLY_RAINFALL_ACCUMULATION_202301221200_patch000,IDW,IDW,"(6000,9000]",8879,1.6172290597972103,1.0589157281100905,0.6258136821988454
RAD_OPERA_HOURLY_RAINFALL_ACCUMULATION_202301221200_patch000,IDW,IDW,>9000,2446,0.7257711213179227,0.5286975704249259,0.7600150066400895
RAD_OPERA_HOURLY_RAINFALL_ACCUMULATION_202301222100_patch000,IDW,IDW,≤125,3783,0.5121455458945291,-0.08164651731982935,0.9791752564574118
RAD_OPERA_HOURLY_RAINFALL_ACCUMULATION_202301222100_patch000,IDW,IDW,"(125,375]",14906,0.5856469015376427,-0.07652171419032354,0.9723548259171109
RAD_OPERA_HOURLY_RAINFALL_ACCUMULATION_202301222100_patch000,IDW,IDW,"(375,750]",22509,0.7800449740954372,-0.13131334311258447,0.9559284623749518
RAD_OPERA_HOURLY_RAINFALL_ACCUMULATION_202301222100_patch000,IDW,IDW,"(750,1500]",41257,1.089441968500236,-0.29087287639381143,0.9393942542031801
RAD_OPERA_HOURLY_RAINFALL_ACCUMULATION_202301222100_patch000,IDW,IDW,"(1500,3125]",66625,1.4879237192774353,-0.4656188085769833,0.9082938285433827
RAD_OPERA_HOURLY_RAINFALL_ACCUMULATION_202301222100_patch000,IDW,IDW,"(3125,6000]",34002,1.5644497365976697,-0.2730233151445092,0.8938373672687325
RAD_OPERA_HOURLY_RAINFALL_ACCUMULATION_202301222100_patch000,IDW,IDW,"(6000,9000]",3286,1.2281612448306478,0.4748677717975544,0.8908018790682198
RAD_OPERA_HOURLY_RAINFALL_ACCUMULATION_202301230100_patch000,IDW,IDW,≤125,4445,0.4020998296900967,-0.021836306036371933,0.9845803019810019
RAD_OPERA_HOURLY_RAINFALL_ACCUMULATION_202301230100_patch000,IDW,IDW,"(125,375]",17833,0.4650861736692512,-0.001620339375010787,0.9756973152214085
RAD_OPERA_HOURLY_RAINFALL_ACCUMULATION_202301230100_patch000,IDW,IDW,"(375,750]",28225,0.6157609599058989,0.008224628664844297,0.9522083550739022
RAD_OPERA_HOURLY_RAINFALL_ACCUMULATION_202301230100_patch000,IDW,IDW,"(750,1500]",52717,0.790619118716437,0.02053403863851975,0.9204201106690517
RAD_OPERA_HOURLY_RAINFALL_ACCUMULATION_202301230100_patch000,IDW,IDW,"(1500,3125]",84234,1.0404040333942124,0.023263136224171265,0.8676078917940356
RAD_OPERA_HOURLY_RAINFALL_ACCUMULATION_202301230100_patch000,IDW,IDW,"(3125,6000]",43953,1.167017154389084,0.19659138074827545,0.8147530377175496
RAD_OPERA_HOURLY_RAINFALL_ACCUMULATION_202301230100_patch000,IDW,IDW,"(6000,9000]",5580,1.4685164268868485,1.126391494921392,0.7062441583874166
RAD_OPERA_HOURLY_RAINFALL_ACCUMULATION_202301230100_patch000,IDW,IDW,>9000,1093,1.9727502192507929,1.798683359060174,0.7776260599473291
RAD_OPERA_HOURLY_RAINFALL_ACCUMULATION_202301230600_patch003,IDW,IDW,≤125,5253,0.34014191024282975,-0.045757150799801936,0.9619198839209431
RAD_OPERA_HOURLY_RAINFALL_ACCUMULATION_202301230600_patch003,IDW,IDW,"(125,375]",20266,0.35105026105702636,-0.04209936520995198,0.9583429862772593
RAD_OPERA_HOURLY_RAINFALL_ACCUMULATION_202301230600_patch003,IDW,IDW,"(375,750]",31845,0.4322567241289204,-0.03738160768807786,0.9449111674166802
RAD_OPERA_HOURLY_RAINFALL_ACCUMULATION_202301230600_patch003,IDW,IDW,"(750,1500]",60657,0.5858274311175194,-0.08445836990584797,0.9230944198376797
RAD_OPERA_HOURLY_RAINFALL_ACCUMULATION_202301230600_patch003,IDW,IDW,"(1500,3125]",99992,0.7296304119644954,-0.16934869628235982,0.9178540141962303
RAD_OPERA_HOURLY_RAINFALL_ACCUMULATION_202301230600_patch003,IDW,IDW,"(3125,6000]",48778,0.8753148428303735,-0.16611674984954392,0.9091395287606098
RAD_OPERA_HOURLY_RAINFALL_ACCUMULATION_202301230600_patch003,IDW,IDW,"(6000,9000]",2009,0.9510556835524828,0.5565595910316561,0.903928094978107
RAD_OPERA_HOURLY_RAINFALL_ACCUMULATION_202301231200_patch001,IDW,IDW,≤125,5395,0.253065616797626,0.002989961367110835,0.9647420547277353
RAD_OPERA_HOURLY_RAINFALL_ACCUMULATION_202301231200_patch001,IDW,IDW,"(125,375]",21090,0.29756510550895554,0.014305297501169713,0.955279738500573
RAD_OPERA_HOURLY_RAINFALL_ACCUMULATION_202301231200_patch001,IDW,IDW,"(375,750]",34488,0.3400249186607031,0.03849629217914751,0.937454295541054
RAD_OPERA_HOURLY_RAINFALL_ACCUMULATION_202301231200_patch001,IDW,IDW,"(750,1500]",67771,0.41911468861698054,0.06977572300180869,0.9087770642050872
RAD_OPERA_HOURLY_RAINFALL_ACCUMULATION_202301231200_patch001,IDW,IDW,"(1500,3125]",115766,0.5861403028161636,0.07591959804168677,0.8456496032632325
RAD_OPERA_HOURLY_RAINFALL_ACCUMULATION_202301231200_patch001,IDW,IDW,"(3125,6000]",63094,0.6512380543710621,0.13174416920605989,0.8918923871123565
RAD_OPERA_HOURLY_RAINFALL_ACCUMULATION_202301231200_patch001,IDW,IDW,"(6000,9000]",4971,0.7880045782848848,0.5405792906847405,0.8867234227155987
RAD_OPERA_HOURLY_RAINFALL_ACCUMULATION_202301231200_patch001,IDW,IDW,>9000,1,0.8937914371490479,0.8937914371490479,
RAD_OPERA_HOURLY_RAINFALL_ACCUMULATION_202301231200_patch002,IDW,IDW,≤125,4808,0.4517851038956999,0.04493885721620823,0.9856614278580128
RAD_OPERA_HOURLY_RAINFALL_ACCUMULATION_202301231200_patch002,IDW,IDW,"(125,375]",19791,0.47528532867892515,0.05549078050976928,0.9816944759149207
RAD_OPERA_HOURLY_RAINFALL_ACCUMULATION_202301231200_patch002,IDW,IDW,"(375,750]",33541,0.5645157694274364,0.0898420953709027,0.9692824257789417
RAD_OPERA_HOURLY_RAINFALL_ACCUMULATION_202301231200_patch002,IDW,IDW,"(750,1500]",70004,0.6917424293403319,0.09284951098288381,0.9466187420735286
RAD_OPERA_HOURLY_RAINFALL_ACCUMULATION_202301231200_patch002,IDW,IDW,"(1500,3125]",130131,0.8080530655292606,0.19577536598813133,0.9044517932635805
RAD_OPERA_HOURLY_RAINFALL_ACCUMULATION_202301231200_patch002,IDW,IDW,"(3125,6000]",65641,0.9437733925002905,0.37896636910565734,0.8388408358084004
RAD_OPERA_HOURLY_RAINFALL_ACCUMULATION_202301231200_patch002,IDW,IDW,"(6000,9000]",5637,0.46112305859136854,0.2350954553517167,0.8189276430682353
RAD_OPERA_HOURLY_RAINFALL_ACCUMULATION_202301231200_patch002,IDW,IDW,>9000,175,0.5022339342832295,0.44929826463971817,0.09844464649947507
RAD_OPERA_HOURLY_RAINFALL_ACCUMULATION_202301231200_patch003,IDW,IDW,≤125,5159,1.3402308249463075,-0.045193821912529214,0.9777273837613805
RAD_OPERA_HOURLY_RAINFALL_ACCUMULATION_202301231200_patch003,IDW,IDW,"(125,375]",19586,1.429709476322142,0.0012926403259287693,0.9723289156709143
RAD_OPERA_HOURLY_RAINFALL_ACCUMULATION_202301231200_patch003,IDW,IDW,"(375,750]",29988,1.9499436221184845,0.08589104807345768,0.9456955312451922
RAD_OPERA_HOURLY_RAINFALL_ACCUMULATION_202301231200_patch003,IDW,IDW,"(750,1500]",56176,2.750223927453959,0.30312318864088306,0.8531102141939177
RAD_OPERA_HOURLY_RAINFALL_ACCUMULATION_202301231200_patch003,IDW,IDW,"(1500,3125]",95580,3.63353954014684,1.0114960411848768,0.6532601288039903
RAD_OPERA_HOURLY_RAINFALL_ACCUMULATION_202301231200_patch003,IDW,IDW,"(3125,6000]",56911,4.07719932670588,1.5028516268190433,0.4938755433952036
RAD_OPERA_HOURLY_RAINFALL_ACCUMULATION_202301231200_patch003,IDW,IDW,"(6000,9000]",8318,1.9726035666951705,-0.04232579522416554,0.3426807081116982
RAD_OPERA_HOURLY_RAINFALL_ACCUMULATION_202301231200_patch003,IDW,IDW,>9000,666,0.8679163750241372,0.539384557729917,0.4330120627932208
RAD_OPERA_HOURLY_RAINFALL_ACCUMULATION_202301231300_patch001,IDW,IDW,≤125,5511,1.766714618504807,-0.04004091034321981,0.9493783700031609
RAD_OPERA_HOURLY_RAINFALL_ACCUMULATION_202301231300_patch001,IDW,IDW,"(125,375]",21364,2.539805402215727,-0.09174198102618333,0.9080773133042166
RAD_OPERA_HOURLY_RAINFALL_ACCUMULATION_202301231300_patch001,IDW,IDW,"(375,750]",33423,3.6681653840094746,-0.20526699357589676,0.8577447015696084
RAD_OPERA_HOURLY_RAINFALL_ACCUMULATION_202301231300_patch001,IDW,IDW,"(750,1500]",63975,4.7992683213954965,-0.35277092047470426,0.8160933384462409
RAD_OPERA_HOURLY_RAINFALL_ACCUMULATION_202301231300_patch001,IDW,IDW,"(1500,3125]",114461,5.914524738131782,-0.5611448132003449,0.7944206774686052
RAD_OPERA_HOURLY_RAINFALL_ACCUMULATION_202301231300_patch001,IDW,IDW,"(3125,6000]",64360,4.193300675531907,-0.07164315475892265,0.802107518834165
RAD_OPERA_HOURLY_RAINFALL_ACCUMULATION_202301231300_patch001,IDW,IDW,"(6000,9000]",3082,1.4055207657869677,0.5974485787757663,0.6595489041187482
RAD_OPERA_HOURLY_RAINFALL_ACCUMULATION_202301231400_patch002,IDW,IDW,≤125,5874,0.15426508755520216,-0.008144801719114818,0.9838871361830899
RAD_OPERA_HOURLY_RAINFALL_ACCUMULATION_202301231400_patch002,IDW,IDW,"(125,375]",23308,0.18479601682061728,-0.006575166286623496,0.9772472688153842
RAD_OPERA_HOURLY_RAINFALL_ACCUMULATION_202301231400_patch002,IDW,IDW,"(375,750]",37553,0.24433043861070905,-0.009475068182830082,0.9637953679191806
RAD_OPERA_HOURLY_RAINFALL_ACCUMULATION_202301231400_patch002,IDW,IDW,"(750,1500]",71261,0.3356876013195049,-0.018181937077888524,0.9395159815989675
RAD_OPERA_HOURLY_RAINFALL_ACCUMULATION_202301231400_patch002,IDW,IDW,"(1500,3125]",123639,0.47865259108246755,-0.061539527284997696,0.878499109669186
RAD_OPERA_HOURLY_RAINFALL_ACCUMULATION_202301231400_patch002,IDW,IDW,"(3125,6000]",70303,0.6176270319702983,-0.16822054388919783,0.8203761379953965
RAD_OPERA_HOURLY_RAINFALL_ACCUMULATION_202301231400_patch002,IDW,IDW,"(6000,9000]",3934,0.4222545224559659,0.04431931967655293,0.7130192041071378
RAD_OPERA_HOURLY_RAINFALL_ACCUMULATION_202301231400_patch003,IDW,IDW,≤125,4953,0.1892079650041869,-0.00041848801372750655,0.9798228966763226
RAD_OPERA_HOURLY_RAINFALL_ACCUMULATION_202301231400_patch003,IDW,IDW,"(125,375]",20410,0.2276864336812114,0.00364214193289447,0.9712864698261525
RAD_OPERA_HOURLY_RAINFALL_ACCUMULATION_202301231400_patch003,IDW,IDW,"(375,750]",34665,0.2947236239416342,0.0035614415635695346,0.9583470346174385
RAD_OPERA_HOURLY_RAINFALL_ACCUMULATION_202301231400_patch003,IDW,IDW,"(750,1500]",72194,0.3730316108178908,-0.0029108793800001406,0.9334067564776274
RAD_OPERA_HOURLY_RAINFALL_ACCUMULATION_202301231400_patch003,IDW,IDW,"(1500,3125]",134690,0.43456472154475456,0.0037260909816967244,0.9046943387079954
RAD_OPERA_HOURLY_RAINFALL_ACCUMULATION_202301231400_patch003,IDW,IDW,"(3125,6000]",66872,0.5942751472570648,0.07784456050687251,0.8154663624426723
RAD_OPERA_HOURLY_RAINFALL_ACCUMULATION_202301231400_patch003,IDW,IDW,"(6000,9000]",7545,0.6948425424748867,0.26599509921035996,0.31544033339956945
RAD_OPERA_HOURLY_RAINFALL_ACCUMULATION_202301231400_patch003,IDW,IDW,>9000,175,0.39085568786172215,0.3832274736676897,0.1889315617053636
RAD_OPERA_HOURLY_RAINFALL_ACCUMULATION_202301231600_patch001,IDW,IDW,≤125,4914,0.4410806476035959,-0.05921371172587465,0.9687157130707438
RAD_OPERA_HOURLY_RAINFALL_ACCUMULATION_202301231600_patch001,IDW,IDW,"(125,375]",20085,0.44416496708160264,-0.05795120937716822,0.9692730330123516
RAD_OPERA_HOURLY_RAINFALL_ACCUMULATION_202301231600_patch001,IDW,IDW,"(375,750]",33153,0.5085279765134625,-0.059472833190917736,0.964127746251951
RAD_OPERA_HOURLY_RAINFALL_ACCUMULATION_202301231600_patch001,IDW,IDW,"(750,1500]",65856,0.6799269906398089,-0.1000925449630023,0.9500343214363809
RAD_OPERA_HOURLY_RAINFALL_ACCUMULATION_202301231600_patch001,IDW,IDW,"(1500,3125]",111781,0.9019361767852819,-0.1545413281210705,0.9313801452515638
RAD_OPERA_HOURLY_RAINFALL_ACCUMULATION_202301231600_patch001,IDW,IDW,"(3125,6000]",56017,1.204576255527544,0.10951189381113047,0.894739116718509
RAD_OPERA_HOURLY_RAINFALL_ACCUMULATION_202301231600_patch001,IDW,IDW,"(6000,9000]",8106,1.5857957245343044,1.1582507839246705,0.6821405286829036
RAD_OPERA_HOURLY_RAINFALL_ACCUMULATION_202301231600_patch001,IDW,IDW,>9000,1656,1.7521882846817836,1.3823825685298385,-0.8001137185163326
RAD_OPERA_HOURLY_RAINFALL_ACCUMULATION_202301231700_patch000,IDW,IDW,≤125,5269,0.3484915288832718,-0.01627569973135067,0.9819877045709916
RAD_OPERA_HOURLY_RAINFALL_ACCUMULATION_202301231700_patch000,IDW,IDW,"(125,375]",20368,0.3951698884312339,0.014345251605754538,0.9749610344183988
RAD_OPERA_HOURLY_RAINFALL_ACCUMULATION_202301231700_patch000,IDW,IDW,"(375,750]",32124,0.5122995096000763,0.043551732986272976,0.9619484319619958
RAD_OPERA_HOURLY_RAINFALL_ACCUMULATION_202301231700_patch000,IDW,IDW,"(750,1500]",61468,0.6527695926310266,0.0737954020535819,0.9424525249656254
RAD_OPERA_HOURLY_RAINFALL_ACCUMULATION_202301231700_patch000,IDW,IDW,"(1500,3125]",104182,0.8876931941455392,0.034180883644079875,0.9154328072475294
RAD_OPERA_HOURLY_RAINFALL_ACCUMULATION_202301231700_patch000,IDW,IDW,"(3125,6000]",59655,1.1393886911867175,0.15672791037964867,0.8860113818189882
RAD_OPERA_HOURLY_RAINFALL_ACCUMULATION_202301231700_patch000,IDW,IDW,"(6000,9000]",8108,1.2974413403519351,0.8762267252295239,0.8589392538318862
RAD_OPERA_HOURLY_RAINFALL_ACCUMULATION_202301231700_patch000,IDW,IDW,>9000,666,1.0364017846782032,0.8338077439739181,0.9611010107397231
RAD_OPERA_HOURLY_RAINFALL_ACCUMULATION_202301231900_patch000,IDW,IDW,≤125,5065,0.4453425541975038,-0.03512573858680754,0.9778723680662249
RAD_OPERA_HOURLY_RAINFALL_ACCUMULATION_202301231900_patch000,IDW,IDW,"(125,375]",20812,0.5195024033887371,-0.04378632694237935,0.9730880802012812
RAD_OPERA_HOURLY_RAINFALL_ACCUMULATION_202301231900_patch000,IDW,IDW,"(375,750]",35015,0.6326497445482003,-0.03456890616679249,0.9620818191020876
RAD_OPERA_HOURLY_RAINFALL_ACCUMULATION_202301231900_patch000,IDW,IDW,"(750,1500]",71144,0.7590408158142112,-0.027761857339710812,0.9459177772461467
RAD_OPERA_HOURLY_RAINFALL_ACCUMULATION_202301231900_patch000,IDW,IDW,"(1500,3125]",125239,0.9254938969251205,-0.008784612219885002,0.9213029175208475
RAD_OPERA_HOURLY_RAINFALL_ACCUMULATION_202301231900_patch000,IDW,IDW,"(3125,6000]",61768,0.935473152923884,0.39258739607552906,0.8895389549900412
RAD_OPERA_HOURLY_RAINFALL_ACCUMULATION_202301231900_patch000,IDW,IDW,"(6000,9000]",9857,1.0576949389240609,0.8459277631180353,0.8225808311300875
RAD_OPERA_HOURLY_RAINFALL_ACCUMULATION_202301231900_patch000,IDW,IDW,>9000,1340,0.7924288107389932,0.6487721568696312,0.887022205207968
RAD_OPERA_HOURLY_RAINFALL_ACCUMULATION_202301240500_patch000,IDW,IDW,≤125,7497,4.5632522793247094,0.4404149357790311,0.9307106002069709
RAD_OPERA_HOURLY_RAINFALL_ACCUMULATION_202301240500_patch000,IDW,IDW,"(125,375]",30107,4.704817998008499,0.2091627199092497,0.9298050434636952
RAD_OPERA_HOURLY_RAINFALL_ACCUMULATION_202301240500_patch000,IDW,IDW,"(375,750]",51230,5.218568025072248,0.4612972088527836,0.8866433171290827
RAD_OPERA_HOURLY_RAINFALL_ACCUMULATION_202301240500_patch000,IDW,IDW,"(750,1500]",105715,4.5899663364216865,0.6763242074088053,0.8468592852757194
RAD_OPERA_HOURLY_RAINFALL_ACCUMULATION_202301240500_patch000,IDW,IDW,"(1500,3125]",194009,5.510649166291206,0.840085872027684,0.7819412626964082
RAD_OPERA_HOURLY_RAINFALL_ACCUMULATION_202301240500_patch000,IDW,IDW,"(3125,6000]",101789,5.904567113783518,1.698054241055905,0.6856368404829308
RAD_OPERA_HOURLY_RAINFALL_ACCUMULATION_202301240500_patch000,IDW,IDW,"(6000,9000]",4242,3.163605168499974,0.6724242492087575,0.6193181953429476
RAD_OPERA_HOURLY_RAINFALL_ACCUMULATION_202301240500_patch000,IDW,IDW,>9000,3,0.7269458576161053,0.7269426584243774,
RAD_OPERA_HOURLY_RAINFALL_ACCUMULATION_202301240700_patch000,IDW,IDW,≤125,3841,0.3197465462892744,-0.03916420614741116,0.9570307989194229
RAD_OPERA_HOURLY_RAINFALL_ACCUMULATION_202301240700_patch000,IDW,IDW,"(125,375]",15308,0.3555344008789608,-0.035467066892856156,0.9510665462507917
RAD_OPERA_HOURLY_RAINFALL_ACCUMULATION_202301240700_patch000,IDW,IDW,"(375,750]",23624,0.44552415794480443,-0.0475564450189557,0.9385061233720379
RAD_OPERA_HOURLY_RAINFALL_ACCUMULATION_202301240700_patch000,IDW,IDW,"(750,1500]",44314,0.5719443051328456,-0.05830053571784314,0.9218092227567685
RAD_OPERA_HOURLY_RAINFALL_ACCUMULATION_202301240700_patch000,IDW,IDW,"(1500,3125]",70641,0.7332777407041113,-0.1684271868813664,0.898101632836075
RAD_OPERA_HOURLY_RAINFALL_ACCUMULATION_202301240700_patch000,IDW,IDW,"(3125,6000]",32468,0.6630872408575025,0.025234326026306608,0.8681033951501431
RAD_OPERA_HOURLY_RAINFALL_ACCUMULATION_202301240700_patch000,IDW,IDW,"(6000,9000]",2828,0.4445353858774212,0.3448920865797423,0.9154142068238634
RAD_OPERA_HOURLY_RAINFALL_ACCUMULATION_202301241500_patch000,IDW,IDW,≤125,6666,0.6114975120083705,0.05831710072140384,0.9696152217941874
RAD_OPERA_HOURLY_RAINFALL_ACCUMULATION_202301241500_patch000,IDW,IDW,"(125,375]",26427,0.6432322895965945,0.04200701451179458,0.9618699740116272
RAD_OPERA_HOURLY_RAINFALL_ACCUMULATION_202301241500_patch000,IDW,IDW,"(375,750]",44674,0.8817644452763561,-0.015651668858320252,0.9334759705290175
RAD_OPERA_HOURLY_RAINFALL_ACCUMULATION_202301241500_patch000,IDW,IDW,"(750,1500]",92969,1.079598839068048,-0.024948022325119532,0.8920814565825639
RAD_OPERA_HOURLY_RAINFALL_ACCUMULATION_202301241500_patch000,IDW,IDW,"(1500,3125]",168314,1.3696458379725605,-0.08654167404847111,0.8187314184718214
RAD_OPERA_HOURLY_RAINFALL_ACCUMULATION_202301241500_patch000,IDW,IDW,"(3125,6000]",87948,1.9470911768783303,-0.40367619418065964,0.7126845728375905
RAD_OPERA_HOURLY_RAINFALL_ACCUMULATION_202301241500_patch000,IDW,IDW,"(6000,9000]",6063,1.2601486925325096,0.645892144382521,0.40990238980697175
RAD_OPERA_HOURLY_RAINFALL_ACCUMULATION_202301241500_patch000,IDW,IDW,>9000,91,1.6467202033851038,1.6428742068154472,0.7766187034859853
RAD_OPERA_HOURLY_RAINFALL_ACCUMULATION_202301241500_patch001,IDW,IDW,≤125,4327,0.9004116026635087,-0.08824483740679628,0.9483108270015282
RAD_OPERA_HOURLY_RAINFALL_ACCUMULATION_202301241500_patch001,IDW,IDW,"(125,375]",17469,0.9932505720823962,-0.1134699510598196,0.9464542121306206
RAD_OPERA_HOURLY_RAINFALL_ACCUMULATION_202301241500_patch001,IDW,IDW,"(375,750]",28304,1.219766390071443,-0.17886276687572797,0.9305766681916172
RAD_OPERA_HOURLY_RAINFALL_ACCUMULATION_202301241500_patch001,IDW,IDW,"(750,1500]",54744,1.4809456608979858,-0.23862320984764518,0.8984565573411171
RAD_OPERA_HOURLY_RAINFALL_ACCUMULATION_202301241500_patch001,IDW,IDW,"(1500,3125]",84620,2.027096688584942,-0.4339004549817895,0.8395288905043536
RAD_OPERA_HOURLY_RAINFALL_ACCUMULATION_202301241500_patch001,IDW,IDW,"(3125,6000]",39893,2.0024890570421157,-0.17034327168051897,0.762117055051361
RAD_OPERA_HOURLY_RAINFALL_ACCUMULATION_202301241500_patch001,IDW,IDW,"(6000,9000]",4424,1.1212103628336272,0.6511548229141219,0.45184151890195484
RAD_OPERA_HOURLY_RAINFALL_ACCUMULATION_202301241500_patch001,IDW,IDW,>9000,1227,1.1222138126621792,0.9336222178001373,0.5280011380820351
RAD_OPERA_HOURLY_RAINFALL_ACCUMULATION_202301241700_patch000,IDW,IDW,≤125,4266,0.4577059897373446,-0.026012361016253645,0.9348981983392916
RAD_OPERA_HOURLY_RAINFALL_ACCUMULATION_202301241700_patch000,IDW,IDW,"(125,375]",17079,0.5292211946200074,-0.026591065653876925,0.9118688501176099
RAD_OPERA_HOURLY_RAINFALL_ACCUMULATION_202301241700_patch000,IDW,IDW,"(375,750]",27134,0.6682919881287869,0.046391880041265036,0.87194143407764
RAD_OPERA_HOURLY_RAINFALL_ACCUMULATION_202301241700_patch000,IDW,IDW,"(750,1500]",50938,0.8719902354723323,0.11251441018795752,0.7910191182865918
RAD_OPERA_HOURLY_RAINFALL_ACCUMULATION_202301241700_patch000,IDW,IDW,"(1500,3125]",83633,1.1202013955108843,0.11124314735049132,0.6461736475955491
RAD_OPERA_HOURLY_RAINFALL_ACCUMULATION_202301241700_patch000,IDW,IDW,"(3125,6000]",42436,1.0764394640794186,0.2612798725374825,0.5372001001663779
RAD_OPERA_HOURLY_RAINFALL_ACCUMULATION_202301241700_patch000,IDW,IDW,"(6000,9000]",3890,1.1376390687889013,0.37057837440068836,0.5029070458666592
RAD_OPERA_HOURLY_RAINFALL_ACCUMULATION_202301241700_patch002,IDW,IDW,≤125,3783,0.5156726897152093,-0.039712086327862904,0.9711485564579884
RAD_OPERA_HOURLY_RAINFALL_ACCUMULATION_202301241700_patch002,IDW,IDW,"(125,375]",14906,0.5999437075061573,-0.04894043727247982,0.9600930062682936
RAD_OPERA_HOURLY_RAINFALL_ACCUMULATION_202301241700_patch002,IDW,IDW,"(375,750]",22509,0.7627154430908847,-0.06857650810282136,0.9400888654735402
RAD_OPERA_HOURLY_RAINFALL_ACCUMULATION_202301241700_patch002,IDW,IDW,"(750,1500]",41257,0.9768279808179936,-0.1128341392196471,0.9082914943861407
RAD_OPERA_HOURLY_RAINFALL_ACCUMULATION_202301241700_patch002,IDW,IDW,"(1500,3125]",66625,1.2774000750019827,-0.13139159633936343,0.8387602409807653
RAD_OPERA_HOURLY_RAINFALL_ACCUMULATION_202301241700_patch002,IDW,IDW,"(3125,6000]",34002,1.5155231713224002,0.03296448404039416,0.7443764391548899
RAD_OPERA_HOURLY_RAINFALL_ACCUMULATION_202301241700_patch002,IDW,IDW,"(6000,9000]",3286,1.1559531432134647,0.43020014732404954,0.7865931947165007
RAD_OPERA_HOURLY_RAINFALL_ACCUMULATION_202301241900_patch001,IDW,IDW,≤125,3801,0.29524809986020484,-0.006537085581816864,0.9851387640394623
RAD_OPERA_HOURLY_RAINFALL_ACCUMULATION_202301241900_patch001,IDW,IDW,"(125,375]",14742,0.3622160092738933,-0.01661651242201436,0.9759928601753302
RAD_OPERA_HOURLY_RAINFALL_ACCUMULATION_202301241900_patch001,IDW,IDW,"(375,750]",21758,0.4733675611734752,-0.029767356717073694,0.9572343532958558
RAD_OPERA_HOURLY_RAINFALL_ACCUMULATION_202301241900_patch001,IDW,IDW,"(750,1500]",40352,0.6074505785007412,-0.05733979779571106,0.9291629616645489
RAD_OPERA_HOURLY_RAINFALL_ACCUMULATION_202301241900_patch001,IDW,IDW,"(1500,3125]",68193,0.8585372189387442,-0.10589640070027549,0.8670170952665052
RAD_OPERA_HOURLY_RAINFALL_ACCUMULATION_202301241900_patch001,IDW,IDW,"(3125,6000]",33486,1.0102058938908345,0.051278928020326124,0.8477447814799808
RAD_OPERA_HOURLY_RAINFALL_ACCUMULATION_202301241900_patch001,IDW,IDW,"(6000,9000]",3268,1.2738401934783938,0.9797039419330538,0.8207314827452988
RAD_OPERA_HOURLY_RAINFALL_ACCUMULATION_202301242200_patch001,IDW,IDW,≤125,4808,0.7297358866508908,-0.10567097402460325,0.9617203962661125
RAD_OPERA_HOURLY_RAINFALL_ACCUMULATION_202301242200_patch001,IDW,IDW,"(125,375]",19791,0.8922529532028847,-0.1365703926200344,0.9490695084327279
RAD_OPERA_HOURLY_RAINFALL_ACCUMULATION_202301242200_patch001,IDW,IDW,"(375,750]",33541,1.0298448697327474,-0.10175574740902077,0.9255581571567888
RAD_OPERA_HOURLY_RAINFALL_ACCUMULATION_202301242200_patch001,IDW,IDW,"(750,1500]",70004,1.2426828227583853,-0.004963481401398558,0.8730092481545655
RAD_OPERA_HOURLY_RAINFALL_ACCUMULATION_202301242200_patch001,IDW,IDW,"(1500,3125]",130131,1.4912865848660555,0.0323949682251139,0.7755785573147308
RAD_OPERA_HOURLY_RAINFALL_ACCUMULATION_202301242200_patch001,IDW,IDW,"(3125,6000]",65641,1.6686670586723813,-0.06472816926992865,0.6807733973403876
RAD_OPERA_HOURLY_RAINFALL_ACCUMULATION_202301242200_patch001,IDW,IDW,"(6000,9000]",5637,1.7752000750021442,0.9883884174255341,0.40406096203260966
RAD_OPERA_HOURLY_RAINFALL_ACCUMULATION_202301242200_patch001,IDW,IDW,>9000,175,0.7974368601800703,0.7602692302635737,0.18272735998060696
RAD_OPERA_HOURLY_RAINFALL_ACCUMULATION_202301250200_patch000,IDW,IDW,≤125,4338,0.23091866196838545,-0.0202165223561904,0.9899702146872676
RAD_OPERA_HOURLY_RAINFALL_ACCUMULATION_202301250200_patch000,IDW,IDW,"(125,375]",17374,0.270488612929599,-0.020445470530181673,0.9859834951636675
RAD_OPERA_HOURLY_RAINFALL_ACCUMULATION_202301250200_patch000,IDW,IDW,"(375,750]",27861,0.3544597680711141,-0.023434162467214307,0.9731901194572983
RAD_OPERA_HOURLY_RAINFALL_ACCUMULATION_202301250200_patch000,IDW,IDW,"(750,1500]",53465,0.4724269354349751,0.0033776393231468877,0.9433655295515286
RAD_OPERA_HOURLY_RAINFALL_ACCUMULATION_202301250200_patch000,IDW,IDW,"(1500,3125]",85070,0.5965502490546641,0.04994733732145976,0.888173036867871
RAD_OPERA_HOURLY_RAINFALL_ACCUMULATION_202301250200_patch000,IDW,IDW,"(3125,6000]",42760,0.711216347329127,-0.07250445670612903,0.81991145705421
RAD_OPERA_HOURLY_RAINFALL_ACCUMULATION_202301250200_patch000,IDW,IDW,"(6000,9000]",5271,1.0659125410697394,0.25680955567682884,0.10432705899338417
RAD_OPERA_HOURLY_RAINFALL_ACCUMULATION_202301250200_patch000,IDW,IDW,>9000,405,0.8295091576649093,0.6797980655858546,0.7043126024387001
RAD_OPERA_HOURLY_RAINFALL_ACCUMULATION_202301250200_patch001,IDW,IDW,≤125,7047,0.530714425087612,-0.012814343527424835,0.9863526155558504
RAD_OPERA_HOURLY_RAINFALL_ACCUMULATION_202301250200_patch001,IDW,IDW,"(125,375]",28082,0.5458018553174575,-0.004635703633308754,0.983423958060133
RAD_OPERA_HOURLY_RAINFALL_ACCUMULATION_202301250200_patch001,IDW,IDW,"(375,750]",47439,0.6236239686121452,0.03221935643904892,0.9757428162678152
RAD_OPERA_HOURLY_RAINFALL_ACCUMULATION_202301250200_patch001,IDW,IDW,"(750,1500]",96948,0.7744914609960534,0.063379142980401,0.9569027914542805
RAD_OPERA_HOURLY_RAINFALL_ACCUMULATION_202301250200_patch001,IDW,IDW,"(1500,3125]",177373,1.0073275681759075,0.10700051160756799,0.9231052189411664
RAD_OPERA_HOURLY_RAINFALL_ACCUMULATION_202301250200_patch001,IDW,IDW,"(3125,6000]",99828,1.0065606559267328,0.0303672950519169,0.9212550126421227
RAD_OPERA_HOURLY_RAINFALL_ACCUMULATION_202301250200_patch001,IDW,IDW,"(6000,9000]",5091,0.45265379245083903,0.21105807976278798,0.7126420082209497
RAD_OPERA_HOURLY_RAINFALL_ACCUMULATION_202301250200_patch001,IDW,IDW,>9000,16,0.0,0.0,
RAD_OPERA_HOURLY_RAINFALL_ACCUMULATION_202301250300_patch000,IDW,IDW,≤125,5148,0.21408578017716692,0.00571510962209872,0.9755845431959687
RAD_OPERA_HOURLY_RAINFALL_ACCUMULATION_202301250300_patch000,IDW,IDW,"(125,375]",19535,0.22633840438097436,0.0003021124991609033,0.9727948157690485
RAD_OPERA_HOURLY_RAINFALL_ACCUMULATION_202301250300_patch000,IDW,IDW,"(375,750]",29882,0.265476082696056,0.003044899981165976,0.9602530860070947
RAD_OPERA_HOURLY_RAINFALL_ACCUMULATION_202301250300_patch000,IDW,IDW,"(750,1500]",56090,0.3204241295916352,0.011516211735923822,0.9347233529854618
RAD_OPERA_HOURLY_RAINFALL_ACCUMULATION_202301250300_patch000,IDW,IDW,"(1500,3125]",95021,0.4155783840828756,0.04293771163945628,0.8922062499424349
RAD_OPERA_HOURLY_RAINFALL_ACCUMULATION_202301250300_patch000,IDW,IDW,"(3125,6000]",50175,0.49301242893353786,0.07404494430630375,0.8550816300934657
RAD_OPERA_HOURLY_RAINFALL_ACCUMULATION_202301250300_patch000,IDW,IDW,"(6000,9000]",2197,0.34305400588876966,0.12791914879109137,0.8403169842082429
RAD_OPERA_HOURLY_RAINFALL_ACCUMULATION_202301250500_patch000,IDW,IDW,≤125,5599,0.7715776509210412,-0.00017602699135941977,0.9239327093162658
RAD_OPERA_HOURLY_RAINFALL_ACCUMULATION_202301250500_patch000,IDW,IDW,"(125,375]",22297,0.9853020798476174,-0.05013668191727274,0.9169556772588251
RAD_OPERA_HOURLY_RAINFALL_ACCUMULATION_202301250500_patch000,IDW,IDW,"(375,750]",37594,1.2650373207611787,-0.13889422418058456,0.9009635781559866
RAD_OPERA_HOURLY_RAINFALL_ACCUMULATION_202301250500_patch000,IDW,IDW,"(750,1500]",78259,1.442570514147321,-0.20066846733457916,0.8661186471786313
RAD_OPERA_HOURLY_RAINFALL_ACCUMULATION_202301250500_patch000,IDW,IDW,"(1500,3125]",147305,1.6166229458518548,-0.21558851566705492,0.8068450310735332
RAD_OPERA_HOURLY_RAINFALL_ACCUMULATION_202301250500_patch000,IDW,IDW,"(3125,6000]",77648,1.5549387218814346,-0.028684236605431176,0.7221954559813737
RAD_OPERA_HOURLY_RAINFALL_ACCUMULATION_202301250500_patch000,IDW,IDW,"(6000,9000]",7911,1.5489201802473815,0.32064846773964917,0.37976899601453745
RAD_OPERA_HOURLY_RAINFALL_ACCUMULATION_202301250500_patch000,IDW,IDW,>9000,219,1.3685839334122625,0.7134423289941326,-0.6785419026081239
RAD_OPERA_HOURLY_RAINFALL_ACCUMULATION_202301251000_patch001,IDW,IDW,≤125,4154,0.2057921414782283,0.003269551216271094,0.9935646688441379
RAD_OPERA_HOURLY_RAINFALL_ACCUMULATION_202301251000_patch001,IDW,IDW,"(125,375]",16892,0.23291846932515511,0.011195737994338506,0.9911668125763498
RAD_OPERA_HOURLY_RAINFALL_ACCUMULATION_202301251000_patch001,IDW,IDW,"(375,750]",27234,0.29923486662582877,0.003579073836105547,0.9844610184035101
RAD_OPERA_HOURLY_RAINFALL_ACCUMULATION_202301251000_patch001,IDW,IDW,"(750,1500]",52950,0.3922843185447131,0.0005607069201857198,0.9719828203720728
RAD_OPERA_HOURLY_RAINFALL_ACCUMULATION_202301251000_patch001,IDW,IDW,"(1500,3125]",82477,0.5635734962775474,0.03513435416841924,0.937552008720832
RAD_OPERA_HOURLY_RAINFALL_ACCUMULATION_202301251000_patch001,IDW,IDW,"(3125,6000]",40696,0.598526814299732,0.17680226661606388,0.9114601747762697
RAD_OPERA_HOURLY_RAINFALL_ACCUMULATION_202301251000_patch001,IDW,IDW,"(6000,9000]",6300,0.5727643967830007,0.3725147371963849,0.6967739245495285
RAD_OPERA_HOURLY_RAINFALL_ACCUMULATION_202301251000_patch001,IDW,IDW,>9000,2257,0.571672765737478,0.47818016271755975,0.11314985318813539
RAD_OPERA_HOURLY_RAINFALL_ACCUMULATION_202301251300_patch000,IDW,IDW,≤125,4088,0.22168310542913788,-0.012116072863457021,0.9659543922470544
RAD_OPERA_HOURLY_RAINFALL_ACCUMULATION_202301251300_patch000,IDW,IDW,"(125,375]",15882,0.24688942301860645,-0.008782467091433304,0.961666251525092
RAD_OPERA_HOURLY_RAINFALL_ACCUMULATION_202301251300_patch000,IDW,IDW,"(375,750]",23638,0.31538501744191433,-0.0052381062311073765,0.9559134016445736
RAD_OPERA_HOURLY_RAINFALL_ACCUMULATION_202301251300_patch000,IDW,IDW,"(750,1500]",43117,0.4026335932014518,-0.011707352179147722,0.9460106854851325
RAD_OPERA_HOURLY_RAINFALL_ACCUMULATION_202301251300_patch000,IDW,IDW,"(1500,3125]",73229,0.5244587176722689,0.02862283114372268,0.9421381345513071
RAD_OPERA_HOURLY_RAINFALL_ACCUMULATION_202301251300_patch000,IDW,IDW,"(3125,6000]",37125,0.6523929420857728,0.13334490341255031,0.9526394567742492
RAD_OPERA_HOURLY_RAINFALL_ACCUMULATION_202301251300_patch000,IDW,IDW,"(6000,9000]",3369,0.8653003605470507,0.6603514769410174,0.9285652232212565
RAD_OPERA_HOURLY_RAINFALL_ACCUMULATION_202301251600_patch002,IDW,IDW,≤125,4119,0.27839816910499854,-0.03261810733050021,0.9812898212464867
RAD_OPERA_HOURLY_RAINFALL_ACCUMULATION_202301251600_patch002,IDW,IDW,"(125,375]",15923,0.3184304303652289,-0.039487203055947356,0.9781691683622601
RAD_OPERA_HOURLY_RAINFALL_ACCUMULATION_202301251600_patch002,IDW,IDW,"(375,750]",23477,0.4035182153316061,-0.04245205251333038,0.9679734936511963
RAD_OPERA_HOURLY_RAINFALL_ACCUMULATION_202301251600_patch002,IDW,IDW,"(750,1500]",42558,0.5325243461855791,-0.08248464751594456,0.9464205873380752
RAD_OPERA_HOURLY_RAINFALL_ACCUMULATION_202301251600_patch002,IDW,IDW,"(1500,3125]",72310,0.7507883428694279,-0.14189738250663825,0.8921143503431538
RAD_OPERA_HOURLY_RAINFALL_ACCUMULATION_202301251600_patch002,IDW,IDW,"(3125,6000]",35394,0.830583961867369,-0.03742190454484219,0.7853992993384267
RAD_OPERA_HOURLY_RAINFALL_ACCUMULATION_202301251600_patch002,IDW,IDW,"(6000,9000]",4806,1.0926386868494034,0.6411969877881801,0.010154073916548541
RAD_OPERA_HOURLY_RAINFALL_ACCUMULATION_202301251600_patch002,IDW,IDW,>9000,1093,0.9311885325957431,0.6557974023548486,-0.4951165583715666
RAD_OPERA_HOURLY_RAINFALL_ACCUMULATION_202301252100_patch000,IDW,IDW,≤125,5395,0.22938029389976636,-0.017826951676988292,0.9876252450567045
RAD_OPERA_HOURLY_RAINFALL_ACCUMULATION_202301252100_patch000,IDW,IDW,"(125,375]",21090,0.2589494248754692,-0.017490040328249426,0.9844016906771751
RAD_OPERA_HOURLY_RAINFALL_ACCUMULATION_202301252100_patch000,IDW,IDW,"(375,750]",34488,0.3240610699034742,-0.010288310262936917,0.974978103016095
RAD_OPERA_HOURLY_RAINFALL_ACCUMULATION_202301252100_patch000,IDW,IDW,"(750,1500]",67771,0.38502183540522755,0.02143621731485353,0.9624237594697044
RAD_OPERA_HOURLY_RAINFALL_ACCUMULATION_202301252100_patch000,IDW,IDW,"(1500,3125]",115766,0.45715421213350543,0.10719185453146084,0.9398173306192871
RAD_OPERA_HOURLY_RAINFALL_ACCUMULATION_202301252100_patch000,IDW,IDW,"(3125,6000]",63094,0.49222683718009597,0.20576361406089222,0.9323355119578838
RAD_OPERA_HOURLY_RAINFALL_ACCUMULATION_202301252100_patch000,IDW,IDW,"(6000,9000]",4971,0.4326464655444549,0.33867269786484305,0.966220064352662
RAD_OPERA_HOURLY_RAINFALL_ACCUMULATION_202301252100_patch000,IDW,IDW,>9000,1,0.2759861648082733,0.2759861648082733,
RAD_OPERA_HOURLY_RAINFALL_ACCUMULATION_202301252200_patch000,IDW,IDW,≤125,3907,0.3446792283817555,-0.049730558818888417,0.9677391315386065
RAD_OPERA_HOURLY_RAINFALL_ACCUMULATION_202301252200_patch000,IDW,IDW,"(125,375]",15106,0.38543230396852857,-0.07057445879552628,0.9631305773285663
RAD_OPERA_HOURLY_RAINFALL_ACCUMULATION_202301252200_patch000,IDW,IDW,"(375,750]",22392,0.4708613570340126,-0.09324505799671248,0.9509398073928946
RAD_OPERA_HOURLY_RAINFALL_ACCUMULATION_202301252200_patch000,IDW,IDW,"(750,1500]",41007,0.5979240283812138,-0.14308622384014955,0.924593919651003
RAD_OPERA_HOURLY_RAINFALL_ACCUMULATION_202301252200_patch000,IDW,IDW,"(1500,3125]",70023,0.6662394100838415,-0.15483475169799882,0.9088808050953138
RAD_OPERA_HOURLY_RAINFALL_ACCUMULATION_202301252200_patch000,IDW,IDW,"(3125,6000]",32501,0.6875506594937182,-0.0029453897468126986,0.9179289294419756
RAD_OPERA_HOURLY_RAINFALL_ACCUMULATION_202301252200_patch000,IDW,IDW,"(6000,9000]",1432,0.612265899012929,0.43873776953313603,0.9590596049753441
RAD_OPERA_HOURLY_RAINFALL_ACCUMULATION_202301260000_patch000,IDW,IDW,≤125,3884,4.7073199427740535,-0.1732961479692181,0.964896181308011
RAD_OPERA_HOURLY_RAINFALL_ACCUMULATION_202301260000_patch000,IDW,IDW,"(125,375]",15623,5.307104183266414,0.24043742548520008,0.9314694932154558
RAD_OPERA_HOURLY_RAINFALL_ACCUMULATION_202301260000_patch000,IDW,IDW,"(375,750]",24479,6.79111467250686,0.9030738343555541,0.8466269964274442
RAD_OPERA_HOURLY_RAINFALL_ACCUMULATION_202301260000_patch000,IDW,IDW,"(750,1500]",46137,7.435907446939583,1.2676810227692992,0.7218016123734143
RAD_OPERA_HOURLY_RAINFALL_ACCUMULATION_202301260000_patch000,IDW,IDW,"(1500,3125]",72453,7.379834840975644,1.6421759111959702,0.4696713954174044
RAD_OPERA_HOURLY_RAINFALL_ACCUMULATION_202301260000_patch000,IDW,IDW,"(3125,6000]",34265,6.426222437750149,1.720839909164892,0.43766521078417386
RAD_OPERA_HOURLY_RAINFALL_ACCUMULATION_202301260000_patch000,IDW,IDW,"(6000,9000]",2839,3.1613846580032026,2.032115067118094,0.412115044536924
RAD_OPERA_HOURLY_RAINFALL_ACCUMULATION_202301260200_patch000,IDW,IDW,≤125,4421,0.3878568239115058,-0.022945534919460848,0.9866380942309181
RAD_OPERA_HOURLY_RAINFALL_ACCUMULATION_202301260200_patch000,IDW,IDW,"(125,375]",17544,0.44236201124182895,-0.041474991669237946,0.9827986746633096
RAD_OPERA_HOURLY_RAINFALL_ACCUMULATION_202301260200_patch000,IDW,IDW,"(375,750]",27121,0.5967890561518165,-0.059855406418822386,0.9716448623968632
RAD_OPERA_HOURLY_RAINFALL_ACCUMULATION_202301260200_patch000,IDW,IDW,"(750,1500]",51199,0.8056167609960615,-0.08609295175590982,0.9532939104990581
RAD_OPERA_HOURLY_RAINFALL_ACCUMULATION_202301260200_patch000,IDW,IDW,"(1500,3125]",82409,1.1549877876929906,-0.08700193883961357,0.9146543342270936
RAD_OPERA_HOURLY_RAINFALL_ACCUMULATION_202301260200_patch000,IDW,IDW,"(3125,6000]",39095,1.6636155054687471,0.3824331060190324,0.7895980208864644
RAD_OPERA_HOURLY_RAINFALL_ACCUMULATION_202301260200_patch000,IDW,IDW,"(6000,9000]",6701,1.8325237423731948,1.557591175509556,0.6609064554824389
RAD_OPERA_HOURLY_RAINFALL_ACCUMULATION_202301260200_patch000,IDW,IDW,>9000,1654,1.903386756699182,1.6816779913058664,0.8320342496287044
RAD_OPERA_HOURLY_RAINFALL_ACCUMULATION_202301260200_patch001,IDW,IDW,≤125,4870,0.31943727091879665,-0.02749284599473589,0.9728746836069969
RAD_OPERA_HOURLY_RAINFALL_ACCUMULATION_202301260200_patch001,IDW,IDW,"(125,375]",18492,0.3546417654826147,-0.01630829119857013,0.9631120885185587
RAD_OPERA_HOURLY_RAINFALL_ACCUMULATION_202301260200_patch001,IDW,IDW,"(375,750]",28487,0.47065918169873866,-0.034378456238526596,0.9331723290269307
RAD_OPERA_HOURLY_RAINFALL_ACCUMULATION_202301260200_patch001,IDW,IDW,"(750,1500]",53473,0.6176013557431144,-0.11141390940216435,0.8915776556081672
RAD_OPERA_HOURLY_RAINFALL_ACCUMULATION_202301260200_patch001,IDW,IDW,"(1500,3125]",88711,0.7192591867737205,-0.1794269001269179,0.8583363903609833
RAD_OPERA_HOURLY_RAINFALL_ACCUMULATION_202301260200_patch001,IDW,IDW,"(3125,6000]",42560,0.7077337682860299,-0.00370208738735856,0.8227414828612872
RAD_OPERA_HOURLY_RAINFALL_ACCUMULATION_202301260200_patch001,IDW,IDW,"(6000,9000]",975,1.0059101327680386,-0.17663746032959377,0.07808997629465958
RAD_OPERA_HOURLY_RAINFALL_ACCUMULATION_202301260600_patch000,IDW,IDW,≤125,3390,3.9581228204120302,-0.0060471332457192415,0.9387723574288385
RAD_OPERA_HOURLY_RAINFALL_ACCUMULATION_202301260600_patch000,IDW,IDW,"(125,375]",13291,4.51178556400569,0.15109981295042416,0.9042365847851096
RAD_OPERA_HOURLY_RAINFALL_ACCUMULATION_202301260600_patch000,IDW,IDW,"(375,750]",19563,5.7037716144468105,0.1057844302399333,0.8578088145639703
RAD_OPERA_HOURLY_RAINFALL_ACCUMULATION_202301260600_patch000,IDW,IDW,"(750,1500]",36286,5.0173111865813755,0.21954563111567274,0.8483474219457022
RAD_OPERA_HOURLY_RAINFALL_ACCUMULATION_202301260600_patch000,IDW,IDW,"(1500,3125]",59850,4.861245063180241,1.5627387356727565,0.7131652652892988
RAD_OPERA_HOURLY_RAINFALL_ACCUMULATION_202301260600_patch000,IDW,IDW,"(3125,6000]",31192,7.20355975295695,4.123277994779111,0.35730368559228326
RAD_OPERA_HOURLY_RAINFALL_ACCUMULATION_202301260600_patch000,IDW,IDW,"(6000,9000]",2828,9.718963155247327,7.920752773327837,0.03956163024851391
RAD_OPERA_HOURLY_RAINFALL_ACCUMULATION_202301260800_patch001,IDW,IDW,≤125,5680,0.29313969295598785,0.014764614878091173,0.9695440088847511
RAD_OPERA_HOURLY_RAINFALL_ACCUMULATION_202301260800_patch001,IDW,IDW,"(125,375]",22152,0.34728636372478244,-0.00250344842392514,0.9568685213856586
RAD_OPERA_HOURLY_RAINFALL_ACCUMULATION_202301260800_patch001,IDW,IDW,"(375,750]",35262,0.46662119726703066,-0.035219498236041015,0.9215976945041082
RAD_OPERA_HOURLY_RAINFALL_ACCUMULATION_202301260800_patch001,IDW,IDW,"(750,1500]",67772,0.6224359210045244,-0.07484548690459006,0.8422613242141851
RAD_OPERA_HOURLY_RAINFALL_ACCUMULATION_202301260800_patch001,IDW,IDW,"(1500,3125]",116937,0.8247497203669651,-0.0598556856433105,0.7103892013984189
RAD_OPERA_HOURLY_RAINFALL_ACCUMULATION_202301260800_patch001,IDW,IDW,"(3125,6000]",62770,0.8719956703518326,-0.13341350329611662,0.6681078338823639
RAD_OPERA_HOURLY_RAINFALL_ACCUMULATION_202301260800_patch001,IDW,IDW,"(6000,9000]",1235,0.711381646057854,-0.011138095064201818,0.7605710759477735
RAD_OPERA_HOURLY_RAINFALL_ACCUMULATION_202301260900_patch000,IDW,IDW,≤125,3711,0.39608034268322634,0.018943239434071866,0.9697233335762742
RAD_OPERA_HOURLY_RAINFALL_ACCUMULATION_202301260900_patch000,IDW,IDW,"(125,375]",14727,0.44973398944031534,0.06795638441480961,0.9576498786892089
RAD_OPERA_HOURLY_RAINFALL_ACCUMULATION_202301260900_patch000,IDW,IDW,"(375,750]",22957,0.5230078198698411,0.12529857591370305,0.9425583010026025
RAD_OPERA_HOURLY_RAINFALL_ACCUMULATION_202301260900_patch000,IDW,IDW,"(750,1500]",43184,0.6442065119273048,0.1565989782870169,0.9150941061048241
RAD_OPERA_HOURLY_RAINFALL_ACCUMULATION_202301260900_patch000,IDW,IDW,"(1500,3125]",67966,0.864953391076409,0.28769801412055845,0.8355858527224824
RAD_OPERA_HOURLY_RAINFALL_ACCUMULATION_202301260900_patch000,IDW,IDW,"(3125,6000]",32037,1.2962361389554256,0.6823176913751542,0.5360081708920416
RAD_OPERA_HOURLY_RAINFALL_ACCUMULATION_202301260900_patch000,IDW,IDW,"(6000,9000]",1018,1.6586997180118161,1.2890123233111292,0.38840040029031214
RAD_OPERA_HOURLY_RAINFALL_ACCUMULATION_202301260900_patch001,IDW,IDW,≤125,5159,0.2728878687678119,-0.024193994422179826,0.9727759898502588
RAD_OPERA_HOURLY_RAINFALL_ACCUMULATION_202301260900_patch001,IDW,IDW,"(125,375]",19586,0.30719766677337507,-0.023835050966752314,0.9687891022821867
RAD_OPERA_HOURLY_RAINFALL_ACCUMULATION_202301260900_patch001,IDW,IDW,"(375,750]",29988,0.4051580619482363,-0.0323006821016407,0.9516316866459047
RAD_OPERA_HOURLY_RAINFALL_ACCUMULATION_202301260900_patch001,IDW,IDW,"(750,1500]",56176,0.540661382905026,-0.06745953979519732,0.9235219885673851
RAD_OPERA_HOURLY_RAINFALL_ACCUMULATION_202301260900_patch001,IDW,IDW,"(1500,3125]",95580,0.7428566352392633,-0.12729198176380255,0.8704594142391354
RAD_OPERA_HOURLY_RAINFALL_ACCUMULATION_202301260900_patch001,IDW,IDW,"(3125,6000]",56911,0.9484486877579807,-0.0368942273360953,0.8383250882552521
RAD_OPERA_HOURLY_RAINFALL_ACCUMULATION_202301260900_patch001,IDW,IDW,"(6000,9000]",8318,0.8890279073719181,0.4515156126575534,0.8072170874779528
RAD_OPERA_HOURLY_RAINFALL_ACCUMULATION_202301260900_patch001,IDW,IDW,>9000,666,0.6948798045622431,0.6121760225510812,0.9636373603560752
RAD_OPERA_HOURLY_RAINFALL_ACCUMULATION_202301270400_patch000,IDW,IDW,≤125,4024,0.514013381228888,-0.03568699232732752,0.9691053335162527
RAD_OPERA_HOURLY_RAINFALL_ACCUMULATION_202301270400_patch000,IDW,IDW,"(125,375]",16310,0.5281180901211103,0.008585706820181916,0.9625983718670177
RAD_OPERA_HOURLY_RAINFALL_ACCUMULATION_202301270400_patch000,IDW,IDW,"(375,750]",26560,0.6503448227489952,0.04502746806546065,0.9435199907022008
RAD_OPERA_HOURLY_RAINFALL_ACCUMULATION_202301270400_patch000,IDW,IDW,"(750,1500]",51739,0.8358760358550629,0.023974478092959585,0.9056674002719128
RAD_OPERA_HOURLY_RAINFALL_ACCUMULATION_202301270400_patch000,IDW,IDW,"(1500,3125]",79134,1.2023356880509584,0.021550456434745232,0.805921963704507
RAD_OPERA_HOURLY_RAINFALL_ACCUMULATION_202301270400_patch000,IDW,IDW,"(3125,6000]",39529,1.794071966327709,-0.20658508810754603,0.7247773406717711
RAD_OPERA_HOURLY_RAINFALL_ACCUMULATION_202301270400_patch000,IDW,IDW,"(6000,9000]",4447,1.4610549017076904,-0.7725789848206578,0.3869547083181637
RAD_OPERA_HOURLY_RAINFALL_ACCUMULATION_202301270400_patch000,IDW,IDW,>9000,2257,1.0413576888651865,-0.6765638600950702,-0.8301056723457881
RAD_OPERA_HOURLY_RAINFALL_ACCUMULATION_202301270700_patch000,IDW,IDW,≤125,6209,0.9026478435819005,-0.10042956083100606,0.9730648308410851
RAD_OPERA_HOURLY_RAINFALL_ACCUMULATION_202301270700_patch000,IDW,IDW,"(125,375]",24640,0.9842170403229181,-0.05882724679742441,0.9652365780584837
RAD_OPERA_HOURLY_RAINFALL_ACCUMULATION_202301270700_patch000,IDW,IDW,"(375,750]",40310,1.2367806144119637,-0.01937501633405657,0.9502009141885469
RAD_OPERA_HOURLY_RAINFALL_ACCUMULATION_202301270700_patch000,IDW,IDW,"(750,1500]",79643,1.6662125662831209,-0.06654509981849642,0.9260685701847073
RAD_OPERA_HOURLY_RAINFALL_ACCUMULATION_202301270700_patch000,IDW,IDW,"(1500,3125]",137983,2.427748057526529,-0.1624910696928975,0.8777212384784925
RAD_OPERA_HOURLY_RAINFALL_ACCUMULATION_202301270700_patch000,IDW,IDW,"(3125,6000]",83142,2.902755006017207,-0.3031320683798,0.8583398448905732
RAD_OPERA_HOURLY_RAINFALL_ACCUMULATION_202301270700_patch000,IDW,IDW,"(6000,9000]",10359,1.0042544932360042,0.15581647729460582,0.8113693870925958
RAD_OPERA_HOURLY_RAINFALL_ACCUMULATION_202301270700_patch000,IDW,IDW,>9000,2994,1.293941114791899,-0.6296818227032492,0.7772942992069313
RAD_OPERA_HOURLY_RAINFALL_ACCUMULATION_202301270800_patch000,IDW,IDW,≤125,3487,0.20306248183902192,-0.033534862573282885,0.9377781345985061
RAD_OPERA_HOURLY_RAINFALL_ACCUMULATION_202301270800_patch000,IDW,IDW,"(125,375]",13581,0.18778951091819568,-0.031866654381732,0.9469863870183508
RAD_OPERA_HOURLY_RAINFALL_ACCUMULATION_202301270800_patch000,IDW,IDW,"(375,750]",20224,0.20451397254895093,-0.027697315610520825,0.9372451050162587
RAD_OPERA_HOURLY_RAINFALL_ACCUMULATION_202301270800_patch000,IDW,IDW,"(750,1500]",37125,0.23186355676243434,-0.017678990845728403,0.9113246146426013
RAD_OPERA_HOURLY_RAINFALL_ACCUMULATION_202301270800_patch000,IDW,IDW,"(1500,3125]",60628,0.2920467264080596,0.040683038648250604,0.8300346954643277
RAD_OPERA_HOURLY_RAINFALL_ACCUMULATION_202301270800_patch000,IDW,IDW,"(3125,6000]",30024,0.4692856565885538,0.1316454566036451,0.7663786933456189
RAD_OPERA_HOURLY_RAINFALL_ACCUMULATION_202301270800_patch000,IDW,IDW,"(6000,9000]",1331,0.8856682787531535,0.5940179218482828,0.6499019699255015
RAD_OPERA_HOURLY_RAINFALL_ACCUMULATION_202301270900_patch000,IDW,IDW,≤125,5395,0.5888012889762639,0.047792455010578744,0.9701449518554883
RAD_OPERA_HOURLY_RAINFALL_ACCUMULATION_202301270900_patch000,IDW,IDW,"(125,375]",21090,0.693357837754811,0.01771307144792739,0.955458751433516
RAD_OPERA_HOURLY_RAINFALL_ACCUMULATION_202301270900_patch000,IDW,IDW,"(375,750]",34488,0.8667141261416303,-0.02117660033377892,0.923213220879897
RAD_OPERA_HOURLY_RAINFALL_ACCUMULATION_202301270900_patch000,IDW,IDW,"(750,1500]",67771,1.1019827126565889,-0.06696665852520309,0.847005033031775
RAD_OPERA_HOURLY_RAINFALL_ACCUMULATION_202301270900_patch000,IDW,IDW,"(1500,3125]",115766,1.2848926962831502,0.0046277494725569255,0.7488622723622754
RAD_OPERA_HOURLY_RAINFALL_ACCUMULATION_202301270900_patch000,IDW,IDW,"(3125,6000]",63094,1.3063170988381454,0.35650123953148527,0.7338855099285387
RAD_OPERA_HOURLY_RAINFALL_ACCUMULATION_202301270900_patch000,IDW,IDW,"(6000,9000]",4971,1.2557190962290719,0.9309222102153396,0.6763900804552435
RAD_OPERA_HOURLY_RAINFALL_ACCUMULATION_202301270900_patch000,IDW,IDW,>9000,1,0.9209432303905487,0.9209432303905487,
RAD_OPERA_HOURLY_RAINFALL_ACCUMULATION_202301271000_patch001,IDW,IDW,≤125,5081,1.1359197764320363,-0.07397079980199511,0.9429851191967152
RAD_OPERA_HOURLY_RAINFALL_ACCUMULATION_202301271000_patch001,IDW,IDW,"(125,375]",19591,1.3920938112372039,-0.1304602920966379,0.9474678878656801
RAD_OPERA_HOURLY_RAINFALL_ACCUMULATION_202301271000_patch001,IDW,IDW,"(375,750]",30953,1.7512124718226463,-0.16732922026061617,0.9460169075654838
RAD_OPERA_HOURLY_RAINFALL_ACCUMULATION_202301271000_patch001,IDW,IDW,"(750,1500]",57909,2.4769566276028945,-0.31122000474358036,0.8989288601021581
RAD_OPERA_HOURLY_RAINFALL_ACCUMULATION_202301271000_patch001,IDW,IDW,"(1500,3125]",94396,3.1375302623967705,-0.442547569947562,0.793533581863265
RAD_OPERA_HOURLY_RAINFALL_ACCUMULATION_202301271000_patch001,IDW,IDW,"(3125,6000]",50338,3.2514683511408458,-0.2501966576083928,0.8547451497901357
RAD_OPERA_HOURLY_RAINFALL_ACCUMULATION_202301271000_patch001,IDW,IDW,"(6000,9000]",3450,3.7156487119312462,0.6409376044614592,0.9185222423393345
RAD_OPERA_HOURLY_RAINFALL_ACCUMULATION_202301271000_patch001,IDW,IDW,>9000,170,3.320686399618738,3.319177929092856,-0.35503772077159096
RAD_OPERA_HOURLY_RAINFALL_ACCUMULATION_202301271800_patch000,IDW,IDW,≤125,5395,0.12926138897104497,0.008303073029257391,0.9790331386745138
RAD_OPERA_HOURLY_RAINFALL_ACCUMULATION_202301271800_patch000,IDW,IDW,"(125,375]",21090,0.14928730730520604,0.011116035075592395,0.975681910564987
RAD_OPERA_HOURLY_RAINFALL_ACCUMULATION_202301271800_patch000,IDW,IDW,"(375,750]",34488,0.1764037488310488,0.003946666169597941,0.9715444394920062
RAD_OPERA_HOURLY_RAINFALL_ACCUMULATION_202301271800_patch000,IDW,IDW,"(750,1500]",67771,0.21350121489066856,0.00242355468219654,0.960096492855755
RAD_OPERA_HOURLY_RAINFALL_ACCUMULATION_202301271800_patch000,IDW,IDW,"(1500,3125]",115766,0.2690427857021411,0.00906949976283349,0.9333500452387169
RAD_OPERA_HOURLY_RAINFALL_ACCUMULATION_202301271800_patch000,IDW,IDW,"(3125,6000]",63094,0.39462223954197273,-0.0135553879717373,0.901764617107677
RAD_OPERA_HOURLY_RAINFALL_ACCUMULATION_202301271800_patch000,IDW,IDW,"(6000,9000]",4971,0.4933257659071088,0.33230558859704845,0.919249056664116
RAD_OPERA_HOURLY_RAINFALL_ACCUMULATION_202301271800_patch000,IDW,IDW,>9000,1,0.4104524850845337,0.4104524850845337,
RAD_OPERA_HOURLY_RAINFALL_ACCUMULATION_202301272100_patch001,IDW,IDW,≤125,4361,1.481509310327287,-0.26296325283385913,0.9664419883282962
RAD_OPERA_HOURLY_RAINFALL_ACCUMULATION_202301272100_patch001,IDW,IDW,"(125,375]",17119,1.5213141585767758,-0.26133069054721064,0.9637312920961743
RAD_OPERA_HOURLY_RAINFALL_ACCUMULATION_202301272100_patch001,IDW,IDW,"(375,750]",25927,1.9060882221043054,-0.387711073789616,0.9558984034002539
RAD_OPERA_HOURLY_RAINFALL_ACCUMULATION_202301272100_patch001,IDW,IDW,"(750,1500]",47998,2.4233547468683034,-0.5736111719470945,0.9323777587267059
RAD_OPERA_HOURLY_RAINFALL_ACCUMULATION_202301272100_patch001,IDW,IDW,"(1500,3125]",78136,3.0994654265669843,-0.5089961801693682,0.8394066641082017
RAD_OPERA_HOURLY_RAINFALL_ACCUMULATION_202301272100_patch001,IDW,IDW,"(3125,6000]",40134,3.466542143410046,0.7160346874749508,0.6737100295666713
RAD_OPERA_HOURLY_RAINFALL_ACCUMULATION_202301272100_patch001,IDW,IDW,"(6000,9000]",6879,4.123915305912474,3.161207953253357,0.4830937468001549
RAD_OPERA_HOURLY_RAINFALL_ACCUMULATION_202301272100_patch001,IDW,IDW,>9000,1654,3.824063922049842,2.9356965457338653,0.8671827632385286
RAD_OPERA_HOURLY_RAINFALL_ACCUMULATION_202301272300_patch000,IDW,IDW,≤125,4739,0.3062560513313427,-0.01841488645647266,0.9764258576897946
RAD_OPERA_HOURLY_RAINFALL_ACCUMULATION_202301272300_patch000,IDW,IDW,"(125,375]",17811,0.3402579209200182,-0.0307124891344996,0.9730776044427766
RAD_OPERA_HOURLY_RAINFALL_ACCUMULATION_202301272300_patch000,IDW,IDW,"(375,750]",26584,0.4436954999697079,-0.03838563674899435,0.9621944551527807
RAD_OPERA_HOURLY_RAINFALL_ACCUMULATION_202301272300_patch000,IDW,IDW,"(750,1500]",49607,0.5685402165864586,-0.07074740389501843,0.94788549793043
RAD_OPERA_HOURLY_RAINFALL_ACCUMULATION_202301272300_patch000,IDW,IDW,"(1500,3125]",83724,0.7340644609568246,-0.13888993444785566,0.9123632063487878
RAD_OPERA_HOURLY_RAINFALL_ACCUMULATION_202301272300_patch000,IDW,IDW,"(3125,6000]",46547,1.024624543083694,-0.1666942377136502,0.7787208635634228
RAD_OPERA_HOURLY_RAINFALL_ACCUMULATION_202301272300_patch000,IDW,IDW,"(6000,9000]",5949,1.0860245382988953,0.4034156710144892,0.2925373092149441
RAD_OPERA_HOURLY_RAINFALL_ACCUMULATION_202301272300_patch000,IDW,IDW,>9000,1839,1.106102599686266,1.041280864826553,0.5312706357112297
RAD_OPERA_HOURLY_RAINFALL_ACCUMULATION_202301272300_patch002,IDW,IDW,≤125,5768,0.9615026855665543,-0.011014066274883678,0.9699798661436444
RAD_OPERA_HOURLY_RAINFALL_ACCUMULATION_202301272300_patch002,IDW,IDW,"(125,375]",22309,1.0903445437765,-0.008351541130838467,0.959499574795822
RAD_OPERA_HOURLY_RAINFALL_ACCUMULATION_202301272300_patch002,IDW,IDW,"(375,750]",36274,1.3379528470289475,0.040744647933332975,0.9322623245181093
RAD_OPERA_HOURLY_RAINFALL_ACCUMULATION_202301272300_patch002,IDW,IDW,"(750,1500]",71451,1.7254910251425755,-0.0034696996383851452,0.8856466450690448
RAD_OPERA_HOURLY_RAINFALL_ACCUMULATION_202301272300_patch002,IDW,IDW,"(1500,3125]",122451,2.0663985508661606,0.0021054035637853015,0.846578804212594
RAD_OPERA_HOURLY_RAINFALL_ACCUMULATION_202301272300_patch002,IDW,IDW,"(3125,6000]",62604,2.2756194104053016,0.13887710943718123,0.8354058500166979
RAD_OPERA_HOURLY_RAINFALL_ACCUMULATION_202301272300_patch002,IDW,IDW,"(6000,9000]",1703,2.1512893108155233,0.41036148525936356,0.9345311062417438
RAD_OPERA_HOURLY_RAINFALL_ACCUMULATION_202301280000_patch001,IDW,IDW,≤125,4067,0.3902175286515123,-0.030226791941155254,0.9785159821602747
RAD_OPERA_HOURLY_RAINFALL_ACCUMULATION_202301280000_patch001,IDW,IDW,"(125,375]",16278,0.4404150882601472,-0.017465468567029047,0.9723869609029699
RAD_OPERA_HOURLY_RAINFALL_ACCUMULATION_202301280000_patch001,IDW,IDW,"(375,750]",25812,0.5514300873763089,0.007282934724411705,0.9587273596167584
RAD_OPERA_HOURLY_RAINFALL_ACCUMULATION_202301280000_patch001,IDW,IDW,"(750,1500]",48116,0.7677450451873349,-0.004285014341404555,0.9300336406774609
RAD_OPERA_HOURLY_RAINFALL_ACCUMULATION_202301280000_patch001,IDW,IDW,"(1500,3125]",75981,1.0314664793998363,0.0462978977445594,0.8938550304941935
RAD_OPERA_HOURLY_RAINFALL_ACCUMULATION_202301280000_patch001,IDW,IDW,"(3125,6000]",35618,1.0558834057979085,0.21287244142316755,0.897036107931962
RAD_OPERA_HOURLY_RAINFALL_ACCUMULATION_202301280000_patch001,IDW,IDW,"(6000,9000]",1488,1.2573345297178515,0.5856927974570182,0.7680172240651215
RAD_OPERA_HOURLY_RAINFALL_ACCUMULATION_202301280700_patch000,IDW,IDW,≤125,4736,1.4973050487912485,-0.0818761749554964,0.969647202609373
RAD_OPERA_HOURLY_RAINFALL_ACCUMULATION_202301280700_patch000,IDW,IDW,"(125,375]",19319,1.4803794727311115,-0.025544797264695145,0.9614421869098829
RAD_OPERA_HOURLY_RAINFALL_ACCUMULATION_202301280700_patch000,IDW,IDW,"(375,750]",32179,1.7575437587859142,-0.06969326446751138,0.9490208699466476
RAD_OPERA_HOURLY_RAINFALL_ACCUMULATION_202301280700_patch000,IDW,IDW,"(750,1500]",64809,2.2871485130121525,-0.16902888785638884,0.9190163103444949
RAD_OPERA_HOURLY_RAINFALL_ACCUMULATION_202301280700_patch000,IDW,IDW,"(1500,3125]",111200,2.9450527183451944,-0.05104403976764925,0.8652943267019303
RAD_OPERA_HOURLY_RAINFALL_ACCUMULATION_202301280700_patch000,IDW,IDW,"(3125,6000]",52343,3.8477660316163758,0.9553204194076125,0.6361415188075703
RAD_OPERA_HOURLY_RAINFALL_ACCUMULATION_202301280700_patch000,IDW,IDW,"(6000,9000]",2134,5.146299400385049,3.0285609280996044,0.26836406127299733
RAD_OPERA_HOURLY_RAINFALL_ACCUMULATION_202301280800_patch000,IDW,IDW,≤125,3789,1.6259718779333987,0.026946127052891063,0.9790719584564802
RAD_OPERA_HOURLY_RAINFALL_ACCUMULATION_202301280800_patch000,IDW,IDW,"(125,375]",15303,1.6200390120985495,0.10744102832920947,0.9742868781689253
RAD_OPERA_HOURLY_RAINFALL_ACCUMULATION_202301280800_patch000,IDW,IDW,"(375,750]",24416,1.932250598670341,0.2524443927512725,0.9511827162130476
RAD_OPERA_HOURLY_RAINFALL_ACCUMULATION_202301280800_patch000,IDW,IDW,"(750,1500]",45694,2.32827773800969,0.442993843297695,0.9119246934105749
RAD_OPERA_HOURLY_RAINFALL_ACCUMULATION_202301280800_patch000,IDW,IDW,"(1500,3125]",70847,2.9935204791627967,1.104508052740053,0.8299477184769402
RAD_OPERA_HOURLY_RAINFALL_ACCUMULATION_202301280800_patch000,IDW,IDW,"(3125,6000]",36972,3.521801509478076,1.7956332644365263,0.7068878273388877
RAD_OPERA_HOURLY_RAINFALL_ACCUMULATION_202301280800_patch000,IDW,IDW,"(6000,9000]",1379,2.42128071086498,1.5265577945958193,0.42011350341396964
RAD_OPERA_HOURLY_RAINFALL_ACCUMULATION_202301280900_patch000,IDW,IDW,≤125,4739,0.5030910985206625,-0.03285635196930938,0.9723292573117203
RAD_OPERA_HOURLY_RAINFALL_ACCUMULATION_202301280900_patch000,IDW,IDW,"(125,375]",17811,0.5371672169097335,-0.05102610465581752,0.9720486253714465
RAD_OPERA_HOURLY_RAINFALL_ACCUMULATION_202301280900_patch000,IDW,IDW,"(375,750]",26584,0.639826601143374,-0.05666127639416459,0.9632053734950734
RAD_OPERA_HOURLY_RAINFALL_ACCUMULATION_202301280900_patch000,IDW,IDW,"(750,1500]",49607,0.8249010560306644,-0.07031166123378804,0.9376174117870874
RAD_OPERA_HOURLY_RAINFALL_ACCUMULATION_202301280900_patch000,IDW,IDW,"(1500,3125]",83724,0.9368835087566176,0.018693544001713185,0.9119754239121177
RAD_OPERA_HOURLY_RAINFALL_ACCUMULATION_202301280900_patch000,IDW,IDW,"(3125,6000]",46547,1.26593477311531,0.1303727797278143,0.8437054637210688
RAD_OPERA_HOURLY_RAINFALL_ACCUMULATION_202301280900_patch000,IDW,IDW,"(6000,9000]",5949,1.302691501784082,0.6116542644203817,0.7814015026650879
RAD_OPERA_HOURLY_RAINFALL_ACCUMULATION_202301280900_patch000,IDW,IDW,>9000,1839,1.4926131429744314,1.256418325254099,0.17575715950048781
RAD_OPERA_HOURLY_RAINFALL_ACCUMULATION_202301281000_patch001,IDW,IDW,≤125,4538,0.6687051217320237,-0.07822831605136148,0.9787145879594243
RAD_OPERA_HOURLY_RAINFALL_ACCUMULATION_202301281000_patch001,IDW,IDW,"(125,375]",16885,0.8668227599638337,-0.10754218849296406,0.9742122259708831
RAD_OPERA_HOURLY_RAINFALL_ACCUMULATION_202301281000_patch001,IDW,IDW,"(375,750]",25044,1.2641718383609244,-0.22327838569000266,0.9637622860174238
RAD_OPERA_HOURLY_RAINFALL_ACCUMULATION_202301281000_patch001,IDW,IDW,"(750,1500]",46152,1.8759862743161293,-0.4693380948478952,0.9534866572818657
RAD_OPERA_HOURLY_RAINFALL_ACCUMULATION_202301281000_patch001,IDW,IDW,"(1500,3125]",77771,3.089756181041693,-1.0475563228239735,0.9285068033934447
RAD_OPERA_HOURLY_RAINFALL_ACCUMULATION_202301281000_patch001,IDW,IDW,"(3125,6000]",38060,5.082398717876524,-2.314063925586595,0.9162110387805714
RAD_OPERA_HOURLY_RAINFALL_ACCUMULATION_202301281000_patch001,IDW,IDW,"(6000,9000]",2697,4.262738187130503,-0.5449543868640109,0.9626170682371618
RAD_OPERA_HOURLY_RAINFALL_ACCUMULATION_202301281000_patch001,IDW,IDW,>9000,53,0.7792736432781664,0.7720233713680843,
RAD_OPERA_HOURLY_RAINFALL_ACCUMULATION_202301281900_patch000,IDW,IDW,≤125,4624,0.3394066873147034,-0.023805061206994996,0.9741732754539147
RAD_OPERA_HOURLY_RAINFALL_ACCUMULATION_202301281900_patch000,IDW,IDW,"(125,375]",18731,0.3931409989886132,-0.04231275503280662,0.9692145557519207
RAD_OPERA_HOURLY_RAINFALL_ACCUMULATION_202301281900_patch000,IDW,IDW,"(375,750]",30721,0.4866589371872468,-0.0548051037853504,0.9587389240456575
RAD_OPERA_HOURLY_RAINFALL_ACCUMULATION_202301281900_patch000,IDW,IDW,"(750,1500]",60480,0.6139097154002404,-0.06823625795188404,0.9433478308654073
RAD_OPERA_HOURLY_RAINFALL_ACCUMULATION_202301281900_patch000,IDW,IDW,"(1500,3125]",102275,0.7487775076594835,-0.016249410505837957,0.9046683593872251
RAD_OPERA_HOURLY_RAINFALL_ACCUMULATION_202301281900_patch000,IDW,IDW,"(3125,6000]",53363,0.7070099868685074,0.15014436753608476,0.8806824460111075
RAD_OPERA_HOURLY_RAINFALL_ACCUMULATION_202301281900_patch000,IDW,IDW,"(6000,9000]",4494,0.6047119509872552,0.35116551787947675,0.8434049170455507
RAD_OPERA_HOURLY_RAINFALL_ACCUMULATION_202301282100_patch000,IDW,IDW,≤125,4949,0.3683432291633429,0.0034141533075595825,0.9532635722395292
RAD_OPERA_HOURLY_RAINFALL_ACCUMULATION_202301282100_patch000,IDW,IDW,"(125,375]",18581,0.4330609232352657,0.013310709522240564,0.9362176454586113
RAD_OPERA_HOURLY_RAINFALL_ACCUMULATION_202301282100_patch000,IDW,IDW,"(375,750]",27724,0.49755363080417825,0.03929929947479168,0.9083860475664717
RAD_OPERA_HOURLY_RAINFALL_ACCUMULATION_202301282100_patch000,IDW,IDW,"(750,1500]",51472,0.5880291866789226,0.0382249062299168,0.8630064495490544
RAD_OPERA_HOURLY_RAINFALL_ACCUMULATION_202301282100_patch000,IDW,IDW,"(1500,3125]",89017,0.7189234995276522,0.05741194813675313,0.7822811656746315
RAD_OPERA_HOURLY_RAINFALL_ACCUMULATION_202301282100_patch000,IDW,IDW,"(3125,6000]",45865,0.7728111650696545,0.2633777205821642,0.719273861871807
RAD_OPERA_HOURLY_RAINFALL_ACCUMULATION_202301282100_patch000,IDW,IDW,"(6000,9000]",2008,0.9311749382509065,0.8024679777394252,0.6068109443462639
RAD_OPERA_HOURLY_RAINFALL_ACCUMULATION_202301282200_patch000,IDW,IDW,≤125,5612,1.7725325882601675,0.07030196264752245,0.9544905702955737
RAD_OPERA_HOURLY_RAINFALL_ACCUMULATION_202301282200_patch000,IDW,IDW,"(125,375]",22110,1.9890211109067713,0.05592773409674765,0.9464334966508392
RAD_OPERA_HOURLY_RAINFALL_ACCUMULATION_202301282200_patch000,IDW,IDW,"(375,750]",35046,2.5447166506949475,0.10726686722789698,0.924331128147501
RAD_OPERA_HOURLY_RAINFALL_ACCUMULATION_202301282200_patch000,IDW,IDW,"(750,1500]",65839,3.4587424419095254,0.2299725241983253,0.8931626973081086
RAD_OPERA_HOURLY_RAINFALL_ACCUMULATION_202301282200_patch000,IDW,IDW,"(1500,3125]",112059,5.62067105490759,-0.07538243812791097,0.8505812501968818
RAD_OPERA_HOURLY_RAINFALL_ACCUMULATION_202301282200_patch000,IDW,IDW,"(3125,6000]",70144,6.37734300301223,-1.1091303526614733,0.7813522550948908
RAD_OPERA_HOURLY_RAINFALL_ACCUMULATION_202301282200_patch000,IDW,IDW,"(6000,9000]",6630,6.985912523298357,2.315916287275898,0.576958887709643
RAD_OPERA_HOURLY_RAINFALL_ACCUMULATION_202301282200_patch001,IDW,IDW,≤125,6976,1.0089396417267238,0.04340270521835631,0.9890967842121627
RAD_OPERA_HOURLY_RAINFALL_ACCUMULATION_202301282200_patch001,IDW,IDW,"(125,375]",27728,1.1399623357881945,0.06918813138725831,0.9842675695515195
RAD_OPERA_HOURLY_RAINFALL_ACCUMULATION_202301282200_patch001,IDW,IDW,"(375,750]",46891,1.3303921396854117,0.049524213551106075,0.9779148239581501
RAD_OPERA_HOURLY_RAINFALL_ACCUMULATION_202301282200_patch001,IDW,IDW,"(750,1500]",95950,1.5533233145274663,0.004840558673364425,0.9696021880974575
RAD_OPERA_HOURLY_RAINFALL_ACCUMULATION_202301282200_patch001,IDW,IDW,"(1500,3125]",174165,1.8490774696921568,0.1145564712506695,0.9520943116419575
RAD_OPERA_HOURLY_RAINFALL_ACCUMULATION_202301282200_patch001,IDW,IDW,"(3125,6000]",94327,1.9595400228861986,0.22301879624646606,0.9426741957202451
RAD_OPERA_HOURLY_RAINFALL_ACCUMULATION_202301282200_patch001,IDW,IDW,"(6000,9000]",4507,1.5645677394879944,1.0578316850423497,0.785507156937595
RAD_OPERA_HOURLY_RAINFALL_ACCUMULATION_202301282200_patch001,IDW,IDW,>9000,16,2.4983154195409782,2.492025375366211,0.875750192395835
RAD_OPERA_HOURLY_RAINFALL_ACCUMULATION_202301290800_patch000,IDW,IDW,≤125,5262,0.2786715029011475,-0.018985662316242945,0.9120246839207306
RAD_OPERA_HOURLY_RAINFALL_ACCUMULATION_202301290800_patch000,IDW,IDW,"(125,375]",20568,0.2963856508664318,-0.01128543015295594,0.9062975371716577
RAD_OPERA_HOURLY_RAINFALL_ACCUMULATION_202301290800_patch000,IDW,IDW,"(375,750]",33486,0.3342340250103572,0.016591399112411604,0.8916634496322429
RAD_OPERA_HOURLY_RAINFALL_ACCUMULATION_202301290800_patch000,IDW,IDW,"(750,1500]",65862,0.39662836900622334,0.075497391234333,0.8450075290291311
RAD_OPERA_HOURLY_RAINFALL_ACCUMULATION_202301290800_patch000,IDW,IDW,"(1500,3125]",113228,0.5229393616956929,0.1898711823577381,0.7568776278756971
RAD_OPERA_HOURLY_RAINFALL_ACCUMULATION_202301290800_patch000,IDW,IDW,"(3125,6000]",62239,0.8467844718932653,0.4130772904355743,0.5187474392451803
RAD_OPERA_HOURLY_RAINFALL_ACCUMULATION_202301290800_patch000,IDW,IDW,"(6000,9000]",2459,1.2514893936222027,0.8875085316619625,0.33923601635266987
RAD_OPERA_HOURLY_RAINFALL_ACCUMULATION_202301291100_patch000,IDW,IDW,≤125,3487,0.5719392122584263,-0.08560372776652873,0.9434596891185187
RAD_OPERA_HOURLY_RAINFALL_ACCUMULATION_202301291100_patch000,IDW,IDW,"(125,375]",13581,0.6285106901042165,-0.10221897602063744,0.9377081144308959
RAD_OPERA_HOURLY_RAINFALL_ACCUMULATION_202301291100_patch000,IDW,IDW,"(375,750]",20224,0.8113707360636376,-0.14849812038466806,0.929089568841499
RAD_OPERA_HOURLY_RAINFALL_ACCUMULATION_202301291100_patch000,IDW,IDW,"(750,1500]",37125,1.096085144445863,-0.29001943429471666,0.9179941408763895
RAD_OPERA_HOURLY_RAINFALL_ACCUMULATION_202301291100_patch000,IDW,IDW,"(1500,3125]",60628,1.4906128486245462,-0.5544637757551153,0.9088251796022591
RAD_OPERA_HOURLY_RAINFALL_ACCUMULATION_202301291100_patch000,IDW,IDW,"(3125,6000]",30024,1.3049292259169278,-0.327243087281712,0.8678504717626111
RAD_OPERA_HOURLY_RAINFALL_ACCUMULATION_202301291100_patch000,IDW,IDW,"(6000,9000]",1331,0.6444293224871086,0.27719396957322945,0.7290770895453992
RAD_OPERA_HOURLY_RAINFALL_ACCUMULATION_202301291700_patch000,IDW,IDW,≤125,4436,0.12080387870753151,0.008281277430498245,0.9954714113495509
RAD_OPERA_HOURLY_RAINFALL_ACCUMULATION_202301291700_patch000,IDW,IDW,"(125,375]",18292,0.1470392482230231,0.006009743199250955,0.9929799753339205
RAD_OPERA_HOURLY_RAINFALL_ACCUMULATION_202301291700_patch000,IDW,IDW,"(375,750]",30466,0.19363358827356508,0.012336754822561982,0.9860461526927758
RAD_OPERA_HOURLY_RAINFALL_ACCUMULATION_202301291700_patch000,IDW,IDW,"(750,1500]",61389,0.2645119180628541,0.025341029526051783,0.9684238725901546
RAD_OPERA_HOURLY_RAINFALL_ACCUMULATION_202301291700_patch000,IDW,IDW,"(1500,3125]",101766,0.36993506602438325,0.058630570641041053,0.9173530304137639
RAD_OPERA_HOURLY_RAINFALL_ACCUMULATION_202301291700_patch000,IDW,IDW,"(3125,6000]",46480,0.399955946478857,0.09444467360394239,0.8481955320533675
RAD_OPERA_HOURLY_RAINFALL_ACCUMULATION_202301291700_patch000,IDW,IDW,"(6000,9000]",3411,0.44318955006178773,0.18448488993995596,0.7967547555020956
RAD_OPERA_HOURLY_RAINFALL_ACCUMULATION_202301291900_patch000,IDW,IDW,≤125,7080,0.3514504051614025,-0.005892460418623046,0.9874777456401179
RAD_OPERA_HOURLY_RAINFALL_ACCUMULATION_202301291900_patch000,IDW,IDW,"(125,375]",28363,0.39140130468592643,0.010209550893437445,0.9827216864490231
RAD_OPERA_HOURLY_RAINFALL_ACCUMULATION_202301291900_patch000,IDW,IDW,"(375,750]",48321,0.47395136357956297,0.033284901795517824,0.9718395324592775
RAD_OPERA_HOURLY_RAINFALL_ACCUMULATION_202301291900_patch000,IDW,IDW,"(750,1500]",100191,0.5919487696762231,0.0401799777831237,0.952014248784623
RAD_OPERA_HOURLY_RAINFALL_ACCUMULATION_202301291900_patch000,IDW,IDW,"(1500,3125]",191182,0.7658998084870333,0.002743514578480938,0.9230038969720519
RAD_OPERA_HOURLY_RAINFALL_ACCUMULATION_202301291900_patch000,IDW,IDW,"(3125,6000]",110001,0.8801095286323594,-0.06506722945356203,0.9215274314297284
RAD_OPERA_HOURLY_RAINFALL_ACCUMULATION_202301291900_patch000,IDW,IDW,"(6000,9000]",9824,1.0271546320659481,0.6236071333210272,0.7421207110178621
RAD_OPERA_HOURLY_RAINFALL_ACCUMULATION_202301291900_patch000,IDW,IDW,>9000,654,1.1382467734066595,1.019222062024137,0.9163516551456847
RAD_OPERA_HOURLY_RAINFALL_ACCUMULATION_202301292200_patch002,IDW,IDW,≤125,3390,0.22539652673248337,-0.029007392559079647,0.9604590452832154
RAD_OPERA_HOURLY_RAINFALL_ACCUMULATION_202301292200_patch002,IDW,IDW,"(125,375]",13291,0.2477527826799313,-0.03428618477497814,0.9603399097201484
RAD_OPERA_HOURLY_RAINFALL_ACCUMULATION_202301292200_patch002,IDW,IDW,"(375,750]",19563,0.33367737043980306,-0.06134084162765477,0.9532265108289614
RAD_OPERA_HOURLY_RAINFALL_ACCUMULATION_202301292200_patch002,IDW,IDW,"(750,1500]",36286,0.44316690843153766,-0.11158820959480005,0.9293642173493842
RAD_OPERA_HOURLY_RAINFALL_ACCUMULATION_202301292200_patch002,IDW,IDW,"(1500,3125]",59850,0.5941324543720865,-0.1511778562862672,0.8802784731004357
RAD_OPERA_HOURLY_RAINFALL_ACCUMULATION_202301292200_patch002,IDW,IDW,"(3125,6000]",31192,0.6951348356426532,0.023139529437529914,0.8749355947684392
RAD_OPERA_HOURLY_RAINFALL_ACCUMULATION_202301292200_patch002,IDW,IDW,"(6000,9000]",2828,0.8677175087168167,0.6996270565281831,0.7758044816375493
RAD_OPERA_HOURLY_RAINFALL_ACCUMULATION_202301292300_patch001,IDW,IDW,≤125,3907,0.32403246732814767,-0.03576866516165029,0.9738010219583425
RAD_OPERA_HOURLY_RAINFALL_ACCUMULATION_202301292300_patch001,IDW,IDW,"(125,375]",15106,0.3769942348875418,-0.04554225061881405,0.9664791033954969
RAD_OPERA_HOURLY_RAINFALL_ACCUMULATION_202301292300_patch001,IDW,IDW,"(375,750]",22392,0.44319205119501387,-0.009925791765481671,0.9510751721792742
RAD_OPERA_HOURLY_RAINFALL_ACCUMULATION_202301292300_patch001,IDW,IDW,"(750,1500]",41007,0.555924911401127,-0.029299180503648187,0.9210677101902607
RAD_OPERA_HOURLY_RAINFALL_ACCUMULATION_202301292300_patch001,IDW,IDW,"(1500,3125]",70023,0.6137316227076243,-0.01932152341557297,0.8776759711377384
RAD_OPERA_HOURLY_RAINFALL_ACCUMULATION_202301292300_patch001,IDW,IDW,"(3125,6000]",32501,0.7291497082074085,0.07539224222268967,0.7932970107463323
RAD_OPERA_HOURLY_RAINFALL_ACCUMULATION_202301292300_patch001,IDW,IDW,"(6000,9000]",1432,1.4110644051462506,0.5997426642219448,0.48119190550544727
RAD_OPERA_HOURLY_RAINFALL_ACCUMULATION_202301292300_patch003,IDW,IDW,≤125,3610,0.10365943485339078,0.0032560902454186014,0.980254231181237
RAD_OPERA_HOURLY_RAINFALL_ACCUMULATION_202301292300_patch003,IDW,IDW,"(125,375]",14108,0.12308702339698663,0.0011385300273019192,0.9753517150437092
RAD_OPERA_HOURLY_RAINFALL_ACCUMULATION_202301292300_patch003,IDW,IDW,"(375,750]",20775,0.15718729637902248,-0.0015699582467153758,0.9687325350028408
RAD_OPERA_HOURLY_RAINFALL_ACCUMULATION_202301292300_patch003,IDW,IDW,"(750,1500]",37991,0.20028449013515195,-0.01597752475496285,0.9562327745832679
RAD_OPERA_HOURLY_RAINFALL_ACCUMULATION_202301292300_patch003,IDW,IDW,"(1500,3125]",63127,0.27963581961870715,-0.030889334923122704,0.9233236202117652
RAD_OPERA_HOURLY_RAINFALL_ACCUMULATION_202301292300_patch003,IDW,IDW,"(3125,6000]",30617,0.31188864183201515,-0.06284070641428274,0.921888056415003
RAD_OPERA_HOURLY_RAINFALL_ACCUMULATION_202301292300_patch003,IDW,IDW,"(6000,9000]",2828,0.37058785708531766,0.14587309353759637,0.4652070357138751
RAD_OPERA_HOURLY_RAINFALL_ACCUMULATION_202301300000_patch001,IDW,IDW,≤125,4141,0.14395165980851338,-0.004790158497484028,0.9693589972171113
RAD_OPERA_HOURLY_RAINFALL_ACCUMULATION_202301300000_patch001,IDW,IDW,"(125,375]",16335,0.1736285391781,-0.013217269538701913,0.9648677527840047
RAD_OPERA_HOURLY_RAINFALL_ACCUMULATION_202301300000_patch001,IDW,IDW,"(375,750]",25337,0.22715172310064316,-0.01703706990055425,0.9508975352828462
RAD_OPERA_HOURLY_RAINFALL_ACCUMULATION_202301300000_patch001,IDW,IDW,"(750,1500]",47734,0.3128051265985022,-0.040690299764568366,0.9270588625678859
RAD_OPERA_HOURLY_RAINFALL_ACCUMULATION_202301300000_patch001,IDW,IDW,"(1500,3125]",78336,0.3688519399422599,-0.038106348249890835,0.8893978005677133
RAD_OPERA_HOURLY_RAINFALL_ACCUMULATION_202301300000_patch001,IDW,IDW,"(3125,6000]",34552,0.32549950373575726,0.021890225948545495,0.8988841103691959
RAD_OPERA_HOURLY_RAINFALL_ACCUMULATION_202301300000_patch001,IDW,IDW,"(6000,9000]",1437,0.4340814723154836,0.3222398222031988,0.8460144167897192
RAD_OPERA_HOURLY_RAINFALL_ACCUMULATION_202301300200_patch001,IDW,IDW,≤125,5782,0.133828186074911,0.004964467667659151,0.9846628192404876
RAD_OPERA_HOURLY_RAINFALL_ACCUMULATION_202301300200_patch001,IDW,IDW,"(125,375]",23121,0.15725182392908127,-0.004602441206754251,0.9776772892524407
RAD_OPERA_HOURLY_RAINFALL_ACCUMULATION_202301300200_patch001,IDW,IDW,"(375,750]",39508,0.19582354008245306,-0.012513746229021417,0.9649233603836878
RAD_OPERA_HOURLY_RAINFALL_ACCUMULATION_202301300200_patch001,IDW,IDW,"(750,1500]",83743,0.253805409207977,-0.030922520678549253,0.9399085165905858
RAD_OPERA_HOURLY_RAINFALL_ACCUMULATION_202301300200_patch001,IDW,IDW,"(1500,3125]",155901,0.3454225198684349,-0.05143401379514949,0.8949791333086247
RAD_OPERA_HOURLY_RAINFALL_ACCUMULATION_202301300200_patch001,IDW,IDW,"(3125,6000]",76905,0.42936989385445906,-0.04277587205657924,0.8482447539256577
RAD_OPERA_HOURLY_RAINFALL_ACCUMULATION_202301300200_patch001,IDW,IDW,"(6000,9000]",6563,0.4420749692384984,0.20216416918466718,0.8423600689251739
RAD_OPERA_HOURLY_RAINFALL_ACCUMULATION_202301300200_patch001,IDW,IDW,>9000,157,0.4933544201422879,0.491061675320765,0.2574582467820237
RAD_OPERA_HOURLY_RAINFALL_ACCUMULATION_202301301000_patch000,IDW,IDW,≤125,6083,0.21819348161273058,-0.016844581366173242,0.9756907878649056
RAD_OPERA_HOURLY_RAINFALL_ACCUMULATION_202301301000_patch000,IDW,IDW,"(125,375]",24156,0.2479069474845428,-0.025045166264940008,0.9727790797266918
RAD_OPERA_HOURLY_RAINFALL_ACCUMULATION_202301301000_patch000,IDW,IDW,"(375,750]",39430,0.3044195874624311,-0.022905910516976404,0.9640027898838458
RAD_OPERA_HOURLY_RAINFALL_ACCUMULATION_202301301000_patch000,IDW,IDW,"(750,1500]",77358,0.3906846745327054,-0.016372260609193095,0.9442462593836699
RAD_OPERA_HOURLY_RAINFALL_ACCUMULATION_202301301000_patch000,IDW,IDW,"(1500,3125]",133480,0.4961920221939418,0.020354094784980337,0.9086526465970638
RAD_OPERA_HOURLY_RAINFALL_ACCUMULATION_202301301000_patch000,IDW,IDW,"(3125,6000]",80920,0.706220928123928,0.15692020699781065,0.8445444744171853
RAD_OPERA_HOURLY_RAINFALL_ACCUMULATION_202301301000_patch000,IDW,IDW,"(6000,9000]",9842,0.9923117806548468,0.6340126475716911,0.7412843777065737
RAD_OPERA_HOURLY_RAINFALL_ACCUMULATION_202301301000_patch000,IDW,IDW,>9000,443,0.9099954544566967,0.7506098077205718,0.5682537041687796
RAD_OPERA_HOURLY_RAINFALL_ACCUMULATION_202301302200_patch000,IDW,IDW,≤125,4949,0.5800957195513228,-0.024431080405917835,0.9542167353981716
RAD_OPERA_HOURLY_RAINFALL_ACCUMULATION_202301302200_patch000,IDW,IDW,"(125,375]",18581,0.6660946657961289,-0.01607628668219414,0.9448148516309641
RAD_OPERA_HOURLY_RAINFALL_ACCUMULATION_202301302200_patch000,IDW,IDW,"(375,750]",27724,0.9097587807832559,-0.01384263626167981,0.9174715807013535
RAD_OPERA_HOURLY_RAINFALL_ACCUMULATION_202301302200_patch000,IDW,IDW,"(750,1500]",51472,1.2461184468920583,-0.08116757109608382,0.8837793447758057
RAD_OPERA_HOURLY_RAINFALL_ACCUMULATION_202301302200_patch000,IDW,IDW,"(1500,3125]",89017,1.6740716000573141,-0.16845979594875415,0.7881040318679244
RAD_OPERA_HOURLY_RAINFALL_ACCUMULATION_202301302200_patch000,IDW,IDW,"(3125,6000]",45865,1.9555487735216144,-0.09061927951328796,0.5596163328002849
RAD_OPERA_HOURLY_RAINFALL_ACCUMULATION_202301302200_patch000,IDW,IDW,"(6000,9000]",2008,2.1942769807868365,0.2867493220935186,0.11120773704251337
RAD_OPERA_HOURLY_RAINFALL_ACCUMULATION_202301302200_patch001,IDW,IDW,≤125,6108,0.30714152839055897,-0.0006834722240531687,0.9642404143918915
RAD_OPERA_HOURLY_RAINFALL_ACCUMULATION_202301302200_patch001,IDW,IDW,"(125,375]",23986,0.3637515750282646,-0.020258595653354777,0.9545861826211961
RAD_OPERA_HOURLY_RAINFALL_ACCUMULATION_202301302200_patch001,IDW,IDW,"(375,750]",39919,0.4942565218333404,-0.04861052096190166,0.927305906603222
RAD_OPERA_HOURLY_RAINFALL_ACCUMULATION_202301302200_patch001,IDW,IDW,"(750,1500]",80953,0.5801874717255853,-0.049161390414572605,0.9006618746394727
RAD_OPERA_HOURLY_RAINFALL_ACCUMULATION_202301302200_patch001,IDW,IDW,"(1500,3125]",142104,0.6946135032516153,-0.04382489145927042,0.8467075277636754
RAD_OPERA_HOURLY_RAINFALL_ACCUMULATION_202301302200_patch001,IDW,IDW,"(3125,6000]",70835,0.8297654150644483,0.09092438915727201,0.706533526582906
RAD_OPERA_HOURLY_RAINFALL_ACCUMULATION_202301302200_patch001,IDW,IDW,"(6000,9000]",3393,0.8147010678389702,0.5389818125633611,0.8344195286693926
RAD_OPERA_HOURLY_RAINFALL_ACCUMULATION_202301302200_patch001,IDW,IDW,>9000,62,0.9943119957269569,0.994189103885043,-0.10670266636430745
RAD_OPERA_HOURLY_RAINFALL_ACCUMULATION_202301302200_patch002,IDW,IDW,≤125,5246,0.9084288419335879,-0.07791264189955442,0.9288160166990471
RAD_OPERA_HOURLY_RAINFALL_ACCUMULATION_202301302200_patch002,IDW,IDW,"(125,375]",20443,0.9758251925272154,-0.07502511234990342,0.921833417168755
RAD_OPERA_HOURLY_RAINFALL_ACCUMULATION_202301302200_patch002,IDW,IDW,"(375,750]",33072,1.0539332720386525,-0.022871861294482276,0.8966157091610208
RAD_OPERA_HOURLY_RAINFALL_ACCUMULATION_202301302200_patch002,IDW,IDW,"(750,1500]",64408,1.3890596948767961,-0.05221652156568214,0.8293634939819313
RAD_OPERA_HOURLY_RAINFALL_ACCUMULATION_202301302200_patch002,IDW,IDW,"(1500,3125]",110070,1.7447525139938627,0.10354504653010185,0.7237166194186453
RAD_OPERA_HOURLY_RAINFALL_ACCUMULATION_202301302200_patch002,IDW,IDW,"(3125,6000]",59833,1.873052809917309,0.643557513343701,0.6219324081301743
RAD_OPERA_HOURLY_RAINFALL_ACCUMULATION_202301302200_patch002,IDW,IDW,"(6000,9000]",1840,2.302139019276792,1.5557691451728992,0.6829164908682572
RAD_OPERA_HOURLY_RAINFALL_ACCUMULATION_202301310000_patch001,IDW,IDW,≤125,4040,0.4224569654714079,-0.036945704592401644,0.940932168892781
RAD_OPERA_HOURLY_RAINFALL_ACCUMULATION_202301310000_patch001,IDW,IDW,"(125,375]",16430,0.4775507455861723,-0.07625050978877225,0.9352081676879694
RAD_OPERA_HOURLY_RAINFALL_ACCUMULATION_202301310000_patch001,IDW,IDW,"(375,750]",26966,0.5754938674322813,-0.09711048819212914,0.9134216378308507
RAD_OPERA_HOURLY_RAINFALL_ACCUMULATION_202301310000_patch001,IDW,IDW,"(750,1500]",52894,0.7223571183635041,-0.12954945631014025,0.8801004906493319
RAD_OPERA_HOURLY_RAINFALL_ACCUMULATION_202301310000_patch001,IDW,IDW,"(1500,3125]",83733,0.9508660568759432,-0.15623275616744045,0.7840954193127647
RAD_OPERA_HOURLY_RAINFALL_ACCUMULATION_202301310000_patch001,IDW,IDW,"(3125,6000]",44649,1.0622096501937395,0.01613884411012093,0.5460974400307191
RAD_OPERA_HOURLY_RAINFALL_ACCUMULATION_202301310000_patch001,IDW,IDW,"(6000,9000]",1688,0.6974578232280344,0.09364069295579223,0.6901243544491811
RAD_OPERA_HOURLY_RAINFALL_ACCUMULATION_202301310200_patch000,IDW,IDW,≤125,3610,0.6079781999200311,-0.016542303116367795,0.9632964029841958
RAD_OPERA_HOURLY_RAINFALL_ACCUMULATION_202301310200_patch000,IDW,IDW,"(125,375]",14108,0.6525531919675878,0.014110888775648258,0.9517644634121086
RAD_OPERA_HOURLY_RAINFALL_ACCUMULATION_202301310200_patch000,IDW,IDW,"(375,750]",20775,0.7319778728673161,0.09624006802998439,0.9185275848286627
RAD_OPERA_HOURLY_RAINFALL_ACCUMULATION_202301310200_patch000,IDW,IDW,"(750,1500]",37991,0.8427447104095845,0.19924840278362035,0.8707503900602992
RAD_OPERA_HOURLY_RAINFALL_ACCUMULATION_202301310200_patch000,IDW,IDW,"(1500,3125]",63127,1.0456122108954147,0.31718588693753363,0.7728616475034182
RAD_OPERA_HOURLY_RAINFALL_ACCUMULATION_202301310200_patch000,IDW,IDW,"(3125,6000]",30617,1.3619053160658854,0.40601265425486144,0.579580007741368
RAD_OPERA_HOURLY_RAINFALL_ACCUMULATION_202301310200_patch000,IDW,IDW,"(6000,9000]",2828,1.8339190348790986,1.6167567271786667,0.5843962463354933
RAD_OPERA_HOURLY_RAINFALL_ACCUMULATION_202301310900_patch000,IDW,IDW,≤125,4327,0.38285687986679806,0.008867434799578192,0.9740240100373947
RAD_OPERA_HOURLY_RAINFALL_ACCUMULATION_202301310900_patch000,IDW,IDW,"(125,375]",17469,0.4263905950476769,0.018145717053601497,0.9647605571404922
RAD_OPERA_HOURLY_RAINFALL_ACCUMULATION_202301310900_patch000,IDW,IDW,"(375,750]",28304,0.5132255311157689,0.031806787107152464,0.94341838535499
RAD_OPERA_HOURLY_RAINFALL_ACCUMULATION_202301310900_patch000,IDW,IDW,"(750,1500]",54744,0.6549057960736686,0.06041301429167855,0.9098910009029733
RAD_OPERA_HOURLY_RAINFALL_ACCUMULATION_202301310900_patch000,IDW,IDW,"(1500,3125]",84620,0.8910561335017665,0.09490243121578804,0.8344526636402552
RAD_OPERA_HOURLY_RAINFALL_ACCUMULATION_202301310900_patch000,IDW,IDW,"(3125,6000]",39893,1.0270588198143644,-0.0002938106899241394,0.7883636564054348
RAD_OPERA_HOURLY_RAINFALL_ACCUMULATION_202301310900_patch000,IDW,IDW,"(6000,9000]",4424,1.0997721070880815,0.4273621246730656,0.5258062035290495
RAD_OPERA_HOURLY_RAINFALL_ACCUMULATION_202301310900_patch000,IDW,IDW,>9000,1227,1.7054023662915454,1.5075401943101083,0.3988229156221077
RAD_OPERA_HOURLY_RAINFALL_ACCUMULATION_202301311600_patch000,IDW,IDW,≤125,4960,0.2485687138641645,0.005727575515066424,0.9860423141906677
RAD_OPERA_HOURLY_RAINFALL_ACCUMULATION_202301311600_patch000,IDW,IDW,"(125,375]",18632,0.297282042267816,0.004734743887157899,0.9785503461650742
RAD_OPERA_HOURLY_RAINFALL_ACCUMULATION_202301311600_patch000,IDW,IDW,"(375,750]",27830,0.36575484019763105,0.02031385189031381,0.9638695447350668
RAD_OPERA_HOURLY_RAINFALL_ACCUMULATION_202301311600_patch000,IDW,IDW,"(750,1500]",51558,0.4225267796878584,-0.003306566106486512,0.9444063131829367
RAD_OPERA_HOURLY_RAINFALL_ACCUMULATION_202301311600_patch000,IDW,IDW,"(1500,3125]",90058,0.5017734761506051,0.034387202743935516,0.9090907170292825
RAD_OPERA_HOURLY_RAINFALL_ACCUMULATION_202301311600_patch000,IDW,IDW,"(3125,6000]",52277,0.5792726946375419,0.03671113007309484,0.85971684680256
RAD_OPERA_HOURLY_RAINFALL_ACCUMULATION_202301311600_patch000,IDW,IDW,"(6000,9000]",10952,0.883648675271291,-0.08427408316095786,0.6711707252347743
RAD_OPERA_HOURLY_RAINFALL_ACCUMULATION_202301311600_patch000,IDW,IDW,>9000,3317,0.8990634483020098,0.23214050494010885,0.3507803216497498
RAD_OPERA_HOURLY_RAINFALL_ACCUMULATION_202301312000_patch001,IDW,IDW,≤125,4119,0.2543980787275396,-0.023895991502615052,0.9672835087129743
RAD_OPERA_HOURLY_RAINFALL_ACCUMULATION_202301312000_patch001,IDW,IDW,"(125,375]",15923,0.29135810993573524,-0.01835732912250644,0.9464498956281148
RAD_OPERA_HOURLY_RAINFALL_ACCUMULATION_202301312000_patch001,IDW,IDW,"(375,750]",23477,0.36161995603779135,-0.004572902124064254,0.9135615506883801
RAD_OPERA_HOURLY_RAINFALL_ACCUMULATION_202301312000_patch001,IDW,IDW,"(750,1500]",42558,0.48951848545643384,-0.05227709622055165,0.8494131250401777
RAD_OPERA_HOURLY_RAINFALL_ACCUMULATION_202301312000_patch001,IDW,IDW,"(1500,3125]",72310,0.6950628521102056,-0.13426702271447838,0.7080003195489171
RAD_OPERA_HOURLY_RAINFALL_ACCUMULATION_202301312000_patch001,IDW,IDW,"(3125,6000]",35394,0.8683508378386299,-0.25352200496184624,0.6395956195322003
RAD_OPERA_HOURLY_RAINFALL_ACCUMULATION_202301312000_patch001,IDW,IDW,"(6000,9000]",4806,0.8250138461208824,0.12328958079758358,0.1542455152097217
RAD_OPERA_HOURLY_RAINFALL_ACCUMULATION_202301312000_patch001,IDW,IDW,>9000,1093,1.2567384640428614,1.2243042186325226,0.12391704945990799
RAD_OPERA_HOURLY_RAINFALL_ACCUMULATION_202301180600_patch000,ILDW,ILDW,≤125,4307,0.7427880612298585,-0.020775713318203774,0.9304658197118825
RAD_OPERA_HOURLY_RAINFALL_ACCUMULATION_202301180600_patch000,ILDW,ILDW,"(125,375]",16831,0.6907896725618596,0.028155284275032076,0.9393104862863721
RAD_OPERA_HOURLY_RAINFALL_ACCUMULATION_202301180600_patch000,ILDW,ILDW,"(375,750]",25567,0.7737099029430416,0.07910981074491054,0.9214693347200433
RAD_OPERA_HOURLY_RAINFALL_ACCUMULATION_202301180600_patch000,ILDW,ILDW,"(750,1500]",46989,0.9832416342979636,0.1236003633586648,0.8544710349635531
RAD_OPERA_HOURLY_RAINFALL_ACCUMULATION_202301180600_patch000,ILDW,ILDW,"(1500,3125]",76874,1.254833792954739,0.15700910819521266,0.7217055589489023
RAD_OPERA_HOURLY_RAINFALL_ACCUMULATION_202301180600_patch000,ILDW,ILDW,"(3125,6000]",38395,1.2848918521030033,0.2473009951375103,0.6220563869042108
RAD_OPERA_HOURLY_RAINFALL_ACCUMULATION_202301180600_patch000,ILDW,ILDW,"(6000,9000]",4984,1.0838902841060825,0.6968635543741392,0.4240368110893234
RAD_OPERA_HOURLY_RAINFALL_ACCUMULATION_202301180600_patch000,ILDW,ILDW,>9000,1093,0.9907424416759102,0.7051736620399125,-0.6531071315491718
RAD_OPERA_HOURLY_RAINFALL_ACCUMULATION_202301180900_patch002,ILDW,ILDW,≤125,3902,0.5818374139069966,-0.02670940745345445,0.9602912413364253
RAD_OPERA_HOURLY_RAINFALL_ACCUMULATION_202301180900_patch002,ILDW,ILDW,"(125,375]",15131,0.5829679323901736,-3.831229717914972e-05,0.9597556484062287
RAD_OPERA_HOURLY_RAINFALL_ACCUMULATION_202301180900_patch002,ILDW,ILDW,"(375,750]",22331,0.6571360722726713,0.025419616659531373,0.9476859876394229
RAD_OPERA_HOURLY_RAINFALL_ACCUMULATION_202301180900_patch002,ILDW,ILDW,"(750,1500]",41053,0.8278408194758786,-0.035731513688074146,0.9174971612248374
RAD_OPERA_HOURLY_RAINFALL_ACCUMULATION_202301180900_patch002,ILDW,ILDW,"(1500,3125]",69051,1.2514212419754887,-0.21761093331516068,0.8411443141520423
RAD_OPERA_HOURLY_RAINFALL_ACCUMULATION_202301180900_patch002,ILDW,ILDW,"(3125,6000]",34633,2.177709359943611,-0.35552850547502884,0.5596319281095316
RAD_OPERA_HOURLY_RAINFALL_ACCUMULATION_202301180900_patch002,ILDW,ILDW,"(6000,9000]",4806,2.8095782883981903,1.5300993374691771,-0.62984892906332
RAD_OPERA_HOURLY_RAINFALL_ACCUMULATION_202301180900_patch002,ILDW,ILDW,>9000,1093,2.6660135884930893,0.8796113437105795,-0.911171637533727
RAD_OPERA_HOURLY_RAINFALL_ACCUMULATION_202301181200_patch003,ILDW,ILDW,≤125,3836,0.8481796442257903,-0.019873089083610462,0.9259324895600836
RAD_OPERA_HOURLY_RAINFALL_ACCUMULATION_202301181200_patch003,ILDW,ILDW,"(125,375]",15470,0.6528291759733299,0.05304631362706559,0.9420150776222777
RAD_OPERA_HOURLY_RAINFALL_ACCUMULATION_202301181200_patch003,ILDW,ILDW,"(375,750]",24747,0.6729073617670688,0.11245108861209005,0.9307575515557377
RAD_OPERA_HOURLY_RAINFALL_ACCUMULATION_202301181200_patch003,ILDW,ILDW,"(750,1500]",46358,0.8298360421348369,0.15389790493437516,0.9008731516834415
RAD_OPERA_HOURLY_RAINFALL_ACCUMULATION_202301181200_patch003,ILDW,ILDW,"(1500,3125]",72954,1.069306480001307,0.3170399470110861,0.8532783506286754
RAD_OPERA_HOURLY_RAINFALL_ACCUMULATION_202301181200_patch003,ILDW,ILDW,"(3125,6000]",38442,1.2036218011045638,0.5120939490343448,0.7905601004402704
RAD_OPERA_HOURLY_RAINFALL_ACCUMULATION_202301181200_patch003,ILDW,ILDW,"(6000,9000]",2993,0.8491828619829895,0.47784938307226243,0.7247493996560186
RAD_OPERA_HOURLY_RAINFALL_ACCUMULATION_202301181300_patch002,ILDW,ILDW,≤125,4067,0.4015288679086653,-0.0004378532284153633,0.9427024092435724
RAD_OPERA_HOURLY_RAINFALL_ACCUMULATION_202301181300_patch002,ILDW,ILDW,"(125,375]",16278,0.3833020756479625,0.008984758961100172,0.946268580550405
RAD_OPERA_HOURLY_RAINFALL_ACCUMULATION_202301181300_patch002,ILDW,ILDW,"(375,750]",25812,0.415657439668162,0.011055485548158776,0.9166754733490164
RAD_OPERA_HOURLY_RAINFALL_ACCUMULATION_202301181300_patch002,ILDW,ILDW,"(750,1500]",48116,0.530805981559688,0.009371042193422769,0.8534487461494019
RAD_OPERA_HOURLY_RAINFALL_ACCUMULATION_202301181300_patch002,ILDW,ILDW,"(1500,3125]",75981,0.6642594185309973,-0.0076779149862910515,0.769309964929574
RAD_OPERA_HOURLY_RAINFALL_ACCUMULATION_202301181300_patch002,ILDW,ILDW,"(3125,6000]",35618,0.5435654945920567,0.05878760860777908,0.6958260226042963
RAD_OPERA_HOURLY_RAINFALL_ACCUMULATION_202301181300_patch002,ILDW,ILDW,"(6000,9000]",1488,0.6689750191926609,0.30514074049434897,0.3325615782980007
RAD_OPERA_HOURLY_RAINFALL_ACCUMULATION_202301181900_patch000,ILDW,ILDW,≤125,5288,0.23992355270199708,0.0030049673534604826,0.9778150174095506
RAD_OPERA_HOURLY_RAINFALL_ACCUMULATION_202301181900_patch000,ILDW,ILDW,"(125,375]",20528,0.23765920317290967,-0.0010682260518654514,0.9801295509082666
RAD_OPERA_HOURLY_RAINFALL_ACCUMULATION_202301181900_patch000,ILDW,ILDW,"(375,750]",32454,0.2749490737662646,-0.0070589747221522425,0.9773941235001703
RAD_OPERA_HOURLY_RAINFALL_ACCUMULATION_202301181900_patch000,ILDW,ILDW,"(750,1500]",61361,0.3810287761432641,-0.030376254048099738,0.9630054584239192
RAD_OPERA_HOURLY_RAINFALL_ACCUMULATION_202301181900_patch000,ILDW,ILDW,"(1500,3125]",101172,0.5500518475987564,-0.06315263020731642,0.9246445518483715
RAD_OPERA_HOURLY_RAINFALL_ACCUMULATION_202301181900_patch000,ILDW,ILDW,"(3125,6000]",52907,0.6033647370378421,-0.028765265699883545,0.9076761125867244
RAD_OPERA_HOURLY_RAINFALL_ACCUMULATION_202301181900_patch000,ILDW,ILDW,"(6000,9000]",3681,0.32796187920063413,0.2148073119276969,0.973726277626843
RAD_OPERA_HOURLY_RAINFALL_ACCUMULATION_202301181900_patch000,ILDW,ILDW,>9000,369,0.24081805710829762,0.240732811339718,0.47098375820166727
RAD_OPERA_HOURLY_RAINFALL_ACCUMULATION_202301190000_patch000,ILDW,ILDW,≤125,4743,0.3446647089007118,-0.02319006973712109,0.9851561336650466
RAD_OPERA_HOURLY_RAINFALL_ACCUMULATION_202301190000_patch000,ILDW,ILDW,"(125,375]",19207,0.3508236994800445,0.014922448914522341,0.9838994967381629
RAD_OPERA_HOURLY_RAINFALL_ACCUMULATION_202301190000_patch000,ILDW,ILDW,"(375,750]",31346,0.39602568647352937,0.026417035602956735,0.9795495451735658
RAD_OPERA_HOURLY_RAINFALL_ACCUMULATION_202301190000_patch000,ILDW,ILDW,"(750,1500]",61078,0.5014511986371214,0.05110955955642904,0.961727765912247
RAD_OPERA_HOURLY_RAINFALL_ACCUMULATION_202301190000_patch000,ILDW,ILDW,"(1500,3125]",101514,0.6740468684734845,0.12424999802828299,0.9151009311028239
RAD_OPERA_HOURLY_RAINFALL_ACCUMULATION_202301190000_patch000,ILDW,ILDW,"(3125,6000]",51996,0.8101318892533748,0.3656807647811801,0.8764801976770532
RAD_OPERA_HOURLY_RAINFALL_ACCUMULATION_202301190000_patch000,ILDW,ILDW,"(6000,9000]",5503,0.9611951875216557,0.8094517572923559,0.7559160625622602
RAD_OPERA_HOURLY_RAINFALL_ACCUMULATION_202301190000_patch000,ILDW,ILDW,>9000,1093,1.4702135129333271,1.3915059516042896,0.3066391154423457
RAD_OPERA_HOURLY_RAINFALL_ACCUMULATION_202301190300_patch000,ILDW,ILDW,≤125,5625,0.4768200940829387,0.0029982655844343563,0.966036680368441
RAD_OPERA_HOURLY_RAINFALL_ACCUMULATION_202301190300_patch000,ILDW,ILDW,"(125,375]",22142,0.47481054811669426,0.01202745136027167,0.9636501492766189
RAD_OPERA_HOURLY_RAINFALL_ACCUMULATION_202301190300_patch000,ILDW,ILDW,"(375,750]",36071,0.548977695097389,-0.004129186105270426,0.9562888123837198
RAD_OPERA_HOURLY_RAINFALL_ACCUMULATION_202301190300_patch000,ILDW,ILDW,"(750,1500]",71147,0.6710596554354947,-0.039367019455396446,0.9307032061529301
RAD_OPERA_HOURLY_RAINFALL_ACCUMULATION_202301190300_patch000,ILDW,ILDW,"(1500,3125]",121319,0.920909397765962,-0.10955439504273175,0.8781375285540476
RAD_OPERA_HOURLY_RAINFALL_ACCUMULATION_202301190300_patch000,ILDW,ILDW,"(3125,6000]",72157,1.2353338686626014,-0.06342384398472135,0.8227147571783159
RAD_OPERA_HOURLY_RAINFALL_ACCUMULATION_202301190300_patch000,ILDW,ILDW,"(6000,9000]",16588,1.1217386026269451,0.3251924630278144,0.6770814209457575
RAD_OPERA_HOURLY_RAINFALL_ACCUMULATION_202301190300_patch000,ILDW,ILDW,>9000,4391,0.945736001786802,0.28392615288366185,0.6536121122776825
RAD_OPERA_HOURLY_RAINFALL_ACCUMULATION_202301190300_patch001,ILDW,ILDW,≤125,6138,0.6976504314099631,-0.012544473076389773,0.9329916573108482
RAD_OPERA_HOURLY_RAINFALL_ACCUMULATION_202301190300_patch001,ILDW,ILDW,"(125,375]",24392,0.6394928194311998,-0.02040129163868297,0.9367062824202114
RAD_OPERA_HOURLY_RAINFALL_ACCUMULATION_202301190300_patch001,ILDW,ILDW,"(375,750]",39715,0.6568283359420971,-0.001858535933443927,0.9263700787749143
RAD_OPERA_HOURLY_RAINFALL_ACCUMULATION_202301190300_patch001,ILDW,ILDW,"(750,1500]",78272,0.7072416370393066,0.007367282561704154,0.9057049339578435
RAD_OPERA_HOURLY_RAINFALL_ACCUMULATION_202301190300_patch001,ILDW,ILDW,"(1500,3125]",134070,0.939488638468711,-0.07078550859143168,0.8351300234233185
RAD_OPERA_HOURLY_RAINFALL_ACCUMULATION_202301190300_patch001,ILDW,ILDW,"(3125,6000]",75249,1.0217773813828144,-0.13018437550574993,0.8129109641003811
RAD_OPERA_HOURLY_RAINFALL_ACCUMULATION_202301190300_patch001,ILDW,ILDW,"(6000,9000]",6503,0.6866130062313851,0.2547791402854811,0.914693044066511
RAD_OPERA_HOURLY_RAINFALL_ACCUMULATION_202301190300_patch001,ILDW,ILDW,>9000,1229,0.008137743127852171,0.00021639510041557378,0.9999923992946959
RAD_OPERA_HOURLY_RAINFALL_ACCUMULATION_202301190700_patch000,ILDW,ILDW,≤125,6028,0.32587936006140394,-0.010664339457355902,0.9761310779024579
RAD_OPERA_HOURLY_RAINFALL_ACCUMULATION_202301190700_patch000,ILDW,ILDW,"(125,375]",23900,0.31135389992575335,0.0002621848494093243,0.9787568551271388
RAD_OPERA_HOURLY_RAINFALL_ACCUMULATION_202301190700_patch000,ILDW,ILDW,"(375,750]",38804,0.3891098852136176,-0.014568787286434954,0.9705976470520304
RAD_OPERA_HOURLY_RAINFALL_ACCUMULATION_202301190700_patch000,ILDW,ILDW,"(750,1500]",75204,0.4838426658205438,-0.00682137782024078,0.9554876695827272
RAD_OPERA_HOURLY_RAINFALL_ACCUMULATION_202301190700_patch000,ILDW,ILDW,"(1500,3125]",129043,0.6235664568317922,0.039059781798884204,0.9274596458907143
RAD_OPERA_HOURLY_RAINFALL_ACCUMULATION_202301190700_patch000,ILDW,ILDW,"(3125,6000]",74735,0.7345018088486447,0.013355432188076185,0.8739951446929546
RAD_OPERA_HOURLY_RAINFALL_ACCUMULATION_202301190700_patch000,ILDW,ILDW,"(6000,9000]",6675,0.8568704590558983,-0.30654596665910966,0.7520787888039087
RAD_OPERA_HOURLY_RAINFALL_ACCUMULATION_202301190700_patch000,ILDW,ILDW,>9000,427,1.1700889360381181,-0.6155056070682811,0.0372738981825648
RAD_OPERA_HOURLY_RAINFALL_ACCUMULATION_202301190800_patch001,ILDW,ILDW,≤125,4739,0.5196314719174265,-0.017154401410964637,0.927230813630269
RAD_OPERA_HOURLY_RAINFALL_ACCUMULATION_202301190800_patch001,ILDW,ILDW,"(125,375]",17811,0.48712997392853674,0.010801226643792789,0.9315400049076129
RAD_OPERA_HOURLY_RAINFALL_ACCUMULATION_202301190800_patch001,ILDW,ILDW,"(375,750]",26584,0.5812922600336011,0.049345903175241526,0.911361635703444
RAD_OPERA_HOURLY_RAINFALL_ACCUMULATION_202301190800_patch001,ILDW,ILDW,"(750,1500]",49607,0.7849764138463649,0.09885173555282371,0.8527142400394262
RAD_OPERA_HOURLY_RAINFALL_ACCUMULATION_202301190800_patch001,ILDW,ILDW,"(1500,3125]",84697,1.166492647687242,0.12772650011350664,0.7515512278078927
RAD_OPERA_HOURLY_RAINFALL_ACCUMULATION_202301190800_patch001,ILDW,ILDW,"(3125,6000]",49616,1.552586888335608,0.14141591541060458,0.7512222808981667
RAD_OPERA_HOURLY_RAINFALL_ACCUMULATION_202301190800_patch001,ILDW,ILDW,"(6000,9000]",11038,1.0703213681184627,0.22830661454738194,0.49888063284449474
RAD_OPERA_HOURLY_RAINFALL_ACCUMULATION_202301190800_patch001,ILDW,ILDW,>9000,5508,1.4758807440497463,-1.3042191049437086,0.48034716663732674
RAD_OPERA_HOURLY_RAINFALL_ACCUMULATION_202301190800_patch002,ILDW,ILDW,≤125,4948,2.1939051786918227,-0.024055734827736992,0.9200499058717921
RAD_OPERA_HOURLY_RAINFALL_ACCUMULATION_202301190800_patch002,ILDW,ILDW,"(125,375]",19069,1.9647698621359633,-0.048048076965532274,0.9392473374795631
RAD_OPERA_HOURLY_RAINFALL_ACCUMULATION_202301190800_patch002,ILDW,ILDW,"(375,750]",29951,2.0130865210259117,-0.04382431205496055,0.946325437403978
RAD_OPERA_HOURLY_RAINFALL_ACCUMULATION_202301190800_patch002,ILDW,ILDW,"(750,1500]",56000,2.4733128752287374,0.018695274153445813,0.9226236253524412
RAD_OPERA_HOURLY_RAINFALL_ACCUMULATION_202301190800_patch002,ILDW,ILDW,"(1500,3125]",91858,3.320758108095537,0.39743814006538475,0.8562207909413171
RAD_OPERA_HOURLY_RAINFALL_ACCUMULATION_202301190800_patch002,ILDW,ILDW,"(3125,6000]",49656,3.6758555437176432,0.8208864967848426,0.7762457518945678
RAD_OPERA_HOURLY_RAINFALL_ACCUMULATION_202301190800_patch002,ILDW,ILDW,"(6000,9000]",2462,1.0451936096850811,0.7037434303404487,0.9113977823402458
RAD_OPERA_HOURLY_RAINFALL_ACCUMULATION_202301190800_patch002,ILDW,ILDW,>9000,8,0.14226759422960353,0.14226612644469555,
RAD_OPERA_HOURLY_RAINFALL_ACCUMULATION_202301190900_patch001,ILDW,ILDW,≤125,4873,0.4914780677403472,-0.011556166671617421,0.9336710942020008
RAD_OPERA_HOURLY_RAINFALL_ACCUMULATION_202301190900_patch001,ILDW,ILDW,"(125,375]",18313,0.4148938231626569,0.017333744179012803,0.9524173325081862
RAD_OPERA_HOURLY_RAINFALL_ACCUMULATION_202301190900_patch001,ILDW,ILDW,"(375,750]",27719,0.4710895092341859,0.04689255361334595,0.945010084895839
RAD_OPERA_HOURLY_RAINFALL_ACCUMULATION_202301190900_patch001,ILDW,ILDW,"(750,1500]",51845,0.6207622428935705,0.03640152475547042,0.9130231687057454
RAD_OPERA_HOURLY_RAINFALL_ACCUMULATION_202301190900_patch001,ILDW,ILDW,"(1500,3125]",88154,0.8637367785113352,-0.05976138061937117,0.8497725740031793
RAD_OPERA_HOURLY_RAINFALL_ACCUMULATION_202301190900_patch001,ILDW,ILDW,"(3125,6000]",43325,1.144802566523591,-0.00613091654859866,0.7987225091188839
RAD_OPERA_HOURLY_RAINFALL_ACCUMULATION_202301190900_patch001,ILDW,ILDW,"(6000,9000]",779,0.9827296459710775,0.3641643852092193,-0.5099502111526328
RAD_OPERA_HOURLY_RAINFALL_ACCUMULATION_202301192000_patch000,ILDW,ILDW,≤125,5128,0.46596293288716006,-0.00834200501993956,0.972013926526978
RAD_OPERA_HOURLY_RAINFALL_ACCUMULATION_202301192000_patch000,ILDW,ILDW,"(125,375]",21179,0.46816529369687354,0.0009077619379913157,0.9692642227184517
RAD_OPERA_HOURLY_RAINFALL_ACCUMULATION_202301192000_patch000,ILDW,ILDW,"(375,750]",35613,0.5331072758078904,0.03337578574683961,0.9554398685138824
RAD_OPERA_HOURLY_RAINFALL_ACCUMULATION_202301192000_patch000,ILDW,ILDW,"(750,1500]",73106,0.6675797530154151,0.050799690534882154,0.9284996951047844
RAD_OPERA_HOURLY_RAINFALL_ACCUMULATION_202301192000_patch000,ILDW,ILDW,"(1500,3125]",132462,0.786513841397766,0.15367907169425626,0.8928209101071818
RAD_OPERA_HOURLY_RAINFALL_ACCUMULATION_202301192000_patch000,ILDW,ILDW,"(3125,6000]",68585,0.8245459816982289,0.3413335832718726,0.8767167230584294
RAD_OPERA_HOURLY_RAINFALL_ACCUMULATION_202301192000_patch000,ILDW,ILDW,"(6000,9000]",11329,0.8330912512960331,0.4739937156074703,0.609979104142413
RAD_OPERA_HOURLY_RAINFALL_ACCUMULATION_202301192000_patch000,ILDW,ILDW,>9000,1782,1.3737359075081947,0.40600886462145624,-0.5025184996273269
RAD_OPERA_HOURLY_RAINFALL_ACCUMULATION_202301200400_patch000,ILDW,ILDW,≤125,4653,0.14061067695014048,0.006622737163673221,0.9827603518356578
RAD_OPERA_HOURLY_RAINFALL_ACCUMULATION_202301200400_patch000,ILDW,ILDW,"(125,375]",18817,0.14169128311583815,0.0004282992083427578,0.9823570169354398
RAD_OPERA_HOURLY_RAINFALL_ACCUMULATION_202301200400_patch000,ILDW,ILDW,"(375,750]",30187,0.16457181416611638,-0.004567926145842762,0.9777727988193757
RAD_OPERA_HOURLY_RAINFALL_ACCUMULATION_202301200400_patch000,ILDW,ILDW,"(750,1500]",57992,0.2320072646743341,-0.007815858067546868,0.958967289631138
RAD_OPERA_HOURLY_RAINFALL_ACCUMULATION_202301200400_patch000,ILDW,ILDW,"(1500,3125]",92124,0.3410419242928808,0.004881365154980616,0.9106469709949232
RAD_OPERA_HOURLY_RAINFALL_ACCUMULATION_202301200400_patch000,ILDW,ILDW,"(3125,6000]",45691,0.3541610053438329,0.06300378675465725,0.8696687240925943
RAD_OPERA_HOURLY_RAINFALL_ACCUMULATION_202301200400_patch000,ILDW,ILDW,"(6000,9000]",10365,0.3606718160123772,0.24477630818031465,0.9265982418575484
RAD_OPERA_HOURLY_RAINFALL_ACCUMULATION_202301200400_patch000,ILDW,ILDW,>9000,2059,0.37654968683942136,0.25590276306141024,0.8905306209767334
RAD_OPERA_HOURLY_RAINFALL_ACCUMULATION_202301200800_patch001,ILDW,ILDW,≤125,5792,0.2731486941024834,0.0032366999502187383,0.9627223593172481
RAD_OPERA_HOURLY_RAINFALL_ACCUMULATION_202301200800_patch001,ILDW,ILDW,"(125,375]",22486,0.2576630821096928,0.00026940292510120134,0.9693756600763118
RAD_OPERA_HOURLY_RAINFALL_ACCUMULATION_202301200800_patch001,ILDW,ILDW,"(375,750]",36877,0.2932682412123569,0.009149711539539659,0.9679918921112266
RAD_OPERA_HOURLY_RAINFALL_ACCUMULATION_202301200800_patch001,ILDW,ILDW,"(750,1500]",73632,0.36338701082384467,0.015091332524803212,0.9574318236480088
RAD_OPERA_HOURLY_RAINFALL_ACCUMULATION_202301200800_patch001,ILDW,ILDW,"(1500,3125]",126564,0.547370191408708,0.059251910744218886,0.9272110271751565
RAD_OPERA_HOURLY_RAINFALL_ACCUMULATION_202301200800_patch001,ILDW,ILDW,"(3125,6000]",63958,0.6644412906534364,0.04642250395392415,0.8591103579137767
RAD_OPERA_HOURLY_RAINFALL_ACCUMULATION_202301200800_patch001,ILDW,ILDW,"(6000,9000]",2211,0.9173115932075928,0.09329862909915237,0.2262524149230384
RAD_OPERA_HOURLY_RAINFALL_ACCUMULATION_202301201300_patch000,ILDW,ILDW,≤125,3390,0.5757229438906208,0.02225579631773989,0.9227092248741731
RAD_OPERA_HOURLY_RAINFALL_ACCUMULATION_202301201300_patch000,ILDW,ILDW,"(125,375]",13291,0.5533998796588281,-0.0282715268029498,0.9376171525708796
RAD_OPERA_HOURLY_RAINFALL_ACCUMULATION_202301201300_patch000,ILDW,ILDW,"(375,750]",19563,0.6138025033114233,-0.08994390728759906,0.9384748139481188
RAD_OPERA_HOURLY_RAINFALL_ACCUMULATION_202301201300_patch000,ILDW,ILDW,"(750,1500]",36286,0.8522726955960304,-0.17995366552575842,0.9123528456708646
RAD_OPERA_HOURLY_RAINFALL_ACCUMULATION_202301201300_patch000,ILDW,ILDW,"(1500,3125]",59850,1.197963000123026,-0.25348881754729924,0.8594136220564718
RAD_OPERA_HOURLY_RAINFALL_ACCUMULATION_202301201300_patch000,ILDW,ILDW,"(3125,6000]",31192,1.1621672815701038,-0.046452570914964,0.8589589455628592
RAD_OPERA_HOURLY_RAINFALL_ACCUMULATION_202301201300_patch000,ILDW,ILDW,"(6000,9000]",2828,0.9645596504590064,0.8007062678435534,0.6829918493079178
RAD_OPERA_HOURLY_RAINFALL_ACCUMULATION_202301201600_patch002,ILDW,ILDW,≤125,3270,0.256625808346762,0.009771242978473801,0.9631653671566057
RAD_OPERA_HOURLY_RAINFALL_ACCUMULATION_202301201600_patch002,ILDW,ILDW,"(125,375]",12789,0.2405148112195845,-0.008548389913584661,0.9686977402607253
RAD_OPERA_HOURLY_RAINFALL_ACCUMULATION_202301201600_patch002,ILDW,ILDW,"(375,750]",19079,0.2974758122275487,-0.010376359302112798,0.9598078335088294
RAD_OPERA_HOURLY_RAINFALL_ACCUMULATION_202301201600_patch002,ILDW,ILDW,"(750,1500]",35634,0.4083745284134213,-0.0344750613023849,0.9351427538268404
RAD_OPERA_HOURLY_RAINFALL_ACCUMULATION_202301201600_patch002,ILDW,ILDW,"(1500,3125]",58364,0.5529993913136925,-0.03073711503916783,0.8848404675159127
RAD_OPERA_HOURLY_RAINFALL_ACCUMULATION_202301201600_patch002,ILDW,ILDW,"(3125,6000]",29778,0.5115006249453887,0.15222678359816,0.8691918292809748
RAD_OPERA_HOURLY_RAINFALL_ACCUMULATION_202301201600_patch002,ILDW,ILDW,"(6000,9000]",1086,0.6324594541214461,0.04704800745077082,0.6718980639259705
RAD_OPERA_HOURLY_RAINFALL_ACCUMULATION_202301210300_patch000,ILDW,ILDW,≤125,4759,1.961595934281999,-0.009518601116078143,0.8614223325364745
RAD_OPERA_HOURLY_RAINFALL_ACCUMULATION_202301210300_patch000,ILDW,ILDW,"(125,375]",19284,1.6565858498887605,-0.025482262744009478,0.9028285140884649
RAD_OPERA_HOURLY_RAINFALL_ACCUMULATION_202301210300_patch000,ILDW,ILDW,"(375,750]",31010,1.5466516284583847,-0.015724431886025476,0.9166722277381286
RAD_OPERA_HOURLY_RAINFALL_ACCUMULATION_202301210300_patch000,ILDW,ILDW,"(750,1500]",60712,2.1668700734017365,-0.08204880943678668,0.8692003682750591
RAD_OPERA_HOURLY_RAINFALL_ACCUMULATION_202301210300_patch000,ILDW,ILDW,"(1500,3125]",96412,4.10965832791783,-0.29814485219619735,0.7493361202214999
RAD_OPERA_HOURLY_RAINFALL_ACCUMULATION_202301210300_patch000,ILDW,ILDW,"(3125,6000]",45122,4.758345122870733,-0.5658671869010161,0.6946614446006716
RAD_OPERA_HOURLY_RAINFALL_ACCUMULATION_202301210300_patch000,ILDW,ILDW,"(6000,9000]",9644,2.396546647930139,1.0716309292834678,0.554241491067217
RAD_OPERA_HOURLY_RAINFALL_ACCUMULATION_202301210300_patch000,ILDW,ILDW,>9000,2881,2.841722620413247,2.0496977542297805,0.03431143434821855
RAD_OPERA_HOURLY_RAINFALL_ACCUMULATION_202301210800_patch002,ILDW,ILDW,≤125,5965,1.3876925488295464,0.06264254694080432,0.9459057551485631
RAD_OPERA_HOURLY_RAINFALL_ACCUMULATION_202301210800_patch002,ILDW,ILDW,"(125,375]",23267,1.3817628844130085,0.013102886241125024,0.9497845605327322
RAD_OPERA_HOURLY_RAINFALL_ACCUMULATION_202301210800_patch002,ILDW,ILDW,"(375,750]",38413,1.7493672885056506,-0.08300721923697656,0.9410226754248394
RAD_OPERA_HOURLY_RAINFALL_ACCUMULATION_202301210800_patch002,ILDW,ILDW,"(750,1500]",76851,2.430512014589179,-0.28284279816953795,0.9221077651793123
RAD_OPERA_HOURLY_RAINFALL_ACCUMULATION_202301210800_patch002,ILDW,ILDW,"(1500,3125]",134773,3.207093277041881,-0.34449954367219054,0.8730700212164223
RAD_OPERA_HOURLY_RAINFALL_ACCUMULATION_202301210800_patch002,ILDW,ILDW,"(3125,6000]",67483,2.378901311188907,0.14930010612431519,0.8247679412375092
RAD_OPERA_HOURLY_RAINFALL_ACCUMULATION_202301210800_patch002,ILDW,ILDW,"(6000,9000]",3454,1.102429575236355,-0.10690615087981774,0.9708132784553034
RAD_OPERA_HOURLY_RAINFALL_ACCUMULATION_202301210800_patch002,ILDW,ILDW,>9000,2,0.0,0.0,
RAD_OPERA_HOURLY_RAINFALL_ACCUMULATION_202301210900_patch000,ILDW,ILDW,≤125,6233,1.777060403992072,0.05439636687109708,0.9671290662535481
RAD_OPERA_HOURLY_RAINFALL_ACCUMULATION_202301210900_patch000,ILDW,ILDW,"(125,375]",24491,1.8663907702374514,-0.038216442062038926,0.9660767902667902
RAD_OPERA_HOURLY_RAINFALL_ACCUMULATION_202301210900_patch000,ILDW,ILDW,"(375,750]",41092,2.0866265284906724,-0.04253822011222585,0.9545914455515128
RAD_OPERA_HOURLY_RAINFALL_ACCUMULATION_202301210900_patch000,ILDW,ILDW,"(750,1500]",84004,2.434275203239502,-0.047248045307380776,0.9368680245255832
RAD_OPERA_HOURLY_RAINFALL_ACCUMULATION_202301210900_patch000,ILDW,ILDW,"(1500,3125]",151272,3.3873234133773877,-0.09054798990718979,0.8776081642101448
RAD_OPERA_HOURLY_RAINFALL_ACCUMULATION_202301210900_patch000,ILDW,ILDW,"(3125,6000]",82886,3.785286855121343,-0.2099389190923879,0.8663327286197527
RAD_OPERA_HOURLY_RAINFALL_ACCUMULATION_202301210900_patch000,ILDW,ILDW,"(6000,9000]",7812,3.1642409139323235,-0.0014692491135516583,0.9510116639852639
RAD_OPERA_HOURLY_RAINFALL_ACCUMULATION_202301210900_patch000,ILDW,ILDW,>9000,34,0.18355371778897372,0.15414443367841563,0.03874630956418286
RAD_OPERA_HOURLY_RAINFALL_ACCUMULATION_202301211500_patch000,ILDW,ILDW,≤125,4173,0.7259832050130625,0.03147788005303109,0.8752943733301312
RAD_OPERA_HOURLY_RAINFALL_ACCUMULATION_202301211500_patch000,ILDW,ILDW,"(125,375]",16207,0.6450437713403065,0.019093856640979654,0.9074139632779561
RAD_OPERA_HOURLY_RAINFALL_ACCUMULATION_202301211500_patch000,ILDW,ILDW,"(375,750]",23822,0.6667250242383902,0.002887573102686734,0.9171077057474426
RAD_OPERA_HOURLY_RAINFALL_ACCUMULATION_202301211500_patch000,ILDW,ILDW,"(750,1500]",43474,0.8261243389631764,-0.05328448814526934,0.8862550698122178
RAD_OPERA_HOURLY_RAINFALL_ACCUMULATION_202301211500_patch000,ILDW,ILDW,"(1500,3125]",72595,1.1603272464756944,-0.1008256715735999,0.7835246733034833
RAD_OPERA_HOURLY_RAINFALL_ACCUMULATION_202301211500_patch000,ILDW,ILDW,"(3125,6000]",37593,1.1569277064360766,0.08135488348331753,0.7970497692863908
RAD_OPERA_HOURLY_RAINFALL_ACCUMULATION_202301211500_patch000,ILDW,ILDW,"(6000,9000]",6818,0.982669290299108,0.7889636545450563,0.8229200868504472
RAD_OPERA_HOURLY_RAINFALL_ACCUMULATION_202301211500_patch000,ILDW,ILDW,>9000,1654,0.9737044324312508,0.9424320469865504,0.9326484037406695
RAD_OPERA_HOURLY_RAINFALL_ACCUMULATION_202301211800_patch000,ILDW,ILDW,≤125,3690,0.43781105121848674,0.016819065460807813,0.9240300327123786
RAD_OPERA_HOURLY_RAINFALL_ACCUMULATION_202301211800_patch000,ILDW,ILDW,"(125,375]",14314,0.4361973591493073,-0.024148260955164126,0.9394931128643911
RAD_OPERA_HOURLY_RAINFALL_ACCUMULATION_202301211800_patch000,ILDW,ILDW,"(375,750]",21246,0.5264158223549229,-0.08533474612747168,0.9350168897765949
RAD_OPERA_HOURLY_RAINFALL_ACCUMULATION_202301211800_patch000,ILDW,ILDW,"(750,1500]",39504,0.6982117605863627,-0.15502852389403213,0.891768309150461
RAD_OPERA_HOURLY_RAINFALL_ACCUMULATION_202301211800_patch000,ILDW,ILDW,"(1500,3125]",66874,0.9773238828481678,-0.21242296850237494,0.7826613187208343
RAD_OPERA_HOURLY_RAINFALL_ACCUMULATION_202301211800_patch000,ILDW,ILDW,"(3125,6000]",32140,1.1187250015422703,-0.08058954943659281,0.6423979989811955
RAD_OPERA_HOURLY_RAINFALL_ACCUMULATION_202301211800_patch000,ILDW,ILDW,"(6000,9000]",1432,1.2977135656400471,-0.18127878284456322,0.19383380956481916
RAD_OPERA_HOURLY_RAINFALL_ACCUMULATION_202301211900_patch000,ILDW,ILDW,≤125,5624,0.43810861162286047,0.026648985720990722,0.9455396275380555
RAD_OPERA_HOURLY_RAINFALL_ACCUMULATION_202301211900_patch000,ILDW,ILDW,"(125,375]",21915,0.43766070055543116,-0.015206623709516802,0.9543118350415862
RAD_OPERA_HOURLY_RAINFALL_ACCUMULATION_202301211900_patch000,ILDW,ILDW,"(375,750]",34783,0.5322075853636965,-0.04707943571136943,0.9422734694027026
RAD_OPERA_HOURLY_RAINFALL_ACCUMULATION_202301211900_patch000,ILDW,ILDW,"(750,1500]",66652,0.6941869550854872,-0.07835262964213746,0.912824286648547
RAD_OPERA_HOURLY_RAINFALL_ACCUMULATION_202301211900_patch000,ILDW,ILDW,"(1500,3125]",114198,1.0807345090812568,-0.22741547931281467,0.81743155448134
RAD_OPERA_HOURLY_RAINFALL_ACCUMULATION_202301211900_patch000,ILDW,ILDW,"(3125,6000]",59909,1.3665305694923842,-0.2971247760605234,0.7648688294369488
RAD_OPERA_HOURLY_RAINFALL_ACCUMULATION_202301211900_patch000,ILDW,ILDW,"(6000,9000]",1303,1.0288268605016928,-0.2780692163053948,0.9258292164361641
RAD_OPERA_HOURLY_RAINFALL_ACCUMULATION_202301211900_patch001,ILDW,ILDW,≤125,4911,0.5487948015872691,0.031026368143206733,0.9206003415596828
RAD_OPERA_HOURLY_RAINFALL_ACCUMULATION_202301211900_patch001,ILDW,ILDW,"(125,375]",18873,0.5408493416830678,0.0017443762151211951,0.9316996782824999
RAD_OPERA_HOURLY_RAINFALL_ACCUMULATION_202301211900_patch001,ILDW,ILDW,"(375,750]",29125,0.6325257606829877,-0.032166382799625984,0.9266389232438587
RAD_OPERA_HOURLY_RAINFALL_ACCUMULATION_202301211900_patch001,ILDW,ILDW,"(750,1500]",55476,0.8353449592773363,-0.10917627136377446,0.8945833412704906
RAD_OPERA_HOURLY_RAINFALL_ACCUMULATION_202301211900_patch001,ILDW,ILDW,"(1500,3125]",96752,1.1200094784327226,-0.2470638927613236,0.8417980436694608
RAD_OPERA_HOURLY_RAINFALL_ACCUMULATION_202301211900_patch001,ILDW,ILDW,"(3125,6000]",57530,1.3676614594300605,-0.39394328476291285,0.7140326799997649
RAD_OPERA_HOURLY_RAINFALL_ACCUMULATION_202301211900_patch001,ILDW,ILDW,"(6000,9000]",5827,1.985805562511422,-0.9921366468987759,0.048315893120998814
RAD_OPERA_HOURLY_RAINFALL_ACCUMULATION_202301211900_patch001,ILDW,ILDW,>9000,306,2.1961580305079362,-1.596498369180537,-0.9528642132255116
RAD_OPERA_HOURLY_RAINFALL_ACCUMULATION_202301212300_patch000,ILDW,ILDW,≤125,4692,0.539926893578779,-0.03419187329589463,0.9618938420126316
RAD_OPERA_HOURLY_RAINFALL_ACCUMULATION_202301212300_patch000,ILDW,ILDW,"(125,375]",17503,0.5126931104542813,0.0023987208312089875,0.9618115249527887
RAD_OPERA_HOURLY_RAINFALL_ACCUMULATION_202301212300_patch000,ILDW,ILDW,"(375,750]",25922,0.5836006446528826,0.04333785858484594,0.942586033462317
RAD_OPERA_HOURLY_RAINFALL_ACCUMULATION_202301212300_patch000,ILDW,ILDW,"(750,1500]",47008,0.7330855290553675,0.1048347985753434,0.8850408333444338
RAD_OPERA_HOURLY_RAINFALL_ACCUMULATION_202301212300_patch000,ILDW,ILDW,"(1500,3125]",81012,0.9935909760351941,0.12563363070659292,0.7449432887673731
RAD_OPERA_HOURLY_RAINFALL_ACCUMULATION_202301212300_patch000,ILDW,ILDW,"(3125,6000]",43894,1.1323431028908313,0.08120676486828005,0.6339586248335777
RAD_OPERA_HOURLY_RAINFALL_ACCUMULATION_202301212300_patch000,ILDW,ILDW,"(6000,9000]",1153,0.7775841096116825,-0.09520240938377413,0.9038657102278735
RAD_OPERA_HOURLY_RAINFALL_ACCUMULATION_202301220000_patch001,ILDW,ILDW,≤125,5230,0.6539212718341546,-0.02312707267390994,0.9650424096447712
RAD_OPERA_HOURLY_RAINFALL_ACCUMULATION_202301220000_patch001,ILDW,ILDW,"(125,375]",20323,0.6347917773265268,0.002884078342480182,0.9627277221158871
RAD_OPERA_HOURLY_RAINFALL_ACCUMULATION_202301220000_patch001,ILDW,ILDW,"(375,750]",32666,0.6921305796196248,0.02558566841554226,0.9487501146569137
RAD_OPERA_HOURLY_RAINFALL_ACCUMULATION_202301220000_patch001,ILDW,ILDW,"(750,1500]",63206,0.8139192454368588,0.06572981734702597,0.9215933659966065
RAD_OPERA_HOURLY_RAINFALL_ACCUMULATION_202301220000_patch001,ILDW,ILDW,"(1500,3125]",104459,1.1069267976316048,0.11532634262450382,0.8485887825670466
RAD_OPERA_HOURLY_RAINFALL_ACCUMULATION_202301220000_patch001,ILDW,ILDW,"(3125,6000]",53531,1.3710779682719503,-0.056005191618144046,0.7853160061697538
RAD_OPERA_HOURLY_RAINFALL_ACCUMULATION_202301220000_patch001,ILDW,ILDW,"(6000,9000]",5048,1.4421735927386516,1.0512739346965774,0.6830031128793088
RAD_OPERA_HOURLY_RAINFALL_ACCUMULATION_202301220000_patch001,ILDW,ILDW,>9000,2257,0.6316032996377338,0.3915179685028082,-0.06293923949700019
RAD_OPERA_HOURLY_RAINFALL_ACCUMULATION_202301220100_patch001,ILDW,ILDW,≤125,4018,0.5079764204817095,0.027496745811671306,0.9697397851181754
RAD_OPERA_HOURLY_RAINFALL_ACCUMULATION_202301220100_patch001,ILDW,ILDW,"(125,375]",15534,0.5447675102554018,0.007977527640244373,0.9716350950249802
RAD_OPERA_HOURLY_RAINFALL_ACCUMULATION_202301220100_patch001,ILDW,ILDW,"(375,750]",22904,0.6579801671034606,-0.0374653165473496,0.9663509040338378
RAD_OPERA_HOURLY_RAINFALL_ACCUMULATION_202301220100_patch001,ILDW,ILDW,"(750,1500]",41857,0.8741089148498402,-0.08731915080272837,0.9481647424059227
RAD_OPERA_HOURLY_RAINFALL_ACCUMULATION_202301220100_patch001,ILDW,ILDW,"(1500,3125]",71355,1.2169615621001901,-0.09355684156976726,0.9111971182909698
RAD_OPERA_HOURLY_RAINFALL_ACCUMULATION_202301220100_patch001,ILDW,ILDW,"(3125,6000]",34056,1.328451136496377,0.3986061003097394,0.8768318222233201
RAD_OPERA_HOURLY_RAINFALL_ACCUMULATION_202301220100_patch001,ILDW,ILDW,"(6000,9000]",3300,1.0008012703852522,0.6955511332630523,0.9379881742356299
RAD_OPERA_HOURLY_RAINFALL_ACCUMULATION_202301221200_patch000,ILDW,ILDW,≤125,5692,0.5463033704265737,-0.014752741320319198,0.9748834697413695
RAD_OPERA_HOURLY_RAINFALL_ACCUMULATION_202301221200_patch000,ILDW,ILDW,"(125,375]",22509,0.5236164881328464,-0.0016216066335446775,0.980749714283461
RAD_OPERA_HOURLY_RAINFALL_ACCUMULATION_202301221200_patch000,ILDW,ILDW,"(375,750]",37533,0.5853000290717174,-0.0068023745943520154,0.9811178182175117
RAD_OPERA_HOURLY_RAINFALL_ACCUMULATION_202301221200_patch000,ILDW,ILDW,"(750,1500]",75522,0.7562362795222226,0.05988785063968328,0.9644813507845319
RAD_OPERA_HOURLY_RAINFALL_ACCUMULATION_202301221200_patch000,ILDW,ILDW,"(1500,3125]",133266,1.033308449789579,0.137396205771662,0.895514110209557
RAD_OPERA_HOURLY_RAINFALL_ACCUMULATION_202301221200_patch000,ILDW,ILDW,"(3125,6000]",68969,1.4703255539141307,0.2735094708713164,0.716781952089724
RAD_OPERA_HOURLY_RAINFALL_ACCUMULATION_202301221200_patch000,ILDW,ILDW,"(6000,9000]",8879,1.648446302676803,1.1006010278540346,0.6178992537402863
RAD_OPERA_HOURLY_RAINFALL_ACCUMULATION_202301221200_patch000,ILDW,ILDW,>9000,2446,0.8374707285803461,0.6323299945161198,0.7183720659018447
RAD_OPERA_HOURLY_RAINFALL_ACCUMULATION_202301222100_patch000,ILDW,ILDW,≤125,3783,0.5503108774009793,0.013794249284875828,0.9711118890737572
RAD_OPERA_HOURLY_RAINFALL_ACCUMULATION_202301222100_patch000,ILDW,ILDW,"(125,375]",14906,0.5229145254846977,-0.005072049579864092,0.9744729164773627
RAD_OPERA_HOURLY_RAINFALL_ACCUMULATION_202301222100_patch000,ILDW,ILDW,"(375,750]",22509,0.6328305576562181,-0.0675013117978079,0.9679828075603905
RAD_OPERA_HOURLY_RAINFALL_ACCUMULATION_202301222100_patch000,ILDW,ILDW,"(750,1500]",41257,0.9338796453421704,-0.227890477609355,0.9525735244670394
RAD_OPERA_HOURLY_RAINFALL_ACCUMULATION_202301222100_patch000,ILDW,ILDW,"(1500,3125]",66625,1.3761449374564276,-0.38997260355169167,0.9175853692042479
RAD_OPERA_HOURLY_RAINFALL_ACCUMULATION_202301222100_patch000,ILDW,ILDW,"(3125,6000]",34002,1.4729709093771284,-0.1848484013629756,0.8985078283757674
RAD_OPERA_HOURLY_RAINFALL_ACCUMULATION_202301222100_patch000,ILDW,ILDW,"(6000,9000]",3286,1.1783702142491725,0.5531171814888876,0.9092470554750333
RAD_OPERA_HOURLY_RAINFALL_ACCUMULATION_202301230100_patch000,ILDW,ILDW,≤125,4445,0.4583100400925731,-0.021832349819739395,0.9790518079662457
RAD_OPERA_HOURLY_RAINFALL_ACCUMULATION_202301230100_patch000,ILDW,ILDW,"(125,375]",17833,0.47801386422869874,0.025423987990984918,0.9736900223349233
RAD_OPERA_HOURLY_RAINFALL_ACCUMULATION_202301230100_patch000,ILDW,ILDW,"(375,750]",28225,0.5661421894602845,0.0295384451792905,0.9591164112005772
RAD_OPERA_HOURLY_RAINFALL_ACCUMULATION_202301230100_patch000,ILDW,ILDW,"(750,1500]",52717,0.7271157402799984,0.0389675200569777,0.9327586709517856
RAD_OPERA_HOURLY_RAINFALL_ACCUMULATION_202301230100_patch000,ILDW,ILDW,"(1500,3125]",84234,0.982807728114479,0.04093253695410145,0.8826438131073004
RAD_OPERA_HOURLY_RAINFALL_ACCUMULATION_202301230100_patch000,ILDW,ILDW,"(3125,6000]",43953,1.1596218881744544,0.2289273961009134,0.8189832733018956
RAD_OPERA_HOURLY_RAINFALL_ACCUMULATION_202301230100_patch000,ILDW,ILDW,"(6000,9000]",5580,1.5426294701144772,1.219778605635442,0.7145107539752437
RAD_OPERA_HOURLY_RAINFALL_ACCUMULATION_202301230100_patch000,ILDW,ILDW,>9000,1093,1.9607820494799426,1.8024328526732993,0.8395548444762588
RAD_OPERA_HOURLY_RAINFALL_ACCUMULATION_202301230600_patch003,ILDW,ILDW,≤125,5253,0.32535538477039105,0.003869504006165444,0.9584768381584379
RAD_OPERA_HOURLY_RAINFALL_ACCUMULATION_202301230600_patch003,ILDW,ILDW,"(125,375]",20266,0.3041550546397974,0.0002534045197937496,0.963685785665225
RAD_OPERA_HOURLY_RAINFALL_ACCUMULATION_202301230600_patch003,ILDW,ILDW,"(375,750]",31845,0.36055955536011014,0.0012462744341345726,0.9567287365714332
RAD_OPERA_HOURLY_RAINFALL_ACCUMULATION_202301230600_patch003,ILDW,ILDW,"(750,1500]",60657,0.4951034304129917,-0.04142863669348881,0.9407675347855993
RAD_OPERA_HOURLY_RAINFALL_ACCUMULATION_202301230600_patch003,ILDW,ILDW,"(1500,3125]",99992,0.6528097654019988,-0.11382370702253732,0.930282517908224
RAD_OPERA_HOURLY_RAINFALL_ACCUMULATION_202301230600_patch003,ILDW,ILDW,"(3125,6000]",48778,0.8332666149664961,-0.11496062949554063,0.9140368928321292
RAD_OPERA_HOURLY_RAINFALL_ACCUMULATION_202301230600_patch003,ILDW,ILDW,"(6000,9000]",2009,0.974961241891708,0.5737920314389345,0.8975919305648984
RAD_OPERA_HOURLY_RAINFALL_ACCUMULATION_202301231200_patch001,ILDW,ILDW,≤125,5395,0.2648123567798688,-0.002657315417816409,0.9573573819192889
RAD_OPERA_HOURLY_RAINFALL_ACCUMULATION_202301231200_patch001,ILDW,ILDW,"(125,375]",21090,0.2613897039289043,-0.004013598537274579,0.9622609877908856
RAD_OPERA_HOURLY_RAINFALL_ACCUMULATION_202301231200_patch001,ILDW,ILDW,"(375,750]",34488,0.28715302564326106,0.01607243764277343,0.9534316882619991
RAD_OPERA_HOURLY_RAINFALL_ACCUMULATION_202301231200_patch001,ILDW,ILDW,"(750,1500]",67771,0.37435747177130424,0.04822247119606875,0.9251616187970634
RAD_OPERA_HOURLY_RAINFALL_ACCUMULATION_202301231200_patch001,ILDW,ILDW,"(1500,3125]",115766,0.5486619799756551,0.04956360658589819,0.8651771623314668
RAD_OPERA_HOURLY_RAINFALL_ACCUMULATION_202301231200_patch001,ILDW,ILDW,"(3125,6000]",63094,0.6293763296915325,0.11143826400896129,0.8999531994983455
RAD_OPERA_HOURLY_RAINFALL_ACCUMULATION_202301231200_patch001,ILDW,ILDW,"(6000,9000]",4971,0.7596415886416331,0.5127373533978241,0.89313995122194
RAD_OPERA_HOURLY_RAINFALL_ACCUMULATION_202301231200_patch001,ILDW,ILDW,>9000,1,0.7665252985726183,0.7665252985726183,
RAD_OPERA_HOURLY_RAINFALL_ACCUMULATION_202301231200_patch002,ILDW,ILDW,≤125,4808,0.5335847812800903,-0.02527992332839367,0.979911118327552
RAD_OPERA_HOURLY_RAINFALL_ACCUMULATION_202301231200_patch002,ILDW,ILDW,"(125,375]",19791,0.5006856719132712,-0.0009045948461697919,0.9794273640366868
RAD_OPERA_HOURLY_RAINFALL_ACCUMULATION_202301231200_patch002,ILDW,ILDW,"(375,750]",33541,0.5251865045603359,0.03324326953287827,0.9729011055587832
RAD_OPERA_HOURLY_RAINFALL_ACCUMULATION_202301231200_patch002,ILDW,ILDW,"(750,1500]",70004,0.635776012413077,0.052520887294418284,0.9546626364303074
RAD_OPERA_HOURLY_RAINFALL_ACCUMULATION_202301231200_patch002,ILDW,ILDW,"(1500,3125]",130131,0.754041938506463,0.16605042930866992,0.9156300739516561
RAD_OPERA_HOURLY_RAINFALL_ACCUMULATION_202301231200_patch002,ILDW,ILDW,"(3125,6000]",65641,0.9069001925184798,0.33502991338565097,0.8425177498652279
RAD_OPERA_HOURLY_RAINFALL_ACCUMULATION_202301231200_patch002,ILDW,ILDW,"(6000,9000]",5637,0.5071587827593688,0.2712052692322352,0.7895555523298251
RAD_OPERA_HOURLY_RAINFALL_ACCUMULATION_202301231200_patch002,ILDW,ILDW,>9000,175,0.46553437229702777,0.4162236569662343,0.20207011432564148
RAD_OPERA_HOURLY_RAINFALL_ACCUMULATION_202301231200_patch003,ILDW,ILDW,≤125,5159,1.6382875637835408,-0.027643550604136567,0.9638426799593124
RAD_OPERA_HOURLY_RAINFALL_ACCUMULATION_202301231200_patch003,ILDW,ILDW,"(125,375]",19586,1.5078027125973856,-0.02581911756610729,0.9677037257578208
RAD_OPERA_HOURLY_RAINFALL_ACCUMULATION_202301231200_patch003,ILDW,ILDW,"(375,750]",29988,1.7918826824001899,0.017608179039032758,0.9542561772959132
RAD_OPERA_HOURLY_RAINFALL_ACCUMULATION_202301231200_patch003,ILDW,ILDW,"(750,1500]",56176,2.4982672372784926,0.21219314152906987,0.8788446039964085
RAD_OPERA_HOURLY_RAINFALL_ACCUMULATION_202301231200_patch003,ILDW,ILDW,"(1500,3125]",95580,3.384836888681266,0.9046262910732769,0.6952228488690666
RAD_OPERA_HOURLY_RAINFALL_ACCUMULATION_202301231200_patch003,ILDW,ILDW,"(3125,6000]",56911,3.8610764339347163,1.3677639933747183,0.5134506394119182
RAD_OPERA_HOURLY_RAINFALL_ACCUMULATION_202301231200_patch003,ILDW,ILDW,"(6000,9000]",8318,1.917882127250196,-0.08275289964930227,0.34518785297170945
RAD_OPERA_HOURLY_RAINFALL_ACCUMULATION_202301231200_patch003,ILDW,ILDW,>9000,666,0.8198921643561982,0.4546545510426644,0.5241895764583914
RAD_OPERA_HOURLY_RAINFALL_ACCUMULATION_202301231300_patch001,ILDW,ILDW,≤125,5511,2.2125960103623292,0.037514614126453356,0.9152918758273068
RAD_OPERA_HOURLY_RAINFALL_ACCUMULATION_202301231300_patch001,ILDW,ILDW,"(125,375]",21364,2.3891684399474986,0.050196796617592764,0.9120165802004706
RAD_OPERA_HOURLY_RAINFALL_ACCUMULATION_202301231300_patch001,ILDW,ILDW,"(375,750]",33423,2.862426337882226,-0.014130337433504142,0.9077569397764483
RAD_OPERA_HOURLY_RAINFALL_ACCUMULATION_202301231300_patch001,ILDW,ILDW,"(750,1500]",63975,4.197057367665849,-0.17492797948056563,0.8520942267927689
RAD_OPERA_HOURLY_RAINFALL_ACCUMULATION_202301231300_patch001,ILDW,ILDW,"(1500,3125]",114461,5.516656241343008,-0.4196613716342338,0.8161473380625067
RAD_OPERA_HOURLY_RAINFALL_ACCUMULATION_202301231300_patch001,ILDW,ILDW,"(3125,6000]",64360,3.943060291277102,-0.012223959669634014,0.8283023927117908
RAD_OPERA_HOURLY_RAINFALL_ACCUMULATION_202301231300_patch001,ILDW,ILDW,"(6000,9000]",3082,1.3458477398773132,0.5568166930449852,0.6794145139856644
RAD_OPERA_HOURLY_RAINFALL_ACCUMULATION_202301231400_patch002,ILDW,ILDW,≤125,5874,0.1937994702064846,-0.0032708540517789515,0.9739732657498373
RAD_OPERA_HOURLY_RAINFALL_ACCUMULATION_202301231400_patch002,ILDW,ILDW,"(125,375]",23308,0.1954574336052942,-0.0015148477351182824,0.973936269795179
RAD_OPERA_HOURLY_RAINFALL_ACCUMULATION_202301231400_patch002,ILDW,ILDW,"(375,750]",37553,0.23307420070335716,-0.002841379699950022,0.9665262853877559
RAD_OPERA_HOURLY_RAINFALL_ACCUMULATION_202301231400_patch002,ILDW,ILDW,"(750,1500]",71261,0.3142244336461203,-0.010474518028991282,0.9469019813990107
RAD_OPERA_HOURLY_RAINFALL_ACCUMULATION_202301231400_patch002,ILDW,ILDW,"(1500,3125]",123639,0.44745706953709447,-0.0440103254735074,0.8945313251364833
RAD_OPERA_HOURLY_RAINFALL_ACCUMULATION_202301231400_patch002,ILDW,ILDW,"(3125,6000]",70303,0.5835292674840223,-0.15068466122005916,0.8450839458225821
RAD_OPERA_HOURLY_RAINFALL_ACCUMULATION_202301231400_patch002,ILDW,ILDW,"(6000,9000]",3934,0.4158222926479995,0.07522247248462689,0.7499637661977399
RAD_OPERA_HOURLY_RAINFALL_ACCUMULATION_202301231400_patch003,ILDW,ILDW,≤125,4953,0.20727346025763452,0.005642928230558108,0.9732549035125344
RAD_OPERA_HOURLY_RAINFALL_ACCUMULATION_202301231400_patch003,ILDW,ILDW,"(125,375]",20410,0.22671826808900303,0.010721845659219433,0.9688559523562396
RAD_OPERA_HOURLY_RAINFALL_ACCUMULATION_202301231400_patch003,ILDW,ILDW,"(375,750]",34665,0.263864574776215,0.011364954724494431,0.9646318325195662
RAD_OPERA_HOURLY_RAINFALL_ACCUMULATION_202301231400_patch003,ILDW,ILDW,"(750,1500]",72194,0.33479115187716385,0.006851653180950089,0.944944940671067
RAD_OPERA_HOURLY_RAINFALL_ACCUMULATION_202301231400_patch003,ILDW,ILDW,"(1500,3125]",134690,0.41304199824640847,0.012230639879934788,0.9133605131120472
RAD_OPERA_HOURLY_RAINFALL_ACCUMULATION_202301231400_patch003,ILDW,ILDW,"(3125,6000]",66872,0.5764959949183641,0.06992234554558255,0.827135654224294
RAD_OPERA_HOURLY_RAINFALL_ACCUMULATION_202301231400_patch003,ILDW,ILDW,"(6000,9000]",7545,0.6317964067966085,0.24469228474933832,0.382548399783194
RAD_OPERA_HOURLY_RAINFALL_ACCUMULATION_202301231400_patch003,ILDW,ILDW,>9000,175,0.38527651180714084,0.37983144020146603,0.30901777121144036
RAD_OPERA_HOURLY_RAINFALL_ACCUMULATION_202301231600_patch001,ILDW,ILDW,≤125,4914,0.46950816132062234,0.04183010959042967,0.9591809680290708
RAD_OPERA_HOURLY_RAINFALL_ACCUMULATION_202301231600_patch001,ILDW,ILDW,"(125,375]",20085,0.4006446790436457,-0.005368642430483029,0.9710536315935839
RAD_OPERA_HOURLY_RAINFALL_ACCUMULATION_202301231600_patch001,ILDW,ILDW,"(375,750]",33153,0.41224336262855577,-0.01772940486868576,0.9740678357901148
RAD_OPERA_HOURLY_RAINFALL_ACCUMULATION_202301231600_patch001,ILDW,ILDW,"(750,1500]",65856,0.584408496507192,-0.06427659177520642,0.9615002491288401
RAD_OPERA_HOURLY_RAINFALL_ACCUMULATION_202301231600_patch001,ILDW,ILDW,"(1500,3125]",111781,0.8320925149554113,-0.11326788585944578,0.9391933666933165
RAD_OPERA_HOURLY_RAINFALL_ACCUMULATION_202301231600_patch001,ILDW,ILDW,"(3125,6000]",56017,1.154001732141969,0.1236957153107001,0.9019201601602139
RAD_OPERA_HOURLY_RAINFALL_ACCUMULATION_202301231600_patch001,ILDW,ILDW,"(6000,9000]",8106,1.5073649382311294,1.078584863185562,0.699386993297292
RAD_OPERA_HOURLY_RAINFALL_ACCUMULATION_202301231600_patch001,ILDW,ILDW,>9000,1656,1.6667454729099762,1.2996544999776931,-0.7909713694032763
RAD_OPERA_HOURLY_RAINFALL_ACCUMULATION_202301231700_patch000,ILDW,ILDW,≤125,5269,0.5601348081810092,0.003921320606515998,0.9479018603482123
RAD_OPERA_HOURLY_RAINFALL_ACCUMULATION_202301231700_patch000,ILDW,ILDW,"(125,375]",20368,0.44497788849642256,0.0017256164647253258,0.9657394104741082
RAD_OPERA_HOURLY_RAINFALL_ACCUMULATION_202301231700_patch000,ILDW,ILDW,"(375,750]",32124,0.47267647456707673,0.018487413635502593,0.966038892786562
RAD_OPERA_HOURLY_RAINFALL_ACCUMULATION_202301231700_patch000,ILDW,ILDW,"(750,1500]",61468,0.5976896338399571,0.05869997582466387,0.9504300544353272
RAD_OPERA_HOURLY_RAINFALL_ACCUMULATION_202301231700_patch000,ILDW,ILDW,"(1500,3125]",104182,0.8504633501357894,0.04151749583916683,0.9222475849573963
RAD_OPERA_HOURLY_RAINFALL_ACCUMULATION_202301231700_patch000,ILDW,ILDW,"(3125,6000]",59655,1.1415484063784762,0.12070620816864595,0.8889395110221918
RAD_OPERA_HOURLY_RAINFALL_ACCUMULATION_202301231700_patch000,ILDW,ILDW,"(6000,9000]",8108,1.3020189536985074,0.8407583631257323,0.8359471428101755
RAD_OPERA_HOURLY_RAINFALL_ACCUMULATION_202301231700_patch000,ILDW,ILDW,>9000,666,1.028997448357136,0.8640060026905779,0.9628847482104211
RAD_OPERA_HOURLY_RAINFALL_ACCUMULATION_202301231900_patch000,ILDW,ILDW,≤125,5065,0.500946923821622,0.014258539999583033,0.9687587853639908
RAD_OPERA_HOURLY_RAINFALL_ACCUMULATION_202301231900_patch000,ILDW,ILDW,"(125,375]",20812,0.4899096558838132,-0.013621302032721853,0.9727674187491154
RAD_OPERA_HOURLY_RAINFALL_ACCUMULATION_202301231900_patch000,ILDW,ILDW,"(375,750]",35015,0.5404669230684989,-0.013125915460783382,0.9700555903676553
RAD_OPERA_HOURLY_RAINFALL_ACCUMULATION_202301231900_patch000,ILDW,ILDW,"(750,1500]",71144,0.6726009510915537,-0.010311726840128568,0.9556250575027413
RAD_OPERA_HOURLY_RAINFALL_ACCUMULATION_202301231900_patch000,ILDW,ILDW,"(1500,3125]",125239,0.8639024042576158,0.020709380665843054,0.93071332648259
RAD_OPERA_HOURLY_RAINFALL_ACCUMULATION_202301231900_patch000,ILDW,ILDW,"(3125,6000]",61768,0.9276024239933404,0.4089198203114136,0.8938459402834523
RAD_OPERA_HOURLY_RAINFALL_ACCUMULATION_202301231900_patch000,ILDW,ILDW,"(6000,9000]",9857,1.1035911682853492,0.8968177484408059,0.8209230448998789
RAD_OPERA_HOURLY_RAINFALL_ACCUMULATION_202301231900_patch000,ILDW,ILDW,>9000,1340,0.9239298390815466,0.7830451562845956,0.9103538645473147
RAD_OPERA_HOURLY_RAINFALL_ACCUMULATION_202301240500_patch000,ILDW,ILDW,≤125,7497,5.558437815592838,0.21317615671559115,0.8950034063134055
RAD_OPERA_HOURLY_RAINFALL_ACCUMULATION_202301240500_patch000,ILDW,ILDW,"(125,375]",30107,4.641631682544964,-0.06200524404263585,0.9332286616776926
RAD_OPERA_HOURLY_RAINFALL_ACCUMULATION_202301240500_patch000,ILDW,ILDW,"(375,750]",51230,4.589353388436029,0.1513664625968861,0.9156078531629909
RAD_OPERA_HOURLY_RAINFALL_ACCUMULATION_202301240500_patch000,ILDW,ILDW,"(750,1500]",105715,3.8778774370545053,0.49060498270538594,0.8912642792023926
RAD_OPERA_HOURLY_RAINFALL_ACCUMULATION_202301240500_patch000,ILDW,ILDW,"(1500,3125]",194009,4.945670127655708,0.7321945147525994,0.8266512094247083
RAD_OPERA_HOURLY_RAINFALL_ACCUMULATION_202301240500_patch000,ILDW,ILDW,"(3125,6000]",101789,5.447384208712415,1.5258364482162186,0.7111494042725202
RAD_OPERA_HOURLY_RAINFALL_ACCUMULATION_202301240500_patch000,ILDW,ILDW,"(6000,9000]",4242,3.3556922644938787,0.782423449391793,0.5402834753303078
RAD_OPERA_HOURLY_RAINFALL_ACCUMULATION_202301240500_patch000,ILDW,ILDW,>9000,3,0.798591337906688,0.798586894947357,
RAD_OPERA_HOURLY_RAINFALL_ACCUMULATION_202301240700_patch000,ILDW,ILDW,≤125,3841,0.3091408728094122,0.003394491412813554,0.9533477621855311
RAD_OPERA_HOURLY_RAINFALL_ACCUMULATION_202301240700_patch000,ILDW,ILDW,"(125,375]",15308,0.3088362276760894,0.016463150467994837,0.9575924810552024
RAD_OPERA_HOURLY_RAINFALL_ACCUMULATION_202301240700_patch000,ILDW,ILDW,"(375,750]",23624,0.3646653757682804,7.260171944707301e-05,0.9526603578609525
RAD_OPERA_HOURLY_RAINFALL_ACCUMULATION_202301240700_patch000,ILDW,ILDW,"(750,1500]",44314,0.48924956522060453,-0.024222136344062582,0.9373188786493265
RAD_OPERA_HOURLY_RAINFALL_ACCUMULATION_202301240700_patch000,ILDW,ILDW,"(1500,3125]",70641,0.6584417231014893,-0.13159239358245467,0.9117128364476454
RAD_OPERA_HOURLY_RAINFALL_ACCUMULATION_202301240700_patch000,ILDW,ILDW,"(3125,6000]",32468,0.6265200078037434,0.03357964801283222,0.8858552929610206
RAD_OPERA_HOURLY_RAINFALL_ACCUMULATION_202301240700_patch000,ILDW,ILDW,"(6000,9000]",2828,0.46054439208845127,0.3685274285836887,0.9182772707971751
RAD_OPERA_HOURLY_RAINFALL_ACCUMULATION_202301241500_patch000,ILDW,ILDW,≤125,6666,0.7631199255781953,0.03740965504685343,0.9513328689094014
RAD_OPERA_HOURLY_RAINFALL_ACCUMULATION_202301241500_patch000,ILDW,ILDW,"(125,375]",26427,0.6668536295924629,0.02724481011827853,0.9585163588382523
RAD_OPERA_HOURLY_RAINFALL_ACCUMULATION_202301241500_patch000,ILDW,ILDW,"(375,750]",44674,0.8474888522835294,-0.02424979853946907,0.9380339828128041
RAD_OPERA_HOURLY_RAINFALL_ACCUMULATION_202301241500_patch000,ILDW,ILDW,"(750,1500]",92969,1.0367678882335185,-0.023103456518733752,0.9001094081377983
RAD_OPERA_HOURLY_RAINFALL_ACCUMULATION_202301241500_patch000,ILDW,ILDW,"(1500,3125]",168314,1.3312851704520308,-0.06769186127124524,0.8291814131922379
RAD_OPERA_HOURLY_RAINFALL_ACCUMULATION_202301241500_patch000,ILDW,ILDW,"(3125,6000]",87948,1.8556387876780223,-0.3716846050984122,0.7497632282677896
RAD_OPERA_HOURLY_RAINFALL_ACCUMULATION_202301241500_patch000,ILDW,ILDW,"(6000,9000]",6063,1.2235671127117076,0.6236120422734867,0.3987605070480695
RAD_OPERA_HOURLY_RAINFALL_ACCUMULATION_202301241500_patch000,ILDW,ILDW,>9000,91,1.6196109191185826,1.6165775557208872,0.8151837240719618
RAD_OPERA_HOURLY_RAINFALL_ACCUMULATION_202301241500_patch001,ILDW,ILDW,≤125,4327,0.8849853454423321,0.022452315843556118,0.9432492140276676
RAD_OPERA_HOURLY_RAINFALL_ACCUMULATION_202301241500_patch001,ILDW,ILDW,"(125,375]",17469,0.8927460429738565,-0.02100123912536929,0.9494469221625398
RAD_OPERA_HOURLY_RAINFALL_ACCUMULATION_202301241500_patch001,ILDW,ILDW,"(375,750]",28304,1.0710770074648692,-0.07919664175699594,0.9396280027546278
RAD_OPERA_HOURLY_RAINFALL_ACCUMULATION_202301241500_patch001,ILDW,ILDW,"(750,1500]",54744,1.3509577585690855,-0.14172229432879418,0.9083251452949123
RAD_OPERA_HOURLY_RAINFALL_ACCUMULATION_202301241500_patch001,ILDW,ILDW,"(1500,3125]",84620,1.918700929617676,-0.34925980675787804,0.8515088326773808
RAD_OPERA_HOURLY_RAINFALL_ACCUMULATION_202301241500_patch001,ILDW,ILDW,"(3125,6000]",39893,1.9404070083596505,-0.13749104473455812,0.7762028767020546
RAD_OPERA_HOURLY_RAINFALL_ACCUMULATION_202301241500_patch001,ILDW,ILDW,"(6000,9000]",4424,1.2476168916425379,0.8121286183950307,0.4270502971502756
RAD_OPERA_HOURLY_RAINFALL_ACCUMULATION_202301241500_patch001,ILDW,ILDW,>9000,1227,1.084524784495333,0.8698547958455027,0.49653264544533443
RAD_OPERA_HOURLY_RAINFALL_ACCUMULATION_202301241700_patch000,ILDW,ILDW,≤125,4266,0.490616989778502,0.011576600123884435,0.9202543721463632
RAD_OPERA_HOURLY_RAINFALL_ACCUMULATION_202301241700_patch000,ILDW,ILDW,"(125,375]",17079,0.5097503485186373,-0.009800389701624817,0.9146248691211073
RAD_OPERA_HOURLY_RAINFALL_ACCUMULATION_202301241700_patch000,ILDW,ILDW,"(375,750]",27134,0.616879878077213,0.03949125360496663,0.8891080451801283
RAD_OPERA_HOURLY_RAINFALL_ACCUMULATION_202301241700_patch000,ILDW,ILDW,"(750,1500]",50938,0.8173611292459959,0.08317024845495691,0.8154167904884739
RAD_OPERA_HOURLY_RAINFALL_ACCUMULATION_202301241700_patch000,ILDW,ILDW,"(1500,3125]",83633,1.0878160223297864,0.08222075962896476,0.6696332726972664
RAD_OPERA_HOURLY_RAINFALL_ACCUMULATION_202301241700_patch000,ILDW,ILDW,"(3125,6000]",42436,1.050956476679318,0.2566525487550836,0.5633998943583124
RAD_OPERA_HOURLY_RAINFALL_ACCUMULATION_202301241700_patch000,ILDW,ILDW,"(6000,9000]",3890,1.0667235154577253,0.3913606603989368,0.5723059417978024
RAD_OPERA_HOURLY_RAINFALL_ACCUMULATION_202301241700_patch002,ILDW,ILDW,≤125,3783,0.5052097160902297,0.010634673326014695,0.9700881064035617
RAD_OPERA_HOURLY_RAINFALL_ACCUMULATION_202301241700_patch002,ILDW,ILDW,"(125,375]",14906,0.5583171182971317,0.006792081859131503,0.9630034644446103
RAD_OPERA_HOURLY_RAINFALL_ACCUMULATION_202301241700_patch002,ILDW,ILDW,"(375,750]",22509,0.6746793739032396,-0.017404362388673447,0.9502754538349164
RAD_OPERA_HOURLY_RAINFALL_ACCUMULATION_202301241700_patch002,ILDW,ILDW,"(750,1500]",41257,0.8778254612556007,-0.07282070936198133,0.9234708112776728
RAD_OPERA_HOURLY_RAINFALL_ACCUMULATION_202301241700_patch002,ILDW,ILDW,"(1500,3125]",66625,1.1877859268451636,-0.09584416078075958,0.8607008448920616
RAD_OPERA_HOURLY_RAINFALL_ACCUMULATION_202301241700_patch002,ILDW,ILDW,"(3125,6000]",34002,1.443287640736852,0.06481849008964842,0.7731971073538356
RAD_OPERA_HOURLY_RAINFALL_ACCUMULATION_202301241700_patch002,ILDW,ILDW,"(6000,9000]",3286,1.1749508152432546,0.53014655637936,0.7986127993313026
RAD_OPERA_HOURLY_RAINFALL_ACCUMULATION_202301241900_patch001,ILDW,ILDW,≤125,3801,0.3771956701842106,0.017724310926884087,0.9755522184537968
RAD_OPERA_HOURLY_RAINFALL_ACCUMULATION_202301241900_patch001,ILDW,ILDW,"(125,375]",14742,0.36915999480447315,-0.005986272005918258,0.974999957765577
RAD_OPERA_HOURLY_RAINFALL_ACCUMULATION_202301241900_patch001,ILDW,ILDW,"(375,750]",21758,0.42262423648841163,-0.0239170956659038,0.9660779116808349
RAD_OPERA_HOURLY_RAINFALL_ACCUMULATION_202301241900_patch001,ILDW,ILDW,"(750,1500]",40352,0.5588860447226052,-0.05500066591983704,0.9404554144469494
RAD_OPERA_HOURLY_RAINFALL_ACCUMULATION_202301241900_patch001,ILDW,ILDW,"(1500,3125]",68193,0.8059825688102266,-0.09741087295573538,0.8843841357773428
RAD_OPERA_HOURLY_RAINFALL_ACCUMULATION_202301241900_patch001,ILDW,ILDW,"(3125,6000]",33486,0.9759593466335338,0.030072846639761865,0.8625113893903154
RAD_OPERA_HOURLY_RAINFALL_ACCUMULATION_202301241900_patch001,ILDW,ILDW,"(6000,9000]",3268,1.389602915123998,1.0772071996203945,0.7817307204943147
RAD_OPERA_HOURLY_RAINFALL_ACCUMULATION_202301242200_patch001,ILDW,ILDW,≤125,4808,0.787272794678445,0.009753457416551571,0.9496066103835733
RAD_OPERA_HOURLY_RAINFALL_ACCUMULATION_202301242200_patch001,ILDW,ILDW,"(125,375]",19791,0.8277782353927987,-0.06372457806037007,0.9501011075948657
RAD_OPERA_HOURLY_RAINFALL_ACCUMULATION_202301242200_patch001,ILDW,ILDW,"(375,750]",33541,0.9494941852027546,-0.03942847342521487,0.9316466633144361
RAD_OPERA_HOURLY_RAINFALL_ACCUMULATION_202301242200_patch001,ILDW,ILDW,"(750,1500]",70004,1.1585289078317575,0.059617093278027423,0.8871992233285396
RAD_OPERA_HOURLY_RAINFALL_ACCUMULATION_202301242200_patch001,ILDW,ILDW,"(1500,3125]",130131,1.4462109944123898,0.09319730338200839,0.7890515458177129
RAD_OPERA_HOURLY_RAINFALL_ACCUMULATION_202301242200_patch001,ILDW,ILDW,"(3125,6000]",65641,1.6923653136742047,0.006084282973915604,0.6642574528888571
RAD_OPERA_HOURLY_RAINFALL_ACCUMULATION_202301242200_patch001,ILDW,ILDW,"(6000,9000]",5637,1.741459794904411,0.99334134624042,0.43188319194996533
RAD_OPERA_HOURLY_RAINFALL_ACCUMULATION_202301242200_patch001,ILDW,ILDW,>9000,175,0.803477588969538,0.7698399857901347,0.33718429954366635
RAD_OPERA_HOURLY_RAINFALL_ACCUMULATION_202301250200_patch000,ILDW,ILDW,≤125,4338,0.25005556723772787,-0.015874724990159492,0.9878714125444465
RAD_OPERA_HOURLY_RAINFALL_ACCUMULATION_202301250200_patch000,ILDW,ILDW,"(125,375]",17374,0.25363323547924327,-0.010580790249550479,0.9873893277713813
RAD_OPERA_HOURLY_RAINFALL_ACCUMULATION_202301250200_patch000,ILDW,ILDW,"(375,750]",27861,0.30579353025344747,-0.01371899302877925,0.9798980911140565
RAD_OPERA_HOURLY_RAINFALL_ACCUMULATION_202301250200_patch000,ILDW,ILDW,"(750,1500]",53465,0.407360368876385,0.009054127918806231,0.9582347410642703
RAD_OPERA_HOURLY_RAINFALL_ACCUMULATION_202301250200_patch000,ILDW,ILDW,"(1500,3125]",85070,0.5477577602810483,0.05235861335343046,0.9066960618161385
RAD_OPERA_HOURLY_RAINFALL_ACCUMULATION_202301250200_patch000,ILDW,ILDW,"(3125,6000]",42760,0.6827357541773571,-0.0520861193571831,0.8338679783635156
RAD_OPERA_HOURLY_RAINFALL_ACCUMULATION_202301250200_patch000,ILDW,ILDW,"(6000,9000]",5271,1.0194075530372855,0.24473383219599631,0.1322080788759536
RAD_OPERA_HOURLY_RAINFALL_ACCUMULATION_202301250200_patch000,ILDW,ILDW,>9000,405,0.7684882414779383,0.5585856410984444,0.7047403016505304
RAD_OPERA_HOURLY_RAINFALL_ACCUMULATION_202301250200_patch001,ILDW,ILDW,≤125,7047,0.6359903595826284,0.0036041528415672983,0.9803850359330369
RAD_OPERA_HOURLY_RAINFALL_ACCUMULATION_202301250200_patch001,ILDW,ILDW,"(125,375]",28082,0.5737151465963642,0.0002122558185638829,0.981608197574404
RAD_OPERA_HOURLY_RAINFALL_ACCUMULATION_202301250200_patch001,ILDW,ILDW,"(375,750]",47439,0.5814094072593331,0.014978220101175527,0.9788918224771023
RAD_OPERA_HOURLY_RAINFALL_ACCUMULATION_202301250200_patch001,ILDW,ILDW,"(750,1500]",96948,0.7167910083537204,0.034459824615387366,0.9630817890516519
RAD_OPERA_HOURLY_RAINFALL_ACCUMULATION_202301250200_patch001,ILDW,ILDW,"(1500,3125]",177373,0.9632539109702136,0.09382399604962413,0.9301548925202947
RAD_OPERA_HOURLY_RAINFALL_ACCUMULATION_202301250200_patch001,ILDW,ILDW,"(3125,6000]",99828,0.9836647104370616,0.05934349721105723,0.9263370075584394
RAD_OPERA_HOURLY_RAINFALL_ACCUMULATION_202301250200_patch001,ILDW,ILDW,"(6000,9000]",5091,0.5081995963252407,0.269140058931609,0.7172741900388203
RAD_OPERA_HOURLY_RAINFALL_ACCUMULATION_202301250200_patch001,ILDW,ILDW,>9000,16,0.002168396588022309,0.0021682756061936074,
RAD_OPERA_HOURLY_RAINFALL_ACCUMULATION_202301250300_patch000,ILDW,ILDW,≤125,5148,0.248984820141751,0.0019924388535972936,0.9668853543031823
RAD_OPERA_HOURLY_RAINFALL_ACCUMULATION_202301250300_patch000,ILDW,ILDW,"(125,375]",19535,0.21862431612991273,-0.0026123109699462805,0.974643486757312
RAD_OPERA_HOURLY_RAINFALL_ACCUMULATION_202301250300_patch000,ILDW,ILDW,"(375,750]",29882,0.2384166117694376,-0.0019671030252530596,0.9681830415924959
RAD_OPERA_HOURLY_RAINFALL_ACCUMULATION_202301250300_patch000,ILDW,ILDW,"(750,1500]",56090,0.29322290914552307,0.010274979686414408,0.9458084910136774
RAD_OPERA_HOURLY_RAINFALL_ACCUMULATION_202301250300_patch000,ILDW,ILDW,"(1500,3125]",95021,0.3939861385282149,0.04715118316701453,0.9050038943411691
RAD_OPERA_HOURLY_RAINFALL_ACCUMULATION_202301250300_patch000,ILDW,ILDW,"(3125,6000]",50175,0.4710349643268314,0.07931696873060647,0.8718406798778388
RAD_OPERA_HOURLY_RAINFALL_ACCUMULATION_202301250300_patch000,ILDW,ILDW,"(6000,9000]",2197,0.3540715892972618,0.15685314134360392,0.8487147931774514
RAD_OPERA_HOURLY_RAINFALL_ACCUMULATION_202301250500_patch000,ILDW,ILDW,≤125,5599,0.8014073600468472,0.03327642363404758,0.9034401391408149
RAD_OPERA_HOURLY_RAINFALL_ACCUMULATION_202301250500_patch000,ILDW,ILDW,"(125,375]",22297,0.9444359154032613,-0.004586844703433605,0.9098087706973814
RAD_OPERA_HOURLY_RAINFALL_ACCUMULATION_202301250500_patch000,ILDW,ILDW,"(375,750]",37594,1.1707946879193059,-0.08754648293332513,0.9044065161697548
RAD_OPERA_HOURLY_RAINFALL_ACCUMULATION_202301250500_patch000,ILDW,ILDW,"(750,1500]",78259,1.324653596925215,-0.15090116299029577,0.8811442161132917
RAD_OPERA_HOURLY_RAINFALL_ACCUMULATION_202301250500_patch000,ILDW,ILDW,"(1500,3125]",147305,1.5605415061154828,-0.1691091588431429,0.8095510305986303
RAD_OPERA_HOURLY_RAINFALL_ACCUMULATION_202301250500_patch000,ILDW,ILDW,"(3125,6000]",77648,1.5067953147972584,-0.0016373213191389576,0.7405965424831562
RAD_OPERA_HOURLY_RAINFALL_ACCUMULATION_202301250500_patch000,ILDW,ILDW,"(6000,9000]",7911,1.5512360523841633,0.37351091380599366,0.3804724762328734
RAD_OPERA_HOURLY_RAINFALL_ACCUMULATION_202301250500_patch000,ILDW,ILDW,>9000,219,1.564758638141139,0.9497264689705207,-0.8489241523864239
RAD_OPERA_HOURLY_RAINFALL_ACCUMULATION_202301251000_patch001,ILDW,ILDW,≤125,4154,0.22602936424700174,-0.008260192208709511,0.992091700248136
RAD_OPERA_HOURLY_RAINFALL_ACCUMULATION_202301251000_patch001,ILDW,ILDW,"(125,375]",16892,0.22457341253196547,0.008074211220008612,0.9916766134702681
RAD_OPERA_HOURLY_RAINFALL_ACCUMULATION_202301251000_patch001,ILDW,ILDW,"(375,750]",27234,0.2687985336200721,0.003285268458847147,0.9872825108781631
RAD_OPERA_HOURLY_RAINFALL_ACCUMULATION_202301251000_patch001,ILDW,ILDW,"(750,1500]",52950,0.3466804293982725,-0.008457341599160369,0.9779780181728346
RAD_OPERA_HOURLY_RAINFALL_ACCUMULATION_202301251000_patch001,ILDW,ILDW,"(1500,3125]",82477,0.515719517518305,0.030578646667918555,0.9479379859176006
RAD_OPERA_HOURLY_RAINFALL_ACCUMULATION_202301251000_patch001,ILDW,ILDW,"(3125,6000]",40696,0.5740620211888106,0.18063583966422217,0.9199516643613238
RAD_OPERA_HOURLY_RAINFALL_ACCUMULATION_202301251000_patch001,ILDW,ILDW,"(6000,9000]",6300,0.6161245246852594,0.3459844280688323,0.5862067293739714
RAD_OPERA_HOURLY_RAINFALL_ACCUMULATION_202301251000_patch001,ILDW,ILDW,>9000,2257,0.48273371635636325,0.38400167823865095,0.28987642477994824
RAD_OPERA_HOURLY_RAINFALL_ACCUMULATION_202301251300_patch000,ILDW,ILDW,≤125,4088,0.2752783292521444,0.01207158490863609,0.9345101795859496
RAD_OPERA_HOURLY_RAINFALL_ACCUMULATION_202301251300_patch000,ILDW,ILDW,"(125,375]",15882,0.24972566614748554,0.000981696743417154,0.9515610819173246
RAD_OPERA_HOURLY_RAINFALL_ACCUMULATION_202301251300_patch000,ILDW,ILDW,"(375,750]",23638,0.28875983049237,0.0015558831994987518,0.9548425688338982
RAD_OPERA_HOURLY_RAINFALL_ACCUMULATION_202301251300_patch000,ILDW,ILDW,"(750,1500]",43117,0.373328855910486,0.0038061239698343784,0.9466268107058686
RAD_OPERA_HOURLY_RAINFALL_ACCUMULATION_202301251300_patch000,ILDW,ILDW,"(1500,3125]",73229,0.5014689986220625,0.040757976655316795,0.9430516649416
RAD_OPERA_HOURLY_RAINFALL_ACCUMULATION_202301251300_patch000,ILDW,ILDW,"(3125,6000]",37125,0.6376220811218678,0.14279076908408234,0.9533962693397241
RAD_OPERA_HOURLY_RAINFALL_ACCUMULATION_202301251300_patch000,ILDW,ILDW,"(6000,9000]",3369,0.9624775472980653,0.7480783268258903,0.91364284460317
RAD_OPERA_HOURLY_RAINFALL_ACCUMULATION_202301251600_patch002,ILDW,ILDW,≤125,4119,0.29808507047633215,0.00723988509674987,0.9765995728657019
RAD_OPERA_HOURLY_RAINFALL_ACCUMULATION_202301251600_patch002,ILDW,ILDW,"(125,375]",15923,0.2884120270645122,-0.006178752096133311,0.9797506717426164
RAD_OPERA_HOURLY_RAINFALL_ACCUMULATION_202301251600_patch002,ILDW,ILDW,"(375,750]",23477,0.3321808726414416,0.004594582227622677,0.975704662068268
RAD_OPERA_HOURLY_RAINFALL_ACCUMULATION_202301251600_patch002,ILDW,ILDW,"(750,1500]",42558,0.45067716527410767,-0.035258354846580534,0.95883464251926
RAD_OPERA_HOURLY_RAINFALL_ACCUMULATION_202301251600_patch002,ILDW,ILDW,"(1500,3125]",72310,0.6939682419609655,-0.10200738879234497,0.9058829551001331
RAD_OPERA_HOURLY_RAINFALL_ACCUMULATION_202301251600_patch002,ILDW,ILDW,"(3125,6000]",35394,0.8163086147491913,-0.029470453557365675,0.7932997829509161
RAD_OPERA_HOURLY_RAINFALL_ACCUMULATION_202301251600_patch002,ILDW,ILDW,"(6000,9000]",4806,1.1213188961277836,0.6765726826355645,-0.03226709860638305
RAD_OPERA_HOURLY_RAINFALL_ACCUMULATION_202301251600_patch002,ILDW,ILDW,>9000,1093,0.9433847584219965,0.6873468578072855,-0.4494988904158238
RAD_OPERA_HOURLY_RAINFALL_ACCUMULATION_202301252100_patch000,ILDW,ILDW,≤125,5395,0.2383294518337702,-0.010360820857722485,0.9858384257006443
RAD_OPERA_HOURLY_RAINFALL_ACCUMULATION_202301252100_patch000,ILDW,ILDW,"(125,375]",21090,0.236945060692448,-0.012338944490753677,0.9862289021984528
RAD_OPERA_HOURLY_RAINFALL_ACCUMULATION_202301252100_patch000,ILDW,ILDW,"(375,750]",34488,0.28182512742438676,-0.00604834568506017,0.9804491290516205
RAD_OPERA_HOURLY_RAINFALL_ACCUMULATION_202301252100_patch000,ILDW,ILDW,"(750,1500]",67771,0.3414213546662355,0.02396227672214789,0.970228629105512
RAD_OPERA_HOURLY_RAINFALL_ACCUMULATION_202301252100_patch000,ILDW,ILDW,"(1500,3125]",115766,0.4262652298880991,0.10810797453143291,0.9487360299661984
RAD_OPERA_HOURLY_RAINFALL_ACCUMULATION_202301252100_patch000,ILDW,ILDW,"(3125,6000]",63094,0.47617220736151705,0.21148117390719257,0.939019719611849
RAD_OPERA_HOURLY_RAINFALL_ACCUMULATION_202301252100_patch000,ILDW,ILDW,"(6000,9000]",4971,0.45661280807250826,0.37160363642379474,0.9665353943386361
RAD_OPERA_HOURLY_RAINFALL_ACCUMULATION_202301252100_patch000,ILDW,ILDW,>9000,1,0.30465432691584166,0.30465432691584166,
RAD_OPERA_HOURLY_RAINFALL_ACCUMULATION_202301252200_patch000,ILDW,ILDW,≤125,3907,0.3398565553922482,0.024594859647198583,0.9645177410200455
RAD_OPERA_HOURLY_RAINFALL_ACCUMULATION_202301252200_patch000,ILDW,ILDW,"(125,375]",15106,0.2935668802551922,-0.013806901300285564,0.975176787726963
RAD_OPERA_HOURLY_RAINFALL_ACCUMULATION_202301252200_patch000,ILDW,ILDW,"(375,750]",22392,0.337715653440335,-0.03778762587673971,0.9722668372289376
RAD_OPERA_HOURLY_RAINFALL_ACCUMULATION_202301252200_patch000,ILDW,ILDW,"(750,1500]",41007,0.48406564868633434,-0.0807224642723368,0.947866480317068
RAD_OPERA_HOURLY_RAINFALL_ACCUMULATION_202301252200_patch000,ILDW,ILDW,"(1500,3125]",70023,0.6124060698354729,-0.10353646289520749,0.9195918302573188
RAD_OPERA_HOURLY_RAINFALL_ACCUMULATION_202301252200_patch000,ILDW,ILDW,"(3125,6000]",32501,0.6840131215822784,0.03214766110106088,0.9135223574101189
RAD_OPERA_HOURLY_RAINFALL_ACCUMULATION_202301252200_patch000,ILDW,ILDW,"(6000,9000]",1432,0.6637795829737045,0.4827131039007494,0.9465706026125078
RAD_OPERA_HOURLY_RAINFALL_ACCUMULATION_202301260000_patch000,ILDW,ILDW,≤125,3884,7.250472246576889,-0.532621200976141,0.9122136068033386
RAD_OPERA_HOURLY_RAINFALL_ACCUMULATION_202301260000_patch000,ILDW,ILDW,"(125,375]",15623,6.309581386406728,0.10198932191984325,0.8994135667441095
RAD_OPERA_HOURLY_RAINFALL_ACCUMULATION_202301260000_patch000,ILDW,ILDW,"(375,750]",24479,6.875273682466263,0.790471008527593,0.8427887253008195
RAD_OPERA_HOURLY_RAINFALL_ACCUMULATION_202301260000_patch000,ILDW,ILDW,"(750,1500]",46137,7.128385796890277,1.1159854974209131,0.7450129307849621
RAD_OPERA_HOURLY_RAINFALL_ACCUMULATION_202301260000_patch000,ILDW,ILDW,"(1500,3125]",72453,7.4779894565126614,1.708013396143403,0.48632781759563576
RAD_OPERA_HOURLY_RAINFALL_ACCUMULATION_202301260000_patch000,ILDW,ILDW,"(3125,6000]",34265,6.727490769542894,1.9735602721608998,0.46790009157952384
RAD_OPERA_HOURLY_RAINFALL_ACCUMULATION_202301260000_patch000,ILDW,ILDW,"(6000,9000]",2839,3.1118899714635266,2.080886064070621,0.3984830086089679
RAD_OPERA_HOURLY_RAINFALL_ACCUMULATION_202301260200_patch000,ILDW,ILDW,≤125,4421,0.4833672383115777,0.02782682014261912,0.9770659383962234
RAD_OPERA_HOURLY_RAINFALL_ACCUMULATION_202301260200_patch000,ILDW,ILDW,"(125,375]",17544,0.4312570774770699,-0.012912257799078395,0.9816256853079812
RAD_OPERA_HOURLY_RAINFALL_ACCUMULATION_202301260200_patch000,ILDW,ILDW,"(375,750]",27121,0.5046384046976279,-0.02601207232582507,0.9775776622786234
RAD_OPERA_HOURLY_RAINFALL_ACCUMULATION_202301260200_patch000,ILDW,ILDW,"(750,1500]",51199,0.6982927387374858,-0.053839060988062994,0.9631317112857902
RAD_OPERA_HOURLY_RAINFALL_ACCUMULATION_202301260200_patch000,ILDW,ILDW,"(1500,3125]",82409,1.0649388078812239,-0.04891702783662587,0.9258526943157097
RAD_OPERA_HOURLY_RAINFALL_ACCUMULATION_202301260200_patch000,ILDW,ILDW,"(3125,6000]",39095,1.5477395560568543,0.3348073421380761,0.8212962630554114
RAD_OPERA_HOURLY_RAINFALL_ACCUMULATION_202301260200_patch000,ILDW,ILDW,"(6000,9000]",6701,1.7013799305745883,1.4193243735106689,0.600952157479188
RAD_OPERA_HOURLY_RAINFALL_ACCUMULATION_202301260200_patch000,ILDW,ILDW,>9000,1654,1.849778768338554,1.617470003678023,0.7297473732472805
RAD_OPERA_HOURLY_RAINFALL_ACCUMULATION_202301260200_patch001,ILDW,ILDW,≤125,4870,0.3046089776273997,-0.011308246156638554,0.9734420815505973
RAD_OPERA_HOURLY_RAINFALL_ACCUMULATION_202301260200_patch001,ILDW,ILDW,"(125,375]",18492,0.29577111038074866,0.018060127703605232,0.9733339466183494
RAD_OPERA_HOURLY_RAINFALL_ACCUMULATION_202301260200_patch001,ILDW,ILDW,"(375,750]",28487,0.37555159284532696,0.0017348729444750927,0.9566216241135895
RAD_OPERA_HOURLY_RAINFALL_ACCUMULATION_202301260200_patch001,ILDW,ILDW,"(750,1500]",53473,0.5485088608271657,-0.08286896198338296,0.9138093652321361
RAD_OPERA_HOURLY_RAINFALL_ACCUMULATION_202301260200_patch001,ILDW,ILDW,"(1500,3125]",88711,0.6837979044716478,-0.15600225202722054,0.8705488359042065
RAD_OPERA_HOURLY_RAINFALL_ACCUMULATION_202301260200_patch001,ILDW,ILDW,"(3125,6000]",42560,0.7021210092221849,0.00336020070697441,0.8252740885011339
RAD_OPERA_HOURLY_RAINFALL_ACCUMULATION_202301260200_patch001,ILDW,ILDW,"(6000,9000]",975,0.9963693577199,-0.1671609605193392,0.07443699727601255
RAD_OPERA_HOURLY_RAINFALL_ACCUMULATION_202301260600_patch000,ILDW,ILDW,≤125,3390,3.9912990126410737,-0.15802093730638803,0.9344642724571685
RAD_OPERA_HOURLY_RAINFALL_ACCUMULATION_202301260600_patch000,ILDW,ILDW,"(125,375]",13291,4.295232823286722,-0.01341531449671665,0.9124925626198881
RAD_OPERA_HOURLY_RAINFALL_ACCUMULATION_202301260600_patch000,ILDW,ILDW,"(375,750]",19563,5.158362433418097,0.022902071765973503,0.8852517266871786
RAD_OPERA_HOURLY_RAINFALL_ACCUMULATION_202301260600_patch000,ILDW,ILDW,"(750,1500]",36286,4.83221627668778,0.2131131442924234,0.8590298333907321
RAD_OPERA_HOURLY_RAINFALL_ACCUMULATION_202301260600_patch000,ILDW,ILDW,"(1500,3125]",59850,4.790963636977893,1.492749606663718,0.7295788697105541
RAD_OPERA_HOURLY_RAINFALL_ACCUMULATION_202301260600_patch000,ILDW,ILDW,"(3125,6000]",31192,6.441174082431987,3.5782879778379777,0.4528269206414476
RAD_OPERA_HOURLY_RAINFALL_ACCUMULATION_202301260600_patch000,ILDW,ILDW,"(6000,9000]",2828,9.904434940610757,8.030625310765975,0.0015446175648930925
RAD_OPERA_HOURLY_RAINFALL_ACCUMULATION_202301260800_patch001,ILDW,ILDW,≤125,5680,0.3706984548703809,0.030263757361058644,0.9486161148883351
RAD_OPERA_HOURLY_RAINFALL_ACCUMULATION_202301260800_patch001,ILDW,ILDW,"(125,375]",22152,0.3446948056350973,0.009654030923914536,0.9555845987383434
RAD_OPERA_HOURLY_RAINFALL_ACCUMULATION_202301260800_patch001,ILDW,ILDW,"(375,750]",35262,0.4210096715934234,-0.030366715677782933,0.935634369188137
RAD_OPERA_HOURLY_RAINFALL_ACCUMULATION_202301260800_patch001,ILDW,ILDW,"(750,1500]",67772,0.5710248881652494,-0.0794400003478311,0.8702604151057797
RAD_OPERA_HOURLY_RAINFALL_ACCUMULATION_202301260800_patch001,ILDW,ILDW,"(1500,3125]",116937,0.7728623597521251,-0.0626029973076507,0.7555997600239897
RAD_OPERA_HOURLY_RAINFALL_ACCUMULATION_202301260800_patch001,ILDW,ILDW,"(3125,6000]",62770,0.8558299914513148,-0.1376814182582492,0.6882910755901123
RAD_OPERA_HOURLY_RAINFALL_ACCUMULATION_202301260800_patch001,ILDW,ILDW,"(6000,9000]",1235,0.7046379844340489,-0.002397454879122172,0.7713887079945433
RAD_OPERA_HOURLY_RAINFALL_ACCUMULATION_202301260900_patch000,ILDW,ILDW,≤125,3711,0.49673820906626415,-0.021845957616017007,0.9450230995258394
RAD_OPERA_HOURLY_RAINFALL_ACCUMULATION_202301260900_patch000,ILDW,ILDW,"(125,375]",14727,0.4506544702002356,0.012472734349543947,0.9518132413169884
RAD_OPERA_HOURLY_RAINFALL_ACCUMULATION_202301260900_patch000,ILDW,ILDW,"(375,750]",22957,0.49094071026178004,0.0756618560603964,0.9436557910321671
RAD_OPERA_HOURLY_RAINFALL_ACCUMULATION_202301260900_patch000,ILDW,ILDW,"(750,1500]",43184,0.5972270377913897,0.1125394221539467,0.922068007137477
RAD_OPERA_HOURLY_RAINFALL_ACCUMULATION_202301260900_patch000,ILDW,ILDW,"(1500,3125]",67966,0.8202232700138421,0.25246158025110743,0.8504619330873342
RAD_OPERA_HOURLY_RAINFALL_ACCUMULATION_202301260900_patch000,ILDW,ILDW,"(3125,6000]",32037,1.267959896607767,0.6434130965114702,0.5461306776240503
RAD_OPERA_HOURLY_RAINFALL_ACCUMULATION_202301260900_patch000,ILDW,ILDW,"(6000,9000]",1018,1.6524369164238315,1.3075810461896313,0.45404952303504215
RAD_OPERA_HOURLY_RAINFALL_ACCUMULATION_202301260900_patch001,ILDW,ILDW,≤125,5159,0.3253756206550042,-0.004590670528864488,0.9585734442963476
RAD_OPERA_HOURLY_RAINFALL_ACCUMULATION_202301260900_patch001,ILDW,ILDW,"(125,375]",19586,0.29482650455084236,-0.008928960131223861,0.9690968076544597
RAD_OPERA_HOURLY_RAINFALL_ACCUMULATION_202301260900_patch001,ILDW,ILDW,"(375,750]",29988,0.3498786460478655,-0.014977173677362935,0.9622314842305747
RAD_OPERA_HOURLY_RAINFALL_ACCUMULATION_202301260900_patch001,ILDW,ILDW,"(750,1500]",56176,0.4915075943074119,-0.04617473596401459,0.9338198395965485
RAD_OPERA_HOURLY_RAINFALL_ACCUMULATION_202301260900_patch001,ILDW,ILDW,"(1500,3125]",95580,0.7136346731648726,-0.1117078485946279,0.8782955628734199
RAD_OPERA_HOURLY_RAINFALL_ACCUMULATION_202301260900_patch001,ILDW,ILDW,"(3125,6000]",56911,0.9430064576858398,-0.04107551013697326,0.8363350917802389
RAD_OPERA_HOURLY_RAINFALL_ACCUMULATION_202301260900_patch001,ILDW,ILDW,"(6000,9000]",8318,0.8981358737338295,0.4121488001318984,0.7900125237229976
RAD_OPERA_HOURLY_RAINFALL_ACCUMULATION_202301260900_patch001,ILDW,ILDW,>9000,666,0.6263806952147106,0.5399957832995411,0.9598261873454462
RAD_OPERA_HOURLY_RAINFALL_ACCUMULATION_202301270400_patch000,ILDW,ILDW,≤125,4024,0.5380392201401047,-0.03154088705605524,0.9631228494793975
RAD_OPERA_HOURLY_RAINFALL_ACCUMULATION_202301270400_patch000,ILDW,ILDW,"(125,375]",16310,0.5209762990477843,0.012048802562235244,0.9609795044386111
RAD_OPERA_HOURLY_RAINFALL_ACCUMULATION_202301270400_patch000,ILDW,ILDW,"(375,750]",26560,0.591479184137117,0.04216262652120442,0.9516627160803319
RAD_OPERA_HOURLY_RAINFALL_ACCUMULATION_202301270400_patch000,ILDW,ILDW,"(750,1500]",51739,0.7818463246656429,0.020671499150106853,0.9159650206856796
RAD_OPERA_HOURLY_RAINFALL_ACCUMULATION_202301270400_patch000,ILDW,ILDW,"(1500,3125]",79134,1.1384517335690632,0.031915001940404156,0.8270583355820618
RAD_OPERA_HOURLY_RAINFALL_ACCUMULATION_202301270400_patch000,ILDW,ILDW,"(3125,6000]",39529,1.6249177531597736,-0.1254303891865107,0.7810404077120341
RAD_OPERA_HOURLY_RAINFALL_ACCUMULATION_202301270400_patch000,ILDW,ILDW,"(6000,9000]",4447,1.3946352452851496,-0.7124979540819979,0.4479123934144043
RAD_OPERA_HOURLY_RAINFALL_ACCUMULATION_202301270400_patch000,ILDW,ILDW,>9000,2257,0.9705294971493779,-0.6214447322830016,-0.64732171291332
RAD_OPERA_HOURLY_RAINFALL_ACCUMULATION_202301270700_patch000,ILDW,ILDW,≤125,6209,1.048600196679834,-0.002930363376473879,0.9600241472274992
RAD_OPERA_HOURLY_RAINFALL_ACCUMULATION_202301270700_patch000,ILDW,ILDW,"(125,375]",24640,1.0869597428620938,-0.008257840723502545,0.9524290359789062
RAD_OPERA_HOURLY_RAINFALL_ACCUMULATION_202301270700_patch000,ILDW,ILDW,"(375,750]",40310,1.1987349268867389,0.023587875363579106,0.9477837970160164
RAD_OPERA_HOURLY_RAINFALL_ACCUMULATION_202301270700_patch000,ILDW,ILDW,"(750,1500]",79643,1.580978557449245,-0.0011655369586464359,0.9257236439935781
RAD_OPERA_HOURLY_RAINFALL_ACCUMULATION_202301270700_patch000,ILDW,ILDW,"(1500,3125]",137983,2.3417355890755367,-0.10265690167097202,0.8797246512048152
RAD_OPERA_HOURLY_RAINFALL_ACCUMULATION_202301270700_patch000,ILDW,ILDW,"(3125,6000]",83142,2.818708399810728,-0.2641783020896411,0.8647135572723408
RAD_OPERA_HOURLY_RAINFALL_ACCUMULATION_202301270700_patch000,ILDW,ILDW,"(6000,9000]",10359,0.9869316173082983,0.1777856623813278,0.8143669281126087
RAD_OPERA_HOURLY_RAINFALL_ACCUMULATION_202301270700_patch000,ILDW,ILDW,>9000,2994,1.07167020047135,-0.4075643975888218,0.8361587806134785
RAD_OPERA_HOURLY_RAINFALL_ACCUMULATION_202301270800_patch000,ILDW,ILDW,≤125,3487,0.20229975488051466,-0.005182566651688066,0.928892028903508
RAD_OPERA_HOURLY_RAINFALL_ACCUMULATION_202301270800_patch000,ILDW,ILDW,"(125,375]",13581,0.1619712407318416,-0.01292444764162445,0.955766405414347
RAD_OPERA_HOURLY_RAINFALL_ACCUMULATION_202301270800_patch000,ILDW,ILDW,"(375,750]",20224,0.1805139660328132,-0.010115959534547633,0.9444548176464772
RAD_OPERA_HOURLY_RAINFALL_ACCUMULATION_202301270800_patch000,ILDW,ILDW,"(750,1500]",37125,0.20923004170906614,-0.002491238205686673,0.9221742091684069
RAD_OPERA_HOURLY_RAINFALL_ACCUMULATION_202301270800_patch000,ILDW,ILDW,"(1500,3125]",60628,0.27734315909975743,0.05376566621301844,0.8486067135791894
RAD_OPERA_HOURLY_RAINFALL_ACCUMULATION_202301270800_patch000,ILDW,ILDW,"(3125,6000]",30024,0.447285498330743,0.1406916383917448,0.8027670061485461
RAD_OPERA_HOURLY_RAINFALL_ACCUMULATION_202301270800_patch000,ILDW,ILDW,"(6000,9000]",1331,0.8378419461865511,0.5866383338196663,0.7649597497046896
RAD_OPERA_HOURLY_RAINFALL_ACCUMULATION_202301270900_patch000,ILDW,ILDW,≤125,5395,0.6892303313149438,-0.004296003721733056,0.9584478364390311
RAD_OPERA_HOURLY_RAINFALL_ACCUMULATION_202301270900_patch000,ILDW,ILDW,"(125,375]",21090,0.6820555156677941,-0.0006085151349287155,0.9564716227635954
RAD_OPERA_HOURLY_RAINFALL_ACCUMULATION_202301270900_patch000,ILDW,ILDW,"(375,750]",34488,0.8231594724510599,-0.040032717680075595,0.9309059336823461
RAD_OPERA_HOURLY_RAINFALL_ACCUMULATION_202301270900_patch000,ILDW,ILDW,"(750,1500]",67771,1.0483962838548506,-0.07802083073880643,0.8631393124671546
RAD_OPERA_HOURLY_RAINFALL_ACCUMULATION_202301270900_patch000,ILDW,ILDW,"(1500,3125]",115766,1.2119473638555456,0.007884064918061418,0.7802380288782145
RAD_OPERA_HOURLY_RAINFALL_ACCUMULATION_202301270900_patch000,ILDW,ILDW,"(3125,6000]",63094,1.2638707710451837,0.34679121015732056,0.7535473556854853
RAD_OPERA_HOURLY_RAINFALL_ACCUMULATION_202301270900_patch000,ILDW,ILDW,"(6000,9000]",4971,1.2555009131395847,0.9717756342606293,0.7087817219341478
RAD_OPERA_HOURLY_RAINFALL_ACCUMULATION_202301270900_patch000,ILDW,ILDW,>9000,1,0.9352898088993924,0.9352898088993924,
RAD_OPERA_HOURLY_RAINFALL_ACCUMULATION_202301271000_patch001,ILDW,ILDW,≤125,5081,1.186604226471177,0.025349541190289863,0.9267305067974898
RAD_OPERA_HOURLY_RAINFALL_ACCUMULATION_202301271000_patch001,ILDW,ILDW,"(125,375]",19591,1.17837670756554,-0.00235322810173844,0.9532041089047271
RAD_OPERA_HOURLY_RAINFALL_ACCUMULATION_202301271000_patch001,ILDW,ILDW,"(375,750]",30953,1.40449005000348,-0.018799110940242628,0.9557864029674843
RAD_OPERA_HOURLY_RAINFALL_ACCUMULATION_202301271000_patch001,ILDW,ILDW,"(750,1500]",57909,2.2318543136229323,-0.2004371039386764,0.906059113250712
RAD_OPERA_HOURLY_RAINFALL_ACCUMULATION_202301271000_patch001,ILDW,ILDW,"(1500,3125]",94396,2.9926183326597946,-0.33559318923888537,0.8015349301456483
RAD_OPERA_HOURLY_RAINFALL_ACCUMULATION_202301271000_patch001,ILDW,ILDW,"(3125,6000]",50338,3.191442895819244,-0.16040890495068857,0.8454896333255932
RAD_OPERA_HOURLY_RAINFALL_ACCUMULATION_202301271000_patch001,ILDW,ILDW,"(6000,9000]",3450,3.6948274832335795,0.6050006199379472,0.9191689361496325
RAD_OPERA_HOURLY_RAINFALL_ACCUMULATION_202301271000_patch001,ILDW,ILDW,>9000,170,3.32088620984739,3.3197334425271317,0.26552864544619736
RAD_OPERA_HOURLY_RAINFALL_ACCUMULATION_202301271800_patch000,ILDW,ILDW,≤125,5395,0.15376792483778234,-0.0006673807170417084,0.9693172591064724
RAD_OPERA_HOURLY_RAINFALL_ACCUMULATION_202301271800_patch000,ILDW,ILDW,"(125,375]",21090,0.14442193550653806,0.004424212380016544,0.9761586337369179
RAD_OPERA_HOURLY_RAINFALL_ACCUMULATION_202301271800_patch000,ILDW,ILDW,"(375,750]",34488,0.1560584008453765,-0.0019214905537754056,0.9764577991662813
RAD_OPERA_HOURLY_RAINFALL_ACCUMULATION_202301271800_patch000,ILDW,ILDW,"(750,1500]",67771,0.19222043217453288,-0.0032349960102971715,0.966656598267954
RAD_OPERA_HOURLY_RAINFALL_ACCUMULATION_202301271800_patch000,ILDW,ILDW,"(1500,3125]",115766,0.25557437361826446,0.004119019655712929,0.9397840953837466
RAD_OPERA_HOURLY_RAINFALL_ACCUMULATION_202301271800_patch000,ILDW,ILDW,"(3125,6000]",63094,0.36976267950500213,-0.005649857111320224,0.9160300895836758
RAD_OPERA_HOURLY_RAINFALL_ACCUMULATION_202301271800_patch000,ILDW,ILDW,"(6000,9000]",4971,0.5006277711248994,0.3438494626106473,0.9202905311442601
RAD_OPERA_HOURLY_RAINFALL_ACCUMULATION_202301271800_patch000,ILDW,ILDW,>9000,1,0.39964010658731897,0.39964010658731897,
RAD_OPERA_HOURLY_RAINFALL_ACCUMULATION_202301272100_patch001,ILDW,ILDW,≤125,4361,1.5969227798717913,0.055954682858754434,0.9399245315964683
RAD_OPERA_HOURLY_RAINFALL_ACCUMULATION_202301272100_patch001,ILDW,ILDW,"(125,375]",17119,1.292270570202796,-0.04429887698111592,0.9634881490414096
RAD_OPERA_HOURLY_RAINFALL_ACCUMULATION_202301272100_patch001,ILDW,ILDW,"(375,750]",25927,1.605325210203292,-0.196530719306842,0.960584680823602
RAD_OPERA_HOURLY_RAINFALL_ACCUMULATION_202301272100_patch001,ILDW,ILDW,"(750,1500]",47998,2.223575279249327,-0.4310118830436726,0.9347727426012582
RAD_OPERA_HOURLY_RAINFALL_ACCUMULATION_202301272100_patch001,ILDW,ILDW,"(1500,3125]",78136,2.9712520886006017,-0.4054416552043933,0.8476313997146828
RAD_OPERA_HOURLY_RAINFALL_ACCUMULATION_202301272100_patch001,ILDW,ILDW,"(3125,6000]",40134,3.436616912693756,0.7591338080032929,0.6856192103719692
RAD_OPERA_HOURLY_RAINFALL_ACCUMULATION_202301272100_patch001,ILDW,ILDW,"(6000,9000]",6879,3.90108723416412,3.0504052805765967,0.523939393897181
RAD_OPERA_HOURLY_RAINFALL_ACCUMULATION_202301272100_patch001,ILDW,ILDW,>9000,1654,3.8419060026050738,3.13501579210808,0.8843556389131949
RAD_OPERA_HOURLY_RAINFALL_ACCUMULATION_202301272300_patch000,ILDW,ILDW,≤125,4739,0.31730329373562266,0.019530147677409394,0.9726339138356461
RAD_OPERA_HOURLY_RAINFALL_ACCUMULATION_202301272300_patch000,ILDW,ILDW,"(125,375]",17811,0.2907197304524777,-0.013907159798857954,0.978454253063689
RAD_OPERA_HOURLY_RAINFALL_ACCUMULATION_202301272300_patch000,ILDW,ILDW,"(375,750]",26584,0.3560146048011892,-0.02285876940157601,0.9737035262424384
RAD_OPERA_HOURLY_RAINFALL_ACCUMULATION_202301272300_patch000,ILDW,ILDW,"(750,1500]",49607,0.4921352869902937,-0.05468145527709648,0.958260559607415
RAD_OPERA_HOURLY_RAINFALL_ACCUMULATION_202301272300_patch000,ILDW,ILDW,"(1500,3125]",83724,0.6877852729426206,-0.11238415846143508,0.9178463032617685
RAD_OPERA_HOURLY_RAINFALL_ACCUMULATION_202301272300_patch000,ILDW,ILDW,"(3125,6000]",46547,0.9943170908492159,-0.15531031619649116,0.7864338290893695
RAD_OPERA_HOURLY_RAINFALL_ACCUMULATION_202301272300_patch000,ILDW,ILDW,"(6000,9000]",5949,1.1060445956401175,0.4523831640039506,0.2718054235188126
RAD_OPERA_HOURLY_RAINFALL_ACCUMULATION_202301272300_patch000,ILDW,ILDW,>9000,1839,1.204432181433752,1.1535008172941843,0.6813874735741495
RAD_OPERA_HOURLY_RAINFALL_ACCUMULATION_202301272300_patch002,ILDW,ILDW,≤125,5768,1.083698296012457,-0.034209353983276646,0.961109304987457
RAD_OPERA_HOURLY_RAINFALL_ACCUMULATION_202301272300_patch002,ILDW,ILDW,"(125,375]",22309,1.0317282084940673,-0.012255168072667634,0.9630073245017751
RAD_OPERA_HOURLY_RAINFALL_ACCUMULATION_202301272300_patch002,ILDW,ILDW,"(375,750]",36274,1.1909361717495244,0.036450675098093556,0.9458342747098947
RAD_OPERA_HOURLY_RAINFALL_ACCUMULATION_202301272300_patch002,ILDW,ILDW,"(750,1500]",71451,1.5509311632133167,0.01575287786613643,0.9081935880902782
RAD_OPERA_HOURLY_RAINFALL_ACCUMULATION_202301272300_patch002,ILDW,ILDW,"(1500,3125]",122451,1.9423391942165549,0.04866119279619585,0.8665799705776012
RAD_OPERA_HOURLY_RAINFALL_ACCUMULATION_202301272300_patch002,ILDW,ILDW,"(3125,6000]",62604,2.1842219584840494,0.23065790068365277,0.8504596459774096
RAD_OPERA_HOURLY_RAINFALL_ACCUMULATION_202301272300_patch002,ILDW,ILDW,"(6000,9000]",1703,2.1107860355811523,0.5763671668430712,0.9313264978950465
RAD_OPERA_HOURLY_RAINFALL_ACCUMULATION_202301280000_patch001,ILDW,ILDW,≤125,4067,0.45134433268244795,-0.014901978271338165,0.9667077606503484
RAD_OPERA_HOURLY_RAINFALL_ACCUMULATION_202301280000_patch001,ILDW,ILDW,"(125,375]",16278,0.4203478525271107,0.011597618289681986,0.9714527182231084
RAD_OPERA_HOURLY_RAINFALL_ACCUMULATION_202301280000_patch001,ILDW,ILDW,"(375,750]",25812,0.47454515707542244,0.027390972342027007,0.9666455321895143
RAD_OPERA_HOURLY_RAINFALL_ACCUMULATION_202301280000_patch001,ILDW,ILDW,"(750,1500]",48116,0.6842352229083689,0.0028300954958717438,0.9412027335826008
RAD_OPERA_HOURLY_RAINFALL_ACCUMULATION_202301280000_patch001,ILDW,ILDW,"(1500,3125]",75981,0.9528200634479254,0.06989081687833949,0.9069624259908444
RAD_OPERA_HOURLY_RAINFALL_ACCUMULATION_202301280000_patch001,ILDW,ILDW,"(3125,6000]",35618,1.0176971341564425,0.2141747616373028,0.908594796885811
RAD_OPERA_HOURLY_RAINFALL_ACCUMULATION_202301280000_patch001,ILDW,ILDW,"(6000,9000]",1488,1.2147089287106336,0.6236005525417494,0.8427309894658326
RAD_OPERA_HOURLY_RAINFALL_ACCUMULATION_202301280700_patch000,ILDW,ILDW,≤125,4736,1.885398529007661,-0.012617682038089068,0.9466330290401577
RAD_OPERA_HOURLY_RAINFALL_ACCUMULATION_202301280700_patch000,ILDW,ILDW,"(125,375]",19319,1.5693864536185447,0.058063246883406174,0.954431729821268
RAD_OPERA_HOURLY_RAINFALL_ACCUMULATION_202301280700_patch000,ILDW,ILDW,"(375,750]",32179,1.6332825587947923,-0.01393569965783023,0.9529482538089465
RAD_OPERA_HOURLY_RAINFALL_ACCUMULATION_202301280700_patch000,ILDW,ILDW,"(750,1500]",64809,2.0459638324475478,-0.11721253540373745,0.933088082265624
RAD_OPERA_HOURLY_RAINFALL_ACCUMULATION_202301280700_patch000,ILDW,ILDW,"(1500,3125]",111200,2.746448891642701,0.030614871185202803,0.8822155542076873
RAD_OPERA_HOURLY_RAINFALL_ACCUMULATION_202301280700_patch000,ILDW,ILDW,"(3125,6000]",52343,3.6677754770537723,0.9726595888542297,0.6719658023868145
RAD_OPERA_HOURLY_RAINFALL_ACCUMULATION_202301280700_patch000,ILDW,ILDW,"(6000,9000]",2134,4.914123009043516,2.9564062665386306,0.3083848003843846
RAD_OPERA_HOURLY_RAINFALL_ACCUMULATION_202301280800_patch000,ILDW,ILDW,≤125,3789,1.9212228050625362,-0.13563946058933735,0.9700931554853651
RAD_OPERA_HOURLY_RAINFALL_ACCUMULATION_202301280800_patch000,ILDW,ILDW,"(125,375]",15303,1.5544774853395011,-0.00038456571299327625,0.975854822902794
RAD_OPERA_HOURLY_RAINFALL_ACCUMULATION_202301280800_patch000,ILDW,ILDW,"(375,750]",24416,1.6482154150875823,0.11674008490009431,0.9644340517467611
RAD_OPERA_HOURLY_RAINFALL_ACCUMULATION_202301280800_patch000,ILDW,ILDW,"(750,1500]",45694,2.0179019762553794,0.33838077745673284,0.9338952806525697
RAD_OPERA_HOURLY_RAINFALL_ACCUMULATION_202301280800_patch000,ILDW,ILDW,"(1500,3125]",70847,2.7513038863053816,0.9663662994240009,0.8518900875888832
RAD_OPERA_HOURLY_RAINFALL_ACCUMULATION_202301280800_patch000,ILDW,ILDW,"(3125,6000]",36972,3.3340874262132574,1.7023960043244069,0.7288939305339124
RAD_OPERA_HOURLY_RAINFALL_ACCUMULATION_202301280800_patch000,ILDW,ILDW,"(6000,9000]",1379,2.548991202979912,1.6531656042315301,0.4808850548186525
RAD_OPERA_HOURLY_RAINFALL_ACCUMULATION_202301280900_patch000,ILDW,ILDW,≤125,4739,0.5868150032918164,0.018365807427191707,0.9600110066417116
RAD_OPERA_HOURLY_RAINFALL_ACCUMULATION_202301280900_patch000,ILDW,ILDW,"(125,375]",17811,0.5526554946619695,-0.013221078259618548,0.9680580982655006
RAD_OPERA_HOURLY_RAINFALL_ACCUMULATION_202301280900_patch000,ILDW,ILDW,"(375,750]",26584,0.61762041553803,-0.019541530998218145,0.9639722414142092
RAD_OPERA_HOURLY_RAINFALL_ACCUMULATION_202301280900_patch000,ILDW,ILDW,"(750,1500]",49607,0.7849032946760943,-0.02510138865863308,0.942144947560499
RAD_OPERA_HOURLY_RAINFALL_ACCUMULATION_202301280900_patch000,ILDW,ILDW,"(1500,3125]",83724,0.9121654667225233,0.040023061454971684,0.9164583633526064
RAD_OPERA_HOURLY_RAINFALL_ACCUMULATION_202301280900_patch000,ILDW,ILDW,"(3125,6000]",46547,1.2418078450064585,0.11331421384495087,0.8498819213536813
RAD_OPERA_HOURLY_RAINFALL_ACCUMULATION_202301280900_patch000,ILDW,ILDW,"(6000,9000]",5949,1.325279672440607,0.6095950761877418,0.7672678488745891
RAD_OPERA_HOURLY_RAINFALL_ACCUMULATION_202301280900_patch000,ILDW,ILDW,>9000,1839,1.272731916145719,1.0555029034364432,0.13644183118407543
RAD_OPERA_HOURLY_RAINFALL_ACCUMULATION_202301281000_patch001,ILDW,ILDW,≤125,4538,1.1694166565840933,0.07427025730135799,0.9208767329310783
RAD_OPERA_HOURLY_RAINFALL_ACCUMULATION_202301281000_patch001,ILDW,ILDW,"(125,375]",16885,1.0632850609657396,-0.016766121817130993,0.9510030564451023
RAD_OPERA_HOURLY_RAINFALL_ACCUMULATION_202301281000_patch001,ILDW,ILDW,"(375,750]",25044,1.134850417300501,-0.09586241649130785,0.9625457579103648
RAD_OPERA_HOURLY_RAINFALL_ACCUMULATION_202301281000_patch001,ILDW,ILDW,"(750,1500]",46152,1.6880914074620632,-0.3306168215942436,0.9538687337985069
RAD_OPERA_HOURLY_RAINFALL_ACCUMULATION_202301281000_patch001,ILDW,ILDW,"(1500,3125]",77771,2.9660264938594727,-0.9029360679916638,0.9233720683542486
RAD_OPERA_HOURLY_RAINFALL_ACCUMULATION_202301281000_patch001,ILDW,ILDW,"(3125,6000]",38060,4.860155612941413,-2.0879774262844055,0.8927754977534567
RAD_OPERA_HOURLY_RAINFALL_ACCUMULATION_202301281000_patch001,ILDW,ILDW,"(6000,9000]",2697,4.250438186250329,-0.41286429980171085,0.9675462406559852
RAD_OPERA_HOURLY_RAINFALL_ACCUMULATION_202301281000_patch001,ILDW,ILDW,>9000,53,1.3348246241696542,1.3313169699269634,
RAD_OPERA_HOURLY_RAINFALL_ACCUMULATION_202301281900_patch000,ILDW,ILDW,≤125,4624,0.38730380699829353,0.03254205428935118,0.9620987155135192
RAD_OPERA_HOURLY_RAINFALL_ACCUMULATION_202301281900_patch000,ILDW,ILDW,"(125,375]",18731,0.3738153313451823,-0.009410061188490549,0.9682771953770765
RAD_OPERA_HOURLY_RAINFALL_ACCUMULATION_202301281900_patch000,ILDW,ILDW,"(375,750]",30721,0.4223638141598056,-0.02960383393191128,0.9655096097818167
RAD_OPERA_HOURLY_RAINFALL_ACCUMULATION_202301281900_patch000,ILDW,ILDW,"(750,1500]",60480,0.5403359678779491,-0.04955175087343486,0.9535186728293228
RAD_OPERA_HOURLY_RAINFALL_ACCUMULATION_202301281900_patch000,ILDW,ILDW,"(1500,3125]",102275,0.7085535219865838,0.014487056601177826,0.9094327503601655
RAD_OPERA_HOURLY_RAINFALL_ACCUMULATION_202301281900_patch000,ILDW,ILDW,"(3125,6000]",53363,0.7156376150816531,0.18230760663178552,0.8745582805056712
RAD_OPERA_HOURLY_RAINFALL_ACCUMULATION_202301281900_patch000,ILDW,ILDW,"(6000,9000]",4494,0.6344094115748652,0.39738835833325636,0.8402142731296841
RAD_OPERA_HOURLY_RAINFALL_ACCUMULATION_202301282100_patch000,ILDW,ILDW,≤125,4949,0.4331054100580233,0.0019578209997817377,0.9269283642172231
RAD_OPERA_HOURLY_RAINFALL_ACCUMULATION_202301282100_patch000,ILDW,ILDW,"(125,375]",18581,0.4225035036997816,0.0071050184251305265,0.9330267160766131
RAD_OPERA_HOURLY_RAINFALL_ACCUMULATION_202301282100_patch000,ILDW,ILDW,"(375,750]",27724,0.4559844598465292,0.028243170917533582,0.9189862443850152
RAD_OPERA_HOURLY_RAINFALL_ACCUMULATION_202301282100_patch000,ILDW,ILDW,"(750,1500]",51472,0.534833769797395,0.03951879453411754,0.8849050932928942
RAD_OPERA_HOURLY_RAINFALL_ACCUMULATION_202301282100_patch000,ILDW,ILDW,"(1500,3125]",89017,0.6774597217181286,0.0650027322138721,0.8118000126846604
RAD_OPERA_HOURLY_RAINFALL_ACCUMULATION_202301282100_patch000,ILDW,ILDW,"(3125,6000]",45865,0.7465064447140939,0.246324991288995,0.7440949025716607
RAD_OPERA_HOURLY_RAINFALL_ACCUMULATION_202301282100_patch000,ILDW,ILDW,"(6000,9000]",2008,0.9110467173806825,0.8053317638806324,0.626657394803664
RAD_OPERA_HOURLY_RAINFALL_ACCUMULATION_202301282200_patch000,ILDW,ILDW,≤125,5612,2.194591270432252,0.034522312678282804,0.9287932696336886
RAD_OPERA_HOURLY_RAINFALL_ACCUMULATION_202301282200_patch000,ILDW,ILDW,"(125,375]",22110,2.2479245636302907,0.05869343822809434,0.9295218731235096
RAD_OPERA_HOURLY_RAINFALL_ACCUMULATION_202301282200_patch000,ILDW,ILDW,"(375,750]",35046,2.6422965207508287,0.08570987342033737,0.916465003448749
RAD_OPERA_HOURLY_RAINFALL_ACCUMULATION_202301282200_patch000,ILDW,ILDW,"(750,1500]",65839,3.3306350911774594,0.21631178510873608,0.900593955074084
RAD_OPERA_HOURLY_RAINFALL_ACCUMULATION_202301282200_patch000,ILDW,ILDW,"(1500,3125]",112059,5.3779468410032525,-0.053057415878738225,0.8632860948954515
RAD_OPERA_HOURLY_RAINFALL_ACCUMULATION_202301282200_patch000,ILDW,ILDW,"(3125,6000]",70144,6.165566056346346,-1.056029157428143,0.7988870306131265
RAD_OPERA_HOURLY_RAINFALL_ACCUMULATION_202301282200_patch000,ILDW,ILDW,"(6000,9000]",6630,6.024593794372554,1.9319890227707182,0.6088859041428636
RAD_OPERA_HOURLY_RAINFALL_ACCUMULATION_202301282200_patch001,ILDW,ILDW,≤125,6976,1.312689030858592,-0.06216719119622489,0.9815888387349505
RAD_OPERA_HOURLY_RAINFALL_ACCUMULATION_202301282200_patch001,ILDW,ILDW,"(125,375]",27728,1.2767416123342723,0.02799419302255516,0.9801246265288359
RAD_OPERA_HOURLY_RAINFALL_ACCUMULATION_202301282200_patch001,ILDW,ILDW,"(375,750]",46891,1.3449005074687779,0.04343734006038423,0.9772382536244887
RAD_OPERA_HOURLY_RAINFALL_ACCUMULATION_202301282200_patch001,ILDW,ILDW,"(750,1500]",95950,1.5290044637836557,0.012481125662066278,0.9701957392454837
RAD_OPERA_HOURLY_RAINFALL_ACCUMULATION_202301282200_patch001,ILDW,ILDW,"(1500,3125]",174165,1.8416370776942634,0.13149976969321323,0.9524410747783707
RAD_OPERA_HOURLY_RAINFALL_ACCUMULATION_202301282200_patch001,ILDW,ILDW,"(3125,6000]",94327,1.988230591000301,0.22771776204900532,0.9408935588655702
RAD_OPERA_HOURLY_RAINFALL_ACCUMULATION_202301282200_patch001,ILDW,ILDW,"(6000,9000]",4507,1.617593335535068,1.1004326039700643,0.7794781573528293
RAD_OPERA_HOURLY_RAINFALL_ACCUMULATION_202301282200_patch001,ILDW,ILDW,>9000,16,2.532165165362042,2.525051293087497,0.7718110785959512
RAD_OPERA_HOURLY_RAINFALL_ACCUMULATION_202301290800_patch000,ILDW,ILDW,≤125,5262,0.30403306877503194,-0.0015027521765515713,0.889271964073303
RAD_OPERA_HOURLY_RAINFALL_ACCUMULATION_202301290800_patch000,ILDW,ILDW,"(125,375]",20568,0.28118623693557676,-0.016164235611468524,0.9127965536353307
RAD_OPERA_HOURLY_RAINFALL_ACCUMULATION_202301290800_patch000,ILDW,ILDW,"(375,750]",33486,0.30029529136820254,0.0037839763780249678,0.9107268259491709
RAD_OPERA_HOURLY_RAINFALL_ACCUMULATION_202301290800_patch000,ILDW,ILDW,"(750,1500]",65862,0.35837618252472553,0.0568511292509747,0.8724613135969558
RAD_OPERA_HOURLY_RAINFALL_ACCUMULATION_202301290800_patch000,ILDW,ILDW,"(1500,3125]",113228,0.48919900023059304,0.16093839763238005,0.7850706843702343
RAD_OPERA_HOURLY_RAINFALL_ACCUMULATION_202301290800_patch000,ILDW,ILDW,"(3125,6000]",62239,0.8123123625969441,0.3895609635818733,0.5540068653942516
RAD_OPERA_HOURLY_RAINFALL_ACCUMULATION_202301290800_patch000,ILDW,ILDW,"(6000,9000]",2459,1.207072763464317,0.8663958864168632,0.36733726893152513
RAD_OPERA_HOURLY_RAINFALL_ACCUMULATION_202301291100_patch000,ILDW,ILDW,≤125,3487,0.574901967396481,0.03025983021541341,0.9102556675574263
RAD_OPERA_HOURLY_RAINFALL_ACCUMULATION_202301291100_patch000,ILDW,ILDW,"(125,375]",13581,0.5245939514982463,-0.010671049293992558,0.9359013349918167
RAD_OPERA_HOURLY_RAINFALL_ACCUMULATION_202301291100_patch000,ILDW,ILDW,"(375,750]",20224,0.6217933622542063,-0.05435287869251352,0.9453727355458705
RAD_OPERA_HOURLY_RAINFALL_ACCUMULATION_202301291100_patch000,ILDW,ILDW,"(750,1500]",37125,0.9140809156038396,-0.19849449479542092,0.9330452602440601
RAD_OPERA_HOURLY_RAINFALL_ACCUMULATION_202301291100_patch000,ILDW,ILDW,"(1500,3125]",60628,1.3749004509948688,-0.46332789781070677,0.9048969891699621
RAD_OPERA_HOURLY_RAINFALL_ACCUMULATION_202301291100_patch000,ILDW,ILDW,"(3125,6000]",30024,1.281346384122357,-0.273781803501888,0.8600110996907782
RAD_OPERA_HOURLY_RAINFALL_ACCUMULATION_202301291100_patch000,ILDW,ILDW,"(6000,9000]",1331,0.6237400015917667,0.29735404459038794,0.7647357726704719
RAD_OPERA_HOURLY_RAINFALL_ACCUMULATION_202301291700_patch000,ILDW,ILDW,≤125,4436,0.14941728379879154,-0.004861522567670118,0.9930254372863275
RAD_OPERA_HOURLY_RAINFALL_ACCUMULATION_202301291700_patch000,ILDW,ILDW,"(125,375]",18292,0.1499180259944748,0.00272143525764209,0.9926658341116321
RAD_OPERA_HOURLY_RAINFALL_ACCUMULATION_202301291700_patch000,ILDW,ILDW,"(375,750]",30466,0.17752455708073375,0.00897545299001561,0.9882569040153054
RAD_OPERA_HOURLY_RAINFALL_ACCUMULATION_202301291700_patch000,ILDW,ILDW,"(750,1500]",61389,0.24114319170787551,0.026661384253700314,0.9739113303058594
RAD_OPERA_HOURLY_RAINFALL_ACCUMULATION_202301291700_patch000,ILDW,ILDW,"(1500,3125]",101766,0.34891825728066234,0.06250130423626248,0.9267537456053531
RAD_OPERA_HOURLY_RAINFALL_ACCUMULATION_202301291700_patch000,ILDW,ILDW,"(3125,6000]",46480,0.3820240583328776,0.08670923557374043,0.8586118848779357
RAD_OPERA_HOURLY_RAINFALL_ACCUMULATION_202301291700_patch000,ILDW,ILDW,"(6000,9000]",3411,0.4475625617751013,0.199600401898546,0.7937078753138507
RAD_OPERA_HOURLY_RAINFALL_ACCUMULATION_202301291900_patch000,ILDW,ILDW,≤125,7080,0.4073765955232387,-0.01348091086385938,0.9831773206431154
RAD_OPERA_HOURLY_RAINFALL_ACCUMULATION_202301291900_patch000,ILDW,ILDW,"(125,375]",28363,0.39295503573650736,0.01533128586029641,0.9825412050401062
RAD_OPERA_HOURLY_RAINFALL_ACCUMULATION_202301291900_patch000,ILDW,ILDW,"(375,750]",48321,0.4440802327659069,0.03569851260481433,0.9753151405541478
RAD_OPERA_HOURLY_RAINFALL_ACCUMULATION_202301291900_patch000,ILDW,ILDW,"(750,1500]",100191,0.5437080610130474,0.04533617308803756,0.959824304642601
RAD_OPERA_HOURLY_RAINFALL_ACCUMULATION_202301291900_patch000,ILDW,ILDW,"(1500,3125]",191182,0.721115976526724,0.014963374798290694,0.9328420947989404
RAD_OPERA_HOURLY_RAINFALL_ACCUMULATION_202301291900_patch000,ILDW,ILDW,"(3125,6000]",110001,0.8412545090570502,-0.04811182939787944,0.9302274905064575
RAD_OPERA_HOURLY_RAINFALL_ACCUMULATION_202301291900_patch000,ILDW,ILDW,"(6000,9000]",9824,1.0301139317766175,0.6636154993552564,0.7540556859604318
RAD_OPERA_HOURLY_RAINFALL_ACCUMULATION_202301291900_patch000,ILDW,ILDW,>9000,654,1.214117649667022,1.127994455764838,0.9231893406377256
RAD_OPERA_HOURLY_RAINFALL_ACCUMULATION_202301292200_patch002,ILDW,ILDW,≤125,3390,0.20893008399685967,0.011979959290572387,0.9589498371766507
RAD_OPERA_HOURLY_RAINFALL_ACCUMULATION_202301292200_patch002,ILDW,ILDW,"(125,375]",13291,0.1974241122813576,0.0005451708866501491,0.9685534621003173
RAD_OPERA_HOURLY_RAINFALL_ACCUMULATION_202301292200_patch002,ILDW,ILDW,"(375,750]",19563,0.2508517751395601,-0.023941834635045792,0.9684858475633299
RAD_OPERA_HOURLY_RAINFALL_ACCUMULATION_202301292200_patch002,ILDW,ILDW,"(750,1500]",36286,0.3723423789500309,-0.07387013399397281,0.9455110660914842
RAD_OPERA_HOURLY_RAINFALL_ACCUMULATION_202301292200_patch002,ILDW,ILDW,"(1500,3125]",59850,0.552077585265844,-0.12338309116752919,0.8942126079154772
RAD_OPERA_HOURLY_RAINFALL_ACCUMULATION_202301292200_patch002,ILDW,ILDW,"(3125,6000]",31192,0.664734808975934,0.014913546673067372,0.8849124940365617
RAD_OPERA_HOURLY_RAINFALL_ACCUMULATION_202301292200_patch002,ILDW,ILDW,"(6000,9000]",2828,0.8535265245736343,0.7000983366656566,0.8011719893423601
RAD_OPERA_HOURLY_RAINFALL_ACCUMULATION_202301292300_patch001,ILDW,ILDW,≤125,3907,0.36050453239140057,0.018072389267325642,0.9644317288801475
RAD_OPERA_HOURLY_RAINFALL_ACCUMULATION_202301292300_patch001,ILDW,ILDW,"(125,375]",15106,0.34967013825641535,-0.020922664160408753,0.9687699212112135
RAD_OPERA_HOURLY_RAINFALL_ACCUMULATION_202301292300_patch001,ILDW,ILDW,"(375,750]",22392,0.3901637302108387,-0.002188535313214704,0.961649267158098
RAD_OPERA_HOURLY_RAINFALL_ACCUMULATION_202301292300_patch001,ILDW,ILDW,"(750,1500]",41007,0.5032214394338851,-0.016955980982691264,0.9351188366616904
RAD_OPERA_HOURLY_RAINFALL_ACCUMULATION_202301292300_patch001,ILDW,ILDW,"(1500,3125]",70023,0.5843578183904011,-0.009254626289333056,0.8894290856725453
RAD_OPERA_HOURLY_RAINFALL_ACCUMULATION_202301292300_patch001,ILDW,ILDW,"(3125,6000]",32501,0.7149445594181599,0.07733124246214458,0.8021504887762617
RAD_OPERA_HOURLY_RAINFALL_ACCUMULATION_202301292300_patch001,ILDW,ILDW,"(6000,9000]",1432,1.4263691013447874,0.5978919962554045,0.4612767754841781
RAD_OPERA_HOURLY_RAINFALL_ACCUMULATION_202301292300_patch003,ILDW,ILDW,≤125,3610,0.11668278182101818,0.0019178493798304673,0.9736250450103524
RAD_OPERA_HOURLY_RAINFALL_ACCUMULATION_202301292300_patch003,ILDW,ILDW,"(125,375]",14108,0.11370592027868262,-0.002406193769007671,0.9777246428168683
RAD_OPERA_HOURLY_RAINFALL_ACCUMULATION_202301292300_patch003,ILDW,ILDW,"(375,750]",20775,0.13461577010176404,-0.006210495405284727,0.9754979559223349
RAD_OPERA_HOURLY_RAINFALL_ACCUMULATION_202301292300_patch003,ILDW,ILDW,"(750,1500]",37991,0.1761619396693205,-0.015007968084789701,0.9644447978053641
RAD_OPERA_HOURLY_RAINFALL_ACCUMULATION_202301292300_patch003,ILDW,ILDW,"(1500,3125]",63127,0.2558759382088079,-0.026795380322444547,0.9355888635941153
RAD_OPERA_HOURLY_RAINFALL_ACCUMULATION_202301292300_patch003,ILDW,ILDW,"(3125,6000]",30617,0.3010862709276412,-0.06441383792045353,0.9257514751032394
RAD_OPERA_HOURLY_RAINFALL_ACCUMULATION_202301292300_patch003,ILDW,ILDW,"(6000,9000]",2828,0.3642343503160617,0.14393788619754105,0.47391004634046235
RAD_OPERA_HOURLY_RAINFALL_ACCUMULATION_202301300000_patch001,ILDW,ILDW,≤125,4141,0.1744455207656452,0.00894255354486367,0.9516522684657877
RAD_OPERA_HOURLY_RAINFALL_ACCUMULATION_202301300000_patch001,ILDW,ILDW,"(125,375]",16335,0.17998492365087723,-0.00792998101740115,0.9587772093344896
RAD_OPERA_HOURLY_RAINFALL_ACCUMULATION_202301300000_patch001,ILDW,ILDW,"(375,750]",25337,0.20395282671093293,-0.01649380721997674,0.9584712134767303
RAD_OPERA_HOURLY_RAINFALL_ACCUMULATION_202301300000_patch001,ILDW,ILDW,"(750,1500]",47734,0.2829555935541506,-0.03767372018360081,0.9375048331403366
RAD_OPERA_HOURLY_RAINFALL_ACCUMULATION_202301300000_patch001,ILDW,ILDW,"(1500,3125]",78336,0.34879646969146844,-0.03599036523612511,0.8996691415551815
RAD_OPERA_HOURLY_RAINFALL_ACCUMULATION_202301300000_patch001,ILDW,ILDW,"(3125,6000]",34552,0.3243907494047014,0.008858177026043359,0.8987856903205399
RAD_OPERA_HOURLY_RAINFALL_ACCUMULATION_202301300000_patch001,ILDW,ILDW,"(6000,9000]",1437,0.42815794461248896,0.31852020065127234,0.8667413513740654
RAD_OPERA_HOURLY_RAINFALL_ACCUMULATION_202301300200_patch001,ILDW,ILDW,≤125,5782,0.16801093816195414,0.002233563126750081,0.9737375640812299
RAD_OPERA_HOURLY_RAINFALL_ACCUMULATION_202301300200_patch001,ILDW,ILDW,"(125,375]",23121,0.1708461989175043,-0.002104782466049741,0.9722034280583386
RAD_OPERA_HOURLY_RAINFALL_ACCUMULATION_202301300200_patch001,ILDW,ILDW,"(375,750]",39508,0.19070635158285706,-0.009223419908917832,0.9656643402656081
RAD_OPERA_HOURLY_RAINFALL_ACCUMULATION_202301300200_patch001,ILDW,ILDW,"(750,1500]",83743,0.24025451216003738,-0.022106527205453638,0.9452100414378037
RAD_OPERA_HOURLY_RAINFALL_ACCUMULATION_202301300200_patch001,ILDW,ILDW,"(1500,3125]",155901,0.33219382235498296,-0.040743765096871366,0.9017749657814128
RAD_OPERA_HOURLY_RAINFALL_ACCUMULATION_202301300200_patch001,ILDW,ILDW,"(3125,6000]",76905,0.4085743550137965,-0.03969700472847722,0.8631263717283818
RAD_OPERA_HOURLY_RAINFALL_ACCUMULATION_202301300200_patch001,ILDW,ILDW,"(6000,9000]",6563,0.43660510707752814,0.21840569072849944,0.8547614570788279
RAD_OPERA_HOURLY_RAINFALL_ACCUMULATION_202301300200_patch001,ILDW,ILDW,>9000,157,0.5160578347658885,0.5142739921582672,0.5753725915811854
RAD_OPERA_HOURLY_RAINFALL_ACCUMULATION_202301301000_patch000,ILDW,ILDW,≤125,6083,0.2633250859785653,0.016836120257307456,0.9596854119870798
RAD_OPERA_HOURLY_RAINFALL_ACCUMULATION_202301301000_patch000,ILDW,ILDW,"(125,375]",24156,0.24479351920226192,-0.006903301410811432,0.9693001981706701
RAD_OPERA_HOURLY_RAINFALL_ACCUMULATION_202301301000_patch000,ILDW,ILDW,"(375,750]",39430,0.27302522045978145,-0.010902479153127103,0.9676190948408371
RAD_OPERA_HOURLY_RAINFALL_ACCUMULATION_202301301000_patch000,ILDW,ILDW,"(750,1500]",77358,0.3554191556148868,-0.004494664850506284,0.9505923731225102
RAD_OPERA_HOURLY_RAINFALL_ACCUMULATION_202301301000_patch000,ILDW,ILDW,"(1500,3125]",133480,0.4777631921284697,0.032182757271086375,0.9117392046399128
RAD_OPERA_HOURLY_RAINFALL_ACCUMULATION_202301301000_patch000,ILDW,ILDW,"(3125,6000]",80920,0.7019998944062794,0.15644411076913758,0.8386975697287191
RAD_OPERA_HOURLY_RAINFALL_ACCUMULATION_202301301000_patch000,ILDW,ILDW,"(6000,9000]",9842,0.9949283634024115,0.657793778049141,0.7567124657070902
RAD_OPERA_HOURLY_RAINFALL_ACCUMULATION_202301301000_patch000,ILDW,ILDW,>9000,443,0.919396295452941,0.7667794459500082,0.5830202562260238
RAD_OPERA_HOURLY_RAINFALL_ACCUMULATION_202301302200_patch000,ILDW,ILDW,≤125,4949,0.6009112783882371,0.0022425287313181776,0.949016476109596
RAD_OPERA_HOURLY_RAINFALL_ACCUMULATION_202301302200_patch000,ILDW,ILDW,"(125,375]",18581,0.6235659897493772,-0.013332332096707585,0.9501238453267585
RAD_OPERA_HOURLY_RAINFALL_ACCUMULATION_202301302200_patch000,ILDW,ILDW,"(375,750]",27724,0.8084072513018675,-0.027330163245533497,0.9342283508671387
RAD_OPERA_HOURLY_RAINFALL_ACCUMULATION_202301302200_patch000,ILDW,ILDW,"(750,1500]",51472,1.132328511429349,-0.09016416263566411,0.9045112491609321
RAD_OPERA_HOURLY_RAINFALL_ACCUMULATION_202301302200_patch000,ILDW,ILDW,"(1500,3125]",89017,1.621512683434038,-0.1585455368493731,0.8006414545096893
RAD_OPERA_HOURLY_RAINFALL_ACCUMULATION_202301302200_patch000,ILDW,ILDW,"(3125,6000]",45865,1.9323185080418133,-0.09068032176709778,0.5753865116909347
RAD_OPERA_HOURLY_RAINFALL_ACCUMULATION_202301302200_patch000,ILDW,ILDW,"(6000,9000]",2008,2.183959776395887,0.3522970511042568,0.14778672066512752
RAD_OPERA_HOURLY_RAINFALL_ACCUMULATION_202301302200_patch001,ILDW,ILDW,≤125,6108,0.35402970081766155,0.019161273930635662,0.9511679310329565
RAD_OPERA_HOURLY_RAINFALL_ACCUMULATION_202301302200_patch001,ILDW,ILDW,"(125,375]",23986,0.359001151009947,-0.009673432270288551,0.9543093695378596
RAD_OPERA_HOURLY_RAINFALL_ACCUMULATION_202301302200_patch001,ILDW,ILDW,"(375,750]",39919,0.44917603988756505,-0.03314937353382126,0.9386493341276094
RAD_OPERA_HOURLY_RAINFALL_ACCUMULATION_202301302200_patch001,ILDW,ILDW,"(750,1500]",80953,0.5366428358585865,-0.03346558737590013,0.9137526750351973
RAD_OPERA_HOURLY_RAINFALL_ACCUMULATION_202301302200_patch001,ILDW,ILDW,"(1500,3125]",142104,0.6789727746173009,-0.04105519424453419,0.8519325325042498
RAD_OPERA_HOURLY_RAINFALL_ACCUMULATION_202301302200_patch001,ILDW,ILDW,"(3125,6000]",70835,0.7992356257779463,0.0796317853221476,0.7306762320005491
RAD_OPERA_HOURLY_RAINFALL_ACCUMULATION_202301302200_patch001,ILDW,ILDW,"(6000,9000]",3393,0.7752715005116878,0.4800066097408242,0.8400612570168784
RAD_OPERA_HOURLY_RAINFALL_ACCUMULATION_202301302200_patch001,ILDW,ILDW,>9000,62,0.9356866208940655,0.935636196896718,-0.12022753500918311
RAD_OPERA_HOURLY_RAINFALL_ACCUMULATION_202301302200_patch002,ILDW,ILDW,≤125,5246,0.9623579304307246,-0.0010946131331117466,0.909838817168805
RAD_OPERA_HOURLY_RAINFALL_ACCUMULATION_202301302200_patch002,ILDW,ILDW,"(125,375]",20443,0.913529581342576,-0.039020873975379865,0.9258984734600342
RAD_OPERA_HOURLY_RAINFALL_ACCUMULATION_202301302200_patch002,ILDW,ILDW,"(375,750]",33072,0.966811646132689,-0.014379014501782477,0.9105155928880115
RAD_OPERA_HOURLY_RAINFALL_ACCUMULATION_202301302200_patch002,ILDW,ILDW,"(750,1500]",64408,1.2961374001327892,-0.06481614981053117,0.8534162726321773
RAD_OPERA_HOURLY_RAINFALL_ACCUMULATION_202301302200_patch002,ILDW,ILDW,"(1500,3125]",110070,1.610849382401775,0.06812655007767879,0.7689949763151331
RAD_OPERA_HOURLY_RAINFALL_ACCUMULATION_202301302200_patch002,ILDW,ILDW,"(3125,6000]",59833,1.7619291201376708,0.5938927864521962,0.6469444359766066
RAD_OPERA_HOURLY_RAINFALL_ACCUMULATION_202301302200_patch002,ILDW,ILDW,"(6000,9000]",1840,2.251749747482378,1.5859044583578228,0.6687076754675393
RAD_OPERA_HOURLY_RAINFALL_ACCUMULATION_202301310000_patch001,ILDW,ILDW,≤125,4040,0.5004644976916873,0.043942976955334036,0.9046958751683329
RAD_OPERA_HOURLY_RAINFALL_ACCUMULATION_202301310000_patch001,ILDW,ILDW,"(125,375]",16430,0.45419680126720186,-0.028001360284748592,0.9320481487823024
RAD_OPERA_HOURLY_RAINFALL_ACCUMULATION_202301310000_patch001,ILDW,ILDW,"(375,750]",26966,0.5130722205009363,-0.05749641443429075,0.9253224132395211
RAD_OPERA_HOURLY_RAINFALL_ACCUMULATION_202301310000_patch001,ILDW,ILDW,"(750,1500]",52894,0.6563513759512509,-0.09973759936992777,0.8965734089549235
RAD_OPERA_HOURLY_RAINFALL_ACCUMULATION_202301310000_patch001,ILDW,ILDW,"(1500,3125]",83733,0.9008855327045678,-0.1269902257047338,0.8040370436464687
RAD_OPERA_HOURLY_RAINFALL_ACCUMULATION_202301310000_patch001,ILDW,ILDW,"(3125,6000]",44649,1.0251911494532633,0.010558212035536804,0.5877112821416021
RAD_OPERA_HOURLY_RAINFALL_ACCUMULATION_202301310000_patch001,ILDW,ILDW,"(6000,9000]",1688,0.6851841575723018,0.08486709725273667,0.7026261437335538
RAD_OPERA_HOURLY_RAINFALL_ACCUMULATION_202301310200_patch000,ILDW,ILDW,≤125,3610,0.6838565815603499,-0.017741590807255365,0.9484284173882581
RAD_OPERA_HOURLY_RAINFALL_ACCUMULATION_202301310200_patch000,ILDW,ILDW,"(125,375]",14108,0.6416437772131174,0.016116441057059044,0.9496164885472662
RAD_OPERA_HOURLY_RAINFALL_ACCUMULATION_202301310200_patch000,ILDW,ILDW,"(375,750]",20775,0.6517579143691753,0.08290817897425665,0.9342907991758778
RAD_OPERA_HOURLY_RAINFALL_ACCUMULATION_202301310200_patch000,ILDW,ILDW,"(750,1500]",37991,0.7719607522087674,0.17880990284447726,0.8919086141153151
RAD_OPERA_HOURLY_RAINFALL_ACCUMULATION_202301310200_patch000,ILDW,ILDW,"(1500,3125]",63127,0.9929201814066687,0.2821830530626084,0.7952575039306151
RAD_OPERA_HOURLY_RAINFALL_ACCUMULATION_202301310200_patch000,ILDW,ILDW,"(3125,6000]",30617,1.3086729629806628,0.39162906473469294,0.6209346495526201
RAD_OPERA_HOURLY_RAINFALL_ACCUMULATION_202301310200_patch000,ILDW,ILDW,"(6000,9000]",2828,1.8174661157312817,1.6090236889038003,0.6102758334738098
RAD_OPERA_HOURLY_RAINFALL_ACCUMULATION_202301310900_patch000,ILDW,ILDW,≤125,4327,0.39045903130695353,-0.015212608396187335,0.9707471246479475
RAD_OPERA_HOURLY_RAINFALL_ACCUMULATION_202301310900_patch000,ILDW,ILDW,"(125,375]",17469,0.3863594407327414,0.01080836657210558,0.9694334170556859
RAD_OPERA_HOURLY_RAINFALL_ACCUMULATION_202301310900_patch000,ILDW,ILDW,"(375,750]",28304,0.4406118324887819,0.023830987254046,0.9569526422197596
RAD_OPERA_HOURLY_RAINFALL_ACCUMULATION_202301310900_patch000,ILDW,ILDW,"(750,1500]",54744,0.5666168812108722,0.04616822837376044,0.9314528304310352
RAD_OPERA_HOURLY_RAINFALL_ACCUMULATION_202301310900_patch000,ILDW,ILDW,"(1500,3125]",84620,0.836782369973362,0.08537865492428895,0.8535198331488912
RAD_OPERA_HOURLY_RAINFALL_ACCUMULATION_202301310900_patch000,ILDW,ILDW,"(3125,6000]",39893,1.0051777827929955,0.02678853445731433,0.7927596028606072
RAD_OPERA_HOURLY_RAINFALL_ACCUMULATION_202301310900_patch000,ILDW,ILDW,"(6000,9000]",4424,1.074176481272662,0.3639384133218503,0.52801960435475
RAD_OPERA_HOURLY_RAINFALL_ACCUMULATION_202301310900_patch000,ILDW,ILDW,>9000,1227,1.4794856408031143,1.2241431382493826,0.2704732643408929
RAD_OPERA_HOURLY_RAINFALL_ACCUMULATION_202301311600_patch000,ILDW,ILDW,≤125,4960,0.29536191966730474,0.0053046545235441505,0.980121856299341
RAD_OPERA_HOURLY_RAINFALL_ACCUMULATION_202301311600_patch000,ILDW,ILDW,"(125,375]",18632,0.2938071884416678,0.005585974506461163,0.9789287981478584
RAD_OPERA_HOURLY_RAINFALL_ACCUMULATION_202301311600_patch000,ILDW,ILDW,"(375,750]",27830,0.326943280159765,0.01783379970820151,0.9712710082680014
RAD_OPERA_HOURLY_RAINFALL_ACCUMULATION_202301311600_patch000,ILDW,ILDW,"(750,1500]",51558,0.38937797147231895,-0.0013659453970598077,0.9530780460764967
RAD_OPERA_HOURLY_RAINFALL_ACCUMULATION_202301311600_patch000,ILDW,ILDW,"(1500,3125]",90058,0.4726095785507635,0.033068605941288146,0.9197093691968536
RAD_OPERA_HOURLY_RAINFALL_ACCUMULATION_202301311600_patch000,ILDW,ILDW,"(3125,6000]",52277,0.5515986807376558,0.056148950006316006,0.8741038481354227
RAD_OPERA_HOURLY_RAINFALL_ACCUMULATION_202301311600_patch000,ILDW,ILDW,"(6000,9000]",10952,0.8883337065888823,-0.03195842046013571,0.6693549112378796
RAD_OPERA_HOURLY_RAINFALL_ACCUMULATION_202301311600_patch000,ILDW,ILDW,>9000,3317,0.9919308393923312,0.3204744562096271,0.29646389914240134
RAD_OPERA_HOURLY_RAINFALL_ACCUMULATION_202301312000_patch001,ILDW,ILDW,≤125,4119,0.3194655886688159,0.0042767921729114965,0.9445685327194183
RAD_OPERA_HOURLY_RAINFALL_ACCUMULATION_202301312000_patch001,ILDW,ILDW,"(125,375]",15923,0.31068973986699167,-0.004543354049377146,0.9366405294679051
RAD_OPERA_HOURLY_RAINFALL_ACCUMULATION_202301312000_patch001,ILDW,ILDW,"(375,750]",23477,0.3469527937047672,-0.007066305394781902,0.9179401669715925
RAD_OPERA_HOURLY_RAINFALL_ACCUMULATION_202301312000_patch001,ILDW,ILDW,"(750,1500]",42558,0.46381401162469127,-0.05984598371422883,0.8631803492267045
RAD_OPERA_HOURLY_RAINFALL_ACCUMULATION_202301312000_patch001,ILDW,ILDW,"(1500,3125]",72310,0.6777833473142876,-0.13117148737899484,0.7226696835465947
RAD_OPERA_HOURLY_RAINFALL_ACCUMULATION_202301312000_patch001,ILDW,ILDW,"(3125,6000]",35394,0.8788356395797403,-0.26919772766992883,0.6127453638891627
RAD_OPERA_HOURLY_RAINFALL_ACCUMULATION_202301312000_patch001,ILDW,ILDW,"(6000,9000]",4806,0.8591711797257661,0.01373452870014921,0.09813405650091334
RAD_OPERA_HOURLY_RAINFALL_ACCUMULATION_202301312000_patch001,ILDW,ILDW,>9000,1093,1.150845017716833,1.0781565223827982,-0.634734582902293
RAD_OPERA_HOURLY_RAINFALL_ACCUMULATION_202301180600_patch000,OPT_NORM_ILDW_MULT_ILDW_INIT_LIGHT_JTOTAL_LONG,Solver(ILDW),≤125,4307,0.31128244706673247,0.008675302489329193,0.9882018012815585
RAD_OPERA_HOURLY_RAINFALL_ACCUMULATION_202301180600_patch000,OPT_NORM_ILDW_MULT_ILDW_INIT_LIGHT_JTOTAL_LONG,Solver(ILDW),"(125,375]",16831,0.35471746068707566,-0.000924729773594687,0.9842210101101773
RAD_OPERA_HOURLY_RAINFALL_ACCUMULATION_202301180600_patch000,OPT_NORM_ILDW_MULT_ILDW_INIT_LIGHT_JTOTAL_LONG,Solver(ILDW),"(375,750]",25567,0.46358130179725243,0.004262873160758417,0.9721247810552834
RAD_OPERA_HOURLY_RAINFALL_ACCUMULATION_202301180600_patch000,OPT_NORM_ILDW_MULT_ILDW_INIT_LIGHT_JTOTAL_LONG,Solver(ILDW),"(750,1500]",46989,0.6318502320497174,0.03256467763025241,0.9432482561147982
RAD_OPERA_HOURLY_RAINFALL_ACCUMULATION_202301180600_patch000,OPT_NORM_ILDW_MULT_ILDW_INIT_LIGHT_JTOTAL_LONG,Solver(ILDW),"(1500,3125]",76874,0.8655644856969639,-0.017005366508908062,0.8878785145288328
RAD_OPERA_HOURLY_RAINFALL_ACCUMULATION_202301180600_patch000,OPT_NORM_ILDW_MULT_ILDW_INIT_LIGHT_JTOTAL_LONG,Solver(ILDW),"(3125,6000]",38395,1.0180331746940412,0.046006767790769905,0.7880892481950594
RAD_OPERA_HOURLY_RAINFALL_ACCUMULATION_202301180600_patch000,OPT_NORM_ILDW_MULT_ILDW_INIT_LIGHT_JTOTAL_LONG,Solver(ILDW),"(6000,9000]",4984,0.9879782467197743,0.5650757478002943,0.4346289048453039
RAD_OPERA_HOURLY_RAINFALL_ACCUMULATION_202301180600_patch000,OPT_NORM_ILDW_MULT_ILDW_INIT_LIGHT_JTOTAL_LONG,Solver(ILDW),>9000,1093,0.8762577062320311,0.6099155661390118,-0.6490242303150192
RAD_OPERA_HOURLY_RAINFALL_ACCUMULATION_202301180900_patch002,OPT_NORM_ILDW_MULT_ILDW_INIT_LIGHT_JTOTAL_LONG,Solver(ILDW),≤125,3902,0.3779934073296105,-0.009005229283446447,0.9832873580495655
RAD_OPERA_HOURLY_RAINFALL_ACCUMULATION_202301180900_patch002,OPT_NORM_ILDW_MULT_ILDW_INIT_LIGHT_JTOTAL_LONG,Solver(ILDW),"(125,375]",15131,0.47276480200399496,-0.002190036481254642,0.97389536469575
RAD_OPERA_HOURLY_RAINFALL_ACCUMULATION_202301180900_patch002,OPT_NORM_ILDW_MULT_ILDW_INIT_LIGHT_JTOTAL_LONG,Solver(ILDW),"(375,750]",22331,0.6224855713862122,0.021722271211105395,0.9533364541866263
RAD_OPERA_HOURLY_RAINFALL_ACCUMULATION_202301180900_patch002,OPT_NORM_ILDW_MULT_ILDW_INIT_LIGHT_JTOTAL_LONG,Solver(ILDW),"(750,1500]",41053,0.8126916419777629,-0.03413641027440202,0.9208130418362327
RAD_OPERA_HOURLY_RAINFALL_ACCUMULATION_202301180900_patch002,OPT_NORM_ILDW_MULT_ILDW_INIT_LIGHT_JTOTAL_LONG,Solver(ILDW),"(1500,3125]",69051,1.2462056942207491,-0.21737250085709736,0.8429319990430592
RAD_OPERA_HOURLY_RAINFALL_ACCUMULATION_202301180900_patch002,OPT_NORM_ILDW_MULT_ILDW_INIT_LIGHT_JTOTAL_LONG,Solver(ILDW),"(3125,6000]",34633,2.1746613064974056,-0.35675436212932293,0.561559675721273
RAD_OPERA_HOURLY_RAINFALL_ACCUMULATION_202301180900_patch002,OPT_NORM_ILDW_MULT_ILDW_INIT_LIGHT_JTOTAL_LONG,Solver(ILDW),"(6000,9000]",4806,2.808464733206724,1.5297971445473342,-0.6299491915920507
RAD_OPERA_HOURLY_RAINFALL_ACCUMULATION_202301180900_patch002,OPT_NORM_ILDW_MULT_ILDW_INIT_LIGHT_JTOTAL_LONG,Solver(ILDW),>9000,1093,2.665291999710099,0.8789878893858342,-0.9174596797944332
RAD_OPERA_HOURLY_RAINFALL_ACCUMULATION_202301181200_patch003,OPT_NORM_ILDW_MULT_ILDW_INIT_LIGHT_JTOTAL_LONG,Solver(ILDW),≤125,3836,0.3393486407575702,0.0037621934218400152,0.9883206673772459
RAD_OPERA_HOURLY_RAINFALL_ACCUMULATION_202301181200_patch003,OPT_NORM_ILDW_MULT_ILDW_INIT_LIGHT_JTOTAL_LONG,Solver(ILDW),"(125,375]",15470,0.3574513546709925,0.0023571756402691753,0.9828806509908833
RAD_OPERA_HOURLY_RAINFALL_ACCUMULATION_202301181200_patch003,OPT_NORM_ILDW_MULT_ILDW_INIT_LIGHT_JTOTAL_LONG,Solver(ILDW),"(375,750]",24747,0.42613525301411714,-0.021151771659501464,0.972494079434092
RAD_OPERA_HOURLY_RAINFALL_ACCUMULATION_202301181200_patch003,OPT_NORM_ILDW_MULT_ILDW_INIT_LIGHT_JTOTAL_LONG,Solver(ILDW),"(750,1500]",46358,0.5841130313609424,-0.018599339682604268,0.9505870157740346
RAD_OPERA_HOURLY_RAINFALL_ACCUMULATION_202301181200_patch003,OPT_NORM_ILDW_MULT_ILDW_INIT_LIGHT_JTOTAL_LONG,Solver(ILDW),"(1500,3125]",72954,0.8100098731269686,0.11347490623001384,0.9123368531860173
RAD_OPERA_HOURLY_RAINFALL_ACCUMULATION_202301181200_patch003,OPT_NORM_ILDW_MULT_ILDW_INIT_LIGHT_JTOTAL_LONG,Solver(ILDW),"(3125,6000]",38442,0.9378735800816509,0.35725142824442496,0.8724911287890794
RAD_OPERA_HOURLY_RAINFALL_ACCUMULATION_202301181200_patch003,OPT_NORM_ILDW_MULT_ILDW_INIT_LIGHT_JTOTAL_LONG,Solver(ILDW),"(6000,9000]",2993,0.7849249467431184,0.27490170254700963,0.6872264497643107
RAD_OPERA_HOURLY_RAINFALL_ACCUMULATION_202301181300_patch002,OPT_NORM_ILDW_MULT_ILDW_INIT_LIGHT_JTOTAL_LONG,Solver(ILDW),≤125,4067,0.1837615854999221,0.002552516049473474,0.988242763306991
RAD_OPERA_HOURLY_RAINFALL_ACCUMULATION_202301181300_patch002,OPT_NORM_ILDW_MULT_ILDW_INIT_LIGHT_JTOTAL_LONG,Solver(ILDW),"(125,375]",16278,0.21137616354802596,0.00032949589704585493,0.9836620090723777
RAD_OPERA_HOURLY_RAINFALL_ACCUMULATION_202301181300_patch002,OPT_NORM_ILDW_MULT_ILDW_INIT_LIGHT_JTOTAL_LONG,Solver(ILDW),"(375,750]",25812,0.2925442579674168,-0.009850362631843457,0.9592629212711857
RAD_OPERA_HOURLY_RAINFALL_ACCUMULATION_202301181300_patch002,OPT_NORM_ILDW_MULT_ILDW_INIT_LIGHT_JTOTAL_LONG,Solver(ILDW),"(750,1500]",48116,0.3784462570545259,-0.012223426439348069,0.9307705579257517
RAD_OPERA_HOURLY_RAINFALL_ACCUMULATION_202301181300_patch002,OPT_NORM_ILDW_MULT_ILDW_INIT_LIGHT_JTOTAL_LONG,Solver(ILDW),"(1500,3125]",75981,0.5196749477031756,-0.019547094232644027,0.872787520838548
RAD_OPERA_HOURLY_RAINFALL_ACCUMULATION_202301181300_patch002,OPT_NORM_ILDW_MULT_ILDW_INIT_LIGHT_JTOTAL_LONG,Solver(ILDW),"(3125,6000]",35618,0.44954024861536707,0.05124770838940282,0.8072607874753334
RAD_OPERA_HOURLY_RAINFALL_ACCUMULATION_202301181300_patch002,OPT_NORM_ILDW_MULT_ILDW_INIT_LIGHT_JTOTAL_LONG,Solver(ILDW),"(6000,9000]",1488,0.5480684790568109,0.244207277573565,0.5596137144954891
RAD_OPERA_HOURLY_RAINFALL_ACCUMULATION_202301181900_patch000,OPT_NORM_ILDW_MULT_ILDW_INIT_LIGHT_JTOTAL_LONG,Solver(ILDW),≤125,5288,0.11020824238051874,0.0024192007723491237,0.9953643611057987
RAD_OPERA_HOURLY_RAINFALL_ACCUMULATION_202301181900_patch000,OPT_NORM_ILDW_MULT_ILDW_INIT_LIGHT_JTOTAL_LONG,Solver(ILDW),"(125,375]",20528,0.1433681126599136,-2.703692586925563e-05,0.9927420901741087
RAD_OPERA_HOURLY_RAINFALL_ACCUMULATION_202301181900_patch000,OPT_NORM_ILDW_MULT_ILDW_INIT_LIGHT_JTOTAL_LONG,Solver(ILDW),"(375,750]",32454,0.1823646065554751,-0.00030802125334482565,0.9896581410539941
RAD_OPERA_HOURLY_RAINFALL_ACCUMULATION_202301181900_patch000,OPT_NORM_ILDW_MULT_ILDW_INIT_LIGHT_JTOTAL_LONG,Solver(ILDW),"(750,1500]",61361,0.23901132388380328,-0.01055988504649961,0.9844063338696025
RAD_OPERA_HOURLY_RAINFALL_ACCUMULATION_202301181900_patch000,OPT_NORM_ILDW_MULT_ILDW_INIT_LIGHT_JTOTAL_LONG,Solver(ILDW),"(1500,3125]",101172,0.34695724529209615,-0.02115813278503389,0.9689472426732098
RAD_OPERA_HOURLY_RAINFALL_ACCUMULATION_202301181900_patch000,OPT_NORM_ILDW_MULT_ILDW_INIT_LIGHT_JTOTAL_LONG,Solver(ILDW),"(3125,6000]",52907,0.4195399590137779,-0.011360549086263261,0.9564101033270584
RAD_OPERA_HOURLY_RAINFALL_ACCUMULATION_202301181900_patch000,OPT_NORM_ILDW_MULT_ILDW_INIT_LIGHT_JTOTAL_LONG,Solver(ILDW),"(6000,9000]",3681,0.31607088165711544,0.21373124449384565,0.9769203504264098
RAD_OPERA_HOURLY_RAINFALL_ACCUMULATION_202301181900_patch000,OPT_NORM_ILDW_MULT_ILDW_INIT_LIGHT_JTOTAL_LONG,Solver(ILDW),>9000,369,0.23975398848148685,0.23971486317756052,0.527575707917623
RAD_OPERA_HOURLY_RAINFALL_ACCUMULATION_202301190000_patch000,OPT_NORM_ILDW_MULT_ILDW_INIT_LIGHT_JTOTAL_LONG,Solver(ILDW),≤125,4743,0.13454854169204666,0.0036828559258807038,0.9977442419022496
RAD_OPERA_HOURLY_RAINFALL_ACCUMULATION_202301190000_patch000,OPT_NORM_ILDW_MULT_ILDW_INIT_LIGHT_JTOTAL_LONG,Solver(ILDW),"(125,375]",19207,0.17080249200084022,-0.004177318270018889,0.9961891728709407
RAD_OPERA_HOURLY_RAINFALL_ACCUMULATION_202301190000_patch000,OPT_NORM_ILDW_MULT_ILDW_INIT_LIGHT_JTOTAL_LONG,Solver(ILDW),"(375,750]",31346,0.22590772425917904,0.0003376252184356551,0.9932182782336161
RAD_OPERA_HOURLY_RAINFALL_ACCUMULATION_202301190000_patch000,OPT_NORM_ILDW_MULT_ILDW_INIT_LIGHT_JTOTAL_LONG,Solver(ILDW),"(750,1500]",61078,0.2837169948663822,0.021070623771393047,0.9877219262256252
RAD_OPERA_HOURLY_RAINFALL_ACCUMULATION_202301190000_patch000,OPT_NORM_ILDW_MULT_ILDW_INIT_LIGHT_JTOTAL_LONG,Solver(ILDW),"(1500,3125]",101514,0.3974524124173461,0.04579264479769759,0.9714559787696257
RAD_OPERA_HOURLY_RAINFALL_ACCUMULATION_202301190000_patch000,OPT_NORM_ILDW_MULT_ILDW_INIT_LIGHT_JTOTAL_LONG,Solver(ILDW),"(3125,6000]",51996,0.5279360636667135,0.13699467274416172,0.940761174546291
RAD_OPERA_HOURLY_RAINFALL_ACCUMULATION_202301190000_patch000,OPT_NORM_ILDW_MULT_ILDW_INIT_LIGHT_JTOTAL_LONG,Solver(ILDW),"(6000,9000]",5503,0.7142538503726727,0.5161123539174056,0.7354864253545681
RAD_OPERA_HOURLY_RAINFALL_ACCUMULATION_202301190000_patch000,OPT_NORM_ILDW_MULT_ILDW_INIT_LIGHT_JTOTAL_LONG,Solver(ILDW),>9000,1093,1.2259972922233646,1.2139190724434814,0.23078729508972343
RAD_OPERA_HOURLY_RAINFALL_ACCUMULATION_202301190300_patch000,OPT_NORM_ILDW_MULT_ILDW_INIT_LIGHT_JTOTAL_LONG,Solver(ILDW),≤125,5625,0.26152386724440124,0.0015412236955430773,0.9898917934232704
RAD_OPERA_HOURLY_RAINFALL_ACCUMULATION_202301190300_patch000,OPT_NORM_ILDW_MULT_ILDW_INIT_LIGHT_JTOTAL_LONG,Solver(ILDW),"(125,375]",22142,0.2945537355391735,0.006498793332021784,0.986134662238109
RAD_OPERA_HOURLY_RAINFALL_ACCUMULATION_202301190300_patch000,OPT_NORM_ILDW_MULT_ILDW_INIT_LIGHT_JTOTAL_LONG,Solver(ILDW),"(375,750]",36071,0.376812110631026,0.007189610747289513,0.9791491807699922
RAD_OPERA_HOURLY_RAINFALL_ACCUMULATION_202301190300_patch000,OPT_NORM_ILDW_MULT_ILDW_INIT_LIGHT_JTOTAL_LONG,Solver(ILDW),"(750,1500]",71147,0.4901118543765397,-0.007869831023351028,0.9622844333036917
RAD_OPERA_HOURLY_RAINFALL_ACCUMULATION_202301190300_patch000,OPT_NORM_ILDW_MULT_ILDW_INIT_LIGHT_JTOTAL_LONG,Solver(ILDW),"(1500,3125]",121319,0.6679405540558889,-0.057957255395375606,0.9362015442655511
RAD_OPERA_HOURLY_RAINFALL_ACCUMULATION_202301190300_patch000,OPT_NORM_ILDW_MULT_ILDW_INIT_LIGHT_JTOTAL_LONG,Solver(ILDW),"(3125,6000]",72157,0.9287893246940048,-0.040498525364768986,0.905327976063152
RAD_OPERA_HOURLY_RAINFALL_ACCUMULATION_202301190300_patch000,OPT_NORM_ILDW_MULT_ILDW_INIT_LIGHT_JTOTAL_LONG,Solver(ILDW),"(6000,9000]",16588,1.096330822633384,0.27689404499072295,0.6733531430409023
RAD_OPERA_HOURLY_RAINFALL_ACCUMULATION_202301190300_patch000,OPT_NORM_ILDW_MULT_ILDW_INIT_LIGHT_JTOTAL_LONG,Solver(ILDW),>9000,4391,1.063398655100663,0.24597064775069682,0.4688338356735908
RAD_OPERA_HOURLY_RAINFALL_ACCUMULATION_202301190300_patch001,OPT_NORM_ILDW_MULT_ILDW_INIT_LIGHT_JTOTAL_LONG,Solver(ILDW),≤125,6138,0.5821059136749972,-0.01743554174882945,0.9541197923090631
RAD_OPERA_HOURLY_RAINFALL_ACCUMULATION_202301190300_patch001,OPT_NORM_ILDW_MULT_ILDW_INIT_LIGHT_JTOTAL_LONG,Solver(ILDW),"(125,375]",24392,0.5918834634402058,-0.014499885872965084,0.9460093131501193
RAD_OPERA_HOURLY_RAINFALL_ACCUMULATION_202301190300_patch001,OPT_NORM_ILDW_MULT_ILDW_INIT_LIGHT_JTOTAL_LONG,Solver(ILDW),"(375,750]",39715,0.6450652573203252,-0.0012269908329298647,0.9290912760543889
RAD_OPERA_HOURLY_RAINFALL_ACCUMULATION_202301190300_patch001,OPT_NORM_ILDW_MULT_ILDW_INIT_LIGHT_JTOTAL_LONG,Solver(ILDW),"(750,1500]",78272,0.6999690174303278,0.007008224507257973,0.9077412615563225
RAD_OPERA_HOURLY_RAINFALL_ACCUMULATION_202301190300_patch001,OPT_NORM_ILDW_MULT_ILDW_INIT_LIGHT_JTOTAL_LONG,Solver(ILDW),"(1500,3125]",134070,0.9377383118195386,-0.0706148432687026,0.8358595033914589
RAD_OPERA_HOURLY_RAINFALL_ACCUMULATION_202301190300_patch001,OPT_NORM_ILDW_MULT_ILDW_INIT_LIGHT_JTOTAL_LONG,Solver(ILDW),"(3125,6000]",75249,1.0207849688142994,-0.1301053331925436,0.8133392293072604
RAD_OPERA_HOURLY_RAINFALL_ACCUMULATION_202301190300_patch001,OPT_NORM_ILDW_MULT_ILDW_INIT_LIGHT_JTOTAL_LONG,Solver(ILDW),"(6000,9000]",6503,0.6862460041605503,0.25483353824766075,0.9148103110757221
RAD_OPERA_HOURLY_RAINFALL_ACCUMULATION_202301190300_patch001,OPT_NORM_ILDW_MULT_ILDW_INIT_LIGHT_JTOTAL_LONG,Solver(ILDW),>9000,1229,0.00810275657971737,0.000219654681388917,0.9999926072706214
RAD_OPERA_HOURLY_RAINFALL_ACCUMULATION_202301190700_patch000,OPT_NORM_ILDW_MULT_ILDW_INIT_LIGHT_JTOTAL_LONG,Solver(ILDW),≤125,6028,0.15251566261691177,-0.0017370416646218885,0.9948183465251977
RAD_OPERA_HOURLY_RAINFALL_ACCUMULATION_202301190700_patch000,OPT_NORM_ILDW_MULT_ILDW_INIT_LIGHT_JTOTAL_LONG,Solver(ILDW),"(125,375]",23900,0.17692277095185283,0.0015442985576815185,0.9931659449843283
RAD_OPERA_HOURLY_RAINFALL_ACCUMULATION_202301190700_patch000,OPT_NORM_ILDW_MULT_ILDW_INIT_LIGHT_JTOTAL_LONG,Solver(ILDW),"(375,750]",38804,0.24956405146098512,-0.010622818387008773,0.9877804722028826
RAD_OPERA_HOURLY_RAINFALL_ACCUMULATION_202301190700_patch000,OPT_NORM_ILDW_MULT_ILDW_INIT_LIGHT_JTOTAL_LONG,Solver(ILDW),"(750,1500]",75204,0.3285420314018879,-0.0018388711720107433,0.9787458174176785
RAD_OPERA_HOURLY_RAINFALL_ACCUMULATION_202301190700_patch000,OPT_NORM_ILDW_MULT_ILDW_INIT_LIGHT_JTOTAL_LONG,Solver(ILDW),"(1500,3125]",129043,0.4374212370109729,0.04223608552873082,0.9638127672966645
RAD_OPERA_HOURLY_RAINFALL_ACCUMULATION_202301190700_patch000,OPT_NORM_ILDW_MULT_ILDW_INIT_LIGHT_JTOTAL_LONG,Solver(ILDW),"(3125,6000]",74735,0.5764752897653318,0.057561862429440315,0.9252499576634045
RAD_OPERA_HOURLY_RAINFALL_ACCUMULATION_202301190700_patch000,OPT_NORM_ILDW_MULT_ILDW_INIT_LIGHT_JTOTAL_LONG,Solver(ILDW),"(6000,9000]",6675,0.7606168872771595,-0.28713692635800064,0.8153834676887461
RAD_OPERA_HOURLY_RAINFALL_ACCUMULATION_202301190700_patch000,OPT_NORM_ILDW_MULT_ILDW_INIT_LIGHT_JTOTAL_LONG,Solver(ILDW),>9000,427,0.9822553367800968,-0.6049026902721414,0.23588216499633174
RAD_OPERA_HOURLY_RAINFALL_ACCUMULATION_202301190800_patch001,OPT_NORM_ILDW_MULT_ILDW_INIT_LIGHT_JTOTAL_LONG,Solver(ILDW),≤125,4739,0.23618605592845998,0.00043606129872897023,0.9853174226554389
RAD_OPERA_HOURLY_RAINFALL_ACCUMULATION_202301190800_patch001,OPT_NORM_ILDW_MULT_ILDW_INIT_LIGHT_JTOTAL_LONG,Solver(ILDW),"(125,375]",17811,0.27994829874827803,-0.002067492079581867,0.9777190578932275
RAD_OPERA_HOURLY_RAINFALL_ACCUMULATION_202301190800_patch001,OPT_NORM_ILDW_MULT_ILDW_INIT_LIGHT_JTOTAL_LONG,Solver(ILDW),"(375,750]",26584,0.3750886802882143,0.0021798876894729307,0.9636263450820862
RAD_OPERA_HOURLY_RAINFALL_ACCUMULATION_202301190800_patch001,OPT_NORM_ILDW_MULT_ILDW_INIT_LIGHT_JTOTAL_LONG,Solver(ILDW),"(750,1500]",49607,0.5060177651855551,0.04324553704398515,0.9410470771283994
RAD_OPERA_HOURLY_RAINFALL_ACCUMULATION_202301190800_patch001,OPT_NORM_ILDW_MULT_ILDW_INIT_LIGHT_JTOTAL_LONG,Solver(ILDW),"(1500,3125]",84697,0.8445947388221081,0.08028986868949035,0.8818282330104072
RAD_OPERA_HOURLY_RAINFALL_ACCUMULATION_202301190800_patch001,OPT_NORM_ILDW_MULT_ILDW_INIT_LIGHT_JTOTAL_LONG,Solver(ILDW),"(3125,6000]",49616,1.2824235470418122,0.04906153389616422,0.8378720248744617
RAD_OPERA_HOURLY_RAINFALL_ACCUMULATION_202301190800_patch001,OPT_NORM_ILDW_MULT_ILDW_INIT_LIGHT_JTOTAL_LONG,Solver(ILDW),"(6000,9000]",11038,0.7804733329609896,0.04299209637472564,0.7563430301152826
RAD_OPERA_HOURLY_RAINFALL_ACCUMULATION_202301190800_patch001,OPT_NORM_ILDW_MULT_ILDW_INIT_LIGHT_JTOTAL_LONG,Solver(ILDW),>9000,5508,1.0579468662589349,-0.9012340040594751,0.6711416777084257
RAD_OPERA_HOURLY_RAINFALL_ACCUMULATION_202301190800_patch002,OPT_NORM_ILDW_MULT_ILDW_INIT_LIGHT_JTOTAL_LONG,Solver(ILDW),≤125,4948,1.1609454577995368,-0.021646937723351866,0.9781462120281591
RAD_OPERA_HOURLY_RAINFALL_ACCUMULATION_202301190800_patch002,OPT_NORM_ILDW_MULT_ILDW_INIT_LIGHT_JTOTAL_LONG,Solver(ILDW),"(125,375]",19069,1.2504322373420707,0.011184599007495686,0.9751834532613022
RAD_OPERA_HOURLY_RAINFALL_ACCUMULATION_202301190800_patch002,OPT_NORM_ILDW_MULT_ILDW_INIT_LIGHT_JTOTAL_LONG,Solver(ILDW),"(375,750]",29951,1.52011875086767,-0.014234766442918972,0.9692271780820093
RAD_OPERA_HOURLY_RAINFALL_ACCUMULATION_202301190800_patch002,OPT_NORM_ILDW_MULT_ILDW_INIT_LIGHT_JTOTAL_LONG,Solver(ILDW),"(750,1500]",56000,2.226297641074303,0.027232493703797996,0.9393570915902434
RAD_OPERA_HOURLY_RAINFALL_ACCUMULATION_202301190800_patch002,OPT_NORM_ILDW_MULT_ILDW_INIT_LIGHT_JTOTAL_LONG,Solver(ILDW),"(1500,3125]",91858,3.197968555239927,0.3865680358699218,0.8702522884159941
RAD_OPERA_HOURLY_RAINFALL_ACCUMULATION_202301190800_patch002,OPT_NORM_ILDW_MULT_ILDW_INIT_LIGHT_JTOTAL_LONG,Solver(ILDW),"(3125,6000]",49656,3.5877912439015747,0.8044352855556819,0.7875649378074282
RAD_OPERA_HOURLY_RAINFALL_ACCUMULATION_202301190800_patch002,OPT_NORM_ILDW_MULT_ILDW_INIT_LIGHT_JTOTAL_LONG,Solver(ILDW),"(6000,9000]",2462,1.034263696168608,0.6966142772975857,0.9116880056571359
RAD_OPERA_HOURLY_RAINFALL_ACCUMULATION_202301190800_patch002,OPT_NORM_ILDW_MULT_ILDW_INIT_LIGHT_JTOTAL_LONG,Solver(ILDW),>9000,8,0.14375794096930428,0.1437579244375229,
RAD_OPERA_HOURLY_RAINFALL_ACCUMULATION_202301190900_patch001,OPT_NORM_ILDW_MULT_ILDW_INIT_LIGHT_JTOTAL_LONG,Solver(ILDW),≤125,4873,0.21176183655233366,0.006422178531950464,0.9879998379191564
RAD_OPERA_HOURLY_RAINFALL_ACCUMULATION_202301190900_patch001,OPT_NORM_ILDW_MULT_ILDW_INIT_LIGHT_JTOTAL_LONG,Solver(ILDW),"(125,375]",18313,0.23494376332244615,-0.007861804865816944,0.9847657988939481
RAD_OPERA_HOURLY_RAINFALL_ACCUMULATION_202301190900_patch001,OPT_NORM_ILDW_MULT_ILDW_INIT_LIGHT_JTOTAL_LONG,Solver(ILDW),"(375,750]",27719,0.30711943044595785,-0.005163759667273272,0.9760576568979333
RAD_OPERA_HOURLY_RAINFALL_ACCUMULATION_202301190900_patch001,OPT_NORM_ILDW_MULT_ILDW_INIT_LIGHT_JTOTAL_LONG,Solver(ILDW),"(750,1500]",51845,0.437916895010817,0.005556708504740005,0.9561594572827945
RAD_OPERA_HOURLY_RAINFALL_ACCUMULATION_202301190900_patch001,OPT_NORM_ILDW_MULT_ILDW_INIT_LIGHT_JTOTAL_LONG,Solver(ILDW),"(1500,3125]",88154,0.6835278510374408,-0.02362027177158435,0.9072407111733687
RAD_OPERA_HOURLY_RAINFALL_ACCUMULATION_202301190900_patch001,OPT_NORM_ILDW_MULT_ILDW_INIT_LIGHT_JTOTAL_LONG,Solver(ILDW),"(3125,6000]",43325,0.9080095912092956,0.03226502598191849,0.8819295691809949
RAD_OPERA_HOURLY_RAINFALL_ACCUMULATION_202301190900_patch001,OPT_NORM_ILDW_MULT_ILDW_INIT_LIGHT_JTOTAL_LONG,Solver(ILDW),"(6000,9000]",779,0.8270068202376343,0.25873598054682645,-0.31468740955150915
RAD_OPERA_HOURLY_RAINFALL_ACCUMULATION_202301192000_patch000,OPT_NORM_ILDW_MULT_ILDW_INIT_LIGHT_JTOTAL_LONG,Solver(ILDW),≤125,5128,0.23183516359959103,-0.003898007267804209,0.9931127636621014
RAD_OPERA_HOURLY_RAINFALL_ACCUMULATION_202301192000_patch000,OPT_NORM_ILDW_MULT_ILDW_INIT_LIGHT_JTOTAL_LONG,Solver(ILDW),"(125,375]",21179,0.27335530331740293,0.0017184485412278894,0.9896084088923814
RAD_OPERA_HOURLY_RAINFALL_ACCUMULATION_202301192000_patch000,OPT_NORM_ILDW_MULT_ILDW_INIT_LIGHT_JTOTAL_LONG,Solver(ILDW),"(375,750]",35613,0.35270753539090544,0.01043283391023276,0.9806589708506529
RAD_OPERA_HOURLY_RAINFALL_ACCUMULATION_202301192000_patch000,OPT_NORM_ILDW_MULT_ILDW_INIT_LIGHT_JTOTAL_LONG,Solver(ILDW),"(750,1500]",73106,0.43849464270053906,0.01300675596003232,0.9697762075779582
RAD_OPERA_HOURLY_RAINFALL_ACCUMULATION_202301192000_patch000,OPT_NORM_ILDW_MULT_ILDW_INIT_LIGHT_JTOTAL_LONG,Solver(ILDW),"(1500,3125]",132462,0.553984314086002,0.06519084899815068,0.9473971682583684
RAD_OPERA_HOURLY_RAINFALL_ACCUMULATION_202301192000_patch000,OPT_NORM_ILDW_MULT_ILDW_INIT_LIGHT_JTOTAL_LONG,Solver(ILDW),"(3125,6000]",68585,0.6021189248732982,0.2016048995087739,0.9323588151728743
RAD_OPERA_HOURLY_RAINFALL_ACCUMULATION_202301192000_patch000,OPT_NORM_ILDW_MULT_ILDW_INIT_LIGHT_JTOTAL_LONG,Solver(ILDW),"(6000,9000]",11329,0.6212950373163155,0.2673319146380398,0.7058890148506779
RAD_OPERA_HOURLY_RAINFALL_ACCUMULATION_202301192000_patch000,OPT_NORM_ILDW_MULT_ILDW_INIT_LIGHT_JTOTAL_LONG,Solver(ILDW),>9000,1782,0.9759271392287044,0.2508074730199863,-0.32802464797258035
RAD_OPERA_HOURLY_RAINFALL_ACCUMULATION_202301200400_patch000,OPT_NORM_ILDW_MULT_ILDW_INIT_LIGHT_JTOTAL_LONG,Solver(ILDW),≤125,4653,0.06648994704231335,0.002635560803277093,0.9961812450088291
RAD_OPERA_HOURLY_RAINFALL_ACCUMULATION_202301200400_patch000,OPT_NORM_ILDW_MULT_ILDW_INIT_LIGHT_JTOTAL_LONG,Solver(ILDW),"(125,375]",18817,0.07932462595604273,0.00015824519720633492,0.9944871109223917
RAD_OPERA_HOURLY_RAINFALL_ACCUMULATION_202301200400_patch000,OPT_NORM_ILDW_MULT_ILDW_INIT_LIGHT_JTOTAL_LONG,Solver(ILDW),"(375,750]",30187,0.099842049349795,-0.002693361285413078,0.9916547107567091
RAD_OPERA_HOURLY_RAINFALL_ACCUMULATION_202301200400_patch000,OPT_NORM_ILDW_MULT_ILDW_INIT_LIGHT_JTOTAL_LONG,Solver(ILDW),"(750,1500]",57992,0.1298046449286589,-0.004083171375851283,0.9869229849696781
RAD_OPERA_HOURLY_RAINFALL_ACCUMULATION_202301200400_patch000,OPT_NORM_ILDW_MULT_ILDW_INIT_LIGHT_JTOTAL_LONG,Solver(ILDW),"(1500,3125]",92124,0.1890318057264971,0.0025936954833366893,0.9747296522845991
RAD_OPERA_HOURLY_RAINFALL_ACCUMULATION_202301200400_patch000,OPT_NORM_ILDW_MULT_ILDW_INIT_LIGHT_JTOTAL_LONG,Solver(ILDW),"(3125,6000]",45691,0.2339081028361682,0.058936803843568,0.9497490385326771
RAD_OPERA_HOURLY_RAINFALL_ACCUMULATION_202301200400_patch000,OPT_NORM_ILDW_MULT_ILDW_INIT_LIGHT_JTOTAL_LONG,Solver(ILDW),"(6000,9000]",10365,0.31689598780521333,0.21862223899370223,0.9601090043357792
RAD_OPERA_HOURLY_RAINFALL_ACCUMULATION_202301200400_patch000,OPT_NORM_ILDW_MULT_ILDW_INIT_LIGHT_JTOTAL_LONG,Solver(ILDW),>9000,2059,0.3413097754001458,0.2667500774162148,0.967988120452805
RAD_OPERA_HOURLY_RAINFALL_ACCUMULATION_202301200800_patch001,OPT_NORM_ILDW_MULT_ILDW_INIT_LIGHT_JTOTAL_LONG,Solver(ILDW),≤125,5792,0.13114357524916262,0.002849113584614426,0.9915147548509372
RAD_OPERA_HOURLY_RAINFALL_ACCUMULATION_202301200800_patch001,OPT_NORM_ILDW_MULT_ILDW_INIT_LIGHT_JTOTAL_LONG,Solver(ILDW),"(125,375]",22486,0.14506319480577384,8.880229056112032e-06,0.9903516867362683
RAD_OPERA_HOURLY_RAINFALL_ACCUMULATION_202301200800_patch001,OPT_NORM_ILDW_MULT_ILDW_INIT_LIGHT_JTOTAL_LONG,Solver(ILDW),"(375,750]",36877,0.19174427498910152,-0.004933301245454976,0.9861682885416758
RAD_OPERA_HOURLY_RAINFALL_ACCUMULATION_202301200800_patch001,OPT_NORM_ILDW_MULT_ILDW_INIT_LIGHT_JTOTAL_LONG,Solver(ILDW),"(750,1500]",73632,0.24130481613728766,-0.008291856999715514,0.9805364726247774
RAD_OPERA_HOURLY_RAINFALL_ACCUMULATION_202301200800_patch001,OPT_NORM_ILDW_MULT_ILDW_INIT_LIGHT_JTOTAL_LONG,Solver(ILDW),"(1500,3125]",126564,0.3619568566500568,0.036775271148611996,0.9663463273079722
RAD_OPERA_HOURLY_RAINFALL_ACCUMULATION_202301200800_patch001,OPT_NORM_ILDW_MULT_ILDW_INIT_LIGHT_JTOTAL_LONG,Solver(ILDW),"(3125,6000]",63958,0.5182199207189083,0.04064742239087945,0.9148430302031091
RAD_OPERA_HOURLY_RAINFALL_ACCUMULATION_202301200800_patch001,OPT_NORM_ILDW_MULT_ILDW_INIT_LIGHT_JTOTAL_LONG,Solver(ILDW),"(6000,9000]",2211,0.9085917901154474,0.15875172701317602,0.3166609878569953
RAD_OPERA_HOURLY_RAINFALL_ACCUMULATION_202301201300_patch000,OPT_NORM_ILDW_MULT_ILDW_INIT_LIGHT_JTOTAL_LONG,Solver(ILDW),≤125,3390,0.27274325043683817,0.005992845043671869,0.9832190752671361
RAD_OPERA_HOURLY_RAINFALL_ACCUMULATION_202301201300_patch000,OPT_NORM_ILDW_MULT_ILDW_INIT_LIGHT_JTOTAL_LONG,Solver(ILDW),"(125,375]",13291,0.30112756762110615,-0.002984467872817381,0.981521808373983
RAD_OPERA_HOURLY_RAINFALL_ACCUMULATION_202301201300_patch000,OPT_NORM_ILDW_MULT_ILDW_INIT_LIGHT_JTOTAL_LONG,Solver(ILDW),"(375,750]",19563,0.37410473153165125,-0.013774317161428632,0.9744679019538489
RAD_OPERA_HOURLY_RAINFALL_ACCUMULATION_202301201300_patch000,OPT_NORM_ILDW_MULT_ILDW_INIT_LIGHT_JTOTAL_LONG,Solver(ILDW),"(750,1500]",36286,0.5354418856980292,-0.05270650732190687,0.9579570779740394
RAD_OPERA_HOURLY_RAINFALL_ACCUMULATION_202301201300_patch000,OPT_NORM_ILDW_MULT_ILDW_INIT_LIGHT_JTOTAL_LONG,Solver(ILDW),"(1500,3125]",59850,0.8202654527320085,-0.0695853665120022,0.9190594842856131
RAD_OPERA_HOURLY_RAINFALL_ACCUMULATION_202301201300_patch000,OPT_NORM_ILDW_MULT_ILDW_INIT_LIGHT_JTOTAL_LONG,Solver(ILDW),"(3125,6000]",31192,0.8635801778023501,0.05155593421569113,0.9060276655031319
RAD_OPERA_HOURLY_RAINFALL_ACCUMULATION_202301201300_patch000,OPT_NORM_ILDW_MULT_ILDW_INIT_LIGHT_JTOTAL_LONG,Solver(ILDW),"(6000,9000]",2828,0.9559487572793023,0.8157231401351756,0.725517918416582
RAD_OPERA_HOURLY_RAINFALL_ACCUMULATION_202301201600_patch002,OPT_NORM_ILDW_MULT_ILDW_INIT_LIGHT_JTOTAL_LONG,Solver(ILDW),≤125,3270,0.1097475629561558,0.003057512340195682,0.993356543428645
RAD_OPERA_HOURLY_RAINFALL_ACCUMULATION_202301201600_patch002,OPT_NORM_ILDW_MULT_ILDW_INIT_LIGHT_JTOTAL_LONG,Solver(ILDW),"(125,375]",12789,0.12850677685647605,0.0022026128453490265,0.9909171882607654
RAD_OPERA_HOURLY_RAINFALL_ACCUMULATION_202301201600_patch002,OPT_NORM_ILDW_MULT_ILDW_INIT_LIGHT_JTOTAL_LONG,Solver(ILDW),"(375,750]",19079,0.17862247833892875,0.0076602315045457775,0.9841501293850299
RAD_OPERA_HOURLY_RAINFALL_ACCUMULATION_202301201600_patch002,OPT_NORM_ILDW_MULT_ILDW_INIT_LIGHT_JTOTAL_LONG,Solver(ILDW),"(750,1500]",35634,0.2353677477016631,0.005377756229198735,0.9756059123536108
RAD_OPERA_HOURLY_RAINFALL_ACCUMULATION_202301201600_patch002,OPT_NORM_ILDW_MULT_ILDW_INIT_LIGHT_JTOTAL_LONG,Solver(ILDW),"(1500,3125]",58364,0.3326271229224768,0.003277940294559738,0.9570550698924184
RAD_OPERA_HOURLY_RAINFALL_ACCUMULATION_202301201600_patch002,OPT_NORM_ILDW_MULT_ILDW_INIT_LIGHT_JTOTAL_LONG,Solver(ILDW),"(3125,6000]",29778,0.38650070891734467,0.1346859962891056,0.9283592059432023
RAD_OPERA_HOURLY_RAINFALL_ACCUMULATION_202301201600_patch002,OPT_NORM_ILDW_MULT_ILDW_INIT_LIGHT_JTOTAL_LONG,Solver(ILDW),"(6000,9000]",1086,0.5722110903706908,0.03946969313735681,0.740563959381675
RAD_OPERA_HOURLY_RAINFALL_ACCUMULATION_202301210300_patch000,OPT_NORM_ILDW_MULT_ILDW_INIT_LIGHT_JTOTAL_LONG,Solver(ILDW),≤125,4759,1.9516184225037163,-0.016340578230702257,0.8628009568046332
RAD_OPERA_HOURLY_RAINFALL_ACCUMULATION_202301210300_patch000,OPT_NORM_ILDW_MULT_ILDW_INIT_LIGHT_JTOTAL_LONG,Solver(ILDW),"(125,375]",19284,1.654389681487315,-0.025727655985687478,0.9030720127895068
RAD_OPERA_HOURLY_RAINFALL_ACCUMULATION_202301210300_patch000,OPT_NORM_ILDW_MULT_ILDW_INIT_LIGHT_JTOTAL_LONG,Solver(ILDW),"(375,750]",31010,1.5459932422819826,-0.015785625907544076,0.9167485302414317
RAD_OPERA_HOURLY_RAINFALL_ACCUMULATION_202301210300_patch000,OPT_NORM_ILDW_MULT_ILDW_INIT_LIGHT_JTOTAL_LONG,Solver(ILDW),"(750,1500]",60712,2.1666032824032686,-0.08204565949924021,0.869238969182893
RAD_OPERA_HOURLY_RAINFALL_ACCUMULATION_202301210300_patch000,OPT_NORM_ILDW_MULT_ILDW_INIT_LIGHT_JTOTAL_LONG,Solver(ILDW),"(1500,3125]",96412,4.109620030309639,-0.2981387623676982,0.7493414517836718
RAD_OPERA_HOURLY_RAINFALL_ACCUMULATION_202301210300_patch000,OPT_NORM_ILDW_MULT_ILDW_INIT_LIGHT_JTOTAL_LONG,Solver(ILDW),"(3125,6000]",45122,4.758341625456588,-0.5658591649812539,0.6946611858610104
RAD_OPERA_HOURLY_RAINFALL_ACCUMULATION_202301210300_patch000,OPT_NORM_ILDW_MULT_ILDW_INIT_LIGHT_JTOTAL_LONG,Solver(ILDW),"(6000,9000]",9644,2.3964983153500268,1.0716346482957273,0.5542690975048165
RAD_OPERA_HOURLY_RAINFALL_ACCUMULATION_202301210300_patch000,OPT_NORM_ILDW_MULT_ILDW_INIT_LIGHT_JTOTAL_LONG,Solver(ILDW),>9000,2881,2.8416856138933966,2.049691004993466,0.034319379827103855
RAD_OPERA_HOURLY_RAINFALL_ACCUMULATION_202301210800_patch002,OPT_NORM_ILDW_MULT_ILDW_INIT_LIGHT_JTOTAL_LONG,Solver(ILDW),≤125,5965,1.1968174927597623,0.03631107508720959,0.9598440434626208
RAD_OPERA_HOURLY_RAINFALL_ACCUMULATION_202301210800_patch002,OPT_NORM_ILDW_MULT_ILDW_INIT_LIGHT_JTOTAL_LONG,Solver(ILDW),"(125,375]",23267,1.2889108532715716,0.01140622020759701,0.9565246655078125
RAD_OPERA_HOURLY_RAINFALL_ACCUMULATION_202301210800_patch002,OPT_NORM_ILDW_MULT_ILDW_INIT_LIGHT_JTOTAL_LONG,Solver(ILDW),"(375,750]",38413,1.7188222024949766,-0.0805722714645326,0.9433002714940669
RAD_OPERA_HOURLY_RAINFALL_ACCUMULATION_202301210800_patch002,OPT_NORM_ILDW_MULT_ILDW_INIT_LIGHT_JTOTAL_LONG,Solver(ILDW),"(750,1500]",76851,2.4165624239080676,-0.2794998191928109,0.9231366942463308
RAD_OPERA_HOURLY_RAINFALL_ACCUMULATION_202301210800_patch002,OPT_NORM_ILDW_MULT_ILDW_INIT_LIGHT_JTOTAL_LONG,Solver(ILDW),"(1500,3125]",134773,3.20230410987829,-0.3435098576063449,0.8736076280721486
RAD_OPERA_HOURLY_RAINFALL_ACCUMULATION_202301210800_patch002,OPT_NORM_ILDW_MULT_ILDW_INIT_LIGHT_JTOTAL_LONG,Solver(ILDW),"(3125,6000]",67483,2.3780370029985103,0.14880238263474052,0.8250417017173438
RAD_OPERA_HOURLY_RAINFALL_ACCUMULATION_202301210800_patch002,OPT_NORM_ILDW_MULT_ILDW_INIT_LIGHT_JTOTAL_LONG,Solver(ILDW),"(6000,9000]",3454,1.1013142865607324,-0.10650103742837966,0.9708395567862907
RAD_OPERA_HOURLY_RAINFALL_ACCUMULATION_202301210800_patch002,OPT_NORM_ILDW_MULT_ILDW_INIT_LIGHT_JTOTAL_LONG,Solver(ILDW),>9000,2,0.0,0.0,
RAD_OPERA_HOURLY_RAINFALL_ACCUMULATION_202301210900_patch000,OPT_NORM_ILDW_MULT_ILDW_INIT_LIGHT_JTOTAL_LONG,Solver(ILDW),≤125,6233,1.4861964158232932,0.0624595376389354,0.9771595983737715
RAD_OPERA_HOURLY_RAINFALL_ACCUMULATION_202301210900_patch000,OPT_NORM_ILDW_MULT_ILDW_INIT_LIGHT_JTOTAL_LONG,Solver(ILDW),"(125,375]",24491,1.7594511875682257,-0.028609053040833714,0.9699091086513355
RAD_OPERA_HOURLY_RAINFALL_ACCUMULATION_202301210900_patch000,OPT_NORM_ILDW_MULT_ILDW_INIT_LIGHT_JTOTAL_LONG,Solver(ILDW),"(375,750]",41092,2.058745087133952,-0.04125265308959188,0.9558448551472307
RAD_OPERA_HOURLY_RAINFALL_ACCUMULATION_202301210900_patch000,OPT_NORM_ILDW_MULT_ILDW_INIT_LIGHT_JTOTAL_LONG,Solver(ILDW),"(750,1500]",84004,2.423243653237405,-0.046097166069277065,0.9375071789851879
RAD_OPERA_HOURLY_RAINFALL_ACCUMULATION_202301210900_patch000,OPT_NORM_ILDW_MULT_ILDW_INIT_LIGHT_JTOTAL_LONG,Solver(ILDW),"(1500,3125]",151272,3.382061914412345,-0.09079164677749486,0.8781431140977515
RAD_OPERA_HOURLY_RAINFALL_ACCUMULATION_202301210900_patch000,OPT_NORM_ILDW_MULT_ILDW_INIT_LIGHT_JTOTAL_LONG,Solver(ILDW),"(3125,6000]",82886,3.783451970604322,-0.21006084152696985,0.8665921709984433
RAD_OPERA_HOURLY_RAINFALL_ACCUMULATION_202301210900_patch000,OPT_NORM_ILDW_MULT_ILDW_INIT_LIGHT_JTOTAL_LONG,Solver(ILDW),"(6000,9000]",7812,3.1617501805556945,-0.0010633269854215671,0.9511110966191171
RAD_OPERA_HOURLY_RAINFALL_ACCUMULATION_202301210900_patch000,OPT_NORM_ILDW_MULT_ILDW_INIT_LIGHT_JTOTAL_LONG,Solver(ILDW),>9000,34,0.18349838768246515,0.15756762926192844,0.02981939422051329
RAD_OPERA_HOURLY_RAINFALL_ACCUMULATION_202301211500_patch000,OPT_NORM_ILDW_MULT_ILDW_INIT_LIGHT_JTOTAL_LONG,Solver(ILDW),≤125,4173,0.32213187117066167,0.0016376397291476452,0.9768233487196855
RAD_OPERA_HOURLY_RAINFALL_ACCUMULATION_202301211500_patch000,OPT_NORM_ILDW_MULT_ILDW_INIT_LIGHT_JTOTAL_LONG,Solver(ILDW),"(125,375]",16207,0.33528958536293035,0.003124865197772018,0.9755680153490377
RAD_OPERA_HOURLY_RAINFALL_ACCUMULATION_202301211500_patch000,OPT_NORM_ILDW_MULT_ILDW_INIT_LIGHT_JTOTAL_LONG,Solver(ILDW),"(375,750]",23822,0.42102344265084235,0.01729687841440386,0.9665239728223614
RAD_OPERA_HOURLY_RAINFALL_ACCUMULATION_202301211500_patch000,OPT_NORM_ILDW_MULT_ILDW_INIT_LIGHT_JTOTAL_LONG,Solver(ILDW),"(750,1500]",43474,0.5502525628895449,0.043280877936274116,0.9494810896626631
RAD_OPERA_HOURLY_RAINFALL_ACCUMULATION_202301211500_patch000,OPT_NORM_ILDW_MULT_ILDW_INIT_LIGHT_JTOTAL_LONG,Solver(ILDW),"(1500,3125]",72595,0.8028276488279751,0.090007318450495,0.9034480706226432
RAD_OPERA_HOURLY_RAINFALL_ACCUMULATION_202301211500_patch000,OPT_NORM_ILDW_MULT_ILDW_INIT_LIGHT_JTOTAL_LONG,Solver(ILDW),"(3125,6000]",37593,0.8745352888004007,0.13023812184024813,0.8966335669492246
RAD_OPERA_HOURLY_RAINFALL_ACCUMULATION_202301211500_patch000,OPT_NORM_ILDW_MULT_ILDW_INIT_LIGHT_JTOTAL_LONG,Solver(ILDW),"(6000,9000]",6818,0.88906993875957,0.661893132102563,0.824876016307339
RAD_OPERA_HOURLY_RAINFALL_ACCUMULATION_202301211500_patch000,OPT_NORM_ILDW_MULT_ILDW_INIT_LIGHT_JTOTAL_LONG,Solver(ILDW),>9000,1654,0.8930361074920838,0.7980072881030921,0.9035353325173441
RAD_OPERA_HOURLY_RAINFALL_ACCUMULATION_202301211800_patch000,OPT_NORM_ILDW_MULT_ILDW_INIT_LIGHT_JTOTAL_LONG,Solver(ILDW),≤125,3690,0.3178243298387832,0.0013338106856229633,0.9606873601913503
RAD_OPERA_HOURLY_RAINFALL_ACCUMULATION_202301211800_patch000,OPT_NORM_ILDW_MULT_ILDW_INIT_LIGHT_JTOTAL_LONG,Solver(ILDW),"(125,375]",14314,0.3579451488255251,-0.023672614614708733,0.9596552637175989
RAD_OPERA_HOURLY_RAINFALL_ACCUMULATION_202301211800_patch000,OPT_NORM_ILDW_MULT_ILDW_INIT_LIGHT_JTOTAL_LONG,Solver(ILDW),"(375,750]",21246,0.49203924295000956,-0.08090926857437616,0.9439498328929027
RAD_OPERA_HOURLY_RAINFALL_ACCUMULATION_202301211800_patch000,OPT_NORM_ILDW_MULT_ILDW_INIT_LIGHT_JTOTAL_LONG,Solver(ILDW),"(750,1500]",39504,0.6832648430923695,-0.1486289980500392,0.8966993126087279
RAD_OPERA_HOURLY_RAINFALL_ACCUMULATION_202301211800_patch000,OPT_NORM_ILDW_MULT_ILDW_INIT_LIGHT_JTOTAL_LONG,Solver(ILDW),"(1500,3125]",66874,0.9711840522953686,-0.20981213829468057,0.7865524776487062
RAD_OPERA_HOURLY_RAINFALL_ACCUMULATION_202301211800_patch000,OPT_NORM_ILDW_MULT_ILDW_INIT_LIGHT_JTOTAL_LONG,Solver(ILDW),"(3125,6000]",32140,1.117373411946044,-0.0806510840726329,0.6443623692639062
RAD_OPERA_HOURLY_RAINFALL_ACCUMULATION_202301211800_patch000,OPT_NORM_ILDW_MULT_ILDW_INIT_LIGHT_JTOTAL_LONG,Solver(ILDW),"(6000,9000]",1432,1.297202962419302,-0.1800815873888618,0.19470954838865698
RAD_OPERA_HOURLY_RAINFALL_ACCUMULATION_202301211900_patch000,OPT_NORM_ILDW_MULT_ILDW_INIT_LIGHT_JTOTAL_LONG,Solver(ILDW),≤125,5624,0.39001033735709667,0.020198436283936673,0.9568518020997593
RAD_OPERA_HOURLY_RAINFALL_ACCUMULATION_202301211900_patch000,OPT_NORM_ILDW_MULT_ILDW_INIT_LIGHT_JTOTAL_LONG,Solver(ILDW),"(125,375]",21915,0.42293149273268,-0.014048487179549447,0.9574546838753266
RAD_OPERA_HOURLY_RAINFALL_ACCUMULATION_202301211900_patch000,OPT_NORM_ILDW_MULT_ILDW_INIT_LIGHT_JTOTAL_LONG,Solver(ILDW),"(375,750]",34783,0.5289965435289564,-0.046068520885912456,0.9429875619731239
RAD_OPERA_HOURLY_RAINFALL_ACCUMULATION_202301211900_patch000,OPT_NORM_ILDW_MULT_ILDW_INIT_LIGHT_JTOTAL_LONG,Solver(ILDW),"(750,1500]",66652,0.6928323800269893,-0.07783168338309832,0.9131802512517904
RAD_OPERA_HOURLY_RAINFALL_ACCUMULATION_202301211900_patch000,OPT_NORM_ILDW_MULT_ILDW_INIT_LIGHT_JTOTAL_LONG,Solver(ILDW),"(1500,3125]",114198,1.0802627000801444,-0.22730160186095721,0.8176560955849271
RAD_OPERA_HOURLY_RAINFALL_ACCUMULATION_202301211900_patch000,OPT_NORM_ILDW_MULT_ILDW_INIT_LIGHT_JTOTAL_LONG,Solver(ILDW),"(3125,6000]",59909,1.3663223419907653,-0.2970953731243057,0.7650051771920997
RAD_OPERA_HOURLY_RAINFALL_ACCUMULATION_202301211900_patch000,OPT_NORM_ILDW_MULT_ILDW_INIT_LIGHT_JTOTAL_LONG,Solver(ILDW),"(6000,9000]",1303,1.02876556877991,-0.27799486966974446,0.9258695181935149
RAD_OPERA_HOURLY_RAINFALL_ACCUMULATION_202301211900_patch001,OPT_NORM_ILDW_MULT_ILDW_INIT_LIGHT_JTOTAL_LONG,Solver(ILDW),≤125,4911,0.36136796950173755,0.004929657136344449,0.966278818647572
RAD_OPERA_HOURLY_RAINFALL_ACCUMULATION_202301211900_patch001,OPT_NORM_ILDW_MULT_ILDW_INIT_LIGHT_JTOTAL_LONG,Solver(ILDW),"(125,375]",18873,0.3874410492936219,0.008563056020957834,0.9651875725977672
RAD_OPERA_HOURLY_RAINFALL_ACCUMULATION_202301211900_patch001,OPT_NORM_ILDW_MULT_ILDW_INIT_LIGHT_JTOTAL_LONG,Solver(ILDW),"(375,750]",29125,0.5071697118157075,-0.008632423566475417,0.951845550743211
RAD_OPERA_HOURLY_RAINFALL_ACCUMULATION_202301211900_patch001,OPT_NORM_ILDW_MULT_ILDW_INIT_LIGHT_JTOTAL_LONG,Solver(ILDW),"(750,1500]",55476,0.7506963950690214,-0.0784708507160364,0.9150368508751296
RAD_OPERA_HOURLY_RAINFALL_ACCUMULATION_202301211900_patch001,OPT_NORM_ILDW_MULT_ILDW_INIT_LIGHT_JTOTAL_LONG,Solver(ILDW),"(1500,3125]",96752,1.0854264862420695,-0.23485909392799847,0.8535628117713137
RAD_OPERA_HOURLY_RAINFALL_ACCUMULATION_202301211900_patch001,OPT_NORM_ILDW_MULT_ILDW_INIT_LIGHT_JTOTAL_LONG,Solver(ILDW),"(3125,6000]",57530,1.3574917508885935,-0.3910774604801115,0.7218336206752667
RAD_OPERA_HOURLY_RAINFALL_ACCUMULATION_202301211900_patch001,OPT_NORM_ILDW_MULT_ILDW_INIT_LIGHT_JTOTAL_LONG,Solver(ILDW),"(6000,9000]",5827,1.9811417925670547,-0.9905212161027473,0.05488469880199896
RAD_OPERA_HOURLY_RAINFALL_ACCUMULATION_202301211900_patch001,OPT_NORM_ILDW_MULT_ILDW_INIT_LIGHT_JTOTAL_LONG,Solver(ILDW),>9000,306,2.180756417966032,-1.6085798740386963,-0.9619557420525477
RAD_OPERA_HOURLY_RAINFALL_ACCUMULATION_202301212300_patch000,OPT_NORM_ILDW_MULT_ILDW_INIT_LIGHT_JTOTAL_LONG,Solver(ILDW),≤125,4692,0.23906400332624483,-0.00523986786807183,0.9925778988367319
RAD_OPERA_HOURLY_RAINFALL_ACCUMULATION_202301212300_patch000,OPT_NORM_ILDW_MULT_ILDW_INIT_LIGHT_JTOTAL_LONG,Solver(ILDW),"(125,375]",17503,0.2760569598523953,-0.008567581209177182,0.989124712840301
RAD_OPERA_HOURLY_RAINFALL_ACCUMULATION_202301212300_patch000,OPT_NORM_ILDW_MULT_ILDW_INIT_LIGHT_JTOTAL_LONG,Solver(ILDW),"(375,750]",25922,0.35946773150967426,-0.008551727931225946,0.978759839169503
RAD_OPERA_HOURLY_RAINFALL_ACCUMULATION_202301212300_patch000,OPT_NORM_ILDW_MULT_ILDW_INIT_LIGHT_JTOTAL_LONG,Solver(ILDW),"(750,1500]",47008,0.44155782790032755,0.005072831943342075,0.9587155646088095
RAD_OPERA_HOURLY_RAINFALL_ACCUMULATION_202301212300_patch000,OPT_NORM_ILDW_MULT_ILDW_INIT_LIGHT_JTOTAL_LONG,Solver(ILDW),"(1500,3125]",81012,0.6277698171035067,-0.04502042560197922,0.9083680182148726
RAD_OPERA_HOURLY_RAINFALL_ACCUMULATION_202301212300_patch000,OPT_NORM_ILDW_MULT_ILDW_INIT_LIGHT_JTOTAL_LONG,Solver(ILDW),"(3125,6000]",43894,0.7349661336072968,-0.09560467349375962,0.8810908608302276
RAD_OPERA_HOURLY_RAINFALL_ACCUMULATION_202301212300_patch000,OPT_NORM_ILDW_MULT_ILDW_INIT_LIGHT_JTOTAL_LONG,Solver(ILDW),"(6000,9000]",1153,0.5666523146397516,0.09062295960842374,0.9667368908180668
RAD_OPERA_HOURLY_RAINFALL_ACCUMULATION_202301220000_patch001,OPT_NORM_ILDW_MULT_ILDW_INIT_LIGHT_JTOTAL_LONG,Solver(ILDW),≤125,5230,0.26382976029001554,-0.009579012478856693,0.9943644824046938
RAD_OPERA_HOURLY_RAINFALL_ACCUMULATION_202301220000_patch001,OPT_NORM_ILDW_MULT_ILDW_INIT_LIGHT_JTOTAL_LONG,Solver(ILDW),"(125,375]",20323,0.3222641493326207,-0.012927735138671497,0.9905668648043601
RAD_OPERA_HOURLY_RAINFALL_ACCUMULATION_202301220000_patch001,OPT_NORM_ILDW_MULT_ILDW_INIT_LIGHT_JTOTAL_LONG,Solver(ILDW),"(375,750]",32666,0.43392229919066344,-0.00423301322430031,0.980281773905643
RAD_OPERA_HOURLY_RAINFALL_ACCUMULATION_202301220000_patch001,OPT_NORM_ILDW_MULT_ILDW_INIT_LIGHT_JTOTAL_LONG,Solver(ILDW),"(750,1500]",63206,0.555562733960521,0.015570083953434826,0.9643889178079431
RAD_OPERA_HOURLY_RAINFALL_ACCUMULATION_202301220000_patch001,OPT_NORM_ILDW_MULT_ILDW_INIT_LIGHT_JTOTAL_LONG,Solver(ILDW),"(1500,3125]",104459,0.7873154783436639,0.06264448519721035,0.92802930574369
RAD_OPERA_HOURLY_RAINFALL_ACCUMULATION_202301220000_patch001,OPT_NORM_ILDW_MULT_ILDW_INIT_LIGHT_JTOTAL_LONG,Solver(ILDW),"(3125,6000]",53531,1.1468814458297714,0.03956890493630701,0.8569251521736296
RAD_OPERA_HOURLY_RAINFALL_ACCUMULATION_202301220000_patch001,OPT_NORM_ILDW_MULT_ILDW_INIT_LIGHT_JTOTAL_LONG,Solver(ILDW),"(6000,9000]",5048,1.4156935420436143,1.1146127508028523,0.7491812562093239
RAD_OPERA_HOURLY_RAINFALL_ACCUMULATION_202301220000_patch001,OPT_NORM_ILDW_MULT_ILDW_INIT_LIGHT_JTOTAL_LONG,Solver(ILDW),>9000,2257,0.6148276618216378,0.30414211617986553,-0.35645833575161934
RAD_OPERA_HOURLY_RAINFALL_ACCUMULATION_202301220100_patch001,OPT_NORM_ILDW_MULT_ILDW_INIT_LIGHT_JTOTAL_LONG,Solver(ILDW),≤125,4018,0.22321001890973366,0.009525932825920059,0.9942068646825463
RAD_OPERA_HOURLY_RAINFALL_ACCUMULATION_202301220100_patch001,OPT_NORM_ILDW_MULT_ILDW_INIT_LIGHT_JTOTAL_LONG,Solver(ILDW),"(125,375]",15534,0.2860805516084489,0.009653627350629029,0.9922404271806272
RAD_OPERA_HOURLY_RAINFALL_ACCUMULATION_202301220100_patch001,OPT_NORM_ILDW_MULT_ILDW_INIT_LIGHT_JTOTAL_LONG,Solver(ILDW),"(375,750]",22904,0.4236965902182609,-0.0037045966655892943,0.9859238092800282
RAD_OPERA_HOURLY_RAINFALL_ACCUMULATION_202301220100_patch001,OPT_NORM_ILDW_MULT_ILDW_INIT_LIGHT_JTOTAL_LONG,Solver(ILDW),"(750,1500]",41857,0.593920298085453,0.011375364055444323,0.9755837580907295
RAD_OPERA_HOURLY_RAINFALL_ACCUMULATION_202301220100_patch001,OPT_NORM_ILDW_MULT_ILDW_INIT_LIGHT_JTOTAL_LONG,Solver(ILDW),"(1500,3125]",71355,0.9615958840051234,-0.01181887001930523,0.9433903815998734
RAD_OPERA_HOURLY_RAINFALL_ACCUMULATION_202301220100_patch001,OPT_NORM_ILDW_MULT_ILDW_INIT_LIGHT_JTOTAL_LONG,Solver(ILDW),"(3125,6000]",34056,1.102548162767397,0.28124766719271793,0.9117460992577259
RAD_OPERA_HOURLY_RAINFALL_ACCUMULATION_202301220100_patch001,OPT_NORM_ILDW_MULT_ILDW_INIT_LIGHT_JTOTAL_LONG,Solver(ILDW),"(6000,9000]",3300,0.7520473460308814,0.47489162932291173,0.9703868350100948
RAD_OPERA_HOURLY_RAINFALL_ACCUMULATION_202301221200_patch000,OPT_NORM_ILDW_MULT_ILDW_INIT_LIGHT_JTOTAL_LONG,Solver(ILDW),≤125,5692,0.2030971682219046,0.002241283388139493,0.996519326355063
RAD_OPERA_HOURLY_RAINFALL_ACCUMULATION_202301221200_patch000,OPT_NORM_ILDW_MULT_ILDW_INIT_LIGHT_JTOTAL_LONG,Solver(ILDW),"(125,375]",22509,0.28326352666497867,-0.0027399187515087958,0.9942641334427599
RAD_OPERA_HOURLY_RAINFALL_ACCUMULATION_202301221200_patch000,OPT_NORM_ILDW_MULT_ILDW_INIT_LIGHT_JTOTAL_LONG,Solver(ILDW),"(375,750]",37533,0.38066620512619476,-0.014976084625772114,0.9917527440789002
RAD_OPERA_HOURLY_RAINFALL_ACCUMULATION_202301221200_patch000,OPT_NORM_ILDW_MULT_ILDW_INIT_LIGHT_JTOTAL_LONG,Solver(ILDW),"(750,1500]",75522,0.5130538556632888,-0.00936217593301773,0.9835196377669805
RAD_OPERA_HOURLY_RAINFALL_ACCUMULATION_202301221200_patch000,OPT_NORM_ILDW_MULT_ILDW_INIT_LIGHT_JTOTAL_LONG,Solver(ILDW),"(1500,3125]",133266,0.7053959605368286,0.010876194344815574,0.9526984712188545
RAD_OPERA_HOURLY_RAINFALL_ACCUMULATION_202301221200_patch000,OPT_NORM_ILDW_MULT_ILDW_INIT_LIGHT_JTOTAL_LONG,Solver(ILDW),"(3125,6000]",68969,1.0905327607445883,0.1833659981538425,0.8575698154328709
RAD_OPERA_HOURLY_RAINFALL_ACCUMULATION_202301221200_patch000,OPT_NORM_ILDW_MULT_ILDW_INIT_LIGHT_JTOTAL_LONG,Solver(ILDW),"(6000,9000]",8879,1.6579237458978129,1.1085869916499178,0.6001939428532559
RAD_OPERA_HOURLY_RAINFALL_ACCUMULATION_202301221200_patch000,OPT_NORM_ILDW_MULT_ILDW_INIT_LIGHT_JTOTAL_LONG,Solver(ILDW),>9000,2446,0.7865578626085558,0.6709931978707614,0.7435696224251492
RAD_OPERA_HOURLY_RAINFALL_ACCUMULATION_202301222100_patch000,OPT_NORM_ILDW_MULT_ILDW_INIT_LIGHT_JTOTAL_LONG,Solver(ILDW),≤125,3783,0.48135003490873846,0.003350600104482095,0.9779902648173469
RAD_OPERA_HOURLY_RAINFALL_ACCUMULATION_202301222100_patch000,OPT_NORM_ILDW_MULT_ILDW_INIT_LIGHT_JTOTAL_LONG,Solver(ILDW),"(125,375]",14906,0.5074697057858149,-0.004437033810967405,0.9760246269699323
RAD_OPERA_HOURLY_RAINFALL_ACCUMULATION_202301222100_patch000,OPT_NORM_ILDW_MULT_ILDW_INIT_LIGHT_JTOTAL_LONG,Solver(ILDW),"(375,750]",22509,0.6302346146299512,-0.06693855730777265,0.968264562796533
RAD_OPERA_HOURLY_RAINFALL_ACCUMULATION_202301222100_patch000,OPT_NORM_ILDW_MULT_ILDW_INIT_LIGHT_JTOTAL_LONG,Solver(ILDW),"(750,1500]",41257,0.9326519970976718,-0.22752614906743668,0.9527278483505525
RAD_OPERA_HOURLY_RAINFALL_ACCUMULATION_202301222100_patch000,OPT_NORM_ILDW_MULT_ILDW_INIT_LIGHT_JTOTAL_LONG,Solver(ILDW),"(1500,3125]",66625,1.3756287562096616,-0.38991270716599236,0.9176981936678101
RAD_OPERA_HOURLY_RAINFALL_ACCUMULATION_202301222100_patch000,OPT_NORM_ILDW_MULT_ILDW_INIT_LIGHT_JTOTAL_LONG,Solver(ILDW),"(3125,6000]",34002,1.4727309408610696,-0.18485930397546613,0.8985819999937396
RAD_OPERA_HOURLY_RAINFALL_ACCUMULATION_202301222100_patch000,OPT_NORM_ILDW_MULT_ILDW_INIT_LIGHT_JTOTAL_LONG,Solver(ILDW),"(6000,9000]",3286,1.178088773935015,0.5532777253970588,0.9093503219021539
RAD_OPERA_HOURLY_RAINFALL_ACCUMULATION_202301230100_patch000,OPT_NORM_ILDW_MULT_ILDW_INIT_LIGHT_JTOTAL_LONG,Solver(ILDW),≤125,4445,0.32749207803825736,-0.006696168366880186,0.989349928410325
RAD_OPERA_HOURLY_RAINFALL_ACCUMULATION_202301230100_patch000,OPT_NORM_ILDW_MULT_ILDW_INIT_LIGHT_JTOTAL_LONG,Solver(ILDW),"(125,375]",17833,0.43948806115024625,0.02048329481260877,0.9778392912992798
RAD_OPERA_HOURLY_RAINFALL_ACCUMULATION_202301230100_patch000,OPT_NORM_ILDW_MULT_ILDW_INIT_LIGHT_JTOTAL_LONG,Solver(ILDW),"(375,750]",28225,0.5566423924200755,0.02760014150770289,0.9605526762090867
RAD_OPERA_HOURLY_RAINFALL_ACCUMULATION_202301230100_patch000,OPT_NORM_ILDW_MULT_ILDW_INIT_LIGHT_JTOTAL_LONG,Solver(ILDW),"(750,1500]",52717,0.7235315679203387,0.038241740242059306,0.9334842460113549
RAD_OPERA_HOURLY_RAINFALL_ACCUMULATION_202301230100_patch000,OPT_NORM_ILDW_MULT_ILDW_INIT_LIGHT_JTOTAL_LONG,Solver(ILDW),"(1500,3125]",84234,0.9815793617794032,0.04090638309707282,0.8829925996490811
RAD_OPERA_HOURLY_RAINFALL_ACCUMULATION_202301230100_patch000,OPT_NORM_ILDW_MULT_ILDW_INIT_LIGHT_JTOTAL_LONG,Solver(ILDW),"(3125,6000]",43953,1.1591220862774794,0.22894968154763018,0.8191888233730298
RAD_OPERA_HOURLY_RAINFALL_ACCUMULATION_202301230100_patch000,OPT_NORM_ILDW_MULT_ILDW_INIT_LIGHT_JTOTAL_LONG,Solver(ILDW),"(6000,9000]",5580,1.5423239142742458,1.2199531639772585,0.7148048292565002
RAD_OPERA_HOURLY_RAINFALL_ACCUMULATION_202301230100_patch000,OPT_NORM_ILDW_MULT_ILDW_INIT_LIGHT_JTOTAL_LONG,Solver(ILDW),>9000,1093,1.9595614186685153,1.8024040088671014,0.8410730224330509
RAD_OPERA_HOURLY_RAINFALL_ACCUMULATION_202301230600_patch003,OPT_NORM_ILDW_MULT_ILDW_INIT_LIGHT_JTOTAL_LONG,Solver(ILDW),≤125,5253,0.16972908196206613,-0.0010621836928442594,0.9888513498301844
RAD_OPERA_HOURLY_RAINFALL_ACCUMULATION_202301230600_patch003,OPT_NORM_ILDW_MULT_ILDW_INIT_LIGHT_JTOTAL_LONG,Solver(ILDW),"(125,375]",20266,0.19865963703406803,0.008367373743803589,0.9847972204280243
RAD_OPERA_HOURLY_RAINFALL_ACCUMULATION_202301230600_patch003,OPT_NORM_ILDW_MULT_ILDW_INIT_LIGHT_JTOTAL_LONG,Solver(ILDW),"(375,750]",31845,0.25797909718053,0.014216409753004934,0.97779593729134
RAD_OPERA_HOURLY_RAINFALL_ACCUMULATION_202301230600_patch003,OPT_NORM_ILDW_MULT_ILDW_INIT_LIGHT_JTOTAL_LONG,Solver(ILDW),"(750,1500]",60657,0.371860394225438,0.00831000252788989,0.9641761915364448
RAD_OPERA_HOURLY_RAINFALL_ACCUMULATION_202301230600_patch003,OPT_NORM_ILDW_MULT_ILDW_INIT_LIGHT_JTOTAL_LONG,Solver(ILDW),"(1500,3125]",99992,0.4926693999831966,0.004315218775486868,0.9525232289686433
RAD_OPERA_HOURLY_RAINFALL_ACCUMULATION_202301230600_patch003,OPT_NORM_ILDW_MULT_ILDW_INIT_LIGHT_JTOTAL_LONG,Solver(ILDW),"(3125,6000]",48778,0.6955359080961595,0.05483965008767838,0.9281244511179653
RAD_OPERA_HOURLY_RAINFALL_ACCUMULATION_202301230600_patch003,OPT_NORM_ILDW_MULT_ILDW_INIT_LIGHT_JTOTAL_LONG,Solver(ILDW),"(6000,9000]",2009,1.045730421717606,0.6203699694782303,0.8852735486653205
RAD_OPERA_HOURLY_RAINFALL_ACCUMULATION_202301231200_patch001,OPT_NORM_ILDW_MULT_ILDW_INIT_LIGHT_JTOTAL_LONG,Solver(ILDW),≤125,5395,0.13439241611504493,0.0022671688075304253,0.9891845146294818
RAD_OPERA_HOURLY_RAINFALL_ACCUMULATION_202301231200_patch001,OPT_NORM_ILDW_MULT_ILDW_INIT_LIGHT_JTOTAL_LONG,Solver(ILDW),"(125,375]",21090,0.14900494683844784,-0.0013854971495551936,0.9877390298454929
RAD_OPERA_HOURLY_RAINFALL_ACCUMULATION_202301231200_patch001,OPT_NORM_ILDW_MULT_ILDW_INIT_LIGHT_JTOTAL_LONG,Solver(ILDW),"(375,750]",34488,0.18510326172501637,-0.003933455843009215,0.9806570739313821
RAD_OPERA_HOURLY_RAINFALL_ACCUMULATION_202301231200_patch001,OPT_NORM_ILDW_MULT_ILDW_INIT_LIGHT_JTOTAL_LONG,Solver(ILDW),"(750,1500]",67771,0.2503586578301043,0.0059808174190005715,0.9671340926412637
RAD_OPERA_HOURLY_RAINFALL_ACCUMULATION_202301231200_patch001,OPT_NORM_ILDW_MULT_ILDW_INIT_LIGHT_JTOTAL_LONG,Solver(ILDW),"(1500,3125]",115766,0.3978156848956011,-0.005046208218986563,0.9326643697249487
RAD_OPERA_HOURLY_RAINFALL_ACCUMULATION_202301231200_patch001,OPT_NORM_ILDW_MULT_ILDW_INIT_LIGHT_JTOTAL_LONG,Solver(ILDW),"(3125,6000]",63094,0.5062712371324946,0.07007758353407617,0.930346228917908
RAD_OPERA_HOURLY_RAINFALL_ACCUMULATION_202301231200_patch001,OPT_NORM_ILDW_MULT_ILDW_INIT_LIGHT_JTOTAL_LONG,Solver(ILDW),"(6000,9000]",4971,0.6802301209402091,0.45067912232849444,0.9113453241605011
RAD_OPERA_HOURLY_RAINFALL_ACCUMULATION_202301231200_patch001,OPT_NORM_ILDW_MULT_ILDW_INIT_LIGHT_JTOTAL_LONG,Solver(ILDW),>9000,1,0.7230477333068848,0.7230477333068848,
RAD_OPERA_HOURLY_RAINFALL_ACCUMULATION_202301231200_patch002,OPT_NORM_ILDW_MULT_ILDW_INIT_LIGHT_JTOTAL_LONG,Solver(ILDW),≤125,4808,0.23315081010008076,-0.00403208992197589,0.9961632971216232
RAD_OPERA_HOURLY_RAINFALL_ACCUMULATION_202301231200_patch002,OPT_NORM_ILDW_MULT_ILDW_INIT_LIGHT_JTOTAL_LONG,Solver(ILDW),"(125,375]",19791,0.2617902285242858,-0.010842482015534954,0.9944364698681224
RAD_OPERA_HOURLY_RAINFALL_ACCUMULATION_202301231200_patch002,OPT_NORM_ILDW_MULT_ILDW_INIT_LIGHT_JTOTAL_LONG,Solver(ILDW),"(375,750]",33541,0.309044463105273,-0.01723038295912496,0.9908639780175708
RAD_OPERA_HOURLY_RAINFALL_ACCUMULATION_202301231200_patch002,OPT_NORM_ILDW_MULT_ILDW_INIT_LIGHT_JTOTAL_LONG,Solver(ILDW),"(750,1500]",70004,0.386289421219375,-0.020559072804007556,0.9839665387067785
RAD_OPERA_HOURLY_RAINFALL_ACCUMULATION_202301231200_patch002,OPT_NORM_ILDW_MULT_ILDW_INIT_LIGHT_JTOTAL_LONG,Solver(ILDW),"(1500,3125]",130131,0.47748288308997555,0.01603578301704929,0.9657218106894834
RAD_OPERA_HOURLY_RAINFALL_ACCUMULATION_202301231200_patch002,OPT_NORM_ILDW_MULT_ILDW_INIT_LIGHT_JTOTAL_LONG,Solver(ILDW),"(3125,6000]",65641,0.6271079362292505,0.11757716999667644,0.9165088859191742
RAD_OPERA_HOURLY_RAINFALL_ACCUMULATION_202301231200_patch002,OPT_NORM_ILDW_MULT_ILDW_INIT_LIGHT_JTOTAL_LONG,Solver(ILDW),"(6000,9000]",5637,0.36251460170330857,0.11472727447954374,0.8425212833714458
RAD_OPERA_HOURLY_RAINFALL_ACCUMULATION_202301231200_patch002,OPT_NORM_ILDW_MULT_ILDW_INIT_LIGHT_JTOTAL_LONG,Solver(ILDW),>9000,175,0.3331796147081259,0.2570982197352818,-0.035897720221256264
RAD_OPERA_HOURLY_RAINFALL_ACCUMULATION_202301231200_patch003,OPT_NORM_ILDW_MULT_ILDW_INIT_LIGHT_JTOTAL_LONG,Solver(ILDW),≤125,5159,0.8275357974292287,-0.024832537093898054,0.9905155473148499
RAD_OPERA_HOURLY_RAINFALL_ACCUMULATION_202301231200_patch003,OPT_NORM_ILDW_MULT_ILDW_INIT_LIGHT_JTOTAL_LONG,Solver(ILDW),"(125,375]",19586,0.9700176882600571,0.00013504188984025446,0.9865610566510653
RAD_OPERA_HOURLY_RAINFALL_ACCUMULATION_202301231200_patch003,OPT_NORM_ILDW_MULT_ILDW_INIT_LIGHT_JTOTAL_LONG,Solver(ILDW),"(375,750]",29988,1.3660649020089937,0.07257021431487522,0.9733292925772778
RAD_OPERA_HOURLY_RAINFALL_ACCUMULATION_202301231200_patch003,OPT_NORM_ILDW_MULT_ILDW_INIT_LIGHT_JTOTAL_LONG,Solver(ILDW),"(750,1500]",56176,2.0835071289401434,0.2009899004787965,0.9171118729883848
RAD_OPERA_HOURLY_RAINFALL_ACCUMULATION_202301231200_patch003,OPT_NORM_ILDW_MULT_ILDW_INIT_LIGHT_JTOTAL_LONG,Solver(ILDW),"(1500,3125]",95580,2.506362853118849,0.6313585823010518,0.8064636134602142
RAD_OPERA_HOURLY_RAINFALL_ACCUMULATION_202301231200_patch003,OPT_NORM_ILDW_MULT_ILDW_INIT_LIGHT_JTOTAL_LONG,Solver(ILDW),"(3125,6000]",56911,2.980573183849756,0.9673013479847915,0.5921077815475654
RAD_OPERA_HOURLY_RAINFALL_ACCUMULATION_202301231200_patch003,OPT_NORM_ILDW_MULT_ILDW_INIT_LIGHT_JTOTAL_LONG,Solver(ILDW),"(6000,9000]",8318,1.851713234393288,-0.08659333802950818,0.3666638739828709
RAD_OPERA_HOURLY_RAINFALL_ACCUMULATION_202301231200_patch003,OPT_NORM_ILDW_MULT_ILDW_INIT_LIGHT_JTOTAL_LONG,Solver(ILDW),>9000,666,0.7882409192731649,0.34597009264475276,0.21520479694079853
RAD_OPERA_HOURLY_RAINFALL_ACCUMULATION_202301231300_patch001,OPT_NORM_ILDW_MULT_ILDW_INIT_LIGHT_JTOTAL_LONG,Solver(ILDW),≤125,5511,2.078834466830652,0.03657995168211084,0.9255428203870223
RAD_OPERA_HOURLY_RAINFALL_ACCUMULATION_202301231300_patch001,OPT_NORM_ILDW_MULT_ILDW_INIT_LIGHT_JTOTAL_LONG,Solver(ILDW),"(125,375]",21364,2.3602498502787057,0.04543249688875683,0.9141685377822077
RAD_OPERA_HOURLY_RAINFALL_ACCUMULATION_202301231300_patch001,OPT_NORM_ILDW_MULT_ILDW_INIT_LIGHT_JTOTAL_LONG,Solver(ILDW),"(375,750]",33423,2.859614475259547,-0.014485819238341144,0.9079751824089779
RAD_OPERA_HOURLY_RAINFALL_ACCUMULATION_202301231300_patch001,OPT_NORM_ILDW_MULT_ILDW_INIT_LIGHT_JTOTAL_LONG,Solver(ILDW),"(750,1500]",63975,4.1953752004258265,-0.17497851594295283,0.8522527314066781
RAD_OPERA_HOURLY_RAINFALL_ACCUMULATION_202301231300_patch001,OPT_NORM_ILDW_MULT_ILDW_INIT_LIGHT_JTOTAL_LONG,Solver(ILDW),"(1500,3125]",114461,5.51564103104594,-0.4193716218934765,0.8162457387375547
RAD_OPERA_HOURLY_RAINFALL_ACCUMULATION_202301231300_patch001,OPT_NORM_ILDW_MULT_ILDW_INIT_LIGHT_JTOTAL_LONG,Solver(ILDW),"(3125,6000]",64360,3.942654599760699,-0.012032402533897191,0.8283426245416632
RAD_OPERA_HOURLY_RAINFALL_ACCUMULATION_202301231300_patch001,OPT_NORM_ILDW_MULT_ILDW_INIT_LIGHT_JTOTAL_LONG,Solver(ILDW),"(6000,9000]",3082,1.3457679317018756,0.5568170399808808,0.6794486725475563
RAD_OPERA_HOURLY_RAINFALL_ACCUMULATION_202301231400_patch002,OPT_NORM_ILDW_MULT_ILDW_INIT_LIGHT_JTOTAL_LONG,Solver(ILDW),≤125,5874,0.0961331953409106,-0.0005091789996985233,0.9936688348043128
RAD_OPERA_HOURLY_RAINFALL_ACCUMULATION_202301231400_patch002,OPT_NORM_ILDW_MULT_ILDW_INIT_LIGHT_JTOTAL_LONG,Solver(ILDW),"(125,375]",23308,0.11425115493675067,0.001967393750491387,0.9911146033238297
RAD_OPERA_HOURLY_RAINFALL_ACCUMULATION_202301231400_patch002,OPT_NORM_ILDW_MULT_ILDW_INIT_LIGHT_JTOTAL_LONG,Solver(ILDW),"(375,750]",37553,0.16095499957079928,0.0013833336451366427,0.9839474757085339
RAD_OPERA_HOURLY_RAINFALL_ACCUMULATION_202301231400_patch002,OPT_NORM_ILDW_MULT_ILDW_INIT_LIGHT_JTOTAL_LONG,Solver(ILDW),"(750,1500]",71261,0.22063674271361938,-0.00334375183765082,0.9740955672508
RAD_OPERA_HOURLY_RAINFALL_ACCUMULATION_202301231400_patch002,OPT_NORM_ILDW_MULT_ILDW_INIT_LIGHT_JTOTAL_LONG,Solver(ILDW),"(1500,3125]",123639,0.3296464410322817,-0.028681238020849698,0.9472748650746412
RAD_OPERA_HOURLY_RAINFALL_ACCUMULATION_202301231400_patch002,OPT_NORM_ILDW_MULT_ILDW_INIT_LIGHT_JTOTAL_LONG,Solver(ILDW),"(3125,6000]",70303,0.4577994620985606,-0.0990117595926358,0.9144738663167995
RAD_OPERA_HOURLY_RAINFALL_ACCUMULATION_202301231400_patch002,OPT_NORM_ILDW_MULT_ILDW_INIT_LIGHT_JTOTAL_LONG,Solver(ILDW),"(6000,9000]",3934,0.39370195279193004,0.12264199576889372,0.7835177693514461
RAD_OPERA_HOURLY_RAINFALL_ACCUMULATION_202301231400_patch003,OPT_NORM_ILDW_MULT_ILDW_INIT_LIGHT_JTOTAL_LONG,Solver(ILDW),≤125,4953,0.1095672218035431,0.0028929745587776964,0.9925984211090659
RAD_OPERA_HOURLY_RAINFALL_ACCUMULATION_202301231400_patch003,OPT_NORM_ILDW_MULT_ILDW_INIT_LIGHT_JTOTAL_LONG,Solver(ILDW),"(125,375]",20410,0.12918712614349726,0.005003313259538747,0.9899186938872981
RAD_OPERA_HOURLY_RAINFALL_ACCUMULATION_202301231400_patch003,OPT_NORM_ILDW_MULT_ILDW_INIT_LIGHT_JTOTAL_LONG,Solver(ILDW),"(375,750]",34665,0.17626270073919786,0.006829742177918964,0.9839770232061
RAD_OPERA_HOURLY_RAINFALL_ACCUMULATION_202301231400_patch003,OPT_NORM_ILDW_MULT_ILDW_INIT_LIGHT_JTOTAL_LONG,Solver(ILDW),"(750,1500]",72194,0.2354208241453232,0.008607337925164433,0.9727055485246493
RAD_OPERA_HOURLY_RAINFALL_ACCUMULATION_202301231400_patch003,OPT_NORM_ILDW_MULT_ILDW_INIT_LIGHT_JTOTAL_LONG,Solver(ILDW),"(1500,3125]",134690,0.3134939911535552,0.0182793319904598,0.9506411415403538
RAD_OPERA_HOURLY_RAINFALL_ACCUMULATION_202301231400_patch003,OPT_NORM_ILDW_MULT_ILDW_INIT_LIGHT_JTOTAL_LONG,Solver(ILDW),"(3125,6000]",66872,0.4762625615852571,0.07283045942364219,0.8874451401897426
RAD_OPERA_HOURLY_RAINFALL_ACCUMULATION_202301231400_patch003,OPT_NORM_ILDW_MULT_ILDW_INIT_LIGHT_JTOTAL_LONG,Solver(ILDW),"(6000,9000]",7545,0.5914687632451987,0.36924292957095456,0.5876650268641895
RAD_OPERA_HOURLY_RAINFALL_ACCUMULATION_202301231400_patch003,OPT_NORM_ILDW_MULT_ILDW_INIT_LIGHT_JTOTAL_LONG,Solver(ILDW),>9000,175,0.4893411428474337,0.48859926632472445,0.10473826430710853
RAD_OPERA_HOURLY_RAINFALL_ACCUMULATION_202301231600_patch001,OPT_NORM_ILDW_MULT_ILDW_INIT_LIGHT_JTOTAL_LONG,Solver(ILDW),≤125,4914,0.18774185448200603,0.00014378101931483852,0.9935170348205868
RAD_OPERA_HOURLY_RAINFALL_ACCUMULATION_202301231600_patch001,OPT_NORM_ILDW_MULT_ILDW_INIT_LIGHT_JTOTAL_LONG,Solver(ILDW),"(125,375]",20085,0.20317497164580078,0.00465320757974402,0.9925293603600807
RAD_OPERA_HOURLY_RAINFALL_ACCUMULATION_202301231600_patch001,OPT_NORM_ILDW_MULT_ILDW_INIT_LIGHT_JTOTAL_LONG,Solver(ILDW),"(375,750]",33153,0.2528069506457641,0.013824948549910671,0.9896091213589856
RAD_OPERA_HOURLY_RAINFALL_ACCUMULATION_202301231600_patch001,OPT_NORM_ILDW_MULT_ILDW_INIT_LIGHT_JTOTAL_LONG,Solver(ILDW),"(750,1500]",65856,0.35333037944946105,0.0062298191963822604,0.9837630730547962
RAD_OPERA_HOURLY_RAINFALL_ACCUMULATION_202301231600_patch001,OPT_NORM_ILDW_MULT_ILDW_INIT_LIGHT_JTOTAL_LONG,Solver(ILDW),"(1500,3125]",111781,0.5051237577379769,0.02126319121796583,0.9738966807196416
RAD_OPERA_HOURLY_RAINFALL_ACCUMULATION_202301231600_patch001,OPT_NORM_ILDW_MULT_ILDW_INIT_LIGHT_JTOTAL_LONG,Solver(ILDW),"(3125,6000]",56017,0.7260709334972395,0.1658921720761681,0.9622696846590366
RAD_OPERA_HOURLY_RAINFALL_ACCUMULATION_202301231600_patch001,OPT_NORM_ILDW_MULT_ILDW_INIT_LIGHT_JTOTAL_LONG,Solver(ILDW),"(6000,9000]",8106,0.8493307583295705,0.6109228643986022,0.912627764652112
RAD_OPERA_HOURLY_RAINFALL_ACCUMULATION_202301231600_patch001,OPT_NORM_ILDW_MULT_ILDW_INIT_LIGHT_JTOTAL_LONG,Solver(ILDW),>9000,1656,0.61524426207241,0.5650006478679352,-0.1256613770146086
RAD_OPERA_HOURLY_RAINFALL_ACCUMULATION_202301231700_patch000,OPT_NORM_ILDW_MULT_ILDW_INIT_LIGHT_JTOTAL_LONG,Solver(ILDW),≤125,5269,0.1999418058575095,-0.005949842810212242,0.9935215793759813
RAD_OPERA_HOURLY_RAINFALL_ACCUMULATION_202301231700_patch000,OPT_NORM_ILDW_MULT_ILDW_INIT_LIGHT_JTOTAL_LONG,Solver(ILDW),"(125,375]",20368,0.22240187762657662,0.001529742296761705,0.9914821791765287
RAD_OPERA_HOURLY_RAINFALL_ACCUMULATION_202301231700_patch000,OPT_NORM_ILDW_MULT_ILDW_INIT_LIGHT_JTOTAL_LONG,Solver(ILDW),"(375,750]",32124,0.27369691288791725,0.0011672896582713506,0.9882763563230894
RAD_OPERA_HOURLY_RAINFALL_ACCUMULATION_202301231700_patch000,OPT_NORM_ILDW_MULT_ILDW_INIT_LIGHT_JTOTAL_LONG,Solver(ILDW),"(750,1500]",61468,0.34609269456877284,0.002500554559804587,0.9827741717509919
RAD_OPERA_HOURLY_RAINFALL_ACCUMULATION_202301231700_patch000,OPT_NORM_ILDW_MULT_ILDW_INIT_LIGHT_JTOTAL_LONG,Solver(ILDW),"(1500,3125]",104182,0.5296326963552483,0.006481928441891853,0.9682685443600233
RAD_OPERA_HOURLY_RAINFALL_ACCUMULATION_202301231700_patch000,OPT_NORM_ILDW_MULT_ILDW_INIT_LIGHT_JTOTAL_LONG,Solver(ILDW),"(3125,6000]",59655,0.7048247539081419,0.09433796177997182,0.9581737105010694
RAD_OPERA_HOURLY_RAINFALL_ACCUMULATION_202301231700_patch000,OPT_NORM_ILDW_MULT_ILDW_INIT_LIGHT_JTOTAL_LONG,Solver(ILDW),"(6000,9000]",8108,0.9946932670905391,0.5152586078364081,0.8728301525404905
RAD_OPERA_HOURLY_RAINFALL_ACCUMULATION_202301231700_patch000,OPT_NORM_ILDW_MULT_ILDW_INIT_LIGHT_JTOTAL_LONG,Solver(ILDW),>9000,666,0.7466366429318622,0.5312384889201001,0.965059611569535
RAD_OPERA_HOURLY_RAINFALL_ACCUMULATION_202301231900_patch000,OPT_NORM_ILDW_MULT_ILDW_INIT_LIGHT_JTOTAL_LONG,Solver(ILDW),≤125,5065,0.21779602243461654,-0.0011497617988807662,0.9941719244242526
RAD_OPERA_HOURLY_RAINFALL_ACCUMULATION_202301231900_patch000,OPT_NORM_ILDW_MULT_ILDW_INIT_LIGHT_JTOTAL_LONG,Solver(ILDW),"(125,375]",20812,0.2531208806848182,-0.0075341095158398185,0.9927183792271781
RAD_OPERA_HOURLY_RAINFALL_ACCUMULATION_202301231900_patch000,OPT_NORM_ILDW_MULT_ILDW_INIT_LIGHT_JTOTAL_LONG,Solver(ILDW),"(375,750]",35015,0.3360777646386109,0.00345365747651951,0.9878705683595919
RAD_OPERA_HOURLY_RAINFALL_ACCUMULATION_202301231900_patch000,OPT_NORM_ILDW_MULT_ILDW_INIT_LIGHT_JTOTAL_LONG,Solver(ILDW),"(750,1500]",71144,0.41772419915963804,0.025310176273354003,0.9818384618218811
RAD_OPERA_HOURLY_RAINFALL_ACCUMULATION_202301231900_patch000,OPT_NORM_ILDW_MULT_ILDW_INIT_LIGHT_JTOTAL_LONG,Solver(ILDW),"(1500,3125]",125239,0.5370713743811858,0.031819430468224046,0.9722451729815579
RAD_OPERA_HOURLY_RAINFALL_ACCUMULATION_202301231900_patch000,OPT_NORM_ILDW_MULT_ILDW_INIT_LIGHT_JTOTAL_LONG,Solver(ILDW),"(3125,6000]",61768,0.5806982485585518,0.25981739589815656,0.9622962224396637
RAD_OPERA_HOURLY_RAINFALL_ACCUMULATION_202301231900_patch000,OPT_NORM_ILDW_MULT_ILDW_INIT_LIGHT_JTOTAL_LONG,Solver(ILDW),"(6000,9000]",9857,0.805707567888267,0.6794318338903154,0.8942378735990779
RAD_OPERA_HOURLY_RAINFALL_ACCUMULATION_202301231900_patch000,OPT_NORM_ILDW_MULT_ILDW_INIT_LIGHT_JTOTAL_LONG,Solver(ILDW),>9000,1340,0.658728593982025,0.6417219044418255,0.9460089265208764
RAD_OPERA_HOURLY_RAINFALL_ACCUMULATION_202301240500_patch000,OPT_NORM_ILDW_MULT_ILDW_INIT_LIGHT_JTOTAL_LONG,Solver(ILDW),≤125,7497,4.920198161902107,0.1252945293342611,0.9181733124279835
RAD_OPERA_HOURLY_RAINFALL_ACCUMULATION_202301240500_patch000,OPT_NORM_ILDW_MULT_ILDW_INIT_LIGHT_JTOTAL_LONG,Solver(ILDW),"(125,375]",30107,4.516397998948976,-0.04819473299066768,0.9369603166136654
RAD_OPERA_HOURLY_RAINFALL_ACCUMULATION_202301240500_patch000,OPT_NORM_ILDW_MULT_ILDW_INIT_LIGHT_JTOTAL_LONG,Solver(ILDW),"(375,750]",51230,4.54739111581263,0.1562480737716217,0.9171855471717197
RAD_OPERA_HOURLY_RAINFALL_ACCUMULATION_202301240500_patch000,OPT_NORM_ILDW_MULT_ILDW_INIT_LIGHT_JTOTAL_LONG,Solver(ILDW),"(750,1500]",105715,3.862439663681189,0.49163031290630144,0.8922077359883231
RAD_OPERA_HOURLY_RAINFALL_ACCUMULATION_202301240500_patch000,OPT_NORM_ILDW_MULT_ILDW_INIT_LIGHT_JTOTAL_LONG,Solver(ILDW),"(1500,3125]",194009,4.942614619643816,0.731910143203274,0.8268669905079624
RAD_OPERA_HOURLY_RAINFALL_ACCUMULATION_202301240500_patch000,OPT_NORM_ILDW_MULT_ILDW_INIT_LIGHT_JTOTAL_LONG,Solver(ILDW),"(3125,6000]",101789,5.445249474385701,1.5257534661153394,0.7113136858651309
RAD_OPERA_HOURLY_RAINFALL_ACCUMULATION_202301240500_patch000,OPT_NORM_ILDW_MULT_ILDW_INIT_LIGHT_JTOTAL_LONG,Solver(ILDW),"(6000,9000]",4242,3.3548389542206465,0.7835391724393481,0.5407938553478377
RAD_OPERA_HOURLY_RAINFALL_ACCUMULATION_202301240500_patch000,OPT_NORM_ILDW_MULT_ILDW_INIT_LIGHT_JTOTAL_LONG,Solver(ILDW),>9000,3,0.7979855578803761,0.7979821761449178,
RAD_OPERA_HOURLY_RAINFALL_ACCUMULATION_202301240700_patch000,OPT_NORM_ILDW_MULT_ILDW_INIT_LIGHT_JTOTAL_LONG,Solver(ILDW),≤125,3841,0.1457712720850809,0.0010636846741733685,0.9898157937370434
RAD_OPERA_HOURLY_RAINFALL_ACCUMULATION_202301240700_patch000,OPT_NORM_ILDW_MULT_ILDW_INIT_LIGHT_JTOTAL_LONG,Solver(ILDW),"(125,375]",15308,0.17447107567165263,0.007144498539276213,0.9865479712832684
RAD_OPERA_HOURLY_RAINFALL_ACCUMULATION_202301240700_patch000,OPT_NORM_ILDW_MULT_ILDW_INIT_LIGHT_JTOTAL_LONG,Solver(ILDW),"(375,750]",23624,0.23295376213064936,0.004778440870140272,0.9797969371947253
RAD_OPERA_HOURLY_RAINFALL_ACCUMULATION_202301240700_patch000,OPT_NORM_ILDW_MULT_ILDW_INIT_LIGHT_JTOTAL_LONG,Solver(ILDW),"(750,1500]",44314,0.2870126079882663,-0.005609571461633003,0.9758668582585858
RAD_OPERA_HOURLY_RAINFALL_ACCUMULATION_202301240700_patch000,OPT_NORM_ILDW_MULT_ILDW_INIT_LIGHT_JTOTAL_LONG,Solver(ILDW),"(1500,3125]",70641,0.3768888243546287,-0.04765290024765175,0.966248411025311
RAD_OPERA_HOURLY_RAINFALL_ACCUMULATION_202301240700_patch000,OPT_NORM_ILDW_MULT_ILDW_INIT_LIGHT_JTOTAL_LONG,Solver(ILDW),"(3125,6000]",32468,0.3765560226145612,0.07707236477735963,0.9588326763973954
RAD_OPERA_HOURLY_RAINFALL_ACCUMULATION_202301240700_patch000,OPT_NORM_ILDW_MULT_ILDW_INIT_LIGHT_JTOTAL_LONG,Solver(ILDW),"(6000,9000]",2828,0.40945611103857776,0.3744431477372009,0.966046762665634
RAD_OPERA_HOURLY_RAINFALL_ACCUMULATION_202301241500_patch000,OPT_NORM_ILDW_MULT_ILDW_INIT_LIGHT_JTOTAL_LONG,Solver(ILDW),≤125,6666,0.6864484972134877,0.03210408334784666,0.9608090099885664
RAD_OPERA_HOURLY_RAINFALL_ACCUMULATION_202301241500_patch000,OPT_NORM_ILDW_MULT_ILDW_INIT_LIGHT_JTOTAL_LONG,Solver(ILDW),"(125,375]",26427,0.6536141705737496,0.024997642057759676,0.9601936322481843
RAD_OPERA_HOURLY_RAINFALL_ACCUMULATION_202301241500_patch000,OPT_NORM_ILDW_MULT_ILDW_INIT_LIGHT_JTOTAL_LONG,Solver(ILDW),"(375,750]",44674,0.8442325765304822,-0.024121208486904726,0.9385433772606557
RAD_OPERA_HOURLY_RAINFALL_ACCUMULATION_202301241500_patch000,OPT_NORM_ILDW_MULT_ILDW_INIT_LIGHT_JTOTAL_LONG,Solver(ILDW),"(750,1500]",92969,1.0356912458210237,-0.023133093928791044,0.9003467002315817
RAD_OPERA_HOURLY_RAINFALL_ACCUMULATION_202301241500_patch000,OPT_NORM_ILDW_MULT_ILDW_INIT_LIGHT_JTOTAL_LONG,Solver(ILDW),"(1500,3125]",168314,1.3308594160341667,-0.06762641460511187,0.8293151374065858
RAD_OPERA_HOURLY_RAINFALL_ACCUMULATION_202301241500_patch000,OPT_NORM_ILDW_MULT_ILDW_INIT_LIGHT_JTOTAL_LONG,Solver(ILDW),"(3125,6000]",87948,1.855417255845691,-0.37161749531701727,0.7498673364644391
RAD_OPERA_HOURLY_RAINFALL_ACCUMULATION_202301241500_patch000,OPT_NORM_ILDW_MULT_ILDW_INIT_LIGHT_JTOTAL_LONG,Solver(ILDW),"(6000,9000]",6063,1.2233706632243075,0.6236256052047608,0.3989479190480929
RAD_OPERA_HOURLY_RAINFALL_ACCUMULATION_202301241500_patch000,OPT_NORM_ILDW_MULT_ILDW_INIT_LIGHT_JTOTAL_LONG,Solver(ILDW),>9000,91,1.6195682286693804,1.6167056534316513,0.8241114409750261
RAD_OPERA_HOURLY_RAINFALL_ACCUMULATION_202301241500_patch001,OPT_NORM_ILDW_MULT_ILDW_INIT_LIGHT_JTOTAL_LONG,Solver(ILDW),≤125,4327,0.43109566433641927,0.0012159738891982085,0.986872161566731
RAD_OPERA_HOURLY_RAINFALL_ACCUMULATION_202301241500_patch001,OPT_NORM_ILDW_MULT_ILDW_INIT_LIGHT_JTOTAL_LONG,Solver(ILDW),"(125,375]",17469,0.5081897656915785,-0.021928876519011216,0.983515761589683
RAD_OPERA_HOURLY_RAINFALL_ACCUMULATION_202301241500_patch001,OPT_NORM_ILDW_MULT_ILDW_INIT_LIGHT_JTOTAL_LONG,Solver(ILDW),"(375,750]",28304,0.6733745907602137,-0.023160131452546393,0.9751472125696151
RAD_OPERA_HOURLY_RAINFALL_ACCUMULATION_202301241500_patch001,OPT_NORM_ILDW_MULT_ILDW_INIT_LIGHT_JTOTAL_LONG,Solver(ILDW),"(750,1500]",54744,0.8522410721108501,-0.008864492242453781,0.9619832289403294
RAD_OPERA_HOURLY_RAINFALL_ACCUMULATION_202301241500_patch001,OPT_NORM_ILDW_MULT_ILDW_INIT_LIGHT_JTOTAL_LONG,Solver(ILDW),"(1500,3125]",84620,1.2357106946878027,-0.10841243864459384,0.9363936439267561
RAD_OPERA_HOURLY_RAINFALL_ACCUMULATION_202301241500_patch001,OPT_NORM_ILDW_MULT_ILDW_INIT_LIGHT_JTOTAL_LONG,Solver(ILDW),"(3125,6000]",39893,1.5682673725233418,-0.10638079107210373,0.8545915123150326
RAD_OPERA_HOURLY_RAINFALL_ACCUMULATION_202301241500_patch001,OPT_NORM_ILDW_MULT_ILDW_INIT_LIGHT_JTOTAL_LONG,Solver(ILDW),"(6000,9000]",4424,1.1818198814744723,0.7166915996165215,0.3055071144884543
RAD_OPERA_HOURLY_RAINFALL_ACCUMULATION_202301241500_patch001,OPT_NORM_ILDW_MULT_ILDW_INIT_LIGHT_JTOTAL_LONG,Solver(ILDW),>9000,1227,1.509434387164405,1.3580765424944465,0.4612842163439631
RAD_OPERA_HOURLY_RAINFALL_ACCUMULATION_202301241700_patch000,OPT_NORM_ILDW_MULT_ILDW_INIT_LIGHT_JTOTAL_LONG,Solver(ILDW),≤125,4266,0.4143503999622194,0.0073092257665512425,0.9441812766495304
RAD_OPERA_HOURLY_RAINFALL_ACCUMULATION_202301241700_patch000,OPT_NORM_ILDW_MULT_ILDW_INIT_LIGHT_JTOTAL_LONG,Solver(ILDW),"(125,375]",17079,0.48294630328339405,-0.007867410234771097,0.9243359476914381
RAD_OPERA_HOURLY_RAINFALL_ACCUMULATION_202301241700_patch000,OPT_NORM_ILDW_MULT_ILDW_INIT_LIGHT_JTOTAL_LONG,Solver(ILDW),"(375,750]",27134,0.6110566799734808,0.039203689548491606,0.8916214423146047
RAD_OPERA_HOURLY_RAINFALL_ACCUMULATION_202301241700_patch000,OPT_NORM_ILDW_MULT_ILDW_INIT_LIGHT_JTOTAL_LONG,Solver(ILDW),"(750,1500]",50938,0.8151849229198952,0.08276822480604906,0.8166677192014345
RAD_OPERA_HOURLY_RAINFALL_ACCUMULATION_202301241700_patch000,OPT_NORM_ILDW_MULT_ILDW_INIT_LIGHT_JTOTAL_LONG,Solver(ILDW),"(1500,3125]",83633,1.0869821109945716,0.08198023393568883,0.6703592269641779
RAD_OPERA_HOURLY_RAINFALL_ACCUMULATION_202301241700_patch000,OPT_NORM_ILDW_MULT_ILDW_INIT_LIGHT_JTOTAL_LONG,Solver(ILDW),"(3125,6000]",42436,1.0506381406908791,0.2564792984094571,0.5636466736692818
RAD_OPERA_HOURLY_RAINFALL_ACCUMULATION_202301241700_patch000,OPT_NORM_ILDW_MULT_ILDW_INIT_LIGHT_JTOTAL_LONG,Solver(ILDW),"(6000,9000]",3890,1.0664805090398617,0.3914000816463116,0.5725606672474163
RAD_OPERA_HOURLY_RAINFALL_ACCUMULATION_202301241700_patch002,OPT_NORM_ILDW_MULT_ILDW_INIT_LIGHT_JTOTAL_LONG,Solver(ILDW),≤125,3783,0.3970842130898904,0.005020336802361251,0.9816203176555689
RAD_OPERA_HOURLY_RAINFALL_ACCUMULATION_202301241700_patch002,OPT_NORM_ILDW_MULT_ILDW_INIT_LIGHT_JTOTAL_LONG,Solver(ILDW),"(125,375]",14906,0.44827762901195556,0.0069971632856225974,0.9763794559191833
RAD_OPERA_HOURLY_RAINFALL_ACCUMULATION_202301241700_patch002,OPT_NORM_ILDW_MULT_ILDW_INIT_LIGHT_JTOTAL_LONG,Solver(ILDW),"(375,750]",22509,0.6280356791155273,-0.010905983412938936,0.9572348325025694
RAD_OPERA_HOURLY_RAINFALL_ACCUMULATION_202301241700_patch002,OPT_NORM_ILDW_MULT_ILDW_INIT_LIGHT_JTOTAL_LONG,Solver(ILDW),"(750,1500]",41257,0.852899334642323,-0.06479340465158266,0.9278282213413057
RAD_OPERA_HOURLY_RAINFALL_ACCUMULATION_202301241700_patch002,OPT_NORM_ILDW_MULT_ILDW_INIT_LIGHT_JTOTAL_LONG,Solver(ILDW),"(1500,3125]",66625,1.1778127007684798,-0.0931540183604854,0.863429144765845
RAD_OPERA_HOURLY_RAINFALL_ACCUMULATION_202301241700_patch002,OPT_NORM_ILDW_MULT_ILDW_INIT_LIGHT_JTOTAL_LONG,Solver(ILDW),"(3125,6000]",34002,1.4406303143129786,0.06541504669882141,0.7742737106059006
RAD_OPERA_HOURLY_RAINFALL_ACCUMULATION_202301241700_patch002,OPT_NORM_ILDW_MULT_ILDW_INIT_LIGHT_JTOTAL_LONG,Solver(ILDW),"(6000,9000]",3286,1.1740609376154534,0.5326546558240747,0.7995254555278233
RAD_OPERA_HOURLY_RAINFALL_ACCUMULATION_202301241900_patch001,OPT_NORM_ILDW_MULT_ILDW_INIT_LIGHT_JTOTAL_LONG,Solver(ILDW),≤125,3801,0.1629759916997668,0.004107957590695778,0.9954743390334878
RAD_OPERA_HOURLY_RAINFALL_ACCUMULATION_202301241900_patch001,OPT_NORM_ILDW_MULT_ILDW_INIT_LIGHT_JTOTAL_LONG,Solver(ILDW),"(125,375]",14742,0.19218289618643192,0.003299756128992418,0.9932756137893979
RAD_OPERA_HOURLY_RAINFALL_ACCUMULATION_202301241900_patch001,OPT_NORM_ILDW_MULT_ILDW_INIT_LIGHT_JTOTAL_LONG,Solver(ILDW),"(375,750]",21758,0.25791552436251897,0.004719857172017501,0.987464879151887
RAD_OPERA_HOURLY_RAINFALL_ACCUMULATION_202301241900_patch001,OPT_NORM_ILDW_MULT_ILDW_INIT_LIGHT_JTOTAL_LONG,Solver(ILDW),"(750,1500]",40352,0.35601210059289645,0.028321224778098876,0.9763546735244055
RAD_OPERA_HOURLY_RAINFALL_ACCUMULATION_202301241900_patch001,OPT_NORM_ILDW_MULT_ILDW_INIT_LIGHT_JTOTAL_LONG,Solver(ILDW),"(1500,3125]",68193,0.5340902484795953,0.04604008963551105,0.9528856953758661
RAD_OPERA_HOURLY_RAINFALL_ACCUMULATION_202301241900_patch001,OPT_NORM_ILDW_MULT_ILDW_INIT_LIGHT_JTOTAL_LONG,Solver(ILDW),"(3125,6000]",33486,0.7062495353539107,0.10641543062999315,0.9413707865179584
RAD_OPERA_HOURLY_RAINFALL_ACCUMULATION_202301241900_patch001,OPT_NORM_ILDW_MULT_ILDW_INIT_LIGHT_JTOTAL_LONG,Solver(ILDW),"(6000,9000]",3268,1.3292932967659081,1.0547025054830013,0.8188426751147939
RAD_OPERA_HOURLY_RAINFALL_ACCUMULATION_202301242200_patch001,OPT_NORM_ILDW_MULT_ILDW_INIT_LIGHT_JTOTAL_LONG,Solver(ILDW),≤125,4808,0.6891001541198375,0.0007580525439189321,0.9614813014037831
RAD_OPERA_HOURLY_RAINFALL_ACCUMULATION_202301242200_patch001,OPT_NORM_ILDW_MULT_ILDW_INIT_LIGHT_JTOTAL_LONG,Solver(ILDW),"(125,375]",19791,0.7980628130909554,-0.06075791716830507,0.9537973816304518
RAD_OPERA_HOURLY_RAINFALL_ACCUMULATION_202301242200_patch001,OPT_NORM_ILDW_MULT_ILDW_INIT_LIGHT_JTOTAL_LONG,Solver(ILDW),"(375,750]",33541,0.943537425341588,-0.03852555676439628,0.9325346849613432
RAD_OPERA_HOURLY_RAINFALL_ACCUMULATION_202301242200_patch001,OPT_NORM_ILDW_MULT_ILDW_INIT_LIGHT_JTOTAL_LONG,Solver(ILDW),"(750,1500]",70004,1.1567344162882471,0.05965384584586894,0.8875952323880031
RAD_OPERA_HOURLY_RAINFALL_ACCUMULATION_202301242200_patch001,OPT_NORM_ILDW_MULT_ILDW_INIT_LIGHT_JTOTAL_LONG,Solver(ILDW),"(1500,3125]",130131,1.4458120931915983,0.09322271462526564,0.789188720180113
RAD_OPERA_HOURLY_RAINFALL_ACCUMULATION_202301242200_patch001,OPT_NORM_ILDW_MULT_ILDW_INIT_LIGHT_JTOTAL_LONG,Solver(ILDW),"(3125,6000]",65641,1.6922086322661,0.006099442545931819,0.6643465208176255
RAD_OPERA_HOURLY_RAINFALL_ACCUMULATION_202301242200_patch001,OPT_NORM_ILDW_MULT_ILDW_INIT_LIGHT_JTOTAL_LONG,Solver(ILDW),"(6000,9000]",5637,1.741061752521156,0.9933447244324907,0.43217483434905835
RAD_OPERA_HOURLY_RAINFALL_ACCUMULATION_202301242200_patch001,OPT_NORM_ILDW_MULT_ILDW_INIT_LIGHT_JTOTAL_LONG,Solver(ILDW),>9000,175,0.8019032585497202,0.7696681044782911,0.3445772480108832
RAD_OPERA_HOURLY_RAINFALL_ACCUMULATION_202301250200_patch000,OPT_NORM_ILDW_MULT_ILDW_INIT_LIGHT_JTOTAL_LONG,Solver(ILDW),≤125,4338,0.12830696102415085,-0.007002766696249301,0.9968063250867989
RAD_OPERA_HOURLY_RAINFALL_ACCUMULATION_202301250200_patch000,OPT_NORM_ILDW_MULT_ILDW_INIT_LIGHT_JTOTAL_LONG,Solver(ILDW),"(125,375]",17374,0.1519086186381905,-0.0004266124809208215,0.995443393499182
RAD_OPERA_HOURLY_RAINFALL_ACCUMULATION_202301250200_patch000,OPT_NORM_ILDW_MULT_ILDW_INIT_LIGHT_JTOTAL_LONG,Solver(ILDW),"(375,750]",27861,0.19826874134807074,0.000221247898480182,0.9915458708768835
RAD_OPERA_HOURLY_RAINFALL_ACCUMULATION_202301250200_patch000,OPT_NORM_ILDW_MULT_ILDW_INIT_LIGHT_JTOTAL_LONG,Solver(ILDW),"(750,1500]",53465,0.256287523424882,-0.0010431216800278636,0.9836969612375749
RAD_OPERA_HOURLY_RAINFALL_ACCUMULATION_202301250200_patch000,OPT_NORM_ILDW_MULT_ILDW_INIT_LIGHT_JTOTAL_LONG,Solver(ILDW),"(1500,3125]",85070,0.3456719772865667,0.011257953011528564,0.9634763746102412
RAD_OPERA_HOURLY_RAINFALL_ACCUMULATION_202301250200_patch000,OPT_NORM_ILDW_MULT_ILDW_INIT_LIGHT_JTOTAL_LONG,Solver(ILDW),"(3125,6000]",42760,0.4954874005322361,-0.03840573128187372,0.9152948446805489
RAD_OPERA_HOURLY_RAINFALL_ACCUMULATION_202301250200_patch000,OPT_NORM_ILDW_MULT_ILDW_INIT_LIGHT_JTOTAL_LONG,Solver(ILDW),"(6000,9000]",5271,0.8310065196811409,0.3005841413523074,0.3112753838802749
RAD_OPERA_HOURLY_RAINFALL_ACCUMULATION_202301250200_patch000,OPT_NORM_ILDW_MULT_ILDW_INIT_LIGHT_JTOTAL_LONG,Solver(ILDW),>9000,405,0.5879125235950928,0.5569431764108164,0.7246124193481307
RAD_OPERA_HOURLY_RAINFALL_ACCUMULATION_202301250200_patch001,OPT_NORM_ILDW_MULT_ILDW_INIT_LIGHT_JTOTAL_LONG,Solver(ILDW),≤125,7047,0.4863300676088108,-0.0006962945367426608,0.988573490661493
RAD_OPERA_HOURLY_RAINFALL_ACCUMULATION_202301250200_patch001,OPT_NORM_ILDW_MULT_ILDW_INIT_LIGHT_JTOTAL_LONG,Solver(ILDW),"(125,375]",28082,0.5301021708703685,0.00013135677872016242,0.9843301773904851
RAD_OPERA_HOURLY_RAINFALL_ACCUMULATION_202301250200_patch001,OPT_NORM_ILDW_MULT_ILDW_INIT_LIGHT_JTOTAL_LONG,Solver(ILDW),"(375,750]",47439,0.5726507013122546,0.015059543035404657,0.9795324606523508
RAD_OPERA_HOURLY_RAINFALL_ACCUMULATION_202301250200_patch001,OPT_NORM_ILDW_MULT_ILDW_INIT_LIGHT_JTOTAL_LONG,Solver(ILDW),"(750,1500]",96948,0.7135993023702397,0.03428212756149373,0.9634261228809345
RAD_OPERA_HOURLY_RAINFALL_ACCUMULATION_202301250200_patch001,OPT_NORM_ILDW_MULT_ILDW_INIT_LIGHT_JTOTAL_LONG,Solver(ILDW),"(1500,3125]",177373,0.9620337734938662,0.0935011689288635,0.9303500207754567
RAD_OPERA_HOURLY_RAINFALL_ACCUMULATION_202301250200_patch001,OPT_NORM_ILDW_MULT_ILDW_INIT_LIGHT_JTOTAL_LONG,Solver(ILDW),"(3125,6000]",99828,0.9829410910156089,0.05928245987699415,0.9264875283609901
RAD_OPERA_HOURLY_RAINFALL_ACCUMULATION_202301250200_patch001,OPT_NORM_ILDW_MULT_ILDW_INIT_LIGHT_JTOTAL_LONG,Solver(ILDW),"(6000,9000]",5091,0.5080523354834684,0.2692080305804233,0.7174781780956144
RAD_OPERA_HOURLY_RAINFALL_ACCUMULATION_202301250200_patch001,OPT_NORM_ILDW_MULT_ILDW_INIT_LIGHT_JTOTAL_LONG,Solver(ILDW),>9000,16,0.002161544858819554,0.002161457305192016,
RAD_OPERA_HOURLY_RAINFALL_ACCUMULATION_202301250300_patch000,OPT_NORM_ILDW_MULT_ILDW_INIT_LIGHT_JTOTAL_LONG,Solver(ILDW),≤125,5148,0.1046853986161381,-7.527461094548745e-05,0.9941955052716083
RAD_OPERA_HOURLY_RAINFALL_ACCUMULATION_202301250300_patch000,OPT_NORM_ILDW_MULT_ILDW_INIT_LIGHT_JTOTAL_LONG,Solver(ILDW),"(125,375]",19535,0.1186201243881412,-0.00015540953514854835,0.9925715073180948
RAD_OPERA_HOURLY_RAINFALL_ACCUMULATION_202301250300_patch000,OPT_NORM_ILDW_MULT_ILDW_INIT_LIGHT_JTOTAL_LONG,Solver(ILDW),"(375,750]",29882,0.15548923315665375,0.0012075945033852206,0.9865566229516296
RAD_OPERA_HOURLY_RAINFALL_ACCUMULATION_202301250300_patch000,OPT_NORM_ILDW_MULT_ILDW_INIT_LIGHT_JTOTAL_LONG,Solver(ILDW),"(750,1500]",56090,0.19915448852109874,0.00028827414726866697,0.9755592549986062
RAD_OPERA_HOURLY_RAINFALL_ACCUMULATION_202301250300_patch000,OPT_NORM_ILDW_MULT_ILDW_INIT_LIGHT_JTOTAL_LONG,Solver(ILDW),"(1500,3125]",95021,0.265892330173182,0.013894460991283253,0.9590488355316563
RAD_OPERA_HOURLY_RAINFALL_ACCUMULATION_202301250300_patch000,OPT_NORM_ILDW_MULT_ILDW_INIT_LIGHT_JTOTAL_LONG,Solver(ILDW),"(3125,6000]",50175,0.31626482756268526,0.05114791397794183,0.9457551324264202
RAD_OPERA_HOURLY_RAINFALL_ACCUMULATION_202301250300_patch000,OPT_NORM_ILDW_MULT_ILDW_INIT_LIGHT_JTOTAL_LONG,Solver(ILDW),"(6000,9000]",2197,0.26630667854395246,0.09704144222388009,0.9063295059662715
RAD_OPERA_HOURLY_RAINFALL_ACCUMULATION_202301250500_patch000,OPT_NORM_ILDW_MULT_ILDW_INIT_LIGHT_JTOTAL_LONG,Solver(ILDW),≤125,5599,0.4901732412443735,-0.01145413340969072,0.9657835395384553
RAD_OPERA_HOURLY_RAINFALL_ACCUMULATION_202301250500_patch000,OPT_NORM_ILDW_MULT_ILDW_INIT_LIGHT_JTOTAL_LONG,Solver(ILDW),"(125,375]",22297,0.6255610684425497,-0.002416294592883323,0.9618211261233214
RAD_OPERA_HOURLY_RAINFALL_ACCUMULATION_202301250500_patch000,OPT_NORM_ILDW_MULT_ILDW_INIT_LIGHT_JTOTAL_LONG,Solver(ILDW),"(375,750]",37594,0.851387234144317,-0.01839429940521993,0.948396280478254
RAD_OPERA_HOURLY_RAINFALL_ACCUMULATION_202301250500_patch000,OPT_NORM_ILDW_MULT_ILDW_INIT_LIGHT_JTOTAL_LONG,Solver(ILDW),"(750,1500]",78259,1.0894513128662018,0.009771203305930001,0.9162841000387779
RAD_OPERA_HOURLY_RAINFALL_ACCUMULATION_202301250500_patch000,OPT_NORM_ILDW_MULT_ILDW_INIT_LIGHT_JTOTAL_LONG,Solver(ILDW),"(1500,3125]",147305,1.3390770522057127,0.011778281879048334,0.8592833812231322
RAD_OPERA_HOURLY_RAINFALL_ACCUMULATION_202301250500_patch000,OPT_NORM_ILDW_MULT_ILDW_INIT_LIGHT_JTOTAL_LONG,Solver(ILDW),"(3125,6000]",77648,1.193504020181328,-0.03716477074100186,0.8485185682066244
RAD_OPERA_HOURLY_RAINFALL_ACCUMULATION_202301250500_patch000,OPT_NORM_ILDW_MULT_ILDW_INIT_LIGHT_JTOTAL_LONG,Solver(ILDW),"(6000,9000]",7911,1.2712729301627281,0.0927676643934673,0.4713650205271405
RAD_OPERA_HOURLY_RAINFALL_ACCUMULATION_202301250500_patch000,OPT_NORM_ILDW_MULT_ILDW_INIT_LIGHT_JTOTAL_LONG,Solver(ILDW),>9000,219,1.8203883130357954,1.2731124483831397,-0.9337576354934758
RAD_OPERA_HOURLY_RAINFALL_ACCUMULATION_202301251000_patch001,OPT_NORM_ILDW_MULT_ILDW_INIT_LIGHT_JTOTAL_LONG,Solver(ILDW),≤125,4154,0.11410803696909862,-0.003276005538387675,0.9979861633710843
RAD_OPERA_HOURLY_RAINFALL_ACCUMULATION_202301251000_patch001,OPT_NORM_ILDW_MULT_ILDW_INIT_LIGHT_JTOTAL_LONG,Solver(ILDW),"(125,375]",16892,0.13411373048271244,-0.0023029004395883155,0.9970343291071518
RAD_OPERA_HOURLY_RAINFALL_ACCUMULATION_202301251000_patch001,OPT_NORM_ILDW_MULT_ILDW_INIT_LIGHT_JTOTAL_LONG,Solver(ILDW),"(375,750]",27234,0.18637647802093593,-0.0025685621651451323,0.9938908161303045
RAD_OPERA_HOURLY_RAINFALL_ACCUMULATION_202301251000_patch001,OPT_NORM_ILDW_MULT_ILDW_INIT_LIGHT_JTOTAL_LONG,Solver(ILDW),"(750,1500]",52950,0.2536418973040012,-0.011205757427505314,0.9883120790907309
RAD_OPERA_HOURLY_RAINFALL_ACCUMULATION_202301251000_patch001,OPT_NORM_ILDW_MULT_ILDW_INIT_LIGHT_JTOTAL_LONG,Solver(ILDW),"(1500,3125]",82477,0.42012510575049405,0.02156775028612696,0.9661065871136101
RAD_OPERA_HOURLY_RAINFALL_ACCUMULATION_202301251000_patch001,OPT_NORM_ILDW_MULT_ILDW_INIT_LIGHT_JTOTAL_LONG,Solver(ILDW),"(3125,6000]",40696,0.5319034561532943,0.17722298522320556,0.9327221686304764
RAD_OPERA_HOURLY_RAINFALL_ACCUMULATION_202301251000_patch001,OPT_NORM_ILDW_MULT_ILDW_INIT_LIGHT_JTOTAL_LONG,Solver(ILDW),"(6000,9000]",6300,0.5865240894845133,0.3542601134379705,0.6290361948337012
RAD_OPERA_HOURLY_RAINFALL_ACCUMULATION_202301251000_patch001,OPT_NORM_ILDW_MULT_ILDW_INIT_LIGHT_JTOTAL_LONG,Solver(ILDW),>9000,2257,0.505993274191313,0.40249604269314193,0.17555396082911298
RAD_OPERA_HOURLY_RAINFALL_ACCUMULATION_202301251300_patch000,OPT_NORM_ILDW_MULT_ILDW_INIT_LIGHT_JTOTAL_LONG,Solver(ILDW),≤125,4088,0.10284048306061212,-0.0007256406255489226,0.9910803732066089
RAD_OPERA_HOURLY_RAINFALL_ACCUMULATION_202301251300_patch000,OPT_NORM_ILDW_MULT_ILDW_INIT_LIGHT_JTOTAL_LONG,Solver(ILDW),"(125,375]",15882,0.12490154529715478,-0.00036738073307175943,0.9879975700230145
RAD_OPERA_HOURLY_RAINFALL_ACCUMULATION_202301251300_patch000,OPT_NORM_ILDW_MULT_ILDW_INIT_LIGHT_JTOTAL_LONG,Solver(ILDW),"(375,750]",23638,0.17171760177356488,0.0034591426450530025,0.9832990906711838
RAD_OPERA_HOURLY_RAINFALL_ACCUMULATION_202301251300_patch000,OPT_NORM_ILDW_MULT_ILDW_INIT_LIGHT_JTOTAL_LONG,Solver(ILDW),"(750,1500]",43117,0.21975964602645534,0.008735913442983934,0.9791403979563879
RAD_OPERA_HOURLY_RAINFALL_ACCUMULATION_202301251300_patch000,OPT_NORM_ILDW_MULT_ILDW_INIT_LIGHT_JTOTAL_LONG,Solver(ILDW),"(1500,3125]",73229,0.29427082406056115,0.031923566019056035,0.9749681861478212
RAD_OPERA_HOURLY_RAINFALL_ACCUMULATION_202301251300_patch000,OPT_NORM_ILDW_MULT_ILDW_INIT_LIGHT_JTOTAL_LONG,Solver(ILDW),"(3125,6000]",37125,0.37271658815903186,0.07295794131063325,0.9780540904176515
RAD_OPERA_HOURLY_RAINFALL_ACCUMULATION_202301251300_patch000,OPT_NORM_ILDW_MULT_ILDW_INIT_LIGHT_JTOTAL_LONG,Solver(ILDW),"(6000,9000]",3369,0.660358605212215,0.5149565725607043,0.9621858839016858
RAD_OPERA_HOURLY_RAINFALL_ACCUMULATION_202301251600_patch002,OPT_NORM_ILDW_MULT_ILDW_INIT_LIGHT_JTOTAL_LONG,Solver(ILDW),≤125,4119,0.14313308696422467,-0.001216219429166101,0.9946251946072752
RAD_OPERA_HOURLY_RAINFALL_ACCUMULATION_202301251600_patch002,OPT_NORM_ILDW_MULT_ILDW_INIT_LIGHT_JTOTAL_LONG,Solver(ILDW),"(125,375]",15923,0.1721036027086298,0.00288251504236929,0.9927547058673246
RAD_OPERA_HOURLY_RAINFALL_ACCUMULATION_202301251600_patch002,OPT_NORM_ILDW_MULT_ILDW_INIT_LIGHT_JTOTAL_LONG,Solver(ILDW),"(375,750]",23477,0.21476776165986913,0.0061125608867673865,0.9894422992705202
RAD_OPERA_HOURLY_RAINFALL_ACCUMULATION_202301251600_patch002,OPT_NORM_ILDW_MULT_ILDW_INIT_LIGHT_JTOTAL_LONG,Solver(ILDW),"(750,1500]",42558,0.299410847845331,0.0004956025888422027,0.9808176567489152
RAD_OPERA_HOURLY_RAINFALL_ACCUMULATION_202301251600_patch002,OPT_NORM_ILDW_MULT_ILDW_INIT_LIGHT_JTOTAL_LONG,Solver(ILDW),"(1500,3125]",72310,0.4812405343253823,-0.02033907211104858,0.9544339109998168
RAD_OPERA_HOURLY_RAINFALL_ACCUMULATION_202301251600_patch002,OPT_NORM_ILDW_MULT_ILDW_INIT_LIGHT_JTOTAL_LONG,Solver(ILDW),"(3125,6000]",35394,0.6850584601351069,0.009635251267627064,0.8623057874631441
RAD_OPERA_HOURLY_RAINFALL_ACCUMULATION_202301251600_patch002,OPT_NORM_ILDW_MULT_ILDW_INIT_LIGHT_JTOTAL_LONG,Solver(ILDW),"(6000,9000]",4806,1.0665165513261272,0.6701078781772046,-0.0027234347713592463
RAD_OPERA_HOURLY_RAINFALL_ACCUMULATION_202301251600_patch002,OPT_NORM_ILDW_MULT_ILDW_INIT_LIGHT_JTOTAL_LONG,Solver(ILDW),>9000,1093,0.8650627811814905,0.7255157356619943,-0.5265444085227544
RAD_OPERA_HOURLY_RAINFALL_ACCUMULATION_202301252100_patch000,OPT_NORM_ILDW_MULT_ILDW_INIT_LIGHT_JTOTAL_LONG,Solver(ILDW),≤125,5395,0.1096989258981949,-0.001898985532171976,0.9970049099254075
RAD_OPERA_HOURLY_RAINFALL_ACCUMULATION_202301252100_patch000,OPT_NORM_ILDW_MULT_ILDW_INIT_LIGHT_JTOTAL_LONG,Solver(ILDW),"(125,375]",21090,0.127727913235037,-0.004201805168359185,0.995975261352625
RAD_OPERA_HOURLY_RAINFALL_ACCUMULATION_202301252100_patch000,OPT_NORM_ILDW_MULT_ILDW_INIT_LIGHT_JTOTAL_LONG,Solver(ILDW),"(375,750]",34488,0.1756350194241041,-0.0027847162254951417,0.99226658582974
RAD_OPERA_HOURLY_RAINFALL_ACCUMULATION_202301252100_patch000,OPT_NORM_ILDW_MULT_ILDW_INIT_LIGHT_JTOTAL_LONG,Solver(ILDW),"(750,1500]",67771,0.2073420375862204,0.002288120705525792,0.9887692457639693
RAD_OPERA_HOURLY_RAINFALL_ACCUMULATION_202301252100_patch000,OPT_NORM_ILDW_MULT_ILDW_INIT_LIGHT_JTOTAL_LONG,Solver(ILDW),"(1500,3125]",115766,0.24006506849527676,0.03531765533167455,0.9833434259259817
RAD_OPERA_HOURLY_RAINFALL_ACCUMULATION_202301252100_patch000,OPT_NORM_ILDW_MULT_ILDW_INIT_LIGHT_JTOTAL_LONG,Solver(ILDW),"(3125,6000]",63094,0.3248961273131927,0.13133780244326568,0.9714375441759828
RAD_OPERA_HOURLY_RAINFALL_ACCUMULATION_202301252100_patch000,OPT_NORM_ILDW_MULT_ILDW_INIT_LIGHT_JTOTAL_LONG,Solver(ILDW),"(6000,9000]",4971,0.4178688899768078,0.3247600923245688,0.9673150478253602
RAD_OPERA_HOURLY_RAINFALL_ACCUMULATION_202301252100_patch000,OPT_NORM_ILDW_MULT_ILDW_INIT_LIGHT_JTOTAL_LONG,Solver(ILDW),>9000,1,0.26623496413230896,0.26623496413230896,
RAD_OPERA_HOURLY_RAINFALL_ACCUMULATION_202301252200_patch000,OPT_NORM_ILDW_MULT_ILDW_INIT_LIGHT_JTOTAL_LONG,Solver(ILDW),≤125,3907,0.15283454165770693,0.005637350390870949,0.9928825747096203
RAD_OPERA_HOURLY_RAINFALL_ACCUMULATION_202301252200_patch000,OPT_NORM_ILDW_MULT_ILDW_INIT_LIGHT_JTOTAL_LONG,Solver(ILDW),"(125,375]",15106,0.1674518780170783,0.004391836481632246,0.9918014883604949
RAD_OPERA_HOURLY_RAINFALL_ACCUMULATION_202301252200_patch000,OPT_NORM_ILDW_MULT_ILDW_INIT_LIGHT_JTOTAL_LONG,Solver(ILDW),"(375,750]",22392,0.199601944228034,0.0036126573068642454,0.9895833455085885
RAD_OPERA_HOURLY_RAINFALL_ACCUMULATION_202301252200_patch000,OPT_NORM_ILDW_MULT_ILDW_INIT_LIGHT_JTOTAL_LONG,Solver(ILDW),"(750,1500]",41007,0.2908511668112747,0.003434007087785149,0.9797174944781036
RAD_OPERA_HOURLY_RAINFALL_ACCUMULATION_202301252200_patch000,OPT_NORM_ILDW_MULT_ILDW_INIT_LIGHT_JTOTAL_LONG,Solver(ILDW),"(1500,3125]",70023,0.3569123011349992,0.03593758853672726,0.9708281010735079
RAD_OPERA_HOURLY_RAINFALL_ACCUMULATION_202301252200_patch000,OPT_NORM_ILDW_MULT_ILDW_INIT_LIGHT_JTOTAL_LONG,Solver(ILDW),"(3125,6000]",32501,0.4229301869312834,0.10962404555579133,0.9685335737642299
RAD_OPERA_HOURLY_RAINFALL_ACCUMULATION_202301252200_patch000,OPT_NORM_ILDW_MULT_ILDW_INIT_LIGHT_JTOTAL_LONG,Solver(ILDW),"(6000,9000]",1432,0.5577201485819867,0.4811601316212942,0.9724282669983387
RAD_OPERA_HOURLY_RAINFALL_ACCUMULATION_202301260000_patch000,OPT_NORM_ILDW_MULT_ILDW_INIT_LIGHT_JTOTAL_LONG,Solver(ILDW),≤125,3884,5.741221518677962,-0.38897863474588446,0.9461314953855796
RAD_OPERA_HOURLY_RAINFALL_ACCUMULATION_202301260000_patch000,OPT_NORM_ILDW_MULT_ILDW_INIT_LIGHT_JTOTAL_LONG,Solver(ILDW),"(125,375]",15623,5.981583933695522,0.07386872008450909,0.9107969434880141
RAD_OPERA_HOURLY_RAINFALL_ACCUMULATION_202301260000_patch000,OPT_NORM_ILDW_MULT_ILDW_INIT_LIGHT_JTOTAL_LONG,Solver(ILDW),"(375,750]",24479,6.7807493949139435,0.7597876378798014,0.8469157968748825
RAD_OPERA_HOURLY_RAINFALL_ACCUMULATION_202301260000_patch000,OPT_NORM_ILDW_MULT_ILDW_INIT_LIGHT_JTOTAL_LONG,Solver(ILDW),"(750,1500]",46137,7.075634097461349,1.1021968427003146,0.7483690278170739
RAD_OPERA_HOURLY_RAINFALL_ACCUMULATION_202301260000_patch000,OPT_NORM_ILDW_MULT_ILDW_INIT_LIGHT_JTOTAL_LONG,Solver(ILDW),"(1500,3125]",72453,7.450520847097896,1.702611643930345,0.48844231199163396
RAD_OPERA_HOURLY_RAINFALL_ACCUMULATION_202301260000_patch000,OPT_NORM_ILDW_MULT_ILDW_INIT_LIGHT_JTOTAL_LONG,Solver(ILDW),"(3125,6000]",34265,6.714618162399309,1.9717745548306573,0.4688653160124121
RAD_OPERA_HOURLY_RAINFALL_ACCUMULATION_202301260000_patch000,OPT_NORM_ILDW_MULT_ILDW_INIT_LIGHT_JTOTAL_LONG,Solver(ILDW),"(6000,9000]",2839,3.1116312233558947,2.0819070069922407,0.3986617125774562
RAD_OPERA_HOURLY_RAINFALL_ACCUMULATION_202301260200_patch000,OPT_NORM_ILDW_MULT_ILDW_INIT_LIGHT_JTOTAL_LONG,Solver(ILDW),≤125,4421,0.16529705817018572,-0.003283244173163019,0.9973344019156622
RAD_OPERA_HOURLY_RAINFALL_ACCUMULATION_202301260200_patch000,OPT_NORM_ILDW_MULT_ILDW_INIT_LIGHT_JTOTAL_LONG,Solver(ILDW),"(125,375]",17544,0.1987941678561661,-0.0024847963417733085,0.9960910298706483
RAD_OPERA_HOURLY_RAINFALL_ACCUMULATION_202301260200_patch000,OPT_NORM_ILDW_MULT_ILDW_INIT_LIGHT_JTOTAL_LONG,Solver(ILDW),"(375,750]",27121,0.27813232283175837,-0.0018746518581185087,0.992972434349726
RAD_OPERA_HOURLY_RAINFALL_ACCUMULATION_202301260200_patch000,OPT_NORM_ILDW_MULT_ILDW_INIT_LIGHT_JTOTAL_LONG,Solver(ILDW),"(750,1500]",51199,0.3706621222484752,0.009182328159666426,0.988945130220648
RAD_OPERA_HOURLY_RAINFALL_ACCUMULATION_202301260200_patch000,OPT_NORM_ILDW_MULT_ILDW_INIT_LIGHT_JTOTAL_LONG,Solver(ILDW),"(1500,3125]",82409,0.5417442722773103,0.05317265696978853,0.9803005714001074
RAD_OPERA_HOURLY_RAINFALL_ACCUMULATION_202301260200_patch000,OPT_NORM_ILDW_MULT_ILDW_INIT_LIGHT_JTOTAL_LONG,Solver(ILDW),"(3125,6000]",39095,0.8696179024027361,0.28420223434630665,0.9523891468922618
RAD_OPERA_HOURLY_RAINFALL_ACCUMULATION_202301260200_patch000,OPT_NORM_ILDW_MULT_ILDW_INIT_LIGHT_JTOTAL_LONG,Solver(ILDW),"(6000,9000]",6701,1.0807240988583267,0.9497613263176219,0.7744552374735421
RAD_OPERA_HOURLY_RAINFALL_ACCUMULATION_202301260200_patch000,OPT_NORM_ILDW_MULT_ILDW_INIT_LIGHT_JTOTAL_LONG,Solver(ILDW),>9000,1654,1.143761761198262,1.0508104658031334,-0.3249683205208706
RAD_OPERA_HOURLY_RAINFALL_ACCUMULATION_202301260200_patch001,OPT_NORM_ILDW_MULT_ILDW_INIT_LIGHT_JTOTAL_LONG,Solver(ILDW),≤125,4870,0.14623226207538229,-0.0024328383515747664,0.993913514451771
RAD_OPERA_HOURLY_RAINFALL_ACCUMULATION_202301260200_patch001,OPT_NORM_ILDW_MULT_ILDW_INIT_LIGHT_JTOTAL_LONG,Solver(ILDW),"(125,375]",18492,0.17406368490607954,0.0005912351712710203,0.9908195698752645
RAD_OPERA_HOURLY_RAINFALL_ACCUMULATION_202301260200_patch001,OPT_NORM_ILDW_MULT_ILDW_INIT_LIGHT_JTOTAL_LONG,Solver(ILDW),"(375,750]",28487,0.23662141724189215,-0.00685402762476833,0.9829745469769822
RAD_OPERA_HOURLY_RAINFALL_ACCUMULATION_202301260200_patch001,OPT_NORM_ILDW_MULT_ILDW_INIT_LIGHT_JTOTAL_LONG,Solver(ILDW),"(750,1500]",53473,0.33834672721334375,-0.02398925959392904,0.9675786364451241
RAD_OPERA_HOURLY_RAINFALL_ACCUMULATION_202301260200_patch001,OPT_NORM_ILDW_MULT_ILDW_INIT_LIGHT_JTOTAL_LONG,Solver(ILDW),"(1500,3125]",88711,0.4609712936544005,-0.029088097339208002,0.9392885898279021
RAD_OPERA_HOURLY_RAINFALL_ACCUMULATION_202301260200_patch001,OPT_NORM_ILDW_MULT_ILDW_INIT_LIGHT_JTOTAL_LONG,Solver(ILDW),"(3125,6000]",42560,0.5183646854188643,0.06644346728024626,0.9104022092051601
RAD_OPERA_HOURLY_RAINFALL_ACCUMULATION_202301260200_patch001,OPT_NORM_ILDW_MULT_ILDW_INIT_LIGHT_JTOTAL_LONG,Solver(ILDW),"(6000,9000]",975,0.6072767108006984,0.10950315506030352,0.3865424509128426
RAD_OPERA_HOURLY_RAINFALL_ACCUMULATION_202301260600_patch000,OPT_NORM_ILDW_MULT_ILDW_INIT_LIGHT_JTOTAL_LONG,Solver(ILDW),≤125,3390,2.357967594363436,-0.04574024509135739,0.9775276029238625
RAD_OPERA_HOURLY_RAINFALL_ACCUMULATION_202301260600_patch000,OPT_NORM_ILDW_MULT_ILDW_INIT_LIGHT_JTOTAL_LONG,Solver(ILDW),"(125,375]",13291,3.1097281514609545,-0.05550294912902957,0.9556103761781575
RAD_OPERA_HOURLY_RAINFALL_ACCUMULATION_202301260600_patch000,OPT_NORM_ILDW_MULT_ILDW_INIT_LIGHT_JTOTAL_LONG,Solver(ILDW),"(375,750]",19563,4.315794774390689,0.01198884471510037,0.9224500084804643
RAD_OPERA_HOURLY_RAINFALL_ACCUMULATION_202301260600_patch000,OPT_NORM_ILDW_MULT_ILDW_INIT_LIGHT_JTOTAL_LONG,Solver(ILDW),"(750,1500]",36286,4.460560241718474,0.18775658440398318,0.8820152475406204
RAD_OPERA_HOURLY_RAINFALL_ACCUMULATION_202301260600_patch000,OPT_NORM_ILDW_MULT_ILDW_INIT_LIGHT_JTOTAL_LONG,Solver(ILDW),"(1500,3125]",59850,4.6974220021254345,1.4549910736898481,0.73697606842231
RAD_OPERA_HOURLY_RAINFALL_ACCUMULATION_202301260600_patch000,OPT_NORM_ILDW_MULT_ILDW_INIT_LIGHT_JTOTAL_LONG,Solver(ILDW),"(3125,6000]",31192,6.38436316341316,3.559262621472285,0.45786980349001016
RAD_OPERA_HOURLY_RAINFALL_ACCUMULATION_202301260600_patch000,OPT_NORM_ILDW_MULT_ILDW_INIT_LIGHT_JTOTAL_LONG,Solver(ILDW),"(6000,9000]",2828,9.888486704227345,8.023625203763002,0.004865570918608842
RAD_OPERA_HOURLY_RAINFALL_ACCUMULATION_202301260800_patch001,OPT_NORM_ILDW_MULT_ILDW_INIT_LIGHT_JTOTAL_LONG,Solver(ILDW),≤125,5680,0.15341867035225765,0.00035908832542703187,0.9913355687436749
RAD_OPERA_HOURLY_RAINFALL_ACCUMULATION_202301260800_patch001,OPT_NORM_ILDW_MULT_ILDW_INIT_LIGHT_JTOTAL_LONG,Solver(ILDW),"(125,375]",22152,0.18710671267967025,-0.0009448642349062348,0.9870178818957284
RAD_OPERA_HOURLY_RAINFALL_ACCUMULATION_202301260800_patch001,OPT_NORM_ILDW_MULT_ILDW_INIT_LIGHT_JTOTAL_LONG,Solver(ILDW),"(375,750]",35262,0.26428727208264957,-0.002286331732432264,0.9746638561092683
RAD_OPERA_HOURLY_RAINFALL_ACCUMULATION_202301260800_patch001,OPT_NORM_ILDW_MULT_ILDW_INIT_LIGHT_JTOTAL_LONG,Solver(ILDW),"(750,1500]",67772,0.35962416947134673,-0.027194603223544694,0.9510458499398186
RAD_OPERA_HOURLY_RAINFALL_ACCUMULATION_202301260800_patch001,OPT_NORM_ILDW_MULT_ILDW_INIT_LIGHT_JTOTAL_LONG,Solver(ILDW),"(1500,3125]",116937,0.5363897848447909,-0.045576280617090646,0.9015227514322265
RAD_OPERA_HOURLY_RAINFALL_ACCUMULATION_202301260800_patch001,OPT_NORM_ILDW_MULT_ILDW_INIT_LIGHT_JTOTAL_LONG,Solver(ILDW),"(3125,6000]",62770,0.7212856923936524,-0.12729703281380406,0.8154635210536745
RAD_OPERA_HOURLY_RAINFALL_ACCUMULATION_202301260800_patch001,OPT_NORM_ILDW_MULT_ILDW_INIT_LIGHT_JTOTAL_LONG,Solver(ILDW),"(6000,9000]",1235,0.7042116424568433,0.0025627157466131664,0.7741930865545003
RAD_OPERA_HOURLY_RAINFALL_ACCUMULATION_202301260900_patch000,OPT_NORM_ILDW_MULT_ILDW_INIT_LIGHT_JTOTAL_LONG,Solver(ILDW),≤125,3711,0.2061514385769486,-0.003514353845422077,0.9907030921606709
RAD_OPERA_HOURLY_RAINFALL_ACCUMULATION_202301260900_patch000,OPT_NORM_ILDW_MULT_ILDW_INIT_LIGHT_JTOTAL_LONG,Solver(ILDW),"(125,375]",14727,0.24584474979513093,-0.0005122254804154152,0.9857991075814837
RAD_OPERA_HOURLY_RAINFALL_ACCUMULATION_202301260900_patch000,OPT_NORM_ILDW_MULT_ILDW_INIT_LIGHT_JTOTAL_LONG,Solver(ILDW),"(375,750]",22957,0.3149285749392892,-0.0022531809260861076,0.9762455581504574
RAD_OPERA_HOURLY_RAINFALL_ACCUMULATION_202301260900_patch000,OPT_NORM_ILDW_MULT_ILDW_INIT_LIGHT_JTOTAL_LONG,Solver(ILDW),"(750,1500]",43184,0.4033131206468024,-0.006570694299374036,0.962879806297278
RAD_OPERA_HOURLY_RAINFALL_ACCUMULATION_202301260900_patch000,OPT_NORM_ILDW_MULT_ILDW_INIT_LIGHT_JTOTAL_LONG,Solver(ILDW),"(1500,3125]",67966,0.5717096355934541,0.02778441967390068,0.9214453900583782
RAD_OPERA_HOURLY_RAINFALL_ACCUMULATION_202301260900_patch000,OPT_NORM_ILDW_MULT_ILDW_INIT_LIGHT_JTOTAL_LONG,Solver(ILDW),"(3125,6000]",32037,0.9735297817502185,0.30385717177028626,0.7021242530388396
RAD_OPERA_HOURLY_RAINFALL_ACCUMULATION_202301260900_patch000,OPT_NORM_ILDW_MULT_ILDW_INIT_LIGHT_JTOTAL_LONG,Solver(ILDW),"(6000,9000]",1018,1.2695682568704703,0.7965119628634575,0.4899080701809909
RAD_OPERA_HOURLY_RAINFALL_ACCUMULATION_202301260900_patch001,OPT_NORM_ILDW_MULT_ILDW_INIT_LIGHT_JTOTAL_LONG,Solver(ILDW),≤125,5159,0.15312961245632262,0.001534177946083119,0.9909739983686471
RAD_OPERA_HOURLY_RAINFALL_ACCUMULATION_202301260900_patch001,OPT_NORM_ILDW_MULT_ILDW_INIT_LIGHT_JTOTAL_LONG,Solver(ILDW),"(125,375]",19586,0.16874024183418307,0.0027968177828094415,0.9897898503391672
RAD_OPERA_HOURLY_RAINFALL_ACCUMULATION_202301260900_patch001,OPT_NORM_ILDW_MULT_ILDW_INIT_LIGHT_JTOTAL_LONG,Solver(ILDW),"(375,750]",29988,0.23570050870196582,0.0025826969848714923,0.981875881639565
RAD_OPERA_HOURLY_RAINFALL_ACCUMULATION_202301260900_patch001,OPT_NORM_ILDW_MULT_ILDW_INIT_LIGHT_JTOTAL_LONG,Solver(ILDW),"(750,1500]",56176,0.32968068662785366,-0.0006480750947982727,0.9678427527318835
RAD_OPERA_HOURLY_RAINFALL_ACCUMULATION_202301260900_patch001,OPT_NORM_ILDW_MULT_ILDW_INIT_LIGHT_JTOTAL_LONG,Solver(ILDW),"(1500,3125]",95580,0.48485533346408916,-0.02851612786554871,0.9395194652829154
RAD_OPERA_HOURLY_RAINFALL_ACCUMULATION_202301260900_patch001,OPT_NORM_ILDW_MULT_ILDW_INIT_LIGHT_JTOTAL_LONG,Solver(ILDW),"(3125,6000]",56911,0.6922136432882229,0.03556637704483423,0.9156589092864595
RAD_OPERA_HOURLY_RAINFALL_ACCUMULATION_202301260900_patch001,OPT_NORM_ILDW_MULT_ILDW_INIT_LIGHT_JTOTAL_LONG,Solver(ILDW),"(6000,9000]",8318,0.7915975854036067,0.40670217656407054,0.8580779790472207
RAD_OPERA_HOURLY_RAINFALL_ACCUMULATION_202301260900_patch001,OPT_NORM_ILDW_MULT_ILDW_INIT_LIGHT_JTOTAL_LONG,Solver(ILDW),>9000,666,0.53159437067328,0.3461268481549558,0.9424734295832362
RAD_OPERA_HOURLY_RAINFALL_ACCUMULATION_202301270400_patch000,OPT_NORM_ILDW_MULT_ILDW_INIT_LIGHT_JTOTAL_LONG,Solver(ILDW),≤125,4024,0.3660978454461787,-0.010488080843951704,0.9831142140445515
RAD_OPERA_HOURLY_RAINFALL_ACCUMULATION_202301270400_patch000,OPT_NORM_ILDW_MULT_ILDW_INIT_LIGHT_JTOTAL_LONG,Solver(ILDW),"(125,375]",16310,0.4474881734921189,0.010425981900035417,0.9714350916498603
RAD_OPERA_HOURLY_RAINFALL_ACCUMULATION_202301270400_patch000,OPT_NORM_ILDW_MULT_ILDW_INIT_LIGHT_JTOTAL_LONG,Solver(ILDW),"(375,750]",26560,0.5750869187177904,0.037800665615608416,0.9543827641619984
RAD_OPERA_HOURLY_RAINFALL_ACCUMULATION_202301270400_patch000,OPT_NORM_ILDW_MULT_ILDW_INIT_LIGHT_JTOTAL_LONG,Solver(ILDW),"(750,1500]",51739,0.7743051056553918,0.018567762880609462,0.9177401557371555
RAD_OPERA_HOURLY_RAINFALL_ACCUMULATION_202301270400_patch000,OPT_NORM_ILDW_MULT_ILDW_INIT_LIGHT_JTOTAL_LONG,Solver(ILDW),"(1500,3125]",79134,1.1341233564047146,0.03146953028075292,0.8286908415929609
RAD_OPERA_HOURLY_RAINFALL_ACCUMULATION_202301270400_patch000,OPT_NORM_ILDW_MULT_ILDW_INIT_LIGHT_JTOTAL_LONG,Solver(ILDW),"(3125,6000]",39529,1.6233246019542076,-0.12617455229495295,0.7821934066384455
RAD_OPERA_HOURLY_RAINFALL_ACCUMULATION_202301270400_patch000,OPT_NORM_ILDW_MULT_ILDW_INIT_LIGHT_JTOTAL_LONG,Solver(ILDW),"(6000,9000]",4447,1.3921390233133726,-0.7114942481618585,0.45133203121501847
RAD_OPERA_HOURLY_RAINFALL_ACCUMULATION_202301270400_patch000,OPT_NORM_ILDW_MULT_ILDW_INIT_LIGHT_JTOTAL_LONG,Solver(ILDW),>9000,2257,0.9706632999054219,-0.6213641276547589,-0.6532309747748969
RAD_OPERA_HOURLY_RAINFALL_ACCUMULATION_202301270700_patch000,OPT_NORM_ILDW_MULT_ILDW_INIT_LIGHT_JTOTAL_LONG,Solver(ILDW),≤125,6209,0.823024460296669,-0.00580695549973966,0.9756433422401768
RAD_OPERA_HOURLY_RAINFALL_ACCUMULATION_202301270700_patch000,OPT_NORM_ILDW_MULT_ILDW_INIT_LIGHT_JTOTAL_LONG,Solver(ILDW),"(125,375]",24640,0.9990554159305963,-0.008588166252354304,0.9603068780966033
RAD_OPERA_HOURLY_RAINFALL_ACCUMULATION_202301270700_patch000,OPT_NORM_ILDW_MULT_ILDW_INIT_LIGHT_JTOTAL_LONG,Solver(ILDW),"(375,750]",40310,1.1868641698834377,0.023044035528934897,0.9489025063501627
RAD_OPERA_HOURLY_RAINFALL_ACCUMULATION_202301270700_patch000,OPT_NORM_ILDW_MULT_ILDW_INIT_LIGHT_JTOTAL_LONG,Solver(ILDW),"(750,1500]",79643,1.5777567584626073,-0.001219618020888448,0.9260760923972482
RAD_OPERA_HOURLY_RAINFALL_ACCUMULATION_202301270700_patch000,OPT_NORM_ILDW_MULT_ILDW_INIT_LIGHT_JTOTAL_LONG,Solver(ILDW),"(1500,3125]",137983,2.339893545743364,-0.10230658173324188,0.8799732348846226
RAD_OPERA_HOURLY_RAINFALL_ACCUMULATION_202301270700_patch000,OPT_NORM_ILDW_MULT_ILDW_INIT_LIGHT_JTOTAL_LONG,Solver(ILDW),"(3125,6000]",83142,2.8164422843520724,-0.2633915339586044,0.8650464527250865
RAD_OPERA_HOURLY_RAINFALL_ACCUMULATION_202301270700_patch000,OPT_NORM_ILDW_MULT_ILDW_INIT_LIGHT_JTOTAL_LONG,Solver(ILDW),"(6000,9000]",10359,0.9867297683672077,0.1778685769106267,0.8144305245000952
RAD_OPERA_HOURLY_RAINFALL_ACCUMULATION_202301270700_patch000,OPT_NORM_ILDW_MULT_ILDW_INIT_LIGHT_JTOTAL_LONG,Solver(ILDW),>9000,2994,1.0718081242022341,-0.40816937781790735,0.836228501695317
RAD_OPERA_HOURLY_RAINFALL_ACCUMULATION_202301270800_patch000,OPT_NORM_ILDW_MULT_ILDW_INIT_LIGHT_JTOTAL_LONG,Solver(ILDW),≤125,3487,0.1271250235544764,-0.0035453196545538806,0.9726254833796762
RAD_OPERA_HOURLY_RAINFALL_ACCUMULATION_202301270800_patch000,OPT_NORM_ILDW_MULT_ILDW_INIT_LIGHT_JTOTAL_LONG,Solver(ILDW),"(125,375]",13581,0.11324693639609437,-0.005296634974689286,0.9781022427630632
RAD_OPERA_HOURLY_RAINFALL_ACCUMULATION_202301270800_patch000,OPT_NORM_ILDW_MULT_ILDW_INIT_LIGHT_JTOTAL_LONG,Solver(ILDW),"(375,750]",20224,0.12945883091228655,-0.005335400199305408,0.9703530446078651
RAD_OPERA_HOURLY_RAINFALL_ACCUMULATION_202301270800_patch000,OPT_NORM_ILDW_MULT_ILDW_INIT_LIGHT_JTOTAL_LONG,Solver(ILDW),"(750,1500]",37125,0.15892978803972163,-0.004155288400874796,0.9523381553643643
RAD_OPERA_HOURLY_RAINFALL_ACCUMULATION_202301270800_patch000,OPT_NORM_ILDW_MULT_ILDW_INIT_LIGHT_JTOTAL_LONG,Solver(ILDW),"(1500,3125]",60628,0.1941443612171254,0.03881752701581779,0.9254316963609255
RAD_OPERA_HOURLY_RAINFALL_ACCUMULATION_202301270800_patch000,OPT_NORM_ILDW_MULT_ILDW_INIT_LIGHT_JTOTAL_LONG,Solver(ILDW),"(3125,6000]",30024,0.32814553453489503,0.11633451479516155,0.9046621580096887
RAD_OPERA_HOURLY_RAINFALL_ACCUMULATION_202301270800_patch000,OPT_NORM_ILDW_MULT_ILDW_INIT_LIGHT_JTOTAL_LONG,Solver(ILDW),"(6000,9000]",1331,0.6057001090454874,0.47378177386670073,0.9489168496268419
RAD_OPERA_HOURLY_RAINFALL_ACCUMULATION_202301270900_patch000,OPT_NORM_ILDW_MULT_ILDW_INIT_LIGHT_JTOTAL_LONG,Solver(ILDW),≤125,5395,0.3192857003669066,0.008909360074936184,0.9912233963920775
RAD_OPERA_HOURLY_RAINFALL_ACCUMULATION_202301270900_patch000,OPT_NORM_ILDW_MULT_ILDW_INIT_LIGHT_JTOTAL_LONG,Solver(ILDW),"(125,375]",21090,0.4159291231636475,0.0005267321233248586,0.9838988479157338
RAD_OPERA_HOURLY_RAINFALL_ACCUMULATION_202301270900_patch000,OPT_NORM_ILDW_MULT_ILDW_INIT_LIGHT_JTOTAL_LONG,Solver(ILDW),"(375,750]",34488,0.5908873834302284,-0.036745578385196064,0.9648584727936527
RAD_OPERA_HOURLY_RAINFALL_ACCUMULATION_202301270900_patch000,OPT_NORM_ILDW_MULT_ILDW_INIT_LIGHT_JTOTAL_LONG,Solver(ILDW),"(750,1500]",67771,0.7995778381978933,-0.0731629282883082,0.9243927026113722
RAD_OPERA_HOURLY_RAINFALL_ACCUMULATION_202301270900_patch000,OPT_NORM_ILDW_MULT_ILDW_INIT_LIGHT_JTOTAL_LONG,Solver(ILDW),"(1500,3125]",115766,0.9638778286942316,-0.01568074517022801,0.8708597255428197
RAD_OPERA_HOURLY_RAINFALL_ACCUMULATION_202301270900_patch000,OPT_NORM_ILDW_MULT_ILDW_INIT_LIGHT_JTOTAL_LONG,Solver(ILDW),"(3125,6000]",63094,1.0597799227018507,0.2221193413529511,0.8329310465474136
RAD_OPERA_HOURLY_RAINFALL_ACCUMULATION_202301270900_patch000,OPT_NORM_ILDW_MULT_ILDW_INIT_LIGHT_JTOTAL_LONG,Solver(ILDW),"(6000,9000]",4971,1.1035563260235806,0.8492207688300785,0.7816443916221252
RAD_OPERA_HOURLY_RAINFALL_ACCUMULATION_202301270900_patch000,OPT_NORM_ILDW_MULT_ILDW_INIT_LIGHT_JTOTAL_LONG,Solver(ILDW),>9000,1,0.7099288403987885,0.7099288403987885,
RAD_OPERA_HOURLY_RAINFALL_ACCUMULATION_202301271000_patch001,OPT_NORM_ILDW_MULT_ILDW_INIT_LIGHT_JTOTAL_LONG,Solver(ILDW),≤125,5081,0.6896287416822584,-0.011182450954582819,0.9756163185958033
RAD_OPERA_HOURLY_RAINFALL_ACCUMULATION_202301271000_patch001,OPT_NORM_ILDW_MULT_ILDW_INIT_LIGHT_JTOTAL_LONG,Solver(ILDW),"(125,375]",19591,0.843506733565606,0.007418054323992758,0.9763428603266439
RAD_OPERA_HOURLY_RAINFALL_ACCUMULATION_202301271000_patch001,OPT_NORM_ILDW_MULT_ILDW_INIT_LIGHT_JTOTAL_LONG,Solver(ILDW),"(375,750]",30953,1.1815793790848599,0.029005831835503416,0.9673366299336063
RAD_OPERA_HOURLY_RAINFALL_ACCUMULATION_202301271000_patch001,OPT_NORM_ILDW_MULT_ILDW_INIT_LIGHT_JTOTAL_LONG,Solver(ILDW),"(750,1500]",57909,1.8486801024008537,-0.05831413183150802,0.9315963718935165
RAD_OPERA_HOURLY_RAINFALL_ACCUMULATION_202301271000_patch001,OPT_NORM_ILDW_MULT_ILDW_INIT_LIGHT_JTOTAL_LONG,Solver(ILDW),"(1500,3125]",94396,2.7139461355377703,-0.21742531497545609,0.8376892165621809
RAD_OPERA_HOURLY_RAINFALL_ACCUMULATION_202301271000_patch001,OPT_NORM_ILDW_MULT_ILDW_INIT_LIGHT_JTOTAL_LONG,Solver(ILDW),"(3125,6000]",50338,3.0399369272996632,-0.12386927454363529,0.8602531789179574
RAD_OPERA_HOURLY_RAINFALL_ACCUMULATION_202301271000_patch001,OPT_NORM_ILDW_MULT_ILDW_INIT_LIGHT_JTOTAL_LONG,Solver(ILDW),"(6000,9000]",3450,3.5121058651970634,0.6497275595258976,0.9297865816389546
RAD_OPERA_HOURLY_RAINFALL_ACCUMULATION_202301271000_patch001,OPT_NORM_ILDW_MULT_ILDW_INIT_LIGHT_JTOTAL_LONG,Solver(ILDW),>9000,170,3.3437482657673163,3.3427584423738366,0.05821016907888846
RAD_OPERA_HOURLY_RAINFALL_ACCUMULATION_202301271800_patch000,OPT_NORM_ILDW_MULT_ILDW_INIT_LIGHT_JTOTAL_LONG,Solver(ILDW),≤125,5395,0.06585580214856958,-0.0002794151730400418,0.994434824542475
RAD_OPERA_HOURLY_RAINFALL_ACCUMULATION_202301271800_patch000,OPT_NORM_ILDW_MULT_ILDW_INIT_LIGHT_JTOTAL_LONG,Solver(ILDW),"(125,375]",21090,0.07646888792455249,0.0011799339832090664,0.9933439083996393
RAD_OPERA_HOURLY_RAINFALL_ACCUMULATION_202301271800_patch000,OPT_NORM_ILDW_MULT_ILDW_INIT_LIGHT_JTOTAL_LONG,Solver(ILDW),"(375,750]",34488,0.09718944365027049,0.002914964755237918,0.9905335127489502
RAD_OPERA_HOURLY_RAINFALL_ACCUMULATION_202301271800_patch000,OPT_NORM_ILDW_MULT_ILDW_INIT_LIGHT_JTOTAL_LONG,Solver(ILDW),"(750,1500]",67771,0.12383660784224769,0.0032587158549971947,0.9850757788497434
RAD_OPERA_HOURLY_RAINFALL_ACCUMULATION_202301271800_patch000,OPT_NORM_ILDW_MULT_ILDW_INIT_LIGHT_JTOTAL_LONG,Solver(ILDW),"(1500,3125]",115766,0.1681305620000594,0.010973518196830435,0.972310304012087
RAD_OPERA_HOURLY_RAINFALL_ACCUMULATION_202301271800_patch000,OPT_NORM_ILDW_MULT_ILDW_INIT_LIGHT_JTOTAL_LONG,Solver(ILDW),"(3125,6000]",63094,0.26065996895698185,0.019444701360568657,0.9591595297678078
RAD_OPERA_HOURLY_RAINFALL_ACCUMULATION_202301271800_patch000,OPT_NORM_ILDW_MULT_ILDW_INIT_LIGHT_JTOTAL_LONG,Solver(ILDW),"(6000,9000]",4971,0.4236552571024009,0.3129616571825243,0.9608436611301201
RAD_OPERA_HOURLY_RAINFALL_ACCUMULATION_202301271800_patch000,OPT_NORM_ILDW_MULT_ILDW_INIT_LIGHT_JTOTAL_LONG,Solver(ILDW),>9000,1,0.3673588037490845,0.3673588037490845,
RAD_OPERA_HOURLY_RAINFALL_ACCUMULATION_202301272100_patch001,OPT_NORM_ILDW_MULT_ILDW_INIT_LIGHT_JTOTAL_LONG,Solver(ILDW),≤125,4361,1.4850879651962343,0.024701673989654678,0.9483916283456888
RAD_OPERA_HOURLY_RAINFALL_ACCUMULATION_202301272100_patch001,OPT_NORM_ILDW_MULT_ILDW_INIT_LIGHT_JTOTAL_LONG,Solver(ILDW),"(125,375]",17119,1.2795376131547695,-0.04395195562377622,0.9642731114213827
RAD_OPERA_HOURLY_RAINFALL_ACCUMULATION_202301272100_patch001,OPT_NORM_ILDW_MULT_ILDW_INIT_LIGHT_JTOTAL_LONG,Solver(ILDW),"(375,750]",25927,1.6028646336446577,-0.19625315738076263,0.9607216378350936
RAD_OPERA_HOURLY_RAINFALL_ACCUMULATION_202301272100_patch001,OPT_NORM_ILDW_MULT_ILDW_INIT_LIGHT_JTOTAL_LONG,Solver(ILDW),"(750,1500]",47998,2.2225374097185533,-0.43072518479530014,0.9348667658196461
RAD_OPERA_HOURLY_RAINFALL_ACCUMULATION_202301272100_patch001,OPT_NORM_ILDW_MULT_ILDW_INIT_LIGHT_JTOTAL_LONG,Solver(ILDW),"(1500,3125]",78136,2.9706675924072883,-0.4054653293505634,0.8477328444595099
RAD_OPERA_HOURLY_RAINFALL_ACCUMULATION_202301272100_patch001,OPT_NORM_ILDW_MULT_ILDW_INIT_LIGHT_JTOTAL_LONG,Solver(ILDW),"(3125,6000]",40134,3.4363347550742684,0.759118282619126,0.6856726286174355
RAD_OPERA_HOURLY_RAINFALL_ACCUMULATION_202301272100_patch001,OPT_NORM_ILDW_MULT_ILDW_INIT_LIGHT_JTOTAL_LONG,Solver(ILDW),"(6000,9000]",6879,3.900476378005804,3.0503968643687744,0.5240986012840607
RAD_OPERA_HOURLY_RAINFALL_ACCUMULATION_202301272100_patch001,OPT_NORM_ILDW_MULT_ILDW_INIT_LIGHT_JTOTAL_LONG,Solver(ILDW),>9000,1654,3.841410278708253,3.135108058200132,0.884623401200315
RAD_OPERA_HOURLY_RAINFALL_ACCUMULATION_202301272300_patch000,OPT_NORM_ILDW_MULT_ILDW_INIT_LIGHT_JTOTAL_LONG,Solver(ILDW),≤125,4739,0.13431977096477124,0.002093240323135133,0.9951328731647184
RAD_OPERA_HOURLY_RAINFALL_ACCUMULATION_202301272300_patch000,OPT_NORM_ILDW_MULT_ILDW_INIT_LIGHT_JTOTAL_LONG,Solver(ILDW),"(125,375]",17811,0.1674564033454213,0.0031550269259982694,0.9928083296100656
RAD_OPERA_HOURLY_RAINFALL_ACCUMULATION_202301272300_patch000,OPT_NORM_ILDW_MULT_ILDW_INIT_LIGHT_JTOTAL_LONG,Solver(ILDW),"(375,750]",26584,0.22723595062988,0.00814130281866395,0.9886402546495779
RAD_OPERA_HOURLY_RAINFALL_ACCUMULATION_202301272300_patch000,OPT_NORM_ILDW_MULT_ILDW_INIT_LIGHT_JTOTAL_LONG,Solver(ILDW),"(750,1500]",49607,0.29340464224880436,0.002848930522037417,0.9834506021884423
RAD_OPERA_HOURLY_RAINFALL_ACCUMULATION_202301272300_patch000,OPT_NORM_ILDW_MULT_ILDW_INIT_LIGHT_JTOTAL_LONG,Solver(ILDW),"(1500,3125]",83724,0.429766027650225,0.029449847715640142,0.9633057264560121
RAD_OPERA_HOURLY_RAINFALL_ACCUMULATION_202301272300_patch000,OPT_NORM_ILDW_MULT_ILDW_INIT_LIGHT_JTOTAL_LONG,Solver(ILDW),"(3125,6000]",46547,0.7031719360086188,0.04242512092106652,0.8961315017028779
RAD_OPERA_HOURLY_RAINFALL_ACCUMULATION_202301272300_patch000,OPT_NORM_ILDW_MULT_ILDW_INIT_LIGHT_JTOTAL_LONG,Solver(ILDW),"(6000,9000]",5949,0.9104343535506467,0.40969535328196083,0.6003826324689083
RAD_OPERA_HOURLY_RAINFALL_ACCUMULATION_202301272300_patch000,OPT_NORM_ILDW_MULT_ILDW_INIT_LIGHT_JTOTAL_LONG,Solver(ILDW),>9000,1839,1.342910825260144,1.282351804855662,0.473488435532145
RAD_OPERA_HOURLY_RAINFALL_ACCUMULATION_202301272300_patch002,OPT_NORM_ILDW_MULT_ILDW_INIT_LIGHT_JTOTAL_LONG,Solver(ILDW),≤125,5768,0.5438098637359422,-0.0035296217764465556,0.9903240836913216
RAD_OPERA_HOURLY_RAINFALL_ACCUMULATION_202301272300_patch002,OPT_NORM_ILDW_MULT_ILDW_INIT_LIGHT_JTOTAL_LONG,Solver(ILDW),"(125,375]",22309,0.6304965624547304,-0.009325196224526676,0.9861652520432244
RAD_OPERA_HOURLY_RAINFALL_ACCUMULATION_202301272300_patch002,OPT_NORM_ILDW_MULT_ILDW_INIT_LIGHT_JTOTAL_LONG,Solver(ILDW),"(375,750]",36274,0.8218870042206144,0.0006268453560557999,0.9742855196854813
RAD_OPERA_HOURLY_RAINFALL_ACCUMULATION_202301272300_patch002,OPT_NORM_ILDW_MULT_ILDW_INIT_LIGHT_JTOTAL_LONG,Solver(ILDW),"(750,1500]",71451,1.073602776505527,0.01431137457227402,0.956704734127452
RAD_OPERA_HOURLY_RAINFALL_ACCUMULATION_202301272300_patch002,OPT_NORM_ILDW_MULT_ILDW_INIT_LIGHT_JTOTAL_LONG,Solver(ILDW),"(1500,3125]",122451,1.3391680768054879,0.10661857835030614,0.9388248331836292
RAD_OPERA_HOURLY_RAINFALL_ACCUMULATION_202301272300_patch002,OPT_NORM_ILDW_MULT_ILDW_INIT_LIGHT_JTOTAL_LONG,Solver(ILDW),"(3125,6000]",62604,1.575363552208597,0.21857709287749746,0.9291144884377691
RAD_OPERA_HOURLY_RAINFALL_ACCUMULATION_202301272300_patch002,OPT_NORM_ILDW_MULT_ILDW_INIT_LIGHT_JTOTAL_LONG,Solver(ILDW),"(6000,9000]",1703,1.8656323982196936,0.9056409620321714,0.937669941672718
RAD_OPERA_HOURLY_RAINFALL_ACCUMULATION_202301280000_patch001,OPT_NORM_ILDW_MULT_ILDW_INIT_LIGHT_JTOTAL_LONG,Solver(ILDW),≤125,4067,0.1988690867057784,-0.005234789494392999,0.9936094432375777
RAD_OPERA_HOURLY_RAINFALL_ACCUMULATION_202301280000_patch001,OPT_NORM_ILDW_MULT_ILDW_INIT_LIGHT_JTOTAL_LONG,Solver(ILDW),"(125,375]",16278,0.23102289889924824,0.0023282895260367466,0.9913757661368091
RAD_OPERA_HOURLY_RAINFALL_ACCUMULATION_202301280000_patch001,OPT_NORM_ILDW_MULT_ILDW_INIT_LIGHT_JTOTAL_LONG,Solver(ILDW),"(375,750]",25812,0.3051704619609826,0.009959767460730691,0.9857814749418268
RAD_OPERA_HOURLY_RAINFALL_ACCUMULATION_202301280000_patch001,OPT_NORM_ILDW_MULT_ILDW_INIT_LIGHT_JTOTAL_LONG,Solver(ILDW),"(750,1500]",48116,0.44363641851804375,-0.005078317152635248,0.9739122101587788
RAD_OPERA_HOURLY_RAINFALL_ACCUMULATION_202301280000_patch001,OPT_NORM_ILDW_MULT_ILDW_INIT_LIGHT_JTOTAL_LONG,Solver(ILDW),"(1500,3125]",75981,0.6531467397642426,0.05562422301187464,0.9526418912029094
RAD_OPERA_HOURLY_RAINFALL_ACCUMULATION_202301280000_patch001,OPT_NORM_ILDW_MULT_ILDW_INIT_LIGHT_JTOTAL_LONG,Solver(ILDW),"(3125,6000]",35618,0.6889773620385404,0.08503047937264882,0.9477746569491217
RAD_OPERA_HOURLY_RAINFALL_ACCUMULATION_202301280000_patch001,OPT_NORM_ILDW_MULT_ILDW_INIT_LIGHT_JTOTAL_LONG,Solver(ILDW),"(6000,9000]",1488,0.9806003666112997,0.34889021820278576,0.903152485537541
RAD_OPERA_HOURLY_RAINFALL_ACCUMULATION_202301280700_patch000,OPT_NORM_ILDW_MULT_ILDW_INIT_LIGHT_JTOTAL_LONG,Solver(ILDW),≤125,4736,0.886666667721386,-0.006751094432476288,0.9884721596572643
RAD_OPERA_HOURLY_RAINFALL_ACCUMULATION_202301280700_patch000,OPT_NORM_ILDW_MULT_ILDW_INIT_LIGHT_JTOTAL_LONG,Solver(ILDW),"(125,375]",19319,1.04727935270466,0.02377650139939139,0.9799532411178152
RAD_OPERA_HOURLY_RAINFALL_ACCUMULATION_202301280700_patch000,OPT_NORM_ILDW_MULT_ILDW_INIT_LIGHT_JTOTAL_LONG,Solver(ILDW),"(375,750]",32179,1.3095264551064665,-0.01708405366021167,0.9696608088824648
RAD_OPERA_HOURLY_RAINFALL_ACCUMULATION_202301280700_patch000,OPT_NORM_ILDW_MULT_ILDW_INIT_LIGHT_JTOTAL_LONG,Solver(ILDW),"(750,1500]",64809,1.719902628612934,-0.07077839844995355,0.9520218152364003
RAD_OPERA_HOURLY_RAINFALL_ACCUMULATION_202301280700_patch000,OPT_NORM_ILDW_MULT_ILDW_INIT_LIGHT_JTOTAL_LONG,Solver(ILDW),"(1500,3125]",111200,2.5305048953126414,0.0297343791544311,0.9018803643295256
RAD_OPERA_HOURLY_RAINFALL_ACCUMULATION_202301280700_patch000,OPT_NORM_ILDW_MULT_ILDW_INIT_LIGHT_JTOTAL_LONG,Solver(ILDW),"(3125,6000]",52343,3.501278006266771,0.9530308377086909,0.7028801159050878
RAD_OPERA_HOURLY_RAINFALL_ACCUMULATION_202301280700_patch000,OPT_NORM_ILDW_MULT_ILDW_INIT_LIGHT_JTOTAL_LONG,Solver(ILDW),"(6000,9000]",2134,4.847241709155244,2.920783864720022,0.31956406788967345
RAD_OPERA_HOURLY_RAINFALL_ACCUMULATION_202301280800_patch000,OPT_NORM_ILDW_MULT_ILDW_INIT_LIGHT_JTOTAL_LONG,Solver(ILDW),≤125,3789,0.5339251697024083,-0.0014716889871459863,0.9976776297849753
RAD_OPERA_HOURLY_RAINFALL_ACCUMULATION_202301280800_patch000,OPT_NORM_ILDW_MULT_ILDW_INIT_LIGHT_JTOTAL_LONG,Solver(ILDW),"(125,375]",15303,0.5487459293579016,-0.010451562761567133,0.9970103726001088
RAD_OPERA_HOURLY_RAINFALL_ACCUMULATION_202301280800_patch000,OPT_NORM_ILDW_MULT_ILDW_INIT_LIGHT_JTOTAL_LONG,Solver(ILDW),"(375,750]",24416,0.7731257062547449,-0.036540885894104036,0.9923573053548111
RAD_OPERA_HOURLY_RAINFALL_ACCUMULATION_202301280800_patch000,OPT_NORM_ILDW_MULT_ILDW_INIT_LIGHT_JTOTAL_LONG,Solver(ILDW),"(750,1500]",45694,1.0443061073192643,-0.03917975947257595,0.9824473944524288
RAD_OPERA_HOURLY_RAINFALL_ACCUMULATION_202301280800_patch000,OPT_NORM_ILDW_MULT_ILDW_INIT_LIGHT_JTOTAL_LONG,Solver(ILDW),"(1500,3125]",70847,1.2015649026371946,0.07734960412007238,0.9672606105234224
RAD_OPERA_HOURLY_RAINFALL_ACCUMULATION_202301280800_patch000,OPT_NORM_ILDW_MULT_ILDW_INIT_LIGHT_JTOTAL_LONG,Solver(ILDW),"(3125,6000]",36972,1.6342614971031626,0.3922021833205009,0.9151828702207373
RAD_OPERA_HOURLY_RAINFALL_ACCUMULATION_202301280800_patch000,OPT_NORM_ILDW_MULT_ILDW_INIT_LIGHT_JTOTAL_LONG,Solver(ILDW),"(6000,9000]",1379,1.5148394661748443,1.08241271298376,0.6235384517170942
RAD_OPERA_HOURLY_RAINFALL_ACCUMULATION_202301280900_patch000,OPT_NORM_ILDW_MULT_ILDW_INIT_LIGHT_JTOTAL_LONG,Solver(ILDW),≤125,4739,0.5397662685899792,0.017387755191425325,0.966281325044528
RAD_OPERA_HOURLY_RAINFALL_ACCUMULATION_202301280900_patch000,OPT_NORM_ILDW_MULT_ILDW_INIT_LIGHT_JTOTAL_LONG,Solver(ILDW),"(125,375]",17811,0.5386712974854494,-0.01345653722410682,0.9697201859411655
RAD_OPERA_HOURLY_RAINFALL_ACCUMULATION_202301280900_patch000,OPT_NORM_ILDW_MULT_ILDW_INIT_LIGHT_JTOTAL_LONG,Solver(ILDW),"(375,750]",26584,0.6144255843366762,-0.01942814560446704,0.964353330795541
RAD_OPERA_HOURLY_RAINFALL_ACCUMULATION_202301280900_patch000,OPT_NORM_ILDW_MULT_ILDW_INIT_LIGHT_JTOTAL_LONG,Solver(ILDW),"(750,1500]",49607,0.7834997316585843,-0.024927834217295254,0.9423614131533802
RAD_OPERA_HOURLY_RAINFALL_ACCUMULATION_202301280900_patch000,OPT_NORM_ILDW_MULT_ILDW_INIT_LIGHT_JTOTAL_LONG,Solver(ILDW),"(1500,3125]",83724,0.9114708441917111,0.039911988106830935,0.9166018255355587
RAD_OPERA_HOURLY_RAINFALL_ACCUMULATION_202301280900_patch000,OPT_NORM_ILDW_MULT_ILDW_INIT_LIGHT_JTOTAL_LONG,Solver(ILDW),"(3125,6000]",46547,1.2415984036639454,0.11326886322650424,0.8499415069901428
RAD_OPERA_HOURLY_RAINFALL_ACCUMULATION_202301280900_patch000,OPT_NORM_ILDW_MULT_ILDW_INIT_LIGHT_JTOTAL_LONG,Solver(ILDW),"(6000,9000]",5949,1.3251188216734153,0.6095859774840279,0.7673384282406877
RAD_OPERA_HOURLY_RAINFALL_ACCUMULATION_202301280900_patch000,OPT_NORM_ILDW_MULT_ILDW_INIT_LIGHT_JTOTAL_LONG,Solver(ILDW),>9000,1839,1.2708886969179307,1.0554862693965015,0.13674732386992505
RAD_OPERA_HOURLY_RAINFALL_ACCUMULATION_202301281000_patch001,OPT_NORM_ILDW_MULT_ILDW_INIT_LIGHT_JTOTAL_LONG,Solver(ILDW),≤125,4538,1.003957355540309,0.048828874850165876,0.9421077270636035
RAD_OPERA_HOURLY_RAINFALL_ACCUMULATION_202301281000_patch001,OPT_NORM_ILDW_MULT_ILDW_INIT_LIGHT_JTOTAL_LONG,Solver(ILDW),"(125,375]",16885,1.0081468433177259,-0.015519863340030651,0.9562841878688234
RAD_OPERA_HOURLY_RAINFALL_ACCUMULATION_202301281000_patch001,OPT_NORM_ILDW_MULT_ILDW_INIT_LIGHT_JTOTAL_LONG,Solver(ILDW),"(375,750]",25044,1.1289971498214575,-0.09539115398995208,0.9629842450043579
RAD_OPERA_HOURLY_RAINFALL_ACCUMULATION_202301281000_patch001,OPT_NORM_ILDW_MULT_ILDW_INIT_LIGHT_JTOTAL_LONG,Solver(ILDW),"(750,1500]",46152,1.6840464633035945,-0.330028196565342,0.9542128565033604
RAD_OPERA_HOURLY_RAINFALL_ACCUMULATION_202301281000_patch001,OPT_NORM_ILDW_MULT_ILDW_INIT_LIGHT_JTOTAL_LONG,Solver(ILDW),"(1500,3125]",77771,2.9638663023441842,-0.9019718545709029,0.9235748891597126
RAD_OPERA_HOURLY_RAINFALL_ACCUMULATION_202301281000_patch001,OPT_NORM_ILDW_MULT_ILDW_INIT_LIGHT_JTOTAL_LONG,Solver(ILDW),"(3125,6000]",38060,4.858954342781054,-2.088146857721962,0.8930518538545126
RAD_OPERA_HOURLY_RAINFALL_ACCUMULATION_202301281000_patch001,OPT_NORM_ILDW_MULT_ILDW_INIT_LIGHT_JTOTAL_LONG,Solver(ILDW),"(6000,9000]",2697,4.248919280963716,-0.41248467594970806,0.9676091789325172
RAD_OPERA_HOURLY_RAINFALL_ACCUMULATION_202301281000_patch001,OPT_NORM_ILDW_MULT_ILDW_INIT_LIGHT_JTOTAL_LONG,Solver(ILDW),>9000,53,1.3340588731186123,1.3308678252517052,
RAD_OPERA_HOURLY_RAINFALL_ACCUMULATION_202301281900_patch000,OPT_NORM_ILDW_MULT_ILDW_INIT_LIGHT_JTOTAL_LONG,Solver(ILDW),≤125,4624,0.17072889101855923,0.009278897814787796,0.9927258638814491
RAD_OPERA_HOURLY_RAINFALL_ACCUMULATION_202301281900_patch000,OPT_NORM_ILDW_MULT_ILDW_INIT_LIGHT_JTOTAL_LONG,Solver(ILDW),"(125,375]",18731,0.19686663443806784,-0.0014911219298658187,0.9912253438371846
RAD_OPERA_HOURLY_RAINFALL_ACCUMULATION_202301281900_patch000,OPT_NORM_ILDW_MULT_ILDW_INIT_LIGHT_JTOTAL_LONG,Solver(ILDW),"(375,750]",30721,0.2524891117668251,-0.0036312226743376204,0.9870777925677867
RAD_OPERA_HOURLY_RAINFALL_ACCUMULATION_202301281900_patch000,OPT_NORM_ILDW_MULT_ILDW_INIT_LIGHT_JTOTAL_LONG,Solver(ILDW),"(750,1500]",60480,0.30056187023338626,0.002943255578872388,0.9842255547759016
RAD_OPERA_HOURLY_RAINFALL_ACCUMULATION_202301281900_patch000,OPT_NORM_ILDW_MULT_ILDW_INIT_LIGHT_JTOTAL_LONG,Solver(ILDW),"(1500,3125]",102275,0.40162344571701497,0.048938532259667655,0.9714223523747015
RAD_OPERA_HOURLY_RAINFALL_ACCUMULATION_202301281900_patch000,OPT_NORM_ILDW_MULT_ILDW_INIT_LIGHT_JTOTAL_LONG,Solver(ILDW),"(3125,6000]",53363,0.48093424726009865,0.18191079294485185,0.9495008792905506
RAD_OPERA_HOURLY_RAINFALL_ACCUMULATION_202301281900_patch000,OPT_NORM_ILDW_MULT_ILDW_INIT_LIGHT_JTOTAL_LONG,Solver(ILDW),"(6000,9000]",4494,0.4630285742558776,0.28271879504455905,0.9148314413639409
RAD_OPERA_HOURLY_RAINFALL_ACCUMULATION_202301282100_patch000,OPT_NORM_ILDW_MULT_ILDW_INIT_LIGHT_JTOTAL_LONG,Solver(ILDW),≤125,4949,0.19538978913103808,-0.002469811357402016,0.9854485268643541
RAD_OPERA_HOURLY_RAINFALL_ACCUMULATION_202301282100_patch000,OPT_NORM_ILDW_MULT_ILDW_INIT_LIGHT_JTOTAL_LONG,Solver(ILDW),"(125,375]",18581,0.22147055308960795,-0.0022405259840094466,0.9817193884376072
RAD_OPERA_HOURLY_RAINFALL_ACCUMULATION_202301282100_patch000,OPT_NORM_ILDW_MULT_ILDW_INIT_LIGHT_JTOTAL_LONG,Solver(ILDW),"(375,750]",27724,0.27219267394716906,0.01073063604749693,0.9709505813460336
RAD_OPERA_HOURLY_RAINFALL_ACCUMULATION_202301282100_patch000,OPT_NORM_ILDW_MULT_ILDW_INIT_LIGHT_JTOTAL_LONG,Solver(ILDW),"(750,1500]",51472,0.3443215160443515,0.01695892874546799,0.9526295067140292
RAD_OPERA_HOURLY_RAINFALL_ACCUMULATION_202301282100_patch000,OPT_NORM_ILDW_MULT_ILDW_INIT_LIGHT_JTOTAL_LONG,Solver(ILDW),"(1500,3125]",89017,0.47967766606130574,0.042043820502232036,0.9092562981479766
RAD_OPERA_HOURLY_RAINFALL_ACCUMULATION_202301282100_patch000,OPT_NORM_ILDW_MULT_ILDW_INIT_LIGHT_JTOTAL_LONG,Solver(ILDW),"(3125,6000]",45865,0.5788140569185708,0.19070635337443878,0.8526680551928221
RAD_OPERA_HOURLY_RAINFALL_ACCUMULATION_202301282100_patch000,OPT_NORM_ILDW_MULT_ILDW_INIT_LIGHT_JTOTAL_LONG,Solver(ILDW),"(6000,9000]",2008,0.8367499307369026,0.5669367036140297,0.6166754679107256
RAD_OPERA_HOURLY_RAINFALL_ACCUMULATION_202301282200_patch000,OPT_NORM_ILDW_MULT_ILDW_INIT_LIGHT_JTOTAL_LONG,Solver(ILDW),≤125,5612,1.9768483152353094,0.03404673056217955,0.9425713117851707
RAD_OPERA_HOURLY_RAINFALL_ACCUMULATION_202301282200_patch000,OPT_NORM_ILDW_MULT_ILDW_INIT_LIGHT_JTOTAL_LONG,Solver(ILDW),"(125,375]",22110,2.197823612951806,0.054489715429417086,0.932733120985134
RAD_OPERA_HOURLY_RAINFALL_ACCUMULATION_202301282200_patch000,OPT_NORM_ILDW_MULT_ILDW_INIT_LIGHT_JTOTAL_LONG,Solver(ILDW),"(375,750]",35046,2.632667268699815,0.08573601404656041,0.9171037576439025
RAD_OPERA_HOURLY_RAINFALL_ACCUMULATION_202301282200_patch000,OPT_NORM_ILDW_MULT_ILDW_INIT_LIGHT_JTOTAL_LONG,Solver(ILDW),"(750,1500]",65839,3.3281398772096376,0.2165021219279545,0.9007349968513887
RAD_OPERA_HOURLY_RAINFALL_ACCUMULATION_202301282200_patch000,OPT_NORM_ILDW_MULT_ILDW_INIT_LIGHT_JTOTAL_LONG,Solver(ILDW),"(1500,3125]",112059,5.377362071025562,-0.05314676064009435,0.8633245215509378
RAD_OPERA_HOURLY_RAINFALL_ACCUMULATION_202301282200_patch000,OPT_NORM_ILDW_MULT_ILDW_INIT_LIGHT_JTOTAL_LONG,Solver(ILDW),"(3125,6000]",70144,6.165223359756399,-1.0560566277034253,0.7989410295046413
RAD_OPERA_HOURLY_RAINFALL_ACCUMULATION_202301282200_patch000,OPT_NORM_ILDW_MULT_ILDW_INIT_LIGHT_JTOTAL_LONG,Solver(ILDW),"(6000,9000]",6630,6.024212202925134,1.932208274370617,0.6089445462085415
RAD_OPERA_HOURLY_RAINFALL_ACCUMULATION_202301282200_patch001,OPT_NORM_ILDW_MULT_ILDW_INIT_LIGHT_JTOTAL_LONG,Solver(ILDW),≤125,6976,0.9209779493097237,-0.02006718743816113,0.990907751448294
RAD_OPERA_HOURLY_RAINFALL_ACCUMULATION_202301282200_patch001,OPT_NORM_ILDW_MULT_ILDW_INIT_LIGHT_JTOTAL_LONG,Solver(ILDW),"(125,375]",27728,1.0846448632911683,0.019284688544429825,0.9857115139455686
RAD_OPERA_HOURLY_RAINFALL_ACCUMULATION_202301282200_patch001,OPT_NORM_ILDW_MULT_ILDW_INIT_LIGHT_JTOTAL_LONG,Solver(ILDW),"(375,750]",46891,1.287848846171936,0.038543675930890045,0.9791789823599077
RAD_OPERA_HOURLY_RAINFALL_ACCUMULATION_202301282200_patch001,OPT_NORM_ILDW_MULT_ILDW_INIT_LIGHT_JTOTAL_LONG,Solver(ILDW),"(750,1500]",95950,1.5131802878811795,0.010293290450813262,0.970855305893926
RAD_OPERA_HOURLY_RAINFALL_ACCUMULATION_202301282200_patch001,OPT_NORM_ILDW_MULT_ILDW_INIT_LIGHT_JTOTAL_LONG,Solver(ILDW),"(1500,3125]",174165,1.834126150298272,0.13018146515736254,0.952857330070134
RAD_OPERA_HOURLY_RAINFALL_ACCUMULATION_202301282200_patch001,OPT_NORM_ILDW_MULT_ILDW_INIT_LIGHT_JTOTAL_LONG,Solver(ILDW),"(3125,6000]",94327,1.9852681963031618,0.22824226679020307,0.9411018615094685
RAD_OPERA_HOURLY_RAINFALL_ACCUMULATION_202301282200_patch001,OPT_NORM_ILDW_MULT_ILDW_INIT_LIGHT_JTOTAL_LONG,Solver(ILDW),"(6000,9000]",4507,1.6167590898712303,1.0999985159468222,0.7795170368757237
RAD_OPERA_HOURLY_RAINFALL_ACCUMULATION_202301282200_patch001,OPT_NORM_ILDW_MULT_ILDW_INIT_LIGHT_JTOTAL_LONG,Solver(ILDW),>9000,16,2.5230520534801992,2.5161469876766205,0.8266340421790079
RAD_OPERA_HOURLY_RAINFALL_ACCUMULATION_202301290800_patch000,OPT_NORM_ILDW_MULT_ILDW_INIT_LIGHT_JTOTAL_LONG,Solver(ILDW),≤125,5262,0.16683488409369576,0.005250173981585733,0.9679920096618332
RAD_OPERA_HOURLY_RAINFALL_ACCUMULATION_202301290800_patch000,OPT_NORM_ILDW_MULT_ILDW_INIT_LIGHT_JTOTAL_LONG,Solver(ILDW),"(125,375]",20568,0.16763019182284028,-0.002029281873176275,0.9694066432186618
RAD_OPERA_HOURLY_RAINFALL_ACCUMULATION_202301290800_patch000,OPT_NORM_ILDW_MULT_ILDW_INIT_LIGHT_JTOTAL_LONG,Solver(ILDW),"(375,750]",33486,0.19994802447125398,-0.0017185989463157725,0.9603643804652139
RAD_OPERA_HOURLY_RAINFALL_ACCUMULATION_202301290800_patch000,OPT_NORM_ILDW_MULT_ILDW_INIT_LIGHT_JTOTAL_LONG,Solver(ILDW),"(750,1500]",65862,0.2541320024687941,0.010267534487949235,0.9367245401082807
RAD_OPERA_HOURLY_RAINFALL_ACCUMULATION_202301290800_patch000,OPT_NORM_ILDW_MULT_ILDW_INIT_LIGHT_JTOTAL_LONG,Solver(ILDW),"(1500,3125]",113228,0.3655759769926244,0.0678431513033049,0.8790992672678887
RAD_OPERA_HOURLY_RAINFALL_ACCUMULATION_202301290800_patch000,OPT_NORM_ILDW_MULT_ILDW_INIT_LIGHT_JTOTAL_LONG,Solver(ILDW),"(3125,6000]",62239,0.6648382104966508,0.2545131770501734,0.6845327455441512
RAD_OPERA_HOURLY_RAINFALL_ACCUMULATION_202301290800_patch000,OPT_NORM_ILDW_MULT_ILDW_INIT_LIGHT_JTOTAL_LONG,Solver(ILDW),"(6000,9000]",2459,0.9426068659631636,0.5949655042619616,0.5174288506412266
RAD_OPERA_HOURLY_RAINFALL_ACCUMULATION_202301291100_patch000,OPT_NORM_ILDW_MULT_ILDW_INIT_LIGHT_JTOTAL_LONG,Solver(ILDW),≤125,3487,0.25695157563950355,-0.0022263291369614027,0.9826768381604362
RAD_OPERA_HOURLY_RAINFALL_ACCUMULATION_202301291100_patch000,OPT_NORM_ILDW_MULT_ILDW_INIT_LIGHT_JTOTAL_LONG,Solver(ILDW),"(125,375]",13581,0.2658249096735927,0.002495864333675287,0.9837431473589565
RAD_OPERA_HOURLY_RAINFALL_ACCUMULATION_202301291100_patch000,OPT_NORM_ILDW_MULT_ILDW_INIT_LIGHT_JTOTAL_LONG,Solver(ILDW),"(375,750]",20224,0.3656605062020675,0.013144530072996888,0.9788806213033968
RAD_OPERA_HOURLY_RAINFALL_ACCUMULATION_202301291100_patch000,OPT_NORM_ILDW_MULT_ILDW_INIT_LIGHT_JTOTAL_LONG,Solver(ILDW),"(750,1500]",37125,0.49613275814944113,0.013040205170409849,0.9741247967836387
RAD_OPERA_HOURLY_RAINFALL_ACCUMULATION_202301291100_patch000,OPT_NORM_ILDW_MULT_ILDW_INIT_LIGHT_JTOTAL_LONG,Solver(ILDW),"(1500,3125]",60628,0.707283587412429,-0.0301131126899443,0.9653167006677583
RAD_OPERA_HOURLY_RAINFALL_ACCUMULATION_202301291100_patch000,OPT_NORM_ILDW_MULT_ILDW_INIT_LIGHT_JTOTAL_LONG,Solver(ILDW),"(3125,6000]",30024,0.9025237198503684,0.07758369026400393,0.9112212325513457
RAD_OPERA_HOURLY_RAINFALL_ACCUMULATION_202301291100_patch000,OPT_NORM_ILDW_MULT_ILDW_INIT_LIGHT_JTOTAL_LONG,Solver(ILDW),"(6000,9000]",1331,0.6694952171144339,0.38804086646489144,0.7867847427275431
RAD_OPERA_HOURLY_RAINFALL_ACCUMULATION_202301291700_patch000,OPT_NORM_ILDW_MULT_ILDW_INIT_LIGHT_JTOTAL_LONG,Solver(ILDW),≤125,4436,0.06402388325916125,0.0008159708046934646,0.9987209476569529
RAD_OPERA_HOURLY_RAINFALL_ACCUMULATION_202301291700_patch000,OPT_NORM_ILDW_MULT_ILDW_INIT_LIGHT_JTOTAL_LONG,Solver(ILDW),"(125,375]",18292,0.07597799351868902,-0.0013752646569921026,0.9981160747561793
RAD_OPERA_HOURLY_RAINFALL_ACCUMULATION_202301291700_patch000,OPT_NORM_ILDW_MULT_ILDW_INIT_LIGHT_JTOTAL_LONG,Solver(ILDW),"(375,750]",30466,0.1043511034856581,-0.0023899098285614195,0.9959532352994693
RAD_OPERA_HOURLY_RAINFALL_ACCUMULATION_202301291700_patch000,OPT_NORM_ILDW_MULT_ILDW_INIT_LIGHT_JTOTAL_LONG,Solver(ILDW),"(750,1500]",61389,0.14806289479781753,0.002273657716167824,0.9902443941519411
RAD_OPERA_HOURLY_RAINFALL_ACCUMULATION_202301291700_patch000,OPT_NORM_ILDW_MULT_ILDW_INIT_LIGHT_JTOTAL_LONG,Solver(ILDW),"(1500,3125]",101766,0.20852501952447264,0.02004329851337019,0.974118376455897
RAD_OPERA_HOURLY_RAINFALL_ACCUMULATION_202301291700_patch000,OPT_NORM_ILDW_MULT_ILDW_INIT_LIGHT_JTOTAL_LONG,Solver(ILDW),"(3125,6000]",46480,0.2599162184926533,0.0496872614517731,0.9351936377821317
RAD_OPERA_HOURLY_RAINFALL_ACCUMULATION_202301291700_patch000,OPT_NORM_ILDW_MULT_ILDW_INIT_LIGHT_JTOTAL_LONG,Solver(ILDW),"(6000,9000]",3411,0.3648095969566541,0.18736986493966476,0.8607361343846514
RAD_OPERA_HOURLY_RAINFALL_ACCUMULATION_202301291900_patch000,OPT_NORM_ILDW_MULT_ILDW_INIT_LIGHT_JTOTAL_LONG,Solver(ILDW),≤125,7080,0.19275920234574195,-0.0019234743411258115,0.9962245826656856
RAD_OPERA_HOURLY_RAINFALL_ACCUMULATION_202301291900_patch000,OPT_NORM_ILDW_MULT_ILDW_INIT_LIGHT_JTOTAL_LONG,Solver(ILDW),"(125,375]",28363,0.2099742503315401,0.002546815285371489,0.9950327970227939
RAD_OPERA_HOURLY_RAINFALL_ACCUMULATION_202301291900_patch000,OPT_NORM_ILDW_MULT_ILDW_INIT_LIGHT_JTOTAL_LONG,Solver(ILDW),"(375,750]",48321,0.2616120450039418,0.005954220836415832,0.9914699068451923
RAD_OPERA_HOURLY_RAINFALL_ACCUMULATION_202301291900_patch000,OPT_NORM_ILDW_MULT_ILDW_INIT_LIGHT_JTOTAL_LONG,Solver(ILDW),"(750,1500]",100191,0.3224077258593357,-0.00992069208951916,0.9863952006830772
RAD_OPERA_HOURLY_RAINFALL_ACCUMULATION_202301291900_patch000,OPT_NORM_ILDW_MULT_ILDW_INIT_LIGHT_JTOTAL_LONG,Solver(ILDW),"(1500,3125]",191182,0.4786820353102352,-0.026768458406968922,0.9726068349101877
RAD_OPERA_HOURLY_RAINFALL_ACCUMULATION_202301291900_patch000,OPT_NORM_ILDW_MULT_ILDW_INIT_LIGHT_JTOTAL_LONG,Solver(ILDW),"(3125,6000]",110001,0.6246977751601613,-0.07225980149762314,0.9643179507370834
RAD_OPERA_HOURLY_RAINFALL_ACCUMULATION_202301291900_patch000,OPT_NORM_ILDW_MULT_ILDW_INIT_LIGHT_JTOTAL_LONG,Solver(ILDW),"(6000,9000]",9824,0.8151343433328354,0.5005450032511878,0.8367890743961377
RAD_OPERA_HOURLY_RAINFALL_ACCUMULATION_202301291900_patch000,OPT_NORM_ILDW_MULT_ILDW_INIT_LIGHT_JTOTAL_LONG,Solver(ILDW),>9000,654,1.0723598941113854,1.0393773557031556,0.9187457896378803
RAD_OPERA_HOURLY_RAINFALL_ACCUMULATION_202301292200_patch002,OPT_NORM_ILDW_MULT_ILDW_INIT_LIGHT_JTOTAL_LONG,Solver(ILDW),≤125,3390,0.08939469077614269,0.0023202123895155647,0.9925768874426234
RAD_OPERA_HOURLY_RAINFALL_ACCUMULATION_202301292200_patch002,OPT_NORM_ILDW_MULT_ILDW_INIT_LIGHT_JTOTAL_LONG,Solver(ILDW),"(125,375]",13291,0.10352439409377483,0.004142097794133325,0.9913683938245745
RAD_OPERA_HOURLY_RAINFALL_ACCUMULATION_202301292200_patch002,OPT_NORM_ILDW_MULT_ILDW_INIT_LIGHT_JTOTAL_LONG,Solver(ILDW),"(375,750]",19563,0.14777513721961283,-0.0032669901482222765,0.9875853243597228
RAD_OPERA_HOURLY_RAINFALL_ACCUMULATION_202301292200_patch002,OPT_NORM_ILDW_MULT_ILDW_INIT_LIGHT_JTOTAL_LONG,Solver(ILDW),"(750,1500]",36286,0.20663234346129483,-0.012453019407909471,0.9793022901139831
RAD_OPERA_HOURLY_RAINFALL_ACCUMULATION_202301292200_patch002,OPT_NORM_ILDW_MULT_ILDW_INIT_LIGHT_JTOTAL_LONG,Solver(ILDW),"(1500,3125]",59850,0.31238879376032497,-0.0011999796342132684,0.959461177526902
RAD_OPERA_HOURLY_RAINFALL_ACCUMULATION_202301292200_patch002,OPT_NORM_ILDW_MULT_ILDW_INIT_LIGHT_JTOTAL_LONG,Solver(ILDW),"(3125,6000]",31192,0.4217342228001852,0.10441076391975859,0.9567795896796691
RAD_OPERA_HOURLY_RAINFALL_ACCUMULATION_202301292200_patch002,OPT_NORM_ILDW_MULT_ILDW_INIT_LIGHT_JTOTAL_LONG,Solver(ILDW),"(6000,9000]",2828,0.6528086453877893,0.5798462274388174,0.9495917935840364
RAD_OPERA_HOURLY_RAINFALL_ACCUMULATION_202301292300_patch001,OPT_NORM_ILDW_MULT_ILDW_INIT_LIGHT_JTOTAL_LONG,Solver(ILDW),≤125,3907,0.17909888113404923,0.0029087805491687393,0.9913206552437794
RAD_OPERA_HOURLY_RAINFALL_ACCUMULATION_202301292300_patch001,OPT_NORM_ILDW_MULT_ILDW_INIT_LIGHT_JTOTAL_LONG,Solver(ILDW),"(125,375]",15106,0.20245360748660546,-0.0004784955649159372,0.9893906429161461
RAD_OPERA_HOURLY_RAINFALL_ACCUMULATION_202301292300_patch001,OPT_NORM_ILDW_MULT_ILDW_INIT_LIGHT_JTOTAL_LONG,Solver(ILDW),"(375,750]",22392,0.25233817728866015,0.0063500292186611,0.9835333591370179
RAD_OPERA_HOURLY_RAINFALL_ACCUMULATION_202301292300_patch001,OPT_NORM_ILDW_MULT_ILDW_INIT_LIGHT_JTOTAL_LONG,Solver(ILDW),"(750,1500]",41007,0.3397419105246279,-0.00739386491763652,0.9705874662361847
RAD_OPERA_HOURLY_RAINFALL_ACCUMULATION_202301292300_patch001,OPT_NORM_ILDW_MULT_ILDW_INIT_LIGHT_JTOTAL_LONG,Solver(ILDW),"(1500,3125]",70023,0.4442283855713502,-0.02294990501504865,0.9385412659822036
RAD_OPERA_HOURLY_RAINFALL_ACCUMULATION_202301292300_patch001,OPT_NORM_ILDW_MULT_ILDW_INIT_LIGHT_JTOTAL_LONG,Solver(ILDW),"(3125,6000]",32501,0.5232207204254332,0.003934875744562333,0.9014852004119756
RAD_OPERA_HOURLY_RAINFALL_ACCUMULATION_202301292300_patch001,OPT_NORM_ILDW_MULT_ILDW_INIT_LIGHT_JTOTAL_LONG,Solver(ILDW),"(6000,9000]",1432,0.9996406533578613,0.37896608731933146,0.8490915698494848
RAD_OPERA_HOURLY_RAINFALL_ACCUMULATION_202301292300_patch003,OPT_NORM_ILDW_MULT_ILDW_INIT_LIGHT_JTOTAL_LONG,Solver(ILDW),≤125,3610,0.05282890315160826,-0.0012824603560228427,0.9946525388142557
RAD_OPERA_HOURLY_RAINFALL_ACCUMULATION_202301292300_patch003,OPT_NORM_ILDW_MULT_ILDW_INIT_LIGHT_JTOTAL_LONG,Solver(ILDW),"(125,375]",14108,0.06481127909132554,-0.0007038490568438974,0.9927406358453003
RAD_OPERA_HOURLY_RAINFALL_ACCUMULATION_202301292300_patch003,OPT_NORM_ILDW_MULT_ILDW_INIT_LIGHT_JTOTAL_LONG,Solver(ILDW),"(375,750]",20775,0.08666287122769857,-0.00045495408536725096,0.9893337492459814
RAD_OPERA_HOURLY_RAINFALL_ACCUMULATION_202301292300_patch003,OPT_NORM_ILDW_MULT_ILDW_INIT_LIGHT_JTOTAL_LONG,Solver(ILDW),"(750,1500]",37991,0.11089004567530326,8.871738357977719e-05,0.984422894798776
RAD_OPERA_HOURLY_RAINFALL_ACCUMULATION_202301292300_patch003,OPT_NORM_ILDW_MULT_ILDW_INIT_LIGHT_JTOTAL_LONG,Solver(ILDW),"(1500,3125]",63127,0.15031796919143595,0.005494637164097883,0.9743754565494549
RAD_OPERA_HOURLY_RAINFALL_ACCUMULATION_202301292300_patch003,OPT_NORM_ILDW_MULT_ILDW_INIT_LIGHT_JTOTAL_LONG,Solver(ILDW),"(3125,6000]",30617,0.22334417409247742,-0.03475942233862757,0.9529589017934579
RAD_OPERA_HOURLY_RAINFALL_ACCUMULATION_202301292300_patch003,OPT_NORM_ILDW_MULT_ILDW_INIT_LIGHT_JTOTAL_LONG,Solver(ILDW),"(6000,9000]",2828,0.31718244942955864,0.14224349702095884,0.6527698798026391
RAD_OPERA_HOURLY_RAINFALL_ACCUMULATION_202301300000_patch001,OPT_NORM_ILDW_MULT_ILDW_INIT_LIGHT_JTOTAL_LONG,Solver(ILDW),≤125,4141,0.0868870236420789,-0.0007209948542267192,0.9882013829877603
RAD_OPERA_HOURLY_RAINFALL_ACCUMULATION_202301300000_patch001,OPT_NORM_ILDW_MULT_ILDW_INIT_LIGHT_JTOTAL_LONG,Solver(ILDW),"(125,375]",16335,0.10358709537146865,0.0001467698131966452,0.9862883044132367
RAD_OPERA_HOURLY_RAINFALL_ACCUMULATION_202301300000_patch001,OPT_NORM_ILDW_MULT_ILDW_INIT_LIGHT_JTOTAL_LONG,Solver(ILDW),"(375,750]",25337,0.14442311490033666,0.0009074604360232128,0.9780783676326589
RAD_OPERA_HOURLY_RAINFALL_ACCUMULATION_202301300000_patch001,OPT_NORM_ILDW_MULT_ILDW_INIT_LIGHT_JTOTAL_LONG,Solver(ILDW),"(750,1500]",47734,0.19751398210985,-0.0008294002353588137,0.9668596461758492
RAD_OPERA_HOURLY_RAINFALL_ACCUMULATION_202301300000_patch001,OPT_NORM_ILDW_MULT_ILDW_INIT_LIGHT_JTOTAL_LONG,Solver(ILDW),"(1500,3125]",78336,0.25001844359597364,0.01576147115868486,0.9448559257655075
RAD_OPERA_HOURLY_RAINFALL_ACCUMULATION_202301300000_patch001,OPT_NORM_ILDW_MULT_ILDW_INIT_LIGHT_JTOTAL_LONG,Solver(ILDW),"(3125,6000]",34552,0.30434306580451326,0.031024910673468055,0.90514707513634
RAD_OPERA_HOURLY_RAINFALL_ACCUMULATION_202301300000_patch001,OPT_NORM_ILDW_MULT_ILDW_INIT_LIGHT_JTOTAL_LONG,Solver(ILDW),"(6000,9000]",1437,0.48872151106434314,0.3591480908828555,0.8143603197942647
RAD_OPERA_HOURLY_RAINFALL_ACCUMULATION_202301300200_patch001,OPT_NORM_ILDW_MULT_ILDW_INIT_LIGHT_JTOTAL_LONG,Solver(ILDW),≤125,5782,0.08210157181187605,0.0003038366869303315,0.9937478337915853
RAD_OPERA_HOURLY_RAINFALL_ACCUMULATION_202301300200_patch001,OPT_NORM_ILDW_MULT_ILDW_INIT_LIGHT_JTOTAL_LONG,Solver(ILDW),"(125,375]",23121,0.09715710798448554,-0.0012970272786610782,0.9910433074408206
RAD_OPERA_HOURLY_RAINFALL_ACCUMULATION_202301300200_patch001,OPT_NORM_ILDW_MULT_ILDW_INIT_LIGHT_JTOTAL_LONG,Solver(ILDW),"(375,750]",39508,0.12546782385573543,-0.0012335827400825085,0.9852647998124222
RAD_OPERA_HOURLY_RAINFALL_ACCUMULATION_202301300200_patch001,OPT_NORM_ILDW_MULT_ILDW_INIT_LIGHT_JTOTAL_LONG,Solver(ILDW),"(750,1500]",83743,0.16106805603029964,-0.003738971419631812,0.9757649632251559
RAD_OPERA_HOURLY_RAINFALL_ACCUMULATION_202301300200_patch001,OPT_NORM_ILDW_MULT_ILDW_INIT_LIGHT_JTOTAL_LONG,Solver(ILDW),"(1500,3125]",155901,0.21920989672500155,-0.02196277788724229,0.9589356511971762
RAD_OPERA_HOURLY_RAINFALL_ACCUMULATION_202301300200_patch001,OPT_NORM_ILDW_MULT_ILDW_INIT_LIGHT_JTOTAL_LONG,Solver(ILDW),"(3125,6000]",76905,0.2810956413019413,-0.02973501928512502,0.94091590501192
RAD_OPERA_HOURLY_RAINFALL_ACCUMULATION_202301300200_patch001,OPT_NORM_ILDW_MULT_ILDW_INIT_LIGHT_JTOTAL_LONG,Solver(ILDW),"(6000,9000]",6563,0.34055104930955704,0.15818187448648932,0.918709041586278
RAD_OPERA_HOURLY_RAINFALL_ACCUMULATION_202301300200_patch001,OPT_NORM_ILDW_MULT_ILDW_INIT_LIGHT_JTOTAL_LONG,Solver(ILDW),>9000,157,0.45943313872068486,0.4584848895953719,0.8855933129233223
RAD_OPERA_HOURLY_RAINFALL_ACCUMULATION_202301301000_patch000,OPT_NORM_ILDW_MULT_ILDW_INIT_LIGHT_JTOTAL_LONG,Solver(ILDW),≤125,6083,0.12256683987305475,0.003752048168843972,0.9913873417471362
RAD_OPERA_HOURLY_RAINFALL_ACCUMULATION_202301301000_patch000,OPT_NORM_ILDW_MULT_ILDW_INIT_LIGHT_JTOTAL_LONG,Solver(ILDW),"(125,375]",24156,0.13492607728908187,0.0003011645288099455,0.9906322976594897
RAD_OPERA_HOURLY_RAINFALL_ACCUMULATION_202301301000_patch000,OPT_NORM_ILDW_MULT_ILDW_INIT_LIGHT_JTOTAL_LONG,Solver(ILDW),"(375,750]",39430,0.1754225421224559,0.00226341610537729,0.9857798895850431
RAD_OPERA_HOURLY_RAINFALL_ACCUMULATION_202301301000_patch000,OPT_NORM_ILDW_MULT_ILDW_INIT_LIGHT_JTOTAL_LONG,Solver(ILDW),"(750,1500]",77358,0.22763350426211898,0.01095246766385231,0.9778721021876737
RAD_OPERA_HOURLY_RAINFALL_ACCUMULATION_202301301000_patch000,OPT_NORM_ILDW_MULT_ILDW_INIT_LIGHT_JTOTAL_LONG,Solver(ILDW),"(1500,3125]",133480,0.31351531847464736,0.059989598780816854,0.9614650516578624
RAD_OPERA_HOURLY_RAINFALL_ACCUMULATION_202301301000_patch000,OPT_NORM_ILDW_MULT_ILDW_INIT_LIGHT_JTOTAL_LONG,Solver(ILDW),"(3125,6000]",80920,0.5156322079016938,0.1484161214169688,0.9192858145247282
RAD_OPERA_HOURLY_RAINFALL_ACCUMULATION_202301301000_patch000,OPT_NORM_ILDW_MULT_ILDW_INIT_LIGHT_JTOTAL_LONG,Solver(ILDW),"(6000,9000]",9842,0.8269977798300352,0.4820266429660229,0.8165957822161455
RAD_OPERA_HOURLY_RAINFALL_ACCUMULATION_202301301000_patch000,OPT_NORM_ILDW_MULT_ILDW_INIT_LIGHT_JTOTAL_LONG,Solver(ILDW),>9000,443,0.7425187712767272,0.6848241306050905,0.7783964886613776
RAD_OPERA_HOURLY_RAINFALL_ACCUMULATION_202301302200_patch000,OPT_NORM_ILDW_MULT_ILDW_INIT_LIGHT_JTOTAL_LONG,Solver(ILDW),≤125,4949,0.3440864667511193,-0.001914504131877704,0.9835981823430471
RAD_OPERA_HOURLY_RAINFALL_ACCUMULATION_202301302200_patch000,OPT_NORM_ILDW_MULT_ILDW_INIT_LIGHT_JTOTAL_LONG,Solver(ILDW),"(125,375]",18581,0.41190706610663946,-0.006100830723013831,0.9784052957225431
RAD_OPERA_HOURLY_RAINFALL_ACCUMULATION_202301302200_patch000,OPT_NORM_ILDW_MULT_ILDW_INIT_LIGHT_JTOTAL_LONG,Solver(ILDW),"(375,750]",27724,0.5978645446913411,-0.01531309563230684,0.9632887888952874
RAD_OPERA_HOURLY_RAINFALL_ACCUMULATION_202301302200_patch000,OPT_NORM_ILDW_MULT_ILDW_INIT_LIGHT_JTOTAL_LONG,Solver(ILDW),"(750,1500]",51472,0.8507402739280969,-0.06251385441802056,0.9437615553699429
RAD_OPERA_HOURLY_RAINFALL_ACCUMULATION_202301302200_patch000,OPT_NORM_ILDW_MULT_ILDW_INIT_LIGHT_JTOTAL_LONG,Solver(ILDW),"(1500,3125]",89017,1.2997050201748355,-0.13102974369961393,0.8760181914398022
RAD_OPERA_HOURLY_RAINFALL_ACCUMULATION_202301302200_patch000,OPT_NORM_ILDW_MULT_ILDW_INIT_LIGHT_JTOTAL_LONG,Solver(ILDW),"(3125,6000]",45865,1.6383536712509745,-0.10004512486791772,0.7290414408980359
RAD_OPERA_HOURLY_RAINFALL_ACCUMULATION_202301302200_patch000,OPT_NORM_ILDW_MULT_ILDW_INIT_LIGHT_JTOTAL_LONG,Solver(ILDW),"(6000,9000]",2008,1.7920372892707301,-0.03445271240079783,0.6255911049953142
RAD_OPERA_HOURLY_RAINFALL_ACCUMULATION_202301302200_patch001,OPT_NORM_ILDW_MULT_ILDW_INIT_LIGHT_JTOTAL_LONG,Solver(ILDW),≤125,6108,0.19455206915213055,0.003282517097163372,0.9854693068290619
RAD_OPERA_HOURLY_RAINFALL_ACCUMULATION_202301302200_patch001,OPT_NORM_ILDW_MULT_ILDW_INIT_LIGHT_JTOTAL_LONG,Solver(ILDW),"(125,375]",23986,0.22257747116227886,9.881653917309919e-05,0.9826476227628231
RAD_OPERA_HOURLY_RAINFALL_ACCUMULATION_202301302200_patch001,OPT_NORM_ILDW_MULT_ILDW_INIT_LIGHT_JTOTAL_LONG,Solver(ILDW),"(375,750]",39919,0.30888595383222095,0.004235648264366889,0.9711361263285941
RAD_OPERA_HOURLY_RAINFALL_ACCUMULATION_202301302200_patch001,OPT_NORM_ILDW_MULT_ILDW_INIT_LIGHT_JTOTAL_LONG,Solver(ILDW),"(750,1500]",80953,0.38339132896661293,0.023521839333922375,0.9570248203903111
RAD_OPERA_HOURLY_RAINFALL_ACCUMULATION_202301302200_patch001,OPT_NORM_ILDW_MULT_ILDW_INIT_LIGHT_JTOTAL_LONG,Solver(ILDW),"(1500,3125]",142104,0.5426427919561584,0.03744284531278485,0.9085268964494911
RAD_OPERA_HOURLY_RAINFALL_ACCUMULATION_202301302200_patch001,OPT_NORM_ILDW_MULT_ILDW_INIT_LIGHT_JTOTAL_LONG,Solver(ILDW),"(3125,6000]",70835,0.6912039023199078,0.12938349229266077,0.8135890160462211
RAD_OPERA_HOURLY_RAINFALL_ACCUMULATION_202301302200_patch001,OPT_NORM_ILDW_MULT_ILDW_INIT_LIGHT_JTOTAL_LONG,Solver(ILDW),"(6000,9000]",3393,0.6726083623814595,0.3905985720434786,0.8685264242276878
RAD_OPERA_HOURLY_RAINFALL_ACCUMULATION_202301302200_patch001,OPT_NORM_ILDW_MULT_ILDW_INIT_LIGHT_JTOTAL_LONG,Solver(ILDW),>9000,62,0.7364214054439989,0.7363949332746768,-0.38056406258751874
RAD_OPERA_HOURLY_RAINFALL_ACCUMULATION_202301302200_patch002,OPT_NORM_ILDW_MULT_ILDW_INIT_LIGHT_JTOTAL_LONG,Solver(ILDW),≤125,5246,0.5443595603518209,0.003377459750319375,0.9722339263700179
RAD_OPERA_HOURLY_RAINFALL_ACCUMULATION_202301302200_patch002,OPT_NORM_ILDW_MULT_ILDW_INIT_LIGHT_JTOTAL_LONG,Solver(ILDW),"(125,375]",20443,0.5756772690521422,-0.005286434191523034,0.9704872487075551
RAD_OPERA_HOURLY_RAINFALL_ACCUMULATION_202301302200_patch002,OPT_NORM_ILDW_MULT_ILDW_INIT_LIGHT_JTOTAL_LONG,Solver(ILDW),"(375,750]",33072,0.7216682877716873,-0.019460235233412625,0.9503323870198092
RAD_OPERA_HOURLY_RAINFALL_ACCUMULATION_202301302200_patch002,OPT_NORM_ILDW_MULT_ILDW_INIT_LIGHT_JTOTAL_LONG,Solver(ILDW),"(750,1500]",64408,1.0056028815100104,-0.06824187024122355,0.9156638225040254
RAD_OPERA_HOURLY_RAINFALL_ACCUMULATION_202301302200_patch002,OPT_NORM_ILDW_MULT_ILDW_INIT_LIGHT_JTOTAL_LONG,Solver(ILDW),"(1500,3125]",110070,1.2162296112628854,-0.014015301125218914,0.8794022150876893
RAD_OPERA_HOURLY_RAINFALL_ACCUMULATION_202301302200_patch002,OPT_NORM_ILDW_MULT_ILDW_INIT_LIGHT_JTOTAL_LONG,Solver(ILDW),"(3125,6000]",59833,1.2172117206554307,0.26943577318262724,0.8037074413787032
RAD_OPERA_HOURLY_RAINFALL_ACCUMULATION_202301302200_patch002,OPT_NORM_ILDW_MULT_ILDW_INIT_LIGHT_JTOTAL_LONG,Solver(ILDW),"(6000,9000]",1840,1.4350503308959834,0.9812300737461318,0.6559021583617266
RAD_OPERA_HOURLY_RAINFALL_ACCUMULATION_202301310000_patch001,OPT_NORM_ILDW_MULT_ILDW_INIT_LIGHT_JTOTAL_LONG,Solver(ILDW),≤125,4040,0.25344393468218857,0.008831432111440848,0.9764942865622229
RAD_OPERA_HOURLY_RAINFALL_ACCUMULATION_202301310000_patch001,OPT_NORM_ILDW_MULT_ILDW_INIT_LIGHT_JTOTAL_LONG,Solver(ILDW),"(125,375]",16430,0.27666473371859296,-0.003819505219291516,0.9749236762640553
RAD_OPERA_HOURLY_RAINFALL_ACCUMULATION_202301310000_patch001,OPT_NORM_ILDW_MULT_ILDW_INIT_LIGHT_JTOTAL_LONG,Solver(ILDW),"(375,750]",26966,0.35750704395392247,-0.022781922946926804,0.9627368953356971
RAD_OPERA_HOURLY_RAINFALL_ACCUMULATION_202301310000_patch001,OPT_NORM_ILDW_MULT_ILDW_INIT_LIGHT_JTOTAL_LONG,Solver(ILDW),"(750,1500]",52894,0.4485199828001609,-0.040771584122794614,0.9499742320586317
RAD_OPERA_HOURLY_RAINFALL_ACCUMULATION_202301310000_patch001,OPT_NORM_ILDW_MULT_ILDW_INIT_LIGHT_JTOTAL_LONG,Solver(ILDW),"(1500,3125]",83733,0.601981462614954,-0.04852979878049936,0.9172264153610261
RAD_OPERA_HOURLY_RAINFALL_ACCUMULATION_202301310000_patch001,OPT_NORM_ILDW_MULT_ILDW_INIT_LIGHT_JTOTAL_LONG,Solver(ILDW),"(3125,6000]",44649,0.7268742129054092,0.036872923661886055,0.8338002734774889
RAD_OPERA_HOURLY_RAINFALL_ACCUMULATION_202301310000_patch001,OPT_NORM_ILDW_MULT_ILDW_INIT_LIGHT_JTOTAL_LONG,Solver(ILDW),"(6000,9000]",1688,0.6653536489758434,0.06793806087490506,0.7215246609292727
RAD_OPERA_HOURLY_RAINFALL_ACCUMULATION_202301310200_patch000,OPT_NORM_ILDW_MULT_ILDW_INIT_LIGHT_JTOTAL_LONG,Solver(ILDW),≤125,3610,0.27624093328448096,-0.00673051201983502,0.991764556660613
RAD_OPERA_HOURLY_RAINFALL_ACCUMULATION_202301310200_patch000,OPT_NORM_ILDW_MULT_ILDW_INIT_LIGHT_JTOTAL_LONG,Solver(ILDW),"(125,375]",14108,0.3271552602966925,0.0025350494003427717,0.9870233178428819
RAD_OPERA_HOURLY_RAINFALL_ACCUMULATION_202301310200_patch000,OPT_NORM_ILDW_MULT_ILDW_INIT_LIGHT_JTOTAL_LONG,Solver(ILDW),"(375,750]",20775,0.3946423865681536,0.024593437423774914,0.9759023145508374
RAD_OPERA_HOURLY_RAINFALL_ACCUMULATION_202301310200_patch000,OPT_NORM_ILDW_MULT_ILDW_INIT_LIGHT_JTOTAL_LONG,Solver(ILDW),"(750,1500]",37991,0.48673016447240364,0.023282767369017868,0.956678788430313
RAD_OPERA_HOURLY_RAINFALL_ACCUMULATION_202301310200_patch000,OPT_NORM_ILDW_MULT_ILDW_INIT_LIGHT_JTOTAL_LONG,Solver(ILDW),"(1500,3125]",63127,0.6691013930311073,0.059293823158096864,0.9080883460586172
RAD_OPERA_HOURLY_RAINFALL_ACCUMULATION_202301310200_patch000,OPT_NORM_ILDW_MULT_ILDW_INIT_LIGHT_JTOTAL_LONG,Solver(ILDW),"(3125,6000]",30617,1.0040379396958266,0.2137210001100047,0.8001408680150336
RAD_OPERA_HOURLY_RAINFALL_ACCUMULATION_202301310200_patch000,OPT_NORM_ILDW_MULT_ILDW_INIT_LIGHT_JTOTAL_LONG,Solver(ILDW),"(6000,9000]",2828,1.5550611563079668,1.3936067324505836,0.808185484537961
RAD_OPERA_HOURLY_RAINFALL_ACCUMULATION_202301310900_patch000,OPT_NORM_ILDW_MULT_ILDW_INIT_LIGHT_JTOTAL_LONG,Solver(ILDW),≤125,4327,0.3365095153591474,-0.015863157167072914,0.978386407153957
RAD_OPERA_HOURLY_RAINFALL_ACCUMULATION_202301310900_patch000,OPT_NORM_ILDW_MULT_ILDW_INIT_LIGHT_JTOTAL_LONG,Solver(ILDW),"(125,375]",17469,0.36968210357558456,0.009801071597066707,0.9720844771989403
RAD_OPERA_HOURLY_RAINFALL_ACCUMULATION_202301310900_patch000,OPT_NORM_ILDW_MULT_ILDW_INIT_LIGHT_JTOTAL_LONG,Solver(ILDW),"(375,750]",28304,0.4363795055559724,0.023763006951129765,0.9578484732523808
RAD_OPERA_HOURLY_RAINFALL_ACCUMULATION_202301310900_patch000,OPT_NORM_ILDW_MULT_ILDW_INIT_LIGHT_JTOTAL_LONG,Solver(ILDW),"(750,1500]",54744,0.5650911590073765,0.046124996374398375,0.9319020798147427
RAD_OPERA_HOURLY_RAINFALL_ACCUMULATION_202301310900_patch000,OPT_NORM_ILDW_MULT_ILDW_INIT_LIGHT_JTOTAL_LONG,Solver(ILDW),"(1500,3125]",84620,0.8362543256682624,0.08530278362532322,0.8537792827962156
RAD_OPERA_HOURLY_RAINFALL_ACCUMULATION_202301310900_patch000,OPT_NORM_ILDW_MULT_ILDW_INIT_LIGHT_JTOTAL_LONG,Solver(ILDW),"(3125,6000]",39893,1.0049590683642773,0.02672046881128086,0.7929295154770565
RAD_OPERA_HOURLY_RAINFALL_ACCUMULATION_202301310900_patch000,OPT_NORM_ILDW_MULT_ILDW_INIT_LIGHT_JTOTAL_LONG,Solver(ILDW),"(6000,9000]",4424,1.073977921586431,0.36395016455413204,0.5283053876083502
RAD_OPERA_HOURLY_RAINFALL_ACCUMULATION_202301310900_patch000,OPT_NORM_ILDW_MULT_ILDW_INIT_LIGHT_JTOTAL_LONG,Solver(ILDW),>9000,1227,1.4790565803515832,1.2241921154774587,0.27546247278824637
RAD_OPERA_HOURLY_RAINFALL_ACCUMULATION_202301311600_patch000,OPT_NORM_ILDW_MULT_ILDW_INIT_LIGHT_JTOTAL_LONG,Solver(ILDW),≤125,4960,0.13148997217467123,0.0027454678570070575,0.9960772745917074
RAD_OPERA_HOURLY_RAINFALL_ACCUMULATION_202301311600_patch000,OPT_NORM_ILDW_MULT_ILDW_INIT_LIGHT_JTOTAL_LONG,Solver(ILDW),"(125,375]",18632,0.15611842061816544,0.0034284374283561894,0.9940851696639966
RAD_OPERA_HOURLY_RAINFALL_ACCUMULATION_202301311600_patch000,OPT_NORM_ILDW_MULT_ILDW_INIT_LIGHT_JTOTAL_LONG,Solver(ILDW),"(375,750]",27830,0.19953741657040663,0.0025453566037790406,0.9894315794152
RAD_OPERA_HOURLY_RAINFALL_ACCUMULATION_202301311600_patch000,OPT_NORM_ILDW_MULT_ILDW_INIT_LIGHT_JTOTAL_LONG,Solver(ILDW),"(750,1500]",51558,0.24694079595791948,-0.011637594513709265,0.9816456385979309
RAD_OPERA_HOURLY_RAINFALL_ACCUMULATION_202301311600_patch000,OPT_NORM_ILDW_MULT_ILDW_INIT_LIGHT_JTOTAL_LONG,Solver(ILDW),"(1500,3125]",90058,0.3120928733651834,-0.008647636712522706,0.9662762216364165
RAD_OPERA_HOURLY_RAINFALL_ACCUMULATION_202301311600_patch000,OPT_NORM_ILDW_MULT_ILDW_INIT_LIGHT_JTOTAL_LONG,Solver(ILDW),"(3125,6000]",52277,0.43692460372501807,0.01358247215683026,0.9235746825879576
RAD_OPERA_HOURLY_RAINFALL_ACCUMULATION_202301311600_patch000,OPT_NORM_ILDW_MULT_ILDW_INIT_LIGHT_JTOTAL_LONG,Solver(ILDW),"(6000,9000]",10952,0.8324194754175833,-0.043195240969658766,0.7077496296233828
RAD_OPERA_HOURLY_RAINFALL_ACCUMULATION_202301311600_patch000,OPT_NORM_ILDW_MULT_ILDW_INIT_LIGHT_JTOTAL_LONG,Solver(ILDW),>9000,3317,0.8827974322595089,0.36813197708791157,0.33915407201497155
RAD_OPERA_HOURLY_RAINFALL_ACCUMULATION_202301312000_patch001,OPT_NORM_ILDW_MULT_ILDW_INIT_LIGHT_JTOTAL_LONG,Solver(ILDW),≤125,4119,0.14967963376939625,-0.006313862695541159,0.9878694697873818
RAD_OPERA_HOURLY_RAINFALL_ACCUMULATION_202301312000_patch001,OPT_NORM_ILDW_MULT_ILDW_INIT_LIGHT_JTOTAL_LONG,Solver(ILDW),"(125,375]",15923,0.17286985033856928,-0.0002783353189603622,0.9809137141859121
RAD_OPERA_HOURLY_RAINFALL_ACCUMULATION_202301312000_patch001,OPT_NORM_ILDW_MULT_ILDW_INIT_LIGHT_JTOTAL_LONG,Solver(ILDW),"(375,750]",23477,0.2216984972123913,0.006065382765825894,0.9681540097521106
RAD_OPERA_HOURLY_RAINFALL_ACCUMULATION_202301312000_patch001,OPT_NORM_ILDW_MULT_ILDW_INIT_LIGHT_JTOTAL_LONG,Solver(ILDW),"(750,1500]",42558,0.32400275070991125,-0.02982883748899384,0.9393246646066008
RAD_OPERA_HOURLY_RAINFALL_ACCUMULATION_202301312000_patch001,OPT_NORM_ILDW_MULT_ILDW_INIT_LIGHT_JTOTAL_LONG,Solver(ILDW),"(1500,3125]",72310,0.5297761224149629,-0.105832378796449,0.8591620330663211
RAD_OPERA_HOURLY_RAINFALL_ACCUMULATION_202301312000_patch001,OPT_NORM_ILDW_MULT_ILDW_INIT_LIGHT_JTOTAL_LONG,Solver(ILDW),"(3125,6000]",35394,0.7747499788497724,-0.21686364049853435,0.7377233529235356
RAD_OPERA_HOURLY_RAINFALL_ACCUMULATION_202301312000_patch001,OPT_NORM_ILDW_MULT_ILDW_INIT_LIGHT_JTOTAL_LONG,Solver(ILDW),"(6000,9000]",4806,0.8363595486985761,0.10308353359184312,0.10281501430467194
RAD_OPERA_HOURLY_RAINFALL_ACCUMULATION_202301312000_patch001,OPT_NORM_ILDW_MULT_ILDW_INIT_LIGHT_JTOTAL_LONG,Solver(ILDW),>9000,1093,1.1874218020311549,1.14351711966854,-0.5367530455793758
RAD_OPERA_HOURLY_RAINFALL_ACCUMULATION_202301180600_patch000,OPT_NORM_VIRTUAL_CONVEX_CONST_INIT_LONG_LIGHT_JTOTAL,Virtual Convex Light Shrinkage (2000 iters),≤125,4307,0.3111485523117948,0.008578197147056292,0.9882201954683205
RAD_OPERA_HOURLY_RAINFALL_ACCUMULATION_202301180600_patch000,OPT_NORM_VIRTUAL_CONVEX_CONST_INIT_LONG_LIGHT_JTOTAL,Virtual Convex Light Shrinkage (2000 iters),"(125,375]",16831,0.3551903852938558,0.0002687987134699005,0.9841728177029101
RAD_OPERA_HOURLY_RAINFALL_ACCUMULATION_202301180600_patch000,OPT_NORM_VIRTUAL_CONVEX_CONST_INIT_LONG_LIGHT_JTOTAL,Virtual Convex Light Shrinkage (2000 iters),"(375,750]",25567,0.46365871352027893,0.006334031022662276,0.9720706271626167
RAD_OPERA_HOURLY_RAINFALL_ACCUMULATION_202301180600_patch000,OPT_NORM_VIRTUAL_CONVEX_CONST_INIT_LONG_LIGHT_JTOTAL,Virtual Convex Light Shrinkage (2000 iters),"(750,1500]",46989,0.6318562081718913,0.03227425720593805,0.943046530399012
RAD_OPERA_HOURLY_RAINFALL_ACCUMULATION_202301180600_patch000,OPT_NORM_VIRTUAL_CONVEX_CONST_INIT_LONG_LIGHT_JTOTAL,Virtual Convex Light Shrinkage (2000 iters),"(1500,3125]",76874,0.8683955565019409,-0.03180837920277952,0.8863473867250343
RAD_OPERA_HOURLY_RAINFALL_ACCUMULATION_202301180600_patch000,OPT_NORM_VIRTUAL_CONVEX_CONST_INIT_LONG_LIGHT_JTOTAL,Virtual Convex Light Shrinkage (2000 iters),"(3125,6000]",38395,0.9873560562528418,-0.042654190342599235,0.8057142961958952
RAD_OPERA_HOURLY_RAINFALL_ACCUMULATION_202301180600_patch000,OPT_NORM_VIRTUAL_CONVEX_CONST_INIT_LONG_LIGHT_JTOTAL,Virtual Convex Light Shrinkage (2000 iters),"(6000,9000]",4984,0.7462137511861282,0.15896548543657577,0.510663055628731
RAD_OPERA_HOURLY_RAINFALL_ACCUMULATION_202301180600_patch000,OPT_NORM_VIRTUAL_CONVEX_CONST_INIT_LONG_LIGHT_JTOTAL,Virtual Convex Light Shrinkage (2000 iters),>9000,1093,0.5230373784567608,0.04924579737716493,-0.6572769581154374
RAD_OPERA_HOURLY_RAINFALL_ACCUMULATION_202301180900_patch002,OPT_NORM_VIRTUAL_CONVEX_CONST_INIT_LONG_LIGHT_JTOTAL,Virtual Convex Light Shrinkage (2000 iters),≤125,3902,0.2659586415131232,0.004907327815632282,0.9917024478348684
RAD_OPERA_HOURLY_RAINFALL_ACCUMULATION_202301180900_patch002,OPT_NORM_VIRTUAL_CONVEX_CONST_INIT_LONG_LIGHT_JTOTAL,Virtual Convex Light Shrinkage (2000 iters),"(125,375]",15131,0.3362780594740804,-0.00015007102684020038,0.9866349237140852
RAD_OPERA_HOURLY_RAINFALL_ACCUMULATION_202301180900_patch002,OPT_NORM_VIRTUAL_CONVEX_CONST_INIT_LONG_LIGHT_JTOTAL,Virtual Convex Light Shrinkage (2000 iters),"(375,750]",22331,0.42987184317928046,0.0074649768479735324,0.9777777140441063
RAD_OPERA_HOURLY_RAINFALL_ACCUMULATION_202301180900_patch002,OPT_NORM_VIRTUAL_CONVEX_CONST_INIT_LONG_LIGHT_JTOTAL,Virtual Convex Light Shrinkage (2000 iters),"(750,1500]",41053,0.5564761902602335,-0.0117716657604018,0.9631669297395208
RAD_OPERA_HOURLY_RAINFALL_ACCUMULATION_202301180900_patch002,OPT_NORM_VIRTUAL_CONVEX_CONST_INIT_LONG_LIGHT_JTOTAL,Virtual Convex Light Shrinkage (2000 iters),"(1500,3125]",69051,0.8686358208820188,-0.17128776603147502,0.9338077307620075
RAD_OPERA_HOURLY_RAINFALL_ACCUMULATION_202301180900_patch002,OPT_NORM_VIRTUAL_CONVEX_CONST_INIT_LONG_LIGHT_JTOTAL,Virtual Convex Light Shrinkage (2000 iters),"(3125,6000]",34633,1.729025527074031,-0.42821860841525394,0.8003904982063431
RAD_OPERA_HOURLY_RAINFALL_ACCUMULATION_202301180900_patch002,OPT_NORM_VIRTUAL_CONVEX_CONST_INIT_LONG_LIGHT_JTOTAL,Virtual Convex Light Shrinkage (2000 iters),"(6000,9000]",4806,1.8129829705754001,0.6100509420961229,-0.15458937003708792
RAD_OPERA_HOURLY_RAINFALL_ACCUMULATION_202301180900_patch002,OPT_NORM_VIRTUAL_CONVEX_CONST_INIT_LONG_LIGHT_JTOTAL,Virtual Convex Light Shrinkage (2000 iters),>9000,1093,2.083855777634019,-0.411391771832193,0.06045621328990026
RAD_OPERA_HOURLY_RAINFALL_ACCUMULATION_202301181200_patch003,OPT_NORM_VIRTUAL_CONVEX_CONST_INIT_LONG_LIGHT_JTOTAL,Virtual Convex Light Shrinkage (2000 iters),≤125,3836,0.33890926193665727,0.005544139816009607,0.9883528128177641
RAD_OPERA_HOURLY_RAINFALL_ACCUMULATION_202301181200_patch003,OPT_NORM_VIRTUAL_CONVEX_CONST_INIT_LONG_LIGHT_JTOTAL,Virtual Convex Light Shrinkage (2000 iters),"(125,375]",15470,0.3580894469707358,0.004774367869623549,0.982815853010133
RAD_OPERA_HOURLY_RAINFALL_ACCUMULATION_202301181200_patch003,OPT_NORM_VIRTUAL_CONVEX_CONST_INIT_LONG_LIGHT_JTOTAL,Virtual Convex Light Shrinkage (2000 iters),"(375,750]",24747,0.42665605675709356,-0.017949718919984287,0.9723359797548603
RAD_OPERA_HOURLY_RAINFALL_ACCUMULATION_202301181200_patch003,OPT_NORM_VIRTUAL_CONVEX_CONST_INIT_LONG_LIGHT_JTOTAL,Virtual Convex Light Shrinkage (2000 iters),"(750,1500]",46358,0.5828997055933091,-0.01533967515229209,0.9506861410180045
RAD_OPERA_HOURLY_RAINFALL_ACCUMULATION_202301181200_patch003,OPT_NORM_VIRTUAL_CONVEX_CONST_INIT_LONG_LIGHT_JTOTAL,Virtual Convex Light Shrinkage (2000 iters),"(1500,3125]",72954,0.8073721389226858,0.10924556165682052,0.9130188336128062
RAD_OPERA_HOURLY_RAINFALL_ACCUMULATION_202301181200_patch003,OPT_NORM_VIRTUAL_CONVEX_CONST_INIT_LONG_LIGHT_JTOTAL,Virtual Convex Light Shrinkage (2000 iters),"(3125,6000]",38442,0.9425968692070067,0.2877200152988881,0.8657085134224164
RAD_OPERA_HOURLY_RAINFALL_ACCUMULATION_202301181200_patch003,OPT_NORM_VIRTUAL_CONVEX_CONST_INIT_LONG_LIGHT_JTOTAL,Virtual Convex Light Shrinkage (2000 iters),"(6000,9000]",2993,0.8120383590354739,-0.0696119580565987,0.6731204368868089
RAD_OPERA_HOURLY_RAINFALL_ACCUMULATION_202301181300_patch002,OPT_NORM_VIRTUAL_CONVEX_CONST_INIT_LONG_LIGHT_JTOTAL,Virtual Convex Light Shrinkage (2000 iters),≤125,4067,0.18449382121177618,0.002344748034124325,0.9881491066594983
RAD_OPERA_HOURLY_RAINFALL_ACCUMULATION_202301181300_patch002,OPT_NORM_VIRTUAL_CONVEX_CONST_INIT_LONG_LIGHT_JTOTAL,Virtual Convex Light Shrinkage (2000 iters),"(125,375]",16278,0.21159034156559675,0.00027152161762834196,0.9836277180466989
RAD_OPERA_HOURLY_RAINFALL_ACCUMULATION_202301181300_patch002,OPT_NORM_VIRTUAL_CONVEX_CONST_INIT_LONG_LIGHT_JTOTAL,Virtual Convex Light Shrinkage (2000 iters),"(375,750]",25812,0.2923536198384717,-0.00989806960114172,0.959300615924478
RAD_OPERA_HOURLY_RAINFALL_ACCUMULATION_202301181300_patch002,OPT_NORM_VIRTUAL_CONVEX_CONST_INIT_LONG_LIGHT_JTOTAL,Virtual Convex Light Shrinkage (2000 iters),"(750,1500]",48116,0.3774417331113447,-0.012528202063286727,0.9312048730329748
RAD_OPERA_HOURLY_RAINFALL_ACCUMULATION_202301181300_patch002,OPT_NORM_VIRTUAL_CONVEX_CONST_INIT_LONG_LIGHT_JTOTAL,Virtual Convex Light Shrinkage (2000 iters),"(1500,3125]",75981,0.5182812890277706,-0.022041185682485552,0.8738712676365887
RAD_OPERA_HOURLY_RAINFALL_ACCUMULATION_202301181300_patch002,OPT_NORM_VIRTUAL_CONVEX_CONST_INIT_LONG_LIGHT_JTOTAL,Virtual Convex Light Shrinkage (2000 iters),"(3125,6000]",35618,0.4246827726724804,0.029114028322307778,0.8289326926201817
RAD_OPERA_HOURLY_RAINFALL_ACCUMULATION_202301181300_patch002,OPT_NORM_VIRTUAL_CONVEX_CONST_INIT_LONG_LIGHT_JTOTAL,Virtual Convex Light Shrinkage (2000 iters),"(6000,9000]",1488,0.36991503917241525,0.07146419296341558,0.7875726052315517
RAD_OPERA_HOURLY_RAINFALL_ACCUMULATION_202301181900_patch000,OPT_NORM_VIRTUAL_CONVEX_CONST_INIT_LONG_LIGHT_JTOTAL,Virtual Convex Light Shrinkage (2000 iters),≤125,5288,0.1099011351868485,0.002340332521816065,0.9953898821983731
RAD_OPERA_HOURLY_RAINFALL_ACCUMULATION_202301181900_patch000,OPT_NORM_VIRTUAL_CONVEX_CONST_INIT_LONG_LIGHT_JTOTAL,Virtual Convex Light Shrinkage (2000 iters),"(125,375]",20528,0.14305297203433837,-0.00011633730632131767,0.9927722838502202
RAD_OPERA_HOURLY_RAINFALL_ACCUMULATION_202301181900_patch000,OPT_NORM_VIRTUAL_CONVEX_CONST_INIT_LONG_LIGHT_JTOTAL,Virtual Convex Light Shrinkage (2000 iters),"(375,750]",32454,0.18186858536965325,-0.00039474270884766043,0.9897064158170092
RAD_OPERA_HOURLY_RAINFALL_ACCUMULATION_202301181900_patch000,OPT_NORM_VIRTUAL_CONVEX_CONST_INIT_LONG_LIGHT_JTOTAL,Virtual Convex Light Shrinkage (2000 iters),"(750,1500]",61361,0.2374779589874178,-0.011219232950262871,0.9845816484067187
RAD_OPERA_HOURLY_RAINFALL_ACCUMULATION_202301181900_patch000,OPT_NORM_VIRTUAL_CONVEX_CONST_INIT_LONG_LIGHT_JTOTAL,Virtual Convex Light Shrinkage (2000 iters),"(1500,3125]",101172,0.3428559620572875,-0.022265398756093187,0.969465909026794
RAD_OPERA_HOURLY_RAINFALL_ACCUMULATION_202301181900_patch000,OPT_NORM_VIRTUAL_CONVEX_CONST_INIT_LONG_LIGHT_JTOTAL,Virtual Convex Light Shrinkage (2000 iters),"(3125,6000]",52907,0.4037749652122362,-0.02428657028366483,0.9584529528024199
RAD_OPERA_HOURLY_RAINFALL_ACCUMULATION_202301181900_patch000,OPT_NORM_VIRTUAL_CONVEX_CONST_INIT_LONG_LIGHT_JTOTAL,Virtual Convex Light Shrinkage (2000 iters),"(6000,9000]",3681,0.2634840278334787,0.12337089153257151,0.9791460132785512
RAD_OPERA_HOURLY_RAINFALL_ACCUMULATION_202301181900_patch000,OPT_NORM_VIRTUAL_CONVEX_CONST_INIT_LONG_LIGHT_JTOTAL,Virtual Convex Light Shrinkage (2000 iters),>9000,369,0.10085401111468338,0.10070173397942933,0.4283915460747625
RAD_OPERA_HOURLY_RAINFALL_ACCUMULATION_202301190000_patch000,OPT_NORM_VIRTUAL_CONVEX_CONST_INIT_LONG_LIGHT_JTOTAL,Virtual Convex Light Shrinkage (2000 iters),≤125,4743,0.13430829957874624,0.0037830844474396777,0.9977519357050743
RAD_OPERA_HOURLY_RAINFALL_ACCUMULATION_202301190000_patch000,OPT_NORM_VIRTUAL_CONVEX_CONST_INIT_LONG_LIGHT_JTOTAL,Virtual Convex Light Shrinkage (2000 iters),"(125,375]",19207,0.17050647760520432,-0.0038868786207856398,0.9962005576546453
RAD_OPERA_HOURLY_RAINFALL_ACCUMULATION_202301190000_patch000,OPT_NORM_VIRTUAL_CONVEX_CONST_INIT_LONG_LIGHT_JTOTAL,Virtual Convex Light Shrinkage (2000 iters),"(375,750]",31346,0.2257112078634904,0.0007163021310138039,0.9932254259692834
RAD_OPERA_HOURLY_RAINFALL_ACCUMULATION_202301190000_patch000,OPT_NORM_VIRTUAL_CONVEX_CONST_INIT_LONG_LIGHT_JTOTAL,Virtual Convex Light Shrinkage (2000 iters),"(750,1500]",61078,0.2831516768043106,0.019913625564340672,0.9877593444365981
RAD_OPERA_HOURLY_RAINFALL_ACCUMULATION_202301190000_patch000,OPT_NORM_VIRTUAL_CONVEX_CONST_INIT_LONG_LIGHT_JTOTAL,Virtual Convex Light Shrinkage (2000 iters),"(1500,3125]",101514,0.39627002771558895,0.03973950062444062,0.9715016243675286
RAD_OPERA_HOURLY_RAINFALL_ACCUMULATION_202301190000_patch000,OPT_NORM_VIRTUAL_CONVEX_CONST_INIT_LONG_LIGHT_JTOTAL,Virtual Convex Light Shrinkage (2000 iters),"(3125,6000]",51996,0.5272370236897687,0.115995102721422,0.9394624449480529
RAD_OPERA_HOURLY_RAINFALL_ACCUMULATION_202301190000_patch000,OPT_NORM_VIRTUAL_CONVEX_CONST_INIT_LONG_LIGHT_JTOTAL,Virtual Convex Light Shrinkage (2000 iters),"(6000,9000]",5503,0.5672686394214378,0.3400004237711527,0.7725495674944676
RAD_OPERA_HOURLY_RAINFALL_ACCUMULATION_202301190000_patch000,OPT_NORM_VIRTUAL_CONVEX_CONST_INIT_LONG_LIGHT_JTOTAL,Virtual Convex Light Shrinkage (2000 iters),>9000,1093,0.9373681709107855,0.9175666543396918,0.3675458917223567
RAD_OPERA_HOURLY_RAINFALL_ACCUMULATION_202301190300_patch000,OPT_NORM_VIRTUAL_CONVEX_CONST_INIT_LONG_LIGHT_JTOTAL,Virtual Convex Light Shrinkage (2000 iters),≤125,5625,0.2614812989734385,0.00260259575313992,0.9898956604449113
RAD_OPERA_HOURLY_RAINFALL_ACCUMULATION_202301190300_patch000,OPT_NORM_VIRTUAL_CONVEX_CONST_INIT_LONG_LIGHT_JTOTAL,Virtual Convex Light Shrinkage (2000 iters),"(125,375]",22142,0.2943238972425408,0.006737570537696868,0.9861577375529273
RAD_OPERA_HOURLY_RAINFALL_ACCUMULATION_202301190300_patch000,OPT_NORM_VIRTUAL_CONVEX_CONST_INIT_LONG_LIGHT_JTOTAL,Virtual Convex Light Shrinkage (2000 iters),"(375,750]",36071,0.37689746365765964,0.007864322052211877,0.9791388650090894
RAD_OPERA_HOURLY_RAINFALL_ACCUMULATION_202301190300_patch000,OPT_NORM_VIRTUAL_CONVEX_CONST_INIT_LONG_LIGHT_JTOTAL,Virtual Convex Light Shrinkage (2000 iters),"(750,1500]",71147,0.4900144228293271,-0.00615443230489603,0.9622793788668386
RAD_OPERA_HOURLY_RAINFALL_ACCUMULATION_202301190300_patch000,OPT_NORM_VIRTUAL_CONVEX_CONST_INIT_LONG_LIGHT_JTOTAL,Virtual Convex Light Shrinkage (2000 iters),"(1500,3125]",121319,0.6697583575692716,-0.05658862371795455,0.9356656521275036
RAD_OPERA_HOURLY_RAINFALL_ACCUMULATION_202301190300_patch000,OPT_NORM_VIRTUAL_CONVEX_CONST_INIT_LONG_LIGHT_JTOTAL,Virtual Convex Light Shrinkage (2000 iters),"(3125,6000]",72157,0.9207276271948099,-0.06737559439131259,0.90692946631766
RAD_OPERA_HOURLY_RAINFALL_ACCUMULATION_202301190300_patch000,OPT_NORM_VIRTUAL_CONVEX_CONST_INIT_LONG_LIGHT_JTOTAL,Virtual Convex Light Shrinkage (2000 iters),"(6000,9000]",16588,1.0132167698846126,0.1476278737374234,0.739012104175814
RAD_OPERA_HOURLY_RAINFALL_ACCUMULATION_202301190300_patch000,OPT_NORM_VIRTUAL_CONVEX_CONST_INIT_LONG_LIGHT_JTOTAL,Virtual Convex Light Shrinkage (2000 iters),>9000,4391,1.0226033639186662,0.12389863100037762,0.5271900996325213
RAD_OPERA_HOURLY_RAINFALL_ACCUMULATION_202301190300_patch001,OPT_NORM_VIRTUAL_CONVEX_CONST_INIT_LONG_LIGHT_JTOTAL,Virtual Convex Light Shrinkage (2000 iters),≤125,6138,0.3135270288910091,-0.008132040368905217,0.9869000411108099
RAD_OPERA_HOURLY_RAINFALL_ACCUMULATION_202301190300_patch001,OPT_NORM_VIRTUAL_CONVEX_CONST_INIT_LONG_LIGHT_JTOTAL,Virtual Convex Light Shrinkage (2000 iters),"(125,375]",24392,0.33672207267737353,-0.004984550495683566,0.9829457099311026
RAD_OPERA_HOURLY_RAINFALL_ACCUMULATION_202301190300_patch001,OPT_NORM_VIRTUAL_CONVEX_CONST_INIT_LONG_LIGHT_JTOTAL,Virtual Convex Light Shrinkage (2000 iters),"(375,750]",39715,0.41737463174365746,0.006332759384218328,0.97107658836816
RAD_OPERA_HOURLY_RAINFALL_ACCUMULATION_202301190300_patch001,OPT_NORM_VIRTUAL_CONVEX_CONST_INIT_LONG_LIGHT_JTOTAL,Virtual Convex Light Shrinkage (2000 iters),"(750,1500]",78272,0.5185464919116749,0.03168173377379484,0.9506622614149244
RAD_OPERA_HOURLY_RAINFALL_ACCUMULATION_202301190300_patch001,OPT_NORM_VIRTUAL_CONVEX_CONST_INIT_LONG_LIGHT_JTOTAL,Virtual Convex Light Shrinkage (2000 iters),"(1500,3125]",134070,0.7476683610233413,0.024437358096181236,0.8979787481425868
RAD_OPERA_HOURLY_RAINFALL_ACCUMULATION_202301190300_patch001,OPT_NORM_VIRTUAL_CONVEX_CONST_INIT_LONG_LIGHT_JTOTAL,Virtual Convex Light Shrinkage (2000 iters),"(3125,6000]",75249,0.900062393668735,0.030381384892829332,0.8571939953325209
RAD_OPERA_HOURLY_RAINFALL_ACCUMULATION_202301190300_patch001,OPT_NORM_VIRTUAL_CONVEX_CONST_INIT_LONG_LIGHT_JTOTAL,Virtual Convex Light Shrinkage (2000 iters),"(6000,9000]",6503,0.5304055020479099,0.2081571112245608,0.9451907124875084
RAD_OPERA_HOURLY_RAINFALL_ACCUMULATION_202301190300_patch001,OPT_NORM_VIRTUAL_CONVEX_CONST_INIT_LONG_LIGHT_JTOTAL,Virtual Convex Light Shrinkage (2000 iters),>9000,1229,0.2080632180554084,0.20334265108900015,0.9688298632391558
RAD_OPERA_HOURLY_RAINFALL_ACCUMULATION_202301190700_patch000,OPT_NORM_VIRTUAL_CONVEX_CONST_INIT_LONG_LIGHT_JTOTAL,Virtual Convex Light Shrinkage (2000 iters),≤125,6028,0.15269119582433358,-0.0010555886552874902,0.994806929214192
RAD_OPERA_HOURLY_RAINFALL_ACCUMULATION_202301190700_patch000,OPT_NORM_VIRTUAL_CONVEX_CONST_INIT_LONG_LIGHT_JTOTAL,Virtual Convex Light Shrinkage (2000 iters),"(125,375]",23900,0.17700972761782793,0.002144917189202049,0.993159445584637
RAD_OPERA_HOURLY_RAINFALL_ACCUMULATION_202301190700_patch000,OPT_NORM_VIRTUAL_CONVEX_CONST_INIT_LONG_LIGHT_JTOTAL,Virtual Convex Light Shrinkage (2000 iters),"(375,750]",38804,0.24921451937030992,-0.00945545496693064,0.9877931015308662
RAD_OPERA_HOURLY_RAINFALL_ACCUMULATION_202301190700_patch000,OPT_NORM_VIRTUAL_CONVEX_CONST_INIT_LONG_LIGHT_JTOTAL,Virtual Convex Light Shrinkage (2000 iters),"(750,1500]",75204,0.3275580730823364,0.0004038519485235455,0.9788107896628121
RAD_OPERA_HOURLY_RAINFALL_ACCUMULATION_202301190700_patch000,OPT_NORM_VIRTUAL_CONVEX_CONST_INIT_LONG_LIGHT_JTOTAL,Virtual Convex Light Shrinkage (2000 iters),"(1500,3125]",129043,0.43870930668606756,0.04435598243784543,0.9634307900276609
RAD_OPERA_HOURLY_RAINFALL_ACCUMULATION_202301190700_patch000,OPT_NORM_VIRTUAL_CONVEX_CONST_INIT_LONG_LIGHT_JTOTAL,Virtual Convex Light Shrinkage (2000 iters),"(3125,6000]",74735,0.5957916923053072,0.0623048060588903,0.919593971520831
RAD_OPERA_HOURLY_RAINFALL_ACCUMULATION_202301190700_patch000,OPT_NORM_VIRTUAL_CONVEX_CONST_INIT_LONG_LIGHT_JTOTAL,Virtual Convex Light Shrinkage (2000 iters),"(6000,9000]",6675,0.864424652797217,-0.35386547900931664,0.7603311887177586
RAD_OPERA_HOURLY_RAINFALL_ACCUMULATION_202301190700_patch000,OPT_NORM_VIRTUAL_CONVEX_CONST_INIT_LONG_LIGHT_JTOTAL,Virtual Convex Light Shrinkage (2000 iters),>9000,427,1.1439077980960266,-0.7381556001982589,0.11544424523532781
RAD_OPERA_HOURLY_RAINFALL_ACCUMULATION_202301190800_patch001,OPT_NORM_VIRTUAL_CONVEX_CONST_INIT_LONG_LIGHT_JTOTAL,Virtual Convex Light Shrinkage (2000 iters),≤125,4739,0.23554627105569145,-0.0009715098492277652,0.985394147247428
RAD_OPERA_HOURLY_RAINFALL_ACCUMULATION_202301190800_patch001,OPT_NORM_VIRTUAL_CONVEX_CONST_INIT_LONG_LIGHT_JTOTAL,Virtual Convex Light Shrinkage (2000 iters),"(125,375]",17811,0.27950012248505507,-0.0020859505667262662,0.9777977787567592
RAD_OPERA_HOURLY_RAINFALL_ACCUMULATION_202301190800_patch001,OPT_NORM_VIRTUAL_CONVEX_CONST_INIT_LONG_LIGHT_JTOTAL,Virtual Convex Light Shrinkage (2000 iters),"(375,750]",26584,0.3748087528368368,0.003975795025609629,0.9636741698740755
RAD_OPERA_HOURLY_RAINFALL_ACCUMULATION_202301190800_patch001,OPT_NORM_VIRTUAL_CONVEX_CONST_INIT_LONG_LIGHT_JTOTAL,Virtual Convex Light Shrinkage (2000 iters),"(750,1500]",49607,0.5059025687888975,0.047236880490850626,0.9410956267153472
RAD_OPERA_HOURLY_RAINFALL_ACCUMULATION_202301190800_patch001,OPT_NORM_VIRTUAL_CONVEX_CONST_INIT_LONG_LIGHT_JTOTAL,Virtual Convex Light Shrinkage (2000 iters),"(1500,3125]",84697,0.8459115662292269,0.08585862190124931,0.8810019870470526
RAD_OPERA_HOURLY_RAINFALL_ACCUMULATION_202301190800_patch001,OPT_NORM_VIRTUAL_CONVEX_CONST_INIT_LONG_LIGHT_JTOTAL,Virtual Convex Light Shrinkage (2000 iters),"(3125,6000]",49616,1.2834342315421348,0.024752977047378652,0.8290012309544796
RAD_OPERA_HOURLY_RAINFALL_ACCUMULATION_202301190800_patch001,OPT_NORM_VIRTUAL_CONVEX_CONST_INIT_LONG_LIGHT_JTOTAL,Virtual Convex Light Shrinkage (2000 iters),"(6000,9000]",11038,0.9431701794782115,-0.2166265176946993,0.716087826705709
RAD_OPERA_HOURLY_RAINFALL_ACCUMULATION_202301190800_patch001,OPT_NORM_VIRTUAL_CONVEX_CONST_INIT_LONG_LIGHT_JTOTAL,Virtual Convex Light Shrinkage (2000 iters),>9000,5508,1.813093906124634,-1.547739906097203,0.6289370587112117
RAD_OPERA_HOURLY_RAINFALL_ACCUMULATION_202301190800_patch002,OPT_NORM_VIRTUAL_CONVEX_CONST_INIT_LONG_LIGHT_JTOTAL,Virtual Convex Light Shrinkage (2000 iters),≤125,4948,1.0866394440077936,-0.005524318276189792,0.9808931839427715
RAD_OPERA_HOURLY_RAINFALL_ACCUMULATION_202301190800_patch002,OPT_NORM_VIRTUAL_CONVEX_CONST_INIT_LONG_LIGHT_JTOTAL,Virtual Convex Light Shrinkage (2000 iters),"(125,375]",19069,1.1675570014276113,0.03645931629605037,0.9782809481189946
RAD_OPERA_HOURLY_RAINFALL_ACCUMULATION_202301190800_patch002,OPT_NORM_VIRTUAL_CONVEX_CONST_INIT_LONG_LIGHT_JTOTAL,Virtual Convex Light Shrinkage (2000 iters),"(375,750]",29951,1.3393519187387546,0.02653435874457873,0.9745387956256804
RAD_OPERA_HOURLY_RAINFALL_ACCUMULATION_202301190800_patch002,OPT_NORM_VIRTUAL_CONVEX_CONST_INIT_LONG_LIGHT_JTOTAL,Virtual Convex Light Shrinkage (2000 iters),"(750,1500]",56000,1.7550729761007051,0.037638552957899786,0.9578403056388268
RAD_OPERA_HOURLY_RAINFALL_ACCUMULATION_202301190800_patch002,OPT_NORM_VIRTUAL_CONVEX_CONST_INIT_LONG_LIGHT_JTOTAL,Virtual Convex Light Shrinkage (2000 iters),"(1500,3125]",91858,2.5828050708090196,0.2570526287635632,0.9126681753173271
RAD_OPERA_HOURLY_RAINFALL_ACCUMULATION_202301190800_patch002,OPT_NORM_VIRTUAL_CONVEX_CONST_INIT_LONG_LIGHT_JTOTAL,Virtual Convex Light Shrinkage (2000 iters),"(3125,6000]",49656,2.859188055166835,0.5347921607885016,0.8690937965313641
RAD_OPERA_HOURLY_RAINFALL_ACCUMULATION_202301190800_patch002,OPT_NORM_VIRTUAL_CONVEX_CONST_INIT_LONG_LIGHT_JTOTAL,Virtual Convex Light Shrinkage (2000 iters),"(6000,9000]",2462,0.670769937790627,0.4702692937176786,0.9566726071129364
RAD_OPERA_HOURLY_RAINFALL_ACCUMULATION_202301190800_patch002,OPT_NORM_VIRTUAL_CONVEX_CONST_INIT_LONG_LIGHT_JTOTAL,Virtual Convex Light Shrinkage (2000 iters),>9000,8,0.1635564777277948,0.16355641186237335,
RAD_OPERA_HOURLY_RAINFALL_ACCUMULATION_202301190900_patch001,OPT_NORM_VIRTUAL_CONVEX_CONST_INIT_LONG_LIGHT_JTOTAL,Virtual Convex Light Shrinkage (2000 iters),≤125,4873,0.212751750447778,0.00839266607263801,0.9878948554046563
RAD_OPERA_HOURLY_RAINFALL_ACCUMULATION_202301190900_patch001,OPT_NORM_VIRTUAL_CONVEX_CONST_INIT_LONG_LIGHT_JTOTAL,Virtual Convex Light Shrinkage (2000 iters),"(125,375]",18313,0.23520874527177935,-0.006795214026822988,0.9847237614606773
RAD_OPERA_HOURLY_RAINFALL_ACCUMULATION_202301190900_patch001,OPT_NORM_VIRTUAL_CONVEX_CONST_INIT_LONG_LIGHT_JTOTAL,Virtual Convex Light Shrinkage (2000 iters),"(375,750]",27719,0.3063442323839908,-0.0039229820961516814,0.9761526670646391
RAD_OPERA_HOURLY_RAINFALL_ACCUMULATION_202301190900_patch001,OPT_NORM_VIRTUAL_CONVEX_CONST_INIT_LONG_LIGHT_JTOTAL,Virtual Convex Light Shrinkage (2000 iters),"(750,1500]",51845,0.4378302043012557,0.006240702249100404,0.9560353378254264
RAD_OPERA_HOURLY_RAINFALL_ACCUMULATION_202301190900_patch001,OPT_NORM_VIRTUAL_CONVEX_CONST_INIT_LONG_LIGHT_JTOTAL,Virtual Convex Light Shrinkage (2000 iters),"(1500,3125]",88154,0.6791620524960291,-0.026975394225659834,0.9077703340868002
RAD_OPERA_HOURLY_RAINFALL_ACCUMULATION_202301190900_patch001,OPT_NORM_VIRTUAL_CONVEX_CONST_INIT_LONG_LIGHT_JTOTAL,Virtual Convex Light Shrinkage (2000 iters),"(3125,6000]",43325,0.8910011734842748,0.007925169374374591,0.882359301239967
RAD_OPERA_HOURLY_RAINFALL_ACCUMULATION_202301190900_patch001,OPT_NORM_VIRTUAL_CONVEX_CONST_INIT_LONG_LIGHT_JTOTAL,Virtual Convex Light Shrinkage (2000 iters),"(6000,9000]",779,0.9156642861212094,0.039636433660142384,-0.4119346680198388
RAD_OPERA_HOURLY_RAINFALL_ACCUMULATION_202301192000_patch000,OPT_NORM_VIRTUAL_CONVEX_CONST_INIT_LONG_LIGHT_JTOTAL,Virtual Convex Light Shrinkage (2000 iters),≤125,5128,0.2315916383002144,-0.003198953686128029,0.9931253695859347
RAD_OPERA_HOURLY_RAINFALL_ACCUMULATION_202301192000_patch000,OPT_NORM_VIRTUAL_CONVEX_CONST_INIT_LONG_LIGHT_JTOTAL,Virtual Convex Light Shrinkage (2000 iters),"(125,375]",21179,0.27311746729438463,0.0023817728009331556,0.989622582245452
RAD_OPERA_HOURLY_RAINFALL_ACCUMULATION_202301192000_patch000,OPT_NORM_VIRTUAL_CONVEX_CONST_INIT_LONG_LIGHT_JTOTAL,Virtual Convex Light Shrinkage (2000 iters),"(375,750]",35613,0.35292413404225725,0.011049618212972137,0.9806192151067681
RAD_OPERA_HOURLY_RAINFALL_ACCUMULATION_202301192000_patch000,OPT_NORM_VIRTUAL_CONVEX_CONST_INIT_LONG_LIGHT_JTOTAL,Virtual Convex Light Shrinkage (2000 iters),"(750,1500]",73106,0.4391817938303834,0.01183767386217618,0.96958981607808
RAD_OPERA_HOURLY_RAINFALL_ACCUMULATION_202301192000_patch000,OPT_NORM_VIRTUAL_CONVEX_CONST_INIT_LONG_LIGHT_JTOTAL,Virtual Convex Light Shrinkage (2000 iters),"(1500,3125]",132462,0.552129575143457,0.053646953273378116,0.9473334798180207
RAD_OPERA_HOURLY_RAINFALL_ACCUMULATION_202301192000_patch000,OPT_NORM_VIRTUAL_CONVEX_CONST_INIT_LONG_LIGHT_JTOTAL,Virtual Convex Light Shrinkage (2000 iters),"(3125,6000]",68585,0.5726997355695379,0.12581423669260464,0.933568958985604
RAD_OPERA_HOURLY_RAINFALL_ACCUMULATION_202301192000_patch000,OPT_NORM_VIRTUAL_CONVEX_CONST_INIT_LONG_LIGHT_JTOTAL,Virtual Convex Light Shrinkage (2000 iters),"(6000,9000]",11329,0.5463105379348001,-0.10439064705484448,0.7265353397274826
RAD_OPERA_HOURLY_RAINFALL_ACCUMULATION_202301192000_patch000,OPT_NORM_VIRTUAL_CONVEX_CONST_INIT_LONG_LIGHT_JTOTAL,Virtual Convex Light Shrinkage (2000 iters),>9000,1782,0.8508533555733183,-0.37354713604774004,-0.23201193150532204
RAD_OPERA_HOURLY_RAINFALL_ACCUMULATION_202301200400_patch000,OPT_NORM_VIRTUAL_CONVEX_CONST_INIT_LONG_LIGHT_JTOTAL,Virtual Convex Light Shrinkage (2000 iters),≤125,4653,0.06636747138152253,0.0025983658652650957,0.9961959685072848
RAD_OPERA_HOURLY_RAINFALL_ACCUMULATION_202301200400_patch000,OPT_NORM_VIRTUAL_CONVEX_CONST_INIT_LONG_LIGHT_JTOTAL,Virtual Convex Light Shrinkage (2000 iters),"(125,375]",18817,0.07921326287305094,0.00010488024678817938,0.9945021069005744
RAD_OPERA_HOURLY_RAINFALL_ACCUMULATION_202301200400_patch000,OPT_NORM_VIRTUAL_CONVEX_CONST_INIT_LONG_LIGHT_JTOTAL,Virtual Convex Light Shrinkage (2000 iters),"(375,750]",30187,0.09958804358152172,-0.002956689341977255,0.9916915218784946
RAD_OPERA_HOURLY_RAINFALL_ACCUMULATION_202301200400_patch000,OPT_NORM_VIRTUAL_CONVEX_CONST_INIT_LONG_LIGHT_JTOTAL,Virtual Convex Light Shrinkage (2000 iters),"(750,1500]",57992,0.12922102429962662,-0.005307937113642446,0.986997615748559
RAD_OPERA_HOURLY_RAINFALL_ACCUMULATION_202301200400_patch000,OPT_NORM_VIRTUAL_CONVEX_CONST_INIT_LONG_LIGHT_JTOTAL,Virtual Convex Light Shrinkage (2000 iters),"(1500,3125]",92124,0.1865362602243182,-0.001133254887687001,0.9751503238220041
RAD_OPERA_HOURLY_RAINFALL_ACCUMULATION_202301200400_patch000,OPT_NORM_VIRTUAL_CONVEX_CONST_INIT_LONG_LIGHT_JTOTAL,Virtual Convex Light Shrinkage (2000 iters),"(3125,6000]",45691,0.2149012965950036,0.03947155549086801,0.9552089373329139
RAD_OPERA_HOURLY_RAINFALL_ACCUMULATION_202301200400_patch000,OPT_NORM_VIRTUAL_CONVEX_CONST_INIT_LONG_LIGHT_JTOTAL,Virtual Convex Light Shrinkage (2000 iters),"(6000,9000]",10365,0.22348365849721283,0.1491328612422805,0.9738696620719672
RAD_OPERA_HOURLY_RAINFALL_ACCUMULATION_202301200400_patch000,OPT_NORM_VIRTUAL_CONVEX_CONST_INIT_LONG_LIGHT_JTOTAL,Virtual Convex Light Shrinkage (2000 iters),>9000,2059,0.2657721660933009,0.22089937921285976,0.9796161061376525
RAD_OPERA_HOURLY_RAINFALL_ACCUMULATION_202301200800_patch001,OPT_NORM_VIRTUAL_CONVEX_CONST_INIT_LONG_LIGHT_JTOTAL,Virtual Convex Light Shrinkage (2000 iters),≤125,5792,0.1304918513507146,0.0028983764337550703,0.9915993671635595
RAD_OPERA_HOURLY_RAINFALL_ACCUMULATION_202301200800_patch001,OPT_NORM_VIRTUAL_CONVEX_CONST_INIT_LONG_LIGHT_JTOTAL,Virtual Convex Light Shrinkage (2000 iters),"(125,375]",22486,0.14408697579458057,6.616044518591704e-05,0.9904749570258503
RAD_OPERA_HOURLY_RAINFALL_ACCUMULATION_202301200800_patch001,OPT_NORM_VIRTUAL_CONVEX_CONST_INIT_LONG_LIGHT_JTOTAL,Virtual Convex Light Shrinkage (2000 iters),"(375,750]",36877,0.1902348652922269,-0.004579795527043692,0.9863770419807035
RAD_OPERA_HOURLY_RAINFALL_ACCUMULATION_202301200800_patch001,OPT_NORM_VIRTUAL_CONVEX_CONST_INIT_LONG_LIGHT_JTOTAL,Virtual Convex Light Shrinkage (2000 iters),"(750,1500]",73632,0.2397768654741689,-0.007933197572113828,0.9807766703327767
RAD_OPERA_HOURLY_RAINFALL_ACCUMULATION_202301200800_patch001,OPT_NORM_VIRTUAL_CONVEX_CONST_INIT_LONG_LIGHT_JTOTAL,Virtual Convex Light Shrinkage (2000 iters),"(1500,3125]",126564,0.3584288616230247,0.03587979755928269,0.9670411095370125
RAD_OPERA_HOURLY_RAINFALL_ACCUMULATION_202301200800_patch001,OPT_NORM_VIRTUAL_CONVEX_CONST_INIT_LONG_LIGHT_JTOTAL,Virtual Convex Light Shrinkage (2000 iters),"(3125,6000]",63958,0.505100472183015,0.03545411997876675,0.9190843275065256
RAD_OPERA_HOURLY_RAINFALL_ACCUMULATION_202301200800_patch001,OPT_NORM_VIRTUAL_CONVEX_CONST_INIT_LONG_LIGHT_JTOTAL,Virtual Convex Light Shrinkage (2000 iters),"(6000,9000]",2211,0.8873717616671345,0.1524756002188915,0.36613788396682234
RAD_OPERA_HOURLY_RAINFALL_ACCUMULATION_202301201300_patch000,OPT_NORM_VIRTUAL_CONVEX_CONST_INIT_LONG_LIGHT_JTOTAL,Virtual Convex Light Shrinkage (2000 iters),≤125,3390,0.2715999650033754,0.005245729867687619,0.9833609690336679
RAD_OPERA_HOURLY_RAINFALL_ACCUMULATION_202301201300_patch000,OPT_NORM_VIRTUAL_CONVEX_CONST_INIT_LONG_LIGHT_JTOTAL,Virtual Convex Light Shrinkage (2000 iters),"(125,375]",13291,0.2998035337618664,-0.002777484095434726,0.9816724251496018
RAD_OPERA_HOURLY_RAINFALL_ACCUMULATION_202301201300_patch000,OPT_NORM_VIRTUAL_CONVEX_CONST_INIT_LONG_LIGHT_JTOTAL,Virtual Convex Light Shrinkage (2000 iters),"(375,750]",19563,0.3726286491383906,-0.012956404155220702,0.9746298636303589
RAD_OPERA_HOURLY_RAINFALL_ACCUMULATION_202301201300_patch000,OPT_NORM_VIRTUAL_CONVEX_CONST_INIT_LONG_LIGHT_JTOTAL,Virtual Convex Light Shrinkage (2000 iters),"(750,1500]",36286,0.531590526311055,-0.05170769259257228,0.9584836564765405
RAD_OPERA_HOURLY_RAINFALL_ACCUMULATION_202301201300_patch000,OPT_NORM_VIRTUAL_CONVEX_CONST_INIT_LONG_LIGHT_JTOTAL,Virtual Convex Light Shrinkage (2000 iters),"(1500,3125]",59850,0.8122746800612256,-0.07281907190953879,0.9206031938048092
RAD_OPERA_HOURLY_RAINFALL_ACCUMULATION_202301201300_patch000,OPT_NORM_VIRTUAL_CONVEX_CONST_INIT_LONG_LIGHT_JTOTAL,Virtual Convex Light Shrinkage (2000 iters),"(3125,6000]",31192,0.8426775702068183,0.009037240767370404,0.9077963711084224
RAD_OPERA_HOURLY_RAINFALL_ACCUMULATION_202301201300_patch000,OPT_NORM_VIRTUAL_CONVEX_CONST_INIT_LONG_LIGHT_JTOTAL,Virtual Convex Light Shrinkage (2000 iters),"(6000,9000]",2828,0.7405181101979148,0.49787883327739074,0.7234920596069929
RAD_OPERA_HOURLY_RAINFALL_ACCUMULATION_202301201600_patch002,OPT_NORM_VIRTUAL_CONVEX_CONST_INIT_LONG_LIGHT_JTOTAL,Virtual Convex Light Shrinkage (2000 iters),≤125,3270,0.10926229563252485,0.0034032491368984957,0.9934165789803158
RAD_OPERA_HOURLY_RAINFALL_ACCUMULATION_202301201600_patch002,OPT_NORM_VIRTUAL_CONVEX_CONST_INIT_LONG_LIGHT_JTOTAL,Virtual Convex Light Shrinkage (2000 iters),"(125,375]",12789,0.1276728648441547,0.0024718064644402137,0.991034045368271
RAD_OPERA_HOURLY_RAINFALL_ACCUMULATION_202301201600_patch002,OPT_NORM_VIRTUAL_CONVEX_CONST_INIT_LONG_LIGHT_JTOTAL,Virtual Convex Light Shrinkage (2000 iters),"(375,750]",19079,0.17765677524431428,0.00825557267492788,0.9843234510579117
RAD_OPERA_HOURLY_RAINFALL_ACCUMULATION_202301201600_patch002,OPT_NORM_VIRTUAL_CONVEX_CONST_INIT_LONG_LIGHT_JTOTAL,Virtual Convex Light Shrinkage (2000 iters),"(750,1500]",35634,0.23469480128790365,0.005812387635171658,0.9757236411593629
RAD_OPERA_HOURLY_RAINFALL_ACCUMULATION_202301201600_patch002,OPT_NORM_VIRTUAL_CONVEX_CONST_INIT_LONG_LIGHT_JTOTAL,Virtual Convex Light Shrinkage (2000 iters),"(1500,3125]",58364,0.3319828592749696,-0.0005437729557368862,0.9570798421269464
RAD_OPERA_HOURLY_RAINFALL_ACCUMULATION_202301201600_patch002,OPT_NORM_VIRTUAL_CONVEX_CONST_INIT_LONG_LIGHT_JTOTAL,Virtual Convex Light Shrinkage (2000 iters),"(3125,6000]",29778,0.38116164690091187,0.11809908284054664,0.9279147190516412
RAD_OPERA_HOURLY_RAINFALL_ACCUMULATION_202301201600_patch002,OPT_NORM_VIRTUAL_CONVEX_CONST_INIT_LONG_LIGHT_JTOTAL,Virtual Convex Light Shrinkage (2000 iters),"(6000,9000]",1086,0.5890868276394368,-0.020791836096656476,0.726963481740594
RAD_OPERA_HOURLY_RAINFALL_ACCUMULATION_202301210300_patch000,OPT_NORM_VIRTUAL_CONVEX_CONST_INIT_LONG_LIGHT_JTOTAL,Virtual Convex Light Shrinkage (2000 iters),≤125,4759,1.3380477071671426,0.0005495184775123794,0.9379471936851771
RAD_OPERA_HOURLY_RAINFALL_ACCUMULATION_202301210300_patch000,OPT_NORM_VIRTUAL_CONVEX_CONST_INIT_LONG_LIGHT_JTOTAL,Virtual Convex Light Shrinkage (2000 iters),"(125,375]",19284,1.119465609630553,-0.014735924805827989,0.956290528030424
RAD_OPERA_HOURLY_RAINFALL_ACCUMULATION_202301210300_patch000,OPT_NORM_VIRTUAL_CONVEX_CONST_INIT_LONG_LIGHT_JTOTAL,Virtual Convex Light Shrinkage (2000 iters),"(375,750]",31010,1.2231573893425411,-0.01968773371338392,0.948163485990321
RAD_OPERA_HOURLY_RAINFALL_ACCUMULATION_202301210300_patch000,OPT_NORM_VIRTUAL_CONVEX_CONST_INIT_LONG_LIGHT_JTOTAL,Virtual Convex Light Shrinkage (2000 iters),"(750,1500]",60712,1.7955837712945786,-0.05381634187821686,0.911043769603843
RAD_OPERA_HOURLY_RAINFALL_ACCUMULATION_202301210300_patch000,OPT_NORM_VIRTUAL_CONVEX_CONST_INIT_LONG_LIGHT_JTOTAL,Virtual Convex Light Shrinkage (2000 iters),"(1500,3125]",96412,3.685348815887194,-0.15572096255664297,0.7963539397739495
RAD_OPERA_HOURLY_RAINFALL_ACCUMULATION_202301210300_patch000,OPT_NORM_VIRTUAL_CONVEX_CONST_INIT_LONG_LIGHT_JTOTAL,Virtual Convex Light Shrinkage (2000 iters),"(3125,6000]",45122,4.435201708065308,-0.24619931667894568,0.7268779919186399
RAD_OPERA_HOURLY_RAINFALL_ACCUMULATION_202301210300_patch000,OPT_NORM_VIRTUAL_CONVEX_CONST_INIT_LONG_LIGHT_JTOTAL,Virtual Convex Light Shrinkage (2000 iters),"(6000,9000]",9644,2.0839858373596445,0.14531967314563396,0.6095266889472327
RAD_OPERA_HOURLY_RAINFALL_ACCUMULATION_202301210300_patch000,OPT_NORM_VIRTUAL_CONVEX_CONST_INIT_LONG_LIGHT_JTOTAL,Virtual Convex Light Shrinkage (2000 iters),>9000,2881,2.286907884150028,0.34931131507276825,-0.5832462555346448
RAD_OPERA_HOURLY_RAINFALL_ACCUMULATION_202301210800_patch002,OPT_NORM_VIRTUAL_CONVEX_CONST_INIT_LONG_LIGHT_JTOTAL,Virtual Convex Light Shrinkage (2000 iters),≤125,5965,0.9012711554567231,0.019203057958187088,0.9774451537644742
RAD_OPERA_HOURLY_RAINFALL_ACCUMULATION_202301210800_patch002,OPT_NORM_VIRTUAL_CONVEX_CONST_INIT_LONG_LIGHT_JTOTAL,Virtual Convex Light Shrinkage (2000 iters),"(125,375]",23267,0.9332951283787306,0.013834484401263602,0.9774682057620219
RAD_OPERA_HOURLY_RAINFALL_ACCUMULATION_202301210800_patch002,OPT_NORM_VIRTUAL_CONVEX_CONST_INIT_LONG_LIGHT_JTOTAL,Virtual Convex Light Shrinkage (2000 iters),"(375,750]",38413,1.1529256045786986,0.008797042359916832,0.9735653467372823
RAD_OPERA_HOURLY_RAINFALL_ACCUMULATION_202301210800_patch002,OPT_NORM_VIRTUAL_CONVEX_CONST_INIT_LONG_LIGHT_JTOTAL,Virtual Convex Light Shrinkage (2000 iters),"(750,1500]",76851,1.469449616427262,-0.034390026269553536,0.9673982932402825
RAD_OPERA_HOURLY_RAINFALL_ACCUMULATION_202301210800_patch002,OPT_NORM_VIRTUAL_CONVEX_CONST_INIT_LONG_LIGHT_JTOTAL,Virtual Convex Light Shrinkage (2000 iters),"(1500,3125]",134773,1.8695736352635899,-0.12208346709532067,0.9541776332702213
RAD_OPERA_HOURLY_RAINFALL_ACCUMULATION_202301210800_patch002,OPT_NORM_VIRTUAL_CONVEX_CONST_INIT_LONG_LIGHT_JTOTAL,Virtual Convex Light Shrinkage (2000 iters),"(3125,6000]",67483,1.5923198651549304,0.029300389540998555,0.9335624721192334
RAD_OPERA_HOURLY_RAINFALL_ACCUMULATION_202301210800_patch002,OPT_NORM_VIRTUAL_CONVEX_CONST_INIT_LONG_LIGHT_JTOTAL,Virtual Convex Light Shrinkage (2000 iters),"(6000,9000]",3454,0.7320356899688378,0.0737305133412728,0.9896848858520787
RAD_OPERA_HOURLY_RAINFALL_ACCUMULATION_202301210800_patch002,OPT_NORM_VIRTUAL_CONVEX_CONST_INIT_LONG_LIGHT_JTOTAL,Virtual Convex Light Shrinkage (2000 iters),>9000,2,0.37998192051182744,0.3799819052219391,
RAD_OPERA_HOURLY_RAINFALL_ACCUMULATION_202301210900_patch000,OPT_NORM_VIRTUAL_CONVEX_CONST_INIT_LONG_LIGHT_JTOTAL,Virtual Convex Light Shrinkage (2000 iters),≤125,6233,1.0316496645564033,0.027029495964910867,0.9891181755344612
RAD_OPERA_HOURLY_RAINFALL_ACCUMULATION_202301210900_patch000,OPT_NORM_VIRTUAL_CONVEX_CONST_INIT_LONG_LIGHT_JTOTAL,Virtual Convex Light Shrinkage (2000 iters),"(125,375]",24491,1.1893842788239628,-0.021973260228637378,0.9861706870954375
RAD_OPERA_HOURLY_RAINFALL_ACCUMULATION_202301210900_patch000,OPT_NORM_VIRTUAL_CONVEX_CONST_INIT_LONG_LIGHT_JTOTAL,Virtual Convex Light Shrinkage (2000 iters),"(375,750]",41092,1.3415653596107138,-0.014732797533389155,0.9809809314447535
RAD_OPERA_HOURLY_RAINFALL_ACCUMULATION_202301210900_patch000,OPT_NORM_VIRTUAL_CONVEX_CONST_INIT_LONG_LIGHT_JTOTAL,Virtual Convex Light Shrinkage (2000 iters),"(750,1500]",84004,1.5343559934206348,0.05164945854315679,0.9741156665600276
RAD_OPERA_HOURLY_RAINFALL_ACCUMULATION_202301210900_patch000,OPT_NORM_VIRTUAL_CONVEX_CONST_INIT_LONG_LIGHT_JTOTAL,Virtual Convex Light Shrinkage (2000 iters),"(1500,3125]",151272,1.8579848352493702,0.09121050787468254,0.9652785193254556
RAD_OPERA_HOURLY_RAINFALL_ACCUMULATION_202301210900_patch000,OPT_NORM_VIRTUAL_CONVEX_CONST_INIT_LONG_LIGHT_JTOTAL,Virtual Convex Light Shrinkage (2000 iters),"(3125,6000]",82886,2.0160612479178712,-0.014826537686708541,0.9668377657038346
RAD_OPERA_HOURLY_RAINFALL_ACCUMULATION_202301210900_patch000,OPT_NORM_VIRTUAL_CONVEX_CONST_INIT_LONG_LIGHT_JTOTAL,Virtual Convex Light Shrinkage (2000 iters),"(6000,9000]",7812,1.763380942447664,-0.009278965214179986,0.9903650460365769
RAD_OPERA_HOURLY_RAINFALL_ACCUMULATION_202301210900_patch000,OPT_NORM_VIRTUAL_CONVEX_CONST_INIT_LONG_LIGHT_JTOTAL,Virtual Convex Light Shrinkage (2000 iters),>9000,34,0.2839429769670367,0.2815401663675028,-0.9164665158129256
RAD_OPERA_HOURLY_RAINFALL_ACCUMULATION_202301211500_patch000,OPT_NORM_VIRTUAL_CONVEX_CONST_INIT_LONG_LIGHT_JTOTAL,Virtual Convex Light Shrinkage (2000 iters),≤125,4173,0.32462468431107105,0.002003096831436212,0.9764017854096452
RAD_OPERA_HOURLY_RAINFALL_ACCUMULATION_202301211500_patch000,OPT_NORM_VIRTUAL_CONVEX_CONST_INIT_LONG_LIGHT_JTOTAL,Virtual Convex Light Shrinkage (2000 iters),"(125,375]",16207,0.33689960669371444,0.0050774738758006185,0.975282128497943
RAD_OPERA_HOURLY_RAINFALL_ACCUMULATION_202301211500_patch000,OPT_NORM_VIRTUAL_CONVEX_CONST_INIT_LONG_LIGHT_JTOTAL,Virtual Convex Light Shrinkage (2000 iters),"(375,750]",23822,0.42181969925545504,0.0208085303632451,0.9663937139570465
RAD_OPERA_HOURLY_RAINFALL_ACCUMULATION_202301211500_patch000,OPT_NORM_VIRTUAL_CONVEX_CONST_INIT_LONG_LIGHT_JTOTAL,Virtual Convex Light Shrinkage (2000 iters),"(750,1500]",43474,0.5512235045281901,0.046605466925029,0.949272871785783
RAD_OPERA_HOURLY_RAINFALL_ACCUMULATION_202301211500_patch000,OPT_NORM_VIRTUAL_CONVEX_CONST_INIT_LONG_LIGHT_JTOTAL,Virtual Convex Light Shrinkage (2000 iters),"(1500,3125]",72595,0.807234589165171,0.09072085458456103,0.9018646220602671
RAD_OPERA_HOURLY_RAINFALL_ACCUMULATION_202301211500_patch000,OPT_NORM_VIRTUAL_CONVEX_CONST_INIT_LONG_LIGHT_JTOTAL,Virtual Convex Light Shrinkage (2000 iters),"(3125,6000]",37593,0.8703862414949453,0.10309551454924137,0.8931832661884964
RAD_OPERA_HOURLY_RAINFALL_ACCUMULATION_202301211500_patch000,OPT_NORM_VIRTUAL_CONVEX_CONST_INIT_LONG_LIGHT_JTOTAL,Virtual Convex Light Shrinkage (2000 iters),"(6000,9000]",6818,0.6324380296574516,0.39177906816570107,0.8815513074527512
RAD_OPERA_HOURLY_RAINFALL_ACCUMULATION_202301211500_patch000,OPT_NORM_VIRTUAL_CONVEX_CONST_INIT_LONG_LIGHT_JTOTAL,Virtual Convex Light Shrinkage (2000 iters),>9000,1654,0.49508696445560474,0.3949410628883265,0.9540241950013102
RAD_OPERA_HOURLY_RAINFALL_ACCUMULATION_202301211800_patch000,OPT_NORM_VIRTUAL_CONVEX_CONST_INIT_LONG_LIGHT_JTOTAL,Virtual Convex Light Shrinkage (2000 iters),≤125,3690,0.22079070481244156,-0.005542023506945401,0.9812939457651478
RAD_OPERA_HOURLY_RAINFALL_ACCUMULATION_202301211800_patch000,OPT_NORM_VIRTUAL_CONVEX_CONST_INIT_LONG_LIGHT_JTOTAL,Virtual Convex Light Shrinkage (2000 iters),"(125,375]",14314,0.2549895802358525,-0.0085553936330246,0.9792220692923356
RAD_OPERA_HOURLY_RAINFALL_ACCUMULATION_202301211800_patch000,OPT_NORM_VIRTUAL_CONVEX_CONST_INIT_LONG_LIGHT_JTOTAL,Virtual Convex Light Shrinkage (2000 iters),"(375,750]",21246,0.35031832857519374,-0.025933666920251192,0.9689799770360501
RAD_OPERA_HOURLY_RAINFALL_ACCUMULATION_202301211800_patch000,OPT_NORM_VIRTUAL_CONVEX_CONST_INIT_LONG_LIGHT_JTOTAL,Virtual Convex Light Shrinkage (2000 iters),"(750,1500]",39504,0.4831384960689093,-0.013380888833282924,0.9421918799303967
RAD_OPERA_HOURLY_RAINFALL_ACCUMULATION_202301211800_patch000,OPT_NORM_VIRTUAL_CONVEX_CONST_INIT_LONG_LIGHT_JTOTAL,Virtual Convex Light Shrinkage (2000 iters),"(1500,3125]",66874,0.7114224696729907,-0.022869528210110304,0.8830114078996409
RAD_OPERA_HOURLY_RAINFALL_ACCUMULATION_202301211800_patch000,OPT_NORM_VIRTUAL_CONVEX_CONST_INIT_LONG_LIGHT_JTOTAL,Virtual Convex Light Shrinkage (2000 iters),"(3125,6000]",32140,0.9958066221795764,-0.021817659207416306,0.7270327419120841
RAD_OPERA_HOURLY_RAINFALL_ACCUMULATION_202301211800_patch000,OPT_NORM_VIRTUAL_CONVEX_CONST_INIT_LONG_LIGHT_JTOTAL,Virtual Convex Light Shrinkage (2000 iters),"(6000,9000]",1432,1.2278270825320303,-0.11748258232570893,0.3172130131400838
RAD_OPERA_HOURLY_RAINFALL_ACCUMULATION_202301211900_patch000,OPT_NORM_VIRTUAL_CONVEX_CONST_INIT_LONG_LIGHT_JTOTAL,Virtual Convex Light Shrinkage (2000 iters),≤125,5624,0.22625340965235322,-0.0023104136255618153,0.9855602854498566
RAD_OPERA_HOURLY_RAINFALL_ACCUMULATION_202301211900_patch000,OPT_NORM_VIRTUAL_CONVEX_CONST_INIT_LONG_LIGHT_JTOTAL,Virtual Convex Light Shrinkage (2000 iters),"(125,375]",21915,0.27247827444643996,-0.01035053587173027,0.9825618987860659
RAD_OPERA_HOURLY_RAINFALL_ACCUMULATION_202301211900_patch000,OPT_NORM_VIRTUAL_CONVEX_CONST_INIT_LONG_LIGHT_JTOTAL,Virtual Convex Light Shrinkage (2000 iters),"(375,750]",34783,0.3581896713849793,-0.004566011844863773,0.9731233557461998
RAD_OPERA_HOURLY_RAINFALL_ACCUMULATION_202301211900_patch000,OPT_NORM_VIRTUAL_CONVEX_CONST_INIT_LONG_LIGHT_JTOTAL,Virtual Convex Light Shrinkage (2000 iters),"(750,1500]",66652,0.4741268305972615,0.018940190010248555,0.9573169756338574
RAD_OPERA_HOURLY_RAINFALL_ACCUMULATION_202301211900_patch000,OPT_NORM_VIRTUAL_CONVEX_CONST_INIT_LONG_LIGHT_JTOTAL,Virtual Convex Light Shrinkage (2000 iters),"(1500,3125]",114198,0.7289922654065767,-0.04792068997663805,0.9155437805367896
RAD_OPERA_HOURLY_RAINFALL_ACCUMULATION_202301211900_patch000,OPT_NORM_VIRTUAL_CONVEX_CONST_INIT_LONG_LIGHT_JTOTAL,Virtual Convex Light Shrinkage (2000 iters),"(3125,6000]",59909,0.9551653002330157,-0.030109951989441438,0.8797377891986007
RAD_OPERA_HOURLY_RAINFALL_ACCUMULATION_202301211900_patch000,OPT_NORM_VIRTUAL_CONVEX_CONST_INIT_LONG_LIGHT_JTOTAL,Virtual Convex Light Shrinkage (2000 iters),"(6000,9000]",1303,0.6644820637488846,-0.20036837198415539,0.9833804368265033
RAD_OPERA_HOURLY_RAINFALL_ACCUMULATION_202301211900_patch001,OPT_NORM_VIRTUAL_CONVEX_CONST_INIT_LONG_LIGHT_JTOTAL,Virtual Convex Light Shrinkage (2000 iters),≤125,4911,0.30805043636751767,-0.0003831410226610291,0.9756437591978993
RAD_OPERA_HOURLY_RAINFALL_ACCUMULATION_202301211900_patch001,OPT_NORM_VIRTUAL_CONVEX_CONST_INIT_LONG_LIGHT_JTOTAL,Virtual Convex Light Shrinkage (2000 iters),"(125,375]",18873,0.32818359296299887,0.012508961369539091,0.9751516046070271
RAD_OPERA_HOURLY_RAINFALL_ACCUMULATION_202301211900_patch001,OPT_NORM_VIRTUAL_CONVEX_CONST_INIT_LONG_LIGHT_JTOTAL,Virtual Convex Light Shrinkage (2000 iters),"(375,750]",29125,0.41265140670518613,0.023543488542202517,0.9675701283753549
RAD_OPERA_HOURLY_RAINFALL_ACCUMULATION_202301211900_patch001,OPT_NORM_VIRTUAL_CONVEX_CONST_INIT_LONG_LIGHT_JTOTAL,Virtual Convex Light Shrinkage (2000 iters),"(750,1500]",55476,0.5536275707832664,0.02106295334349429,0.9502867740412271
RAD_OPERA_HOURLY_RAINFALL_ACCUMULATION_202301211900_patch001,OPT_NORM_VIRTUAL_CONVEX_CONST_INIT_LONG_LIGHT_JTOTAL,Virtual Convex Light Shrinkage (2000 iters),"(1500,3125]",96752,0.7761183430608373,-0.060321271937389155,0.9162358020573635
RAD_OPERA_HOURLY_RAINFALL_ACCUMULATION_202301211900_patch001,OPT_NORM_VIRTUAL_CONVEX_CONST_INIT_LONG_LIGHT_JTOTAL,Virtual Convex Light Shrinkage (2000 iters),"(3125,6000]",57530,1.0644497337049512,-0.2615135714084631,0.8258206673894884
RAD_OPERA_HOURLY_RAINFALL_ACCUMULATION_202301211900_patch001,OPT_NORM_VIRTUAL_CONVEX_CONST_INIT_LONG_LIGHT_JTOTAL,Virtual Convex Light Shrinkage (2000 iters),"(6000,9000]",5827,1.6862768199771003,-0.8730776061244936,0.4765996128715378
RAD_OPERA_HOURLY_RAINFALL_ACCUMULATION_202301211900_patch001,OPT_NORM_VIRTUAL_CONVEX_CONST_INIT_LONG_LIGHT_JTOTAL,Virtual Convex Light Shrinkage (2000 iters),>9000,306,1.6895244286849394,-1.1450312277849983,-0.9722363640780101
RAD_OPERA_HOURLY_RAINFALL_ACCUMULATION_202301212300_patch000,OPT_NORM_VIRTUAL_CONVEX_CONST_INIT_LONG_LIGHT_JTOTAL,Virtual Convex Light Shrinkage (2000 iters),≤125,4692,0.2386350085293183,-0.004191638080868473,0.9925987716283722
RAD_OPERA_HOURLY_RAINFALL_ACCUMULATION_202301212300_patch000,OPT_NORM_VIRTUAL_CONVEX_CONST_INIT_LONG_LIGHT_JTOTAL,Virtual Convex Light Shrinkage (2000 iters),"(125,375]",17503,0.275299405945522,-0.007627400695777025,0.9891744412786114
RAD_OPERA_HOURLY_RAINFALL_ACCUMULATION_202301212300_patch000,OPT_NORM_VIRTUAL_CONVEX_CONST_INIT_LONG_LIGHT_JTOTAL,Virtual Convex Light Shrinkage (2000 iters),"(375,750]",25922,0.35903557033428923,-0.007208309800350209,0.9787778136445922
RAD_OPERA_HOURLY_RAINFALL_ACCUMULATION_202301212300_patch000,OPT_NORM_VIRTUAL_CONVEX_CONST_INIT_LONG_LIGHT_JTOTAL,Virtual Convex Light Shrinkage (2000 iters),"(750,1500]",47008,0.4410762994789107,0.005192273127776047,0.9587617137003441
RAD_OPERA_HOURLY_RAINFALL_ACCUMULATION_202301212300_patch000,OPT_NORM_VIRTUAL_CONVEX_CONST_INIT_LONG_LIGHT_JTOTAL,Virtual Convex Light Shrinkage (2000 iters),"(1500,3125]",81012,0.6247045864470001,-0.051340857195405674,0.9093099584680229
RAD_OPERA_HOURLY_RAINFALL_ACCUMULATION_202301212300_patch000,OPT_NORM_VIRTUAL_CONVEX_CONST_INIT_LONG_LIGHT_JTOTAL,Virtual Convex Light Shrinkage (2000 iters),"(3125,6000]",43894,0.7200424850445015,-0.13003886401878706,0.885877871219872
RAD_OPERA_HOURLY_RAINFALL_ACCUMULATION_202301212300_patch000,OPT_NORM_VIRTUAL_CONVEX_CONST_INIT_LONG_LIGHT_JTOTAL,Virtual Convex Light Shrinkage (2000 iters),"(6000,9000]",1153,0.4865824908059409,-0.029037872967467758,0.9790901687228372
RAD_OPERA_HOURLY_RAINFALL_ACCUMULATION_202301220000_patch001,OPT_NORM_VIRTUAL_CONVEX_CONST_INIT_LONG_LIGHT_JTOTAL,Virtual Convex Light Shrinkage (2000 iters),≤125,5230,0.2625786929754302,-0.007588591775634321,0.9944116545951738
RAD_OPERA_HOURLY_RAINFALL_ACCUMULATION_202301220000_patch001,OPT_NORM_VIRTUAL_CONVEX_CONST_INIT_LONG_LIGHT_JTOTAL,Virtual Convex Light Shrinkage (2000 iters),"(125,375]",20323,0.32062848862452215,-0.011090658007893795,0.990652186525784
RAD_OPERA_HOURLY_RAINFALL_ACCUMULATION_202301220000_patch001,OPT_NORM_VIRTUAL_CONVEX_CONST_INIT_LONG_LIGHT_JTOTAL,Virtual Convex Light Shrinkage (2000 iters),"(375,750]",32666,0.43141537516233214,-0.0007851547958736563,0.9804869452098983
RAD_OPERA_HOURLY_RAINFALL_ACCUMULATION_202301220000_patch001,OPT_NORM_VIRTUAL_CONVEX_CONST_INIT_LONG_LIGHT_JTOTAL,Virtual Convex Light Shrinkage (2000 iters),"(750,1500]",63206,0.5520692297227975,0.022294368954448824,0.964816013062167
RAD_OPERA_HOURLY_RAINFALL_ACCUMULATION_202301220000_patch001,OPT_NORM_VIRTUAL_CONVEX_CONST_INIT_LONG_LIGHT_JTOTAL,Virtual Convex Light Shrinkage (2000 iters),"(1500,3125]",104459,0.7793331754267434,0.07860624811357436,0.9295116456457336
RAD_OPERA_HOURLY_RAINFALL_ACCUMULATION_202301220000_patch001,OPT_NORM_VIRTUAL_CONVEX_CONST_INIT_LONG_LIGHT_JTOTAL,Virtual Convex Light Shrinkage (2000 iters),"(3125,6000]",53531,1.158428593929491,0.08369454747797862,0.8527088984748667
RAD_OPERA_HOURLY_RAINFALL_ACCUMULATION_202301220000_patch001,OPT_NORM_VIRTUAL_CONVEX_CONST_INIT_LONG_LIGHT_JTOTAL,Virtual Convex Light Shrinkage (2000 iters),"(6000,9000]",5048,1.4314940134112357,1.1392794416741372,0.7641761560838244
RAD_OPERA_HOURLY_RAINFALL_ACCUMULATION_202301220000_patch001,OPT_NORM_VIRTUAL_CONVEX_CONST_INIT_LONG_LIGHT_JTOTAL,Virtual Convex Light Shrinkage (2000 iters),>9000,2257,0.544635189418907,0.14034490718427464,-0.025764996231899817
RAD_OPERA_HOURLY_RAINFALL_ACCUMULATION_202301220100_patch001,OPT_NORM_VIRTUAL_CONVEX_CONST_INIT_LONG_LIGHT_JTOTAL,Virtual Convex Light Shrinkage (2000 iters),≤125,4018,0.22396558254776625,0.009540401019003927,0.994168115536654
RAD_OPERA_HOURLY_RAINFALL_ACCUMULATION_202301220100_patch001,OPT_NORM_VIRTUAL_CONVEX_CONST_INIT_LONG_LIGHT_JTOTAL,Virtual Convex Light Shrinkage (2000 iters),"(125,375]",15534,0.28549225505504383,0.010696303416189807,0.9922688991942905
RAD_OPERA_HOURLY_RAINFALL_ACCUMULATION_202301220100_patch001,OPT_NORM_VIRTUAL_CONVEX_CONST_INIT_LONG_LIGHT_JTOTAL,Virtual Convex Light Shrinkage (2000 iters),"(375,750]",22904,0.42242554969923984,-0.002022494922560899,0.9859998023812456
RAD_OPERA_HOURLY_RAINFALL_ACCUMULATION_202301220100_patch001,OPT_NORM_VIRTUAL_CONVEX_CONST_INIT_LONG_LIGHT_JTOTAL,Virtual Convex Light Shrinkage (2000 iters),"(750,1500]",41857,0.5937660283986155,0.011531411913141752,0.9755590640555174
RAD_OPERA_HOURLY_RAINFALL_ACCUMULATION_202301220100_patch001,OPT_NORM_VIRTUAL_CONVEX_CONST_INIT_LONG_LIGHT_JTOTAL,Virtual Convex Light Shrinkage (2000 iters),"(1500,3125]",71355,0.9613370135131643,-0.02248680079377535,0.9432038826900149
RAD_OPERA_HOURLY_RAINFALL_ACCUMULATION_202301220100_patch001,OPT_NORM_VIRTUAL_CONVEX_CONST_INIT_LONG_LIGHT_JTOTAL,Virtual Convex Light Shrinkage (2000 iters),"(3125,6000]",34056,1.0794952865047596,0.2256355046865412,0.9124698218726542
RAD_OPERA_HOURLY_RAINFALL_ACCUMULATION_202301220100_patch001,OPT_NORM_VIRTUAL_CONVEX_CONST_INIT_LONG_LIGHT_JTOTAL,Virtual Convex Light Shrinkage (2000 iters),"(6000,9000]",3300,0.49924204648469267,0.14606095791314588,0.981638521299348
RAD_OPERA_HOURLY_RAINFALL_ACCUMULATION_202301221200_patch000,OPT_NORM_VIRTUAL_CONVEX_CONST_INIT_LONG_LIGHT_JTOTAL,Virtual Convex Light Shrinkage (2000 iters),≤125,5692,0.20374337326369463,0.0020281107662977337,0.9964973520528141
RAD_OPERA_HOURLY_RAINFALL_ACCUMULATION_202301221200_patch000,OPT_NORM_VIRTUAL_CONVEX_CONST_INIT_LONG_LIGHT_JTOTAL,Virtual Convex Light Shrinkage (2000 iters),"(125,375]",22509,0.2833821631413857,-0.002582083155045511,0.9942599887319198
RAD_OPERA_HOURLY_RAINFALL_ACCUMULATION_202301221200_patch000,OPT_NORM_VIRTUAL_CONVEX_CONST_INIT_LONG_LIGHT_JTOTAL,Virtual Convex Light Shrinkage (2000 iters),"(375,750]",37533,0.3806876552700849,-0.013865685118263303,0.99174392275211
RAD_OPERA_HOURLY_RAINFALL_ACCUMULATION_202301221200_patch000,OPT_NORM_VIRTUAL_CONVEX_CONST_INIT_LONG_LIGHT_JTOTAL,Virtual Convex Light Shrinkage (2000 iters),"(750,1500]",75522,0.512144284465395,-0.007741434128532716,0.9835533112327977
RAD_OPERA_HOURLY_RAINFALL_ACCUMULATION_202301221200_patch000,OPT_NORM_VIRTUAL_CONVEX_CONST_INIT_LONG_LIGHT_JTOTAL,Virtual Convex Light Shrinkage (2000 iters),"(1500,3125]",133266,0.6997441064580413,0.00784449715085603,0.9532763938097468
RAD_OPERA_HOURLY_RAINFALL_ACCUMULATION_202301221200_patch000,OPT_NORM_VIRTUAL_CONVEX_CONST_INIT_LONG_LIGHT_JTOTAL,Virtual Convex Light Shrinkage (2000 iters),"(3125,6000]",68969,1.0539630950623127,0.13394720436316132,0.8645189304014321
RAD_OPERA_HOURLY_RAINFALL_ACCUMULATION_202301221200_patch000,OPT_NORM_VIRTUAL_CONVEX_CONST_INIT_LONG_LIGHT_JTOTAL,Virtual Convex Light Shrinkage (2000 iters),"(6000,9000]",8879,1.5742324511017096,0.6594421002698758,0.5303120648941658
RAD_OPERA_HOURLY_RAINFALL_ACCUMULATION_202301221200_patch000,OPT_NORM_VIRTUAL_CONVEX_CONST_INIT_LONG_LIGHT_JTOTAL,Virtual Convex Light Shrinkage (2000 iters),>9000,2446,0.677433110339864,-0.4829436623455556,0.6235289197778011
RAD_OPERA_HOURLY_RAINFALL_ACCUMULATION_202301222100_patch000,OPT_NORM_VIRTUAL_CONVEX_CONST_INIT_LONG_LIGHT_JTOTAL,Virtual Convex Light Shrinkage (2000 iters),≤125,3783,0.2374893341450483,-0.0035557488513621757,0.9946843139156027
RAD_OPERA_HOURLY_RAINFALL_ACCUMULATION_202301222100_patch000,OPT_NORM_VIRTUAL_CONVEX_CONST_INIT_LONG_LIGHT_JTOTAL,Virtual Convex Light Shrinkage (2000 iters),"(125,375]",14906,0.27552149736297055,0.005351657655495656,0.9928557077613065
RAD_OPERA_HOURLY_RAINFALL_ACCUMULATION_202301222100_patch000,OPT_NORM_VIRTUAL_CONVEX_CONST_INIT_LONG_LIGHT_JTOTAL,Virtual Convex Light Shrinkage (2000 iters),"(375,750]",22509,0.3703058381798771,-0.0016178781207613292,0.9881283685960188
RAD_OPERA_HOURLY_RAINFALL_ACCUMULATION_202301222100_patch000,OPT_NORM_VIRTUAL_CONVEX_CONST_INIT_LONG_LIGHT_JTOTAL,Virtual Convex Light Shrinkage (2000 iters),"(750,1500]",41257,0.5062426390435271,-0.030815117305047043,0.9830059690317486
RAD_OPERA_HOURLY_RAINFALL_ACCUMULATION_202301222100_patch000,OPT_NORM_VIRTUAL_CONVEX_CONST_INIT_LONG_LIGHT_JTOTAL,Virtual Convex Light Shrinkage (2000 iters),"(1500,3125]",66625,0.688434641083164,-0.11023090107751801,0.9769893501912809
RAD_OPERA_HOURLY_RAINFALL_ACCUMULATION_202301222100_patch000,OPT_NORM_VIRTUAL_CONVEX_CONST_INIT_LONG_LIGHT_JTOTAL,Virtual Convex Light Shrinkage (2000 iters),"(3125,6000]",34002,0.7468784375326243,-0.02990354968008615,0.9752167694951909
RAD_OPERA_HOURLY_RAINFALL_ACCUMULATION_202301222100_patch000,OPT_NORM_VIRTUAL_CONVEX_CONST_INIT_LONG_LIGHT_JTOTAL,Virtual Convex Light Shrinkage (2000 iters),"(6000,9000]",3286,0.6979828611377706,0.3746008109529483,0.974875739961954
RAD_OPERA_HOURLY_RAINFALL_ACCUMULATION_202301230100_patch000,OPT_NORM_VIRTUAL_CONVEX_CONST_INIT_LONG_LIGHT_JTOTAL,Virtual Convex Light Shrinkage (2000 iters),≤125,4445,0.2166628387279038,0.0049394841714794175,0.9953160215097582
RAD_OPERA_HOURLY_RAINFALL_ACCUMULATION_202301230100_patch000,OPT_NORM_VIRTUAL_CONVEX_CONST_INIT_LONG_LIGHT_JTOTAL,Virtual Convex Light Shrinkage (2000 iters),"(125,375]",17833,0.28462610611084693,-0.0012041605351634302,0.9907485546584059
RAD_OPERA_HOURLY_RAINFALL_ACCUMULATION_202301230100_patch000,OPT_NORM_VIRTUAL_CONVEX_CONST_INIT_LONG_LIGHT_JTOTAL,Virtual Convex Light Shrinkage (2000 iters),"(375,750]",28225,0.3785397858761827,-0.021162692779112355,0.9821546915635854
RAD_OPERA_HOURLY_RAINFALL_ACCUMULATION_202301230100_patch000,OPT_NORM_VIRTUAL_CONVEX_CONST_INIT_LONG_LIGHT_JTOTAL,Virtual Convex Light Shrinkage (2000 iters),"(750,1500]",52717,0.49632370313748914,-0.024014465107682605,0.9696366150245529
RAD_OPERA_HOURLY_RAINFALL_ACCUMULATION_202301230100_patch000,OPT_NORM_VIRTUAL_CONVEX_CONST_INIT_LONG_LIGHT_JTOTAL,Virtual Convex Light Shrinkage (2000 iters),"(1500,3125]",84234,0.7339844375564101,-0.006277928980416358,0.9363432148859782
RAD_OPERA_HOURLY_RAINFALL_ACCUMULATION_202301230100_patch000,OPT_NORM_VIRTUAL_CONVEX_CONST_INIT_LONG_LIGHT_JTOTAL,Virtual Convex Light Shrinkage (2000 iters),"(3125,6000]",43953,0.9182813104795209,0.18924009458063681,0.8907279672048148
RAD_OPERA_HOURLY_RAINFALL_ACCUMULATION_202301230100_patch000,OPT_NORM_VIRTUAL_CONVEX_CONST_INIT_LONG_LIGHT_JTOTAL,Virtual Convex Light Shrinkage (2000 iters),"(6000,9000]",5580,0.9173263363995655,0.7025493719481519,0.8743624396104954
RAD_OPERA_HOURLY_RAINFALL_ACCUMULATION_202301230100_patch000,OPT_NORM_VIRTUAL_CONVEX_CONST_INIT_LONG_LIGHT_JTOTAL,Virtual Convex Light Shrinkage (2000 iters),>9000,1093,0.9800260863414028,0.9352849382167547,0.8979987525264161
RAD_OPERA_HOURLY_RAINFALL_ACCUMULATION_202301230600_patch003,OPT_NORM_VIRTUAL_CONVEX_CONST_INIT_LONG_LIGHT_JTOTAL,Virtual Convex Light Shrinkage (2000 iters),≤125,5253,0.17005816656994333,-0.0013843206548699873,0.9888080898004532
RAD_OPERA_HOURLY_RAINFALL_ACCUMULATION_202301230600_patch003,OPT_NORM_VIRTUAL_CONVEX_CONST_INIT_LONG_LIGHT_JTOTAL,Virtual Convex Light Shrinkage (2000 iters),"(125,375]",20266,0.19869416459712844,0.008315895492063744,0.9848010702355018
RAD_OPERA_HOURLY_RAINFALL_ACCUMULATION_202301230600_patch003,OPT_NORM_VIRTUAL_CONVEX_CONST_INIT_LONG_LIGHT_JTOTAL,Virtual Convex Light Shrinkage (2000 iters),"(375,750]",31845,0.2580488728043083,0.01509506071094891,0.9777997468328923
RAD_OPERA_HOURLY_RAINFALL_ACCUMULATION_202301230600_patch003,OPT_NORM_VIRTUAL_CONVEX_CONST_INIT_LONG_LIGHT_JTOTAL,Virtual Convex Light Shrinkage (2000 iters),"(750,1500]",60657,0.37214568395410824,0.010995045993873544,0.9640979865344638
RAD_OPERA_HOURLY_RAINFALL_ACCUMULATION_202301230600_patch003,OPT_NORM_VIRTUAL_CONVEX_CONST_INIT_LONG_LIGHT_JTOTAL,Virtual Convex Light Shrinkage (2000 iters),"(1500,3125]",99992,0.4932745056908261,0.009737882206395432,0.9523076649035782
RAD_OPERA_HOURLY_RAINFALL_ACCUMULATION_202301230600_patch003,OPT_NORM_VIRTUAL_CONVEX_CONST_INIT_LONG_LIGHT_JTOTAL,Virtual Convex Light Shrinkage (2000 iters),"(3125,6000]",48778,0.6916827139231676,0.06255817960278272,0.9283541951772085
RAD_OPERA_HOURLY_RAINFALL_ACCUMULATION_202301230600_patch003,OPT_NORM_VIRTUAL_CONVEX_CONST_INIT_LONG_LIGHT_JTOTAL,Virtual Convex Light Shrinkage (2000 iters),"(6000,9000]",2009,1.020807311522118,0.5867925246091789,0.8894687520340538
RAD_OPERA_HOURLY_RAINFALL_ACCUMULATION_202301231200_patch001,OPT_NORM_VIRTUAL_CONVEX_CONST_INIT_LONG_LIGHT_JTOTAL,Virtual Convex Light Shrinkage (2000 iters),≤125,5395,0.1343305306260053,0.0020492664730802964,0.9891934894790929
RAD_OPERA_HOURLY_RAINFALL_ACCUMULATION_202301231200_patch001,OPT_NORM_VIRTUAL_CONVEX_CONST_INIT_LONG_LIGHT_JTOTAL,Virtual Convex Light Shrinkage (2000 iters),"(125,375]",21090,0.14861837572942402,-0.0013634316527826517,0.9877936929423395
RAD_OPERA_HOURLY_RAINFALL_ACCUMULATION_202301231200_patch001,OPT_NORM_VIRTUAL_CONVEX_CONST_INIT_LONG_LIGHT_JTOTAL,Virtual Convex Light Shrinkage (2000 iters),"(375,750]",34488,0.18431646714900904,-0.0038566540510181317,0.9807781216767625
RAD_OPERA_HOURLY_RAINFALL_ACCUMULATION_202301231200_patch001,OPT_NORM_VIRTUAL_CONVEX_CONST_INIT_LONG_LIGHT_JTOTAL,Virtual Convex Light Shrinkage (2000 iters),"(750,1500]",67771,0.2490272327759033,0.0050888015724535746,0.9673142758824509
RAD_OPERA_HOURLY_RAINFALL_ACCUMULATION_202301231200_patch001,OPT_NORM_VIRTUAL_CONVEX_CONST_INIT_LONG_LIGHT_JTOTAL,Virtual Convex Light Shrinkage (2000 iters),"(1500,3125]",115766,0.39592089511807504,-0.010436624838860339,0.932604861709475
RAD_OPERA_HOURLY_RAINFALL_ACCUMULATION_202301231200_patch001,OPT_NORM_VIRTUAL_CONVEX_CONST_INIT_LONG_LIGHT_JTOTAL,Virtual Convex Light Shrinkage (2000 iters),"(3125,6000]",63094,0.5040507368018957,0.053358516235295514,0.9285637739489335
RAD_OPERA_HOURLY_RAINFALL_ACCUMULATION_202301231200_patch001,OPT_NORM_VIRTUAL_CONVEX_CONST_INIT_LONG_LIGHT_JTOTAL,Virtual Convex Light Shrinkage (2000 iters),"(6000,9000]",4971,0.6813378665475629,0.4137772389267369,0.8996959594885531
RAD_OPERA_HOURLY_RAINFALL_ACCUMULATION_202301231200_patch001,OPT_NORM_VIRTUAL_CONVEX_CONST_INIT_LONG_LIGHT_JTOTAL,Virtual Convex Light Shrinkage (2000 iters),>9000,1,0.530463457107544,0.530463457107544,
RAD_OPERA_HOURLY_RAINFALL_ACCUMULATION_202301231200_patch002,OPT_NORM_VIRTUAL_CONVEX_CONST_INIT_LONG_LIGHT_JTOTAL,Virtual Convex Light Shrinkage (2000 iters),≤125,4808,0.23315151334569553,-0.00509335733516244,0.9961640578604686
RAD_OPERA_HOURLY_RAINFALL_ACCUMULATION_202301231200_patch002,OPT_NORM_VIRTUAL_CONVEX_CONST_INIT_LONG_LIGHT_JTOTAL,Virtual Convex Light Shrinkage (2000 iters),"(125,375]",19791,0.26152593841147714,-0.011633462248067281,0.9944497539337552
RAD_OPERA_HOURLY_RAINFALL_ACCUMULATION_202301231200_patch002,OPT_NORM_VIRTUAL_CONVEX_CONST_INIT_LONG_LIGHT_JTOTAL,Virtual Convex Light Shrinkage (2000 iters),"(375,750]",33541,0.30846295462898465,-0.017350952253192116,0.9908920686635304
RAD_OPERA_HOURLY_RAINFALL_ACCUMULATION_202301231200_patch002,OPT_NORM_VIRTUAL_CONVEX_CONST_INIT_LONG_LIGHT_JTOTAL,Virtual Convex Light Shrinkage (2000 iters),"(750,1500]",70004,0.3849230281467897,-0.02017700550988854,0.9840106469802837
RAD_OPERA_HOURLY_RAINFALL_ACCUMULATION_202301231200_patch002,OPT_NORM_VIRTUAL_CONVEX_CONST_INIT_LONG_LIGHT_JTOTAL,Virtual Convex Light Shrinkage (2000 iters),"(1500,3125]",130131,0.47563195671387243,0.011476593559809957,0.9657724008510173
RAD_OPERA_HOURLY_RAINFALL_ACCUMULATION_202301231200_patch002,OPT_NORM_VIRTUAL_CONVEX_CONST_INIT_LONG_LIGHT_JTOTAL,Virtual Convex Light Shrinkage (2000 iters),"(3125,6000]",65641,0.6187057480891971,0.08026515645992167,0.9167914930656205
RAD_OPERA_HOURLY_RAINFALL_ACCUMULATION_202301231200_patch002,OPT_NORM_VIRTUAL_CONVEX_CONST_INIT_LONG_LIGHT_JTOTAL,Virtual Convex Light Shrinkage (2000 iters),"(6000,9000]",5637,0.39226012021702455,-0.12330097469726056,0.8120702602979493
RAD_OPERA_HOURLY_RAINFALL_ACCUMULATION_202301231200_patch002,OPT_NORM_VIRTUAL_CONVEX_CONST_INIT_LONG_LIGHT_JTOTAL,Virtual Convex Light Shrinkage (2000 iters),>9000,175,0.2604269112862832,-0.1657433101109096,0.2934655624340678
RAD_OPERA_HOURLY_RAINFALL_ACCUMULATION_202301231200_patch003,OPT_NORM_VIRTUAL_CONVEX_CONST_INIT_LONG_LIGHT_JTOTAL,Virtual Convex Light Shrinkage (2000 iters),≤125,5159,0.8226203179533865,-0.021039927764031203,0.9905888338154434
RAD_OPERA_HOURLY_RAINFALL_ACCUMULATION_202301231200_patch003,OPT_NORM_VIRTUAL_CONVEX_CONST_INIT_LONG_LIGHT_JTOTAL,Virtual Convex Light Shrinkage (2000 iters),"(125,375]",19586,0.9659733552833054,-4.736285263523273e-05,0.9866589157479168
RAD_OPERA_HOURLY_RAINFALL_ACCUMULATION_202301231200_patch003,OPT_NORM_VIRTUAL_CONVEX_CONST_INIT_LONG_LIGHT_JTOTAL,Virtual Convex Light Shrinkage (2000 iters),"(375,750]",29988,1.3577091968334085,0.05799055238979141,0.973627645475797
RAD_OPERA_HOURLY_RAINFALL_ACCUMULATION_202301231200_patch003,OPT_NORM_VIRTUAL_CONVEX_CONST_INIT_LONG_LIGHT_JTOTAL,Virtual Convex Light Shrinkage (2000 iters),"(750,1500]",56176,2.0547946337149066,0.13464230967995366,0.9190471112173022
RAD_OPERA_HOURLY_RAINFALL_ACCUMULATION_202301231200_patch003,OPT_NORM_VIRTUAL_CONVEX_CONST_INIT_LONG_LIGHT_JTOTAL,Virtual Convex Light Shrinkage (2000 iters),"(1500,3125]",95580,2.2519243925552526,0.36667634776654273,0.8349519138010042
RAD_OPERA_HOURLY_RAINFALL_ACCUMULATION_202301231200_patch003,OPT_NORM_VIRTUAL_CONVEX_CONST_INIT_LONG_LIGHT_JTOTAL,Virtual Convex Light Shrinkage (2000 iters),"(3125,6000]",56911,2.452745942121541,0.3651830706622139,0.640279122705
RAD_OPERA_HOURLY_RAINFALL_ACCUMULATION_202301231200_patch003,OPT_NORM_VIRTUAL_CONVEX_CONST_INIT_LONG_LIGHT_JTOTAL,Virtual Convex Light Shrinkage (2000 iters),"(6000,9000]",8318,1.7567589967869042,-0.5393121046761868,0.43450219694476283
RAD_OPERA_HOURLY_RAINFALL_ACCUMULATION_202301231200_patch003,OPT_NORM_VIRTUAL_CONVEX_CONST_INIT_LONG_LIGHT_JTOTAL,Virtual Convex Light Shrinkage (2000 iters),>9000,666,0.7385325139104137,-0.1337762237330703,0.00981230427497448
RAD_OPERA_HOURLY_RAINFALL_ACCUMULATION_202301231300_patch001,OPT_NORM_VIRTUAL_CONVEX_CONST_INIT_LONG_LIGHT_JTOTAL,Virtual Convex Light Shrinkage (2000 iters),≤125,5511,1.048655824341173,-0.0029433241164277617,0.9813347863339182
RAD_OPERA_HOURLY_RAINFALL_ACCUMULATION_202301231300_patch001,OPT_NORM_VIRTUAL_CONVEX_CONST_INIT_LONG_LIGHT_JTOTAL,Virtual Convex Light Shrinkage (2000 iters),"(125,375]",21364,1.4194234771688043,0.014968513012990655,0.9698308030099686
RAD_OPERA_HOURLY_RAINFALL_ACCUMULATION_202301231300_patch001,OPT_NORM_VIRTUAL_CONVEX_CONST_INIT_LONG_LIGHT_JTOTAL,Virtual Convex Light Shrinkage (2000 iters),"(375,750]",33423,1.9149963494308375,0.03338269099824429,0.9584488926284638
RAD_OPERA_HOURLY_RAINFALL_ACCUMULATION_202301231300_patch001,OPT_NORM_VIRTUAL_CONVEX_CONST_INIT_LONG_LIGHT_JTOTAL,Virtual Convex Light Shrinkage (2000 iters),"(750,1500]",63975,2.7835358052893877,0.05798442732243051,0.9318970956440064
RAD_OPERA_HOURLY_RAINFALL_ACCUMULATION_202301231300_patch001,OPT_NORM_VIRTUAL_CONVEX_CONST_INIT_LONG_LIGHT_JTOTAL,Virtual Convex Light Shrinkage (2000 iters),"(1500,3125]",114461,3.2996515247270133,0.09999453412329264,0.928763660328193
RAD_OPERA_HOURLY_RAINFALL_ACCUMULATION_202301231300_patch001,OPT_NORM_VIRTUAL_CONVEX_CONST_INIT_LONG_LIGHT_JTOTAL,Virtual Convex Light Shrinkage (2000 iters),"(3125,6000]",64360,2.40816917050438,0.2902531479914011,0.9299817395260171
RAD_OPERA_HOURLY_RAINFALL_ACCUMULATION_202301231300_patch001,OPT_NORM_VIRTUAL_CONVEX_CONST_INIT_LONG_LIGHT_JTOTAL,Virtual Convex Light Shrinkage (2000 iters),"(6000,9000]",3082,1.2790765886913171,0.3949003304534978,0.6934585001610493
RAD_OPERA_HOURLY_RAINFALL_ACCUMULATION_202301231400_patch002,OPT_NORM_VIRTUAL_CONVEX_CONST_INIT_LONG_LIGHT_JTOTAL,Virtual Convex Light Shrinkage (2000 iters),≤125,5874,0.09592663819571096,-0.000711305859058862,0.9936971051685989
RAD_OPERA_HOURLY_RAINFALL_ACCUMULATION_202301231400_patch002,OPT_NORM_VIRTUAL_CONVEX_CONST_INIT_LONG_LIGHT_JTOTAL,Virtual Convex Light Shrinkage (2000 iters),"(125,375]",23308,0.11394322706272567,0.0016819792514357168,0.9911616012868407
RAD_OPERA_HOURLY_RAINFALL_ACCUMULATION_202301231400_patch002,OPT_NORM_VIRTUAL_CONVEX_CONST_INIT_LONG_LIGHT_JTOTAL,Virtual Convex Light Shrinkage (2000 iters),"(375,750]",37553,0.16011366933991047,0.0011820186836133577,0.9841119608543036
RAD_OPERA_HOURLY_RAINFALL_ACCUMULATION_202301231400_patch002,OPT_NORM_VIRTUAL_CONVEX_CONST_INIT_LONG_LIGHT_JTOTAL,Virtual Convex Light Shrinkage (2000 iters),"(750,1500]",71261,0.2180752781114623,-0.003112481152003762,0.9746808164079807
RAD_OPERA_HOURLY_RAINFALL_ACCUMULATION_202301231400_patch002,OPT_NORM_VIRTUAL_CONVEX_CONST_INIT_LONG_LIGHT_JTOTAL,Virtual Convex Light Shrinkage (2000 iters),"(1500,3125]",123639,0.32474815465785356,-0.026325795428317613,0.9486979150472418
RAD_OPERA_HOURLY_RAINFALL_ACCUMULATION_202301231400_patch002,OPT_NORM_VIRTUAL_CONVEX_CONST_INIT_LONG_LIGHT_JTOTAL,Virtual Convex Light Shrinkage (2000 iters),"(3125,6000]",70303,0.4363035615934874,-0.09143160585370044,0.9205944748171224
RAD_OPERA_HOURLY_RAINFALL_ACCUMULATION_202301231400_patch002,OPT_NORM_VIRTUAL_CONVEX_CONST_INIT_LONG_LIGHT_JTOTAL,Virtual Convex Light Shrinkage (2000 iters),"(6000,9000]",3934,0.40888848281289597,0.02667714116775753,0.682399780187913
RAD_OPERA_HOURLY_RAINFALL_ACCUMULATION_202301231400_patch003,OPT_NORM_VIRTUAL_CONVEX_CONST_INIT_LONG_LIGHT_JTOTAL,Virtual Convex Light Shrinkage (2000 iters),≤125,4953,0.10932889380317509,0.0028595731531805926,0.992630734315329
RAD_OPERA_HOURLY_RAINFALL_ACCUMULATION_202301231400_patch003,OPT_NORM_VIRTUAL_CONVEX_CONST_INIT_LONG_LIGHT_JTOTAL,Virtual Convex Light Shrinkage (2000 iters),"(125,375]",20410,0.12886446479497987,0.0049790115697543914,0.9899669057710747
RAD_OPERA_HOURLY_RAINFALL_ACCUMULATION_202301231400_patch003,OPT_NORM_VIRTUAL_CONVEX_CONST_INIT_LONG_LIGHT_JTOTAL,Virtual Convex Light Shrinkage (2000 iters),"(375,750]",34665,0.17565116982271076,0.007002352826543379,0.984084046770789
RAD_OPERA_HOURLY_RAINFALL_ACCUMULATION_202301231400_patch003,OPT_NORM_VIRTUAL_CONVEX_CONST_INIT_LONG_LIGHT_JTOTAL,Virtual Convex Light Shrinkage (2000 iters),"(750,1500]",72194,0.2336307540622432,0.00865974241199066,0.9731296561322772
RAD_OPERA_HOURLY_RAINFALL_ACCUMULATION_202301231400_patch003,OPT_NORM_VIRTUAL_CONVEX_CONST_INIT_LONG_LIGHT_JTOTAL,Virtual Convex Light Shrinkage (2000 iters),"(1500,3125]",134690,0.30981709050645945,0.017719163926692642,0.9518374525833486
RAD_OPERA_HOURLY_RAINFALL_ACCUMULATION_202301231400_patch003,OPT_NORM_VIRTUAL_CONVEX_CONST_INIT_LONG_LIGHT_JTOTAL,Virtual Convex Light Shrinkage (2000 iters),"(3125,6000]",66872,0.46679879889805515,0.06464338680043619,0.8915598323833045
RAD_OPERA_HOURLY_RAINFALL_ACCUMULATION_202301231400_patch003,OPT_NORM_VIRTUAL_CONVEX_CONST_INIT_LONG_LIGHT_JTOTAL,Virtual Convex Light Shrinkage (2000 iters),"(6000,9000]",7545,0.5821404754440413,0.34727830944904986,0.6068295426858674
RAD_OPERA_HOURLY_RAINFALL_ACCUMULATION_202301231400_patch003,OPT_NORM_VIRTUAL_CONVEX_CONST_INIT_LONG_LIGHT_JTOTAL,Virtual Convex Light Shrinkage (2000 iters),>9000,175,0.3472589504778959,0.3462700285230364,0.04083953361585008
RAD_OPERA_HOURLY_RAINFALL_ACCUMULATION_202301231600_patch001,OPT_NORM_VIRTUAL_CONVEX_CONST_INIT_LONG_LIGHT_JTOTAL,Virtual Convex Light Shrinkage (2000 iters),≤125,4914,0.18767431488334657,0.0012667901544101267,0.9935193775150711
RAD_OPERA_HOURLY_RAINFALL_ACCUMULATION_202301231600_patch001,OPT_NORM_VIRTUAL_CONVEX_CONST_INIT_LONG_LIGHT_JTOTAL,Virtual Convex Light Shrinkage (2000 iters),"(125,375]",20085,0.20317331263783697,0.005836487890684638,0.9925344270657955
RAD_OPERA_HOURLY_RAINFALL_ACCUMULATION_202301231600_patch001,OPT_NORM_VIRTUAL_CONVEX_CONST_INIT_LONG_LIGHT_JTOTAL,Virtual Convex Light Shrinkage (2000 iters),"(375,750]",33153,0.2532223632639041,0.015202271937604829,0.9895782036308821
RAD_OPERA_HOURLY_RAINFALL_ACCUMULATION_202301231600_patch001,OPT_NORM_VIRTUAL_CONVEX_CONST_INIT_LONG_LIGHT_JTOTAL,Virtual Convex Light Shrinkage (2000 iters),"(750,1500]",65856,0.3512697392673978,0.006751677361240048,0.9839072426152111
RAD_OPERA_HOURLY_RAINFALL_ACCUMULATION_202301231600_patch001,OPT_NORM_VIRTUAL_CONVEX_CONST_INIT_LONG_LIGHT_JTOTAL,Virtual Convex Light Shrinkage (2000 iters),"(1500,3125]",111781,0.49987359202025405,0.012943231157045423,0.9743830595981025
RAD_OPERA_HOURLY_RAINFALL_ACCUMULATION_202301231600_patch001,OPT_NORM_VIRTUAL_CONVEX_CONST_INIT_LONG_LIGHT_JTOTAL,Virtual Convex Light Shrinkage (2000 iters),"(3125,6000]",56017,0.6852808270820857,0.10837305731512643,0.9649927719901952
RAD_OPERA_HOURLY_RAINFALL_ACCUMULATION_202301231600_patch001,OPT_NORM_VIRTUAL_CONVEX_CONST_INIT_LONG_LIGHT_JTOTAL,Virtual Convex Light Shrinkage (2000 iters),"(6000,9000]",8106,0.6708065756882805,0.35417166040866077,0.9182148653611655
RAD_OPERA_HOURLY_RAINFALL_ACCUMULATION_202301231600_patch001,OPT_NORM_VIRTUAL_CONVEX_CONST_INIT_LONG_LIGHT_JTOTAL,Virtual Convex Light Shrinkage (2000 iters),>9000,1656,0.34744367404189286,0.19339928354906,-0.7648766764149105
RAD_OPERA_HOURLY_RAINFALL_ACCUMULATION_202301231700_patch000,OPT_NORM_VIRTUAL_CONVEX_CONST_INIT_LONG_LIGHT_JTOTAL,Virtual Convex Light Shrinkage (2000 iters),≤125,5269,0.19938477319863343,-0.0026031513397031638,0.993545734625972
RAD_OPERA_HOURLY_RAINFALL_ACCUMULATION_202301231700_patch000,OPT_NORM_VIRTUAL_CONVEX_CONST_INIT_LONG_LIGHT_JTOTAL,Virtual Convex Light Shrinkage (2000 iters),"(125,375]",20368,0.22148944207796561,0.00344516386776191,0.9915430858453406
RAD_OPERA_HOURLY_RAINFALL_ACCUMULATION_202301231700_patch000,OPT_NORM_VIRTUAL_CONVEX_CONST_INIT_LONG_LIGHT_JTOTAL,Virtual Convex Light Shrinkage (2000 iters),"(375,750]",32124,0.27164689814778614,0.00367639392132874,0.9884290076049983
RAD_OPERA_HOURLY_RAINFALL_ACCUMULATION_202301231700_patch000,OPT_NORM_VIRTUAL_CONVEX_CONST_INIT_LONG_LIGHT_JTOTAL,Virtual Convex Light Shrinkage (2000 iters),"(750,1500]",61468,0.34128681485458306,0.006902113740253698,0.9831921466368381
RAD_OPERA_HOURLY_RAINFALL_ACCUMULATION_202301231700_patch000,OPT_NORM_VIRTUAL_CONVEX_CONST_INIT_LONG_LIGHT_JTOTAL,Virtual Convex Light Shrinkage (2000 iters),"(1500,3125]",104182,0.5208823379634354,0.013714122192887706,0.9691634114444924
RAD_OPERA_HOURLY_RAINFALL_ACCUMULATION_202301231700_patch000,OPT_NORM_VIRTUAL_CONVEX_CONST_INIT_LONG_LIGHT_JTOTAL,Virtual Convex Light Shrinkage (2000 iters),"(3125,6000]",59655,0.6794280991030809,0.06660516132576329,0.9610967733675284
RAD_OPERA_HOURLY_RAINFALL_ACCUMULATION_202301231700_patch000,OPT_NORM_VIRTUAL_CONVEX_CONST_INIT_LONG_LIGHT_JTOTAL,Virtual Convex Light Shrinkage (2000 iters),"(6000,9000]",8108,0.8397207609788624,0.25954184375269607,0.8934061693238269
RAD_OPERA_HOURLY_RAINFALL_ACCUMULATION_202301231700_patch000,OPT_NORM_VIRTUAL_CONVEX_CONST_INIT_LONG_LIGHT_JTOTAL,Virtual Convex Light Shrinkage (2000 iters),>9000,666,0.5614466895995793,0.16721174599709096,0.9705266413802858
RAD_OPERA_HOURLY_RAINFALL_ACCUMULATION_202301231900_patch000,OPT_NORM_VIRTUAL_CONVEX_CONST_INIT_LONG_LIGHT_JTOTAL,Virtual Convex Light Shrinkage (2000 iters),≤125,5065,0.21703966775992814,-0.0008808363960855452,0.994211763294715
RAD_OPERA_HOURLY_RAINFALL_ACCUMULATION_202301231900_patch000,OPT_NORM_VIRTUAL_CONVEX_CONST_INIT_LONG_LIGHT_JTOTAL,Virtual Convex Light Shrinkage (2000 iters),"(125,375]",20812,0.25253833846617757,-0.006984484450887676,0.9927476571860133
RAD_OPERA_HOURLY_RAINFALL_ACCUMULATION_202301231900_patch000,OPT_NORM_VIRTUAL_CONVEX_CONST_INIT_LONG_LIGHT_JTOTAL,Virtual Convex Light Shrinkage (2000 iters),"(375,750]",35015,0.33516322306218443,0.004559839179724195,0.9879241635782318
RAD_OPERA_HOURLY_RAINFALL_ACCUMULATION_202301231900_patch000,OPT_NORM_VIRTUAL_CONVEX_CONST_INIT_LONG_LIGHT_JTOTAL,Virtual Convex Light Shrinkage (2000 iters),"(750,1500]",71144,0.41603887503648124,0.02508868305830489,0.9819487582161712
RAD_OPERA_HOURLY_RAINFALL_ACCUMULATION_202301231900_patch000,OPT_NORM_VIRTUAL_CONVEX_CONST_INIT_LONG_LIGHT_JTOTAL,Virtual Convex Light Shrinkage (2000 iters),"(1500,3125]",125239,0.5289867359217282,0.023184394176302876,0.9728525326787528
RAD_OPERA_HOURLY_RAINFALL_ACCUMULATION_202301231900_patch000,OPT_NORM_VIRTUAL_CONVEX_CONST_INIT_LONG_LIGHT_JTOTAL,Virtual Convex Light Shrinkage (2000 iters),"(3125,6000]",61768,0.5030762534305534,0.18187909588412418,0.9695661615465045
RAD_OPERA_HOURLY_RAINFALL_ACCUMULATION_202301231900_patch000,OPT_NORM_VIRTUAL_CONVEX_CONST_INIT_LONG_LIGHT_JTOTAL,Virtual Convex Light Shrinkage (2000 iters),"(6000,9000]",9857,0.4683628948041064,0.37957396714227115,0.9433499374997829
RAD_OPERA_HOURLY_RAINFALL_ACCUMULATION_202301231900_patch000,OPT_NORM_VIRTUAL_CONVEX_CONST_INIT_LONG_LIGHT_JTOTAL,Virtual Convex Light Shrinkage (2000 iters),>9000,1340,0.27738040483727017,0.2641640207521729,0.9605245390720273
RAD_OPERA_HOURLY_RAINFALL_ACCUMULATION_202301240500_patch000,OPT_NORM_VIRTUAL_CONVEX_CONST_INIT_LONG_LIGHT_JTOTAL,Virtual Convex Light Shrinkage (2000 iters),≤125,7497,2.40718155269159,0.05271114346383284,0.9810462476691628
RAD_OPERA_HOURLY_RAINFALL_ACCUMULATION_202301240500_patch000,OPT_NORM_VIRTUAL_CONVEX_CONST_INIT_LONG_LIGHT_JTOTAL,Virtual Convex Light Shrinkage (2000 iters),"(125,375]",30107,2.3723435290416535,0.03088850268666137,0.9823515460633988
RAD_OPERA_HOURLY_RAINFALL_ACCUMULATION_202301240500_patch000,OPT_NORM_VIRTUAL_CONVEX_CONST_INIT_LONG_LIGHT_JTOTAL,Virtual Convex Light Shrinkage (2000 iters),"(375,750]",51230,2.824820826690169,0.11838562486827982,0.9680005600614341
RAD_OPERA_HOURLY_RAINFALL_ACCUMULATION_202301240500_patch000,OPT_NORM_VIRTUAL_CONVEX_CONST_INIT_LONG_LIGHT_JTOTAL,Virtual Convex Light Shrinkage (2000 iters),"(750,1500]",105715,2.2892730615982,0.07621227173254407,0.9629502614188906
RAD_OPERA_HOURLY_RAINFALL_ACCUMULATION_202301240500_patch000,OPT_NORM_VIRTUAL_CONVEX_CONST_INIT_LONG_LIGHT_JTOTAL,Virtual Convex Light Shrinkage (2000 iters),"(1500,3125]",194009,3.300610791557732,-0.022372980919760335,0.9251850771372141
RAD_OPERA_HOURLY_RAINFALL_ACCUMULATION_202301240500_patch000,OPT_NORM_VIRTUAL_CONVEX_CONST_INIT_LONG_LIGHT_JTOTAL,Virtual Convex Light Shrinkage (2000 iters),"(3125,6000]",101789,4.066955409360364,0.336645750251228,0.818649406374625
RAD_OPERA_HOURLY_RAINFALL_ACCUMULATION_202301240500_patch000,OPT_NORM_VIRTUAL_CONVEX_CONST_INIT_LONG_LIGHT_JTOTAL,Virtual Convex Light Shrinkage (2000 iters),"(6000,9000]",4242,2.513830075687209,-0.017154049059795017,0.8412195101964498
RAD_OPERA_HOURLY_RAINFALL_ACCUMULATION_202301240500_patch000,OPT_NORM_VIRTUAL_CONVEX_CONST_INIT_LONG_LIGHT_JTOTAL,Virtual Convex Light Shrinkage (2000 iters),>9000,3,0.02860104422860378,-0.02859075864156087,
RAD_OPERA_HOURLY_RAINFALL_ACCUMULATION_202301240700_patch000,OPT_NORM_VIRTUAL_CONVEX_CONST_INIT_LONG_LIGHT_JTOTAL,Virtual Convex Light Shrinkage (2000 iters),≤125,3841,0.14560529467416644,0.0009732729784680729,0.9898390250389626
RAD_OPERA_HOURLY_RAINFALL_ACCUMULATION_202301240700_patch000,OPT_NORM_VIRTUAL_CONVEX_CONST_INIT_LONG_LIGHT_JTOTAL,Virtual Convex Light Shrinkage (2000 iters),"(125,375]",15308,0.17353240202405942,0.007582590377203067,0.9866931597005529
RAD_OPERA_HOURLY_RAINFALL_ACCUMULATION_202301240700_patch000,OPT_NORM_VIRTUAL_CONVEX_CONST_INIT_LONG_LIGHT_JTOTAL,Virtual Convex Light Shrinkage (2000 iters),"(375,750]",23624,0.23074462553170855,0.006328038022280385,0.9801651812927257
RAD_OPERA_HOURLY_RAINFALL_ACCUMULATION_202301240700_patch000,OPT_NORM_VIRTUAL_CONVEX_CONST_INIT_LONG_LIGHT_JTOTAL,Virtual Convex Light Shrinkage (2000 iters),"(750,1500]",44314,0.2835474669888424,-0.002752428499187928,0.9763574977258279
RAD_OPERA_HOURLY_RAINFALL_ACCUMULATION_202301240700_patch000,OPT_NORM_VIRTUAL_CONVEX_CONST_INIT_LONG_LIGHT_JTOTAL,Virtual Convex Light Shrinkage (2000 iters),"(1500,3125]",70641,0.37313194358513013,-0.042331295906151596,0.9665321715394989
RAD_OPERA_HOURLY_RAINFALL_ACCUMULATION_202301240700_patch000,OPT_NORM_VIRTUAL_CONVEX_CONST_INIT_LONG_LIGHT_JTOTAL,Virtual Convex Light Shrinkage (2000 iters),"(3125,6000]",32468,0.3642934750989024,0.06766843981926145,0.9593856802306627
RAD_OPERA_HOURLY_RAINFALL_ACCUMULATION_202301240700_patch000,OPT_NORM_VIRTUAL_CONVEX_CONST_INIT_LONG_LIGHT_JTOTAL,Virtual Convex Light Shrinkage (2000 iters),"(6000,9000]",2828,0.2697178850350859,0.24175818911536243,0.9822564377716626
RAD_OPERA_HOURLY_RAINFALL_ACCUMULATION_202301241500_patch000,OPT_NORM_VIRTUAL_CONVEX_CONST_INIT_LONG_LIGHT_JTOTAL,Virtual Convex Light Shrinkage (2000 iters),≤125,6666,0.38634275356728914,0.0064147494764265345,0.9877419122129331
RAD_OPERA_HOURLY_RAINFALL_ACCUMULATION_202301241500_patch000,OPT_NORM_VIRTUAL_CONVEX_CONST_INIT_LONG_LIGHT_JTOTAL,Virtual Convex Light Shrinkage (2000 iters),"(125,375]",26427,0.43249828217858444,0.011139565537414431,0.9827314825947
RAD_OPERA_HOURLY_RAINFALL_ACCUMULATION_202301241500_patch000,OPT_NORM_VIRTUAL_CONVEX_CONST_INIT_LONG_LIGHT_JTOTAL,Virtual Convex Light Shrinkage (2000 iters),"(375,750]",44674,0.5934342746520793,-0.015480738046954264,0.9701174331060899
RAD_OPERA_HOURLY_RAINFALL_ACCUMULATION_202301241500_patch000,OPT_NORM_VIRTUAL_CONVEX_CONST_INIT_LONG_LIGHT_JTOTAL,Virtual Convex Light Shrinkage (2000 iters),"(750,1500]",92969,0.7693710690738492,-0.021127387458190806,0.9470691154976918
RAD_OPERA_HOURLY_RAINFALL_ACCUMULATION_202301241500_patch000,OPT_NORM_VIRTUAL_CONVEX_CONST_INIT_LONG_LIGHT_JTOTAL,Virtual Convex Light Shrinkage (2000 iters),"(1500,3125]",168314,1.0186507276415324,-0.025112928043741437,0.9050105294405512
RAD_OPERA_HOURLY_RAINFALL_ACCUMULATION_202301241500_patch000,OPT_NORM_VIRTUAL_CONVEX_CONST_INIT_LONG_LIGHT_JTOTAL,Virtual Convex Light Shrinkage (2000 iters),"(3125,6000]",87948,1.4005218770502985,-0.17416252153618608,0.8694813494876361
RAD_OPERA_HOURLY_RAINFALL_ACCUMULATION_202301241500_patch000,OPT_NORM_VIRTUAL_CONVEX_CONST_INIT_LONG_LIGHT_JTOTAL,Virtual Convex Light Shrinkage (2000 iters),"(6000,9000]",6063,1.1632366533847447,0.5487819467438501,0.47089991049973473
RAD_OPERA_HOURLY_RAINFALL_ACCUMULATION_202301241500_patch000,OPT_NORM_VIRTUAL_CONVEX_CONST_INIT_LONG_LIGHT_JTOTAL,Virtual Convex Light Shrinkage (2000 iters),>9000,91,1.4289124441864658,1.4218195585104136,0.7181984046854262
RAD_OPERA_HOURLY_RAINFALL_ACCUMULATION_202301241500_patch001,OPT_NORM_VIRTUAL_CONVEX_CONST_INIT_LONG_LIGHT_JTOTAL,Virtual Convex Light Shrinkage (2000 iters),≤125,4327,0.4296528015018015,-0.00014002917191830618,0.9869559322506304
RAD_OPERA_HOURLY_RAINFALL_ACCUMULATION_202301241500_patch001,OPT_NORM_VIRTUAL_CONVEX_CONST_INIT_LONG_LIGHT_JTOTAL,Virtual Convex Light Shrinkage (2000 iters),"(125,375]",17469,0.5061886578672214,-0.021072985255056145,0.9836293571806446
RAD_OPERA_HOURLY_RAINFALL_ACCUMULATION_202301241500_patch001,OPT_NORM_VIRTUAL_CONVEX_CONST_INIT_LONG_LIGHT_JTOTAL,Virtual Convex Light Shrinkage (2000 iters),"(375,750]",28304,0.6701215420418508,-0.02024492638462012,0.9753509325762204
RAD_OPERA_HOURLY_RAINFALL_ACCUMULATION_202301241500_patch001,OPT_NORM_VIRTUAL_CONVEX_CONST_INIT_LONG_LIGHT_JTOTAL,Virtual Convex Light Shrinkage (2000 iters),"(750,1500]",54744,0.8483178946930202,-0.0039609603226785734,0.962313009809177
RAD_OPERA_HOURLY_RAINFALL_ACCUMULATION_202301241500_patch001,OPT_NORM_VIRTUAL_CONVEX_CONST_INIT_LONG_LIGHT_JTOTAL,Virtual Convex Light Shrinkage (2000 iters),"(1500,3125]",84620,1.2318215870866909,-0.10278361716662975,0.9369117799201759
RAD_OPERA_HOURLY_RAINFALL_ACCUMULATION_202301241500_patch001,OPT_NORM_VIRTUAL_CONVEX_CONST_INIT_LONG_LIGHT_JTOTAL,Virtual Convex Light Shrinkage (2000 iters),"(3125,6000]",39893,1.570621545447177,-0.11365931348968687,0.8552508375484564
RAD_OPERA_HOURLY_RAINFALL_ACCUMULATION_202301241500_patch001,OPT_NORM_VIRTUAL_CONVEX_CONST_INIT_LONG_LIGHT_JTOTAL,Virtual Convex Light Shrinkage (2000 iters),"(6000,9000]",4424,0.9893438697195055,0.29262014280391646,0.23607748080884977
RAD_OPERA_HOURLY_RAINFALL_ACCUMULATION_202301241500_patch001,OPT_NORM_VIRTUAL_CONVEX_CONST_INIT_LONG_LIGHT_JTOTAL,Virtual Convex Light Shrinkage (2000 iters),>9000,1227,0.8073601774051309,0.4645921468929051,0.4360090954337525
RAD_OPERA_HOURLY_RAINFALL_ACCUMULATION_202301241700_patch000,OPT_NORM_VIRTUAL_CONVEX_CONST_INIT_LONG_LIGHT_JTOTAL,Virtual Convex Light Shrinkage (2000 iters),≤125,4266,0.2728644180142642,0.007474026627399885,0.9759304802060833
RAD_OPERA_HOURLY_RAINFALL_ACCUMULATION_202301241700_patch000,OPT_NORM_VIRTUAL_CONVEX_CONST_INIT_LONG_LIGHT_JTOTAL,Virtual Convex Light Shrinkage (2000 iters),"(125,375]",17079,0.31338281185466804,-0.001335140149109288,0.9684562093554341
RAD_OPERA_HOURLY_RAINFALL_ACCUMULATION_202301241700_patch000,OPT_NORM_VIRTUAL_CONVEX_CONST_INIT_LONG_LIGHT_JTOTAL,Virtual Convex Light Shrinkage (2000 iters),"(375,750]",27134,0.420223145401422,0.014635903851244437,0.9493037649830738
RAD_OPERA_HOURLY_RAINFALL_ACCUMULATION_202301241700_patch000,OPT_NORM_VIRTUAL_CONVEX_CONST_INIT_LONG_LIGHT_JTOTAL,Virtual Convex Light Shrinkage (2000 iters),"(750,1500]",50938,0.5867335443415497,0.005378748917333576,0.9090725200766133
RAD_OPERA_HOURLY_RAINFALL_ACCUMULATION_202301241700_patch000,OPT_NORM_VIRTUAL_CONVEX_CONST_INIT_LONG_LIGHT_JTOTAL,Virtual Convex Light Shrinkage (2000 iters),"(1500,3125]",83633,0.8183777209738266,-0.07045242115842161,0.8384582127179252
RAD_OPERA_HOURLY_RAINFALL_ACCUMULATION_202301241700_patch000,OPT_NORM_VIRTUAL_CONVEX_CONST_INIT_LONG_LIGHT_JTOTAL,Virtual Convex Light Shrinkage (2000 iters),"(3125,6000]",42436,0.836493376897638,0.06181965658530752,0.7297988788989872
RAD_OPERA_HOURLY_RAINFALL_ACCUMULATION_202301241700_patch000,OPT_NORM_VIRTUAL_CONVEX_CONST_INIT_LONG_LIGHT_JTOTAL,Virtual Convex Light Shrinkage (2000 iters),"(6000,9000]",3890,0.7417228008410723,0.0434099637902712,0.783458956426165
RAD_OPERA_HOURLY_RAINFALL_ACCUMULATION_202301241700_patch002,OPT_NORM_VIRTUAL_CONVEX_CONST_INIT_LONG_LIGHT_JTOTAL,Virtual Convex Light Shrinkage (2000 iters),≤125,3783,0.32483164334641274,0.003781392443430308,0.9877443638573284
RAD_OPERA_HOURLY_RAINFALL_ACCUMULATION_202301241700_patch002,OPT_NORM_VIRTUAL_CONVEX_CONST_INIT_LONG_LIGHT_JTOTAL,Virtual Convex Light Shrinkage (2000 iters),"(125,375]",14906,0.3675728299985308,0.011382347822800643,0.9841116584691685
RAD_OPERA_HOURLY_RAINFALL_ACCUMULATION_202301241700_patch002,OPT_NORM_VIRTUAL_CONVEX_CONST_INIT_LONG_LIGHT_JTOTAL,Virtual Convex Light Shrinkage (2000 iters),"(375,750]",22509,0.4619472484120342,0.02708943191828039,0.9764683910985337
RAD_OPERA_HOURLY_RAINFALL_ACCUMULATION_202301241700_patch002,OPT_NORM_VIRTUAL_CONVEX_CONST_INIT_LONG_LIGHT_JTOTAL,Virtual Convex Light Shrinkage (2000 iters),"(750,1500]",41257,0.5590996118329827,0.044539871262908426,0.9681893679314516
RAD_OPERA_HOURLY_RAINFALL_ACCUMULATION_202301241700_patch002,OPT_NORM_VIRTUAL_CONVEX_CONST_INIT_LONG_LIGHT_JTOTAL,Virtual Convex Light Shrinkage (2000 iters),"(1500,3125]",66625,0.7089349106079262,0.05263192757160366,0.9524062159129454
RAD_OPERA_HOURLY_RAINFALL_ACCUMULATION_202301241700_patch002,OPT_NORM_VIRTUAL_CONVEX_CONST_INIT_LONG_LIGHT_JTOTAL,Virtual Convex Light Shrinkage (2000 iters),"(3125,6000]",34002,1.0731973395301557,0.008590185287286972,0.8829007420551174
RAD_OPERA_HOURLY_RAINFALL_ACCUMULATION_202301241700_patch002,OPT_NORM_VIRTUAL_CONVEX_CONST_INIT_LONG_LIGHT_JTOTAL,Virtual Convex Light Shrinkage (2000 iters),"(6000,9000]",3286,0.6922492544484428,0.299563930000899,0.9342155054779764
RAD_OPERA_HOURLY_RAINFALL_ACCUMULATION_202301241900_patch001,OPT_NORM_VIRTUAL_CONVEX_CONST_INIT_LONG_LIGHT_JTOTAL,Virtual Convex Light Shrinkage (2000 iters),≤125,3801,0.16298184172127694,0.004173043816380048,0.9954752248101593
RAD_OPERA_HOURLY_RAINFALL_ACCUMULATION_202301241900_patch001,OPT_NORM_VIRTUAL_CONVEX_CONST_INIT_LONG_LIGHT_JTOTAL,Virtual Convex Light Shrinkage (2000 iters),"(125,375]",14742,0.19144160703011412,0.003668652658643012,0.9933276811080893
RAD_OPERA_HOURLY_RAINFALL_ACCUMULATION_202301241900_patch001,OPT_NORM_VIRTUAL_CONVEX_CONST_INIT_LONG_LIGHT_JTOTAL,Virtual Convex Light Shrinkage (2000 iters),"(375,750]",21758,0.256084365344856,0.004870346076091386,0.9876332106937287
RAD_OPERA_HOURLY_RAINFALL_ACCUMULATION_202301241900_patch001,OPT_NORM_VIRTUAL_CONVEX_CONST_INIT_LONG_LIGHT_JTOTAL,Virtual Convex Light Shrinkage (2000 iters),"(750,1500]",40352,0.352234296904607,0.02799682178948899,0.9768128361094778
RAD_OPERA_HOURLY_RAINFALL_ACCUMULATION_202301241900_patch001,OPT_NORM_VIRTUAL_CONVEX_CONST_INIT_LONG_LIGHT_JTOTAL,Virtual Convex Light Shrinkage (2000 iters),"(1500,3125]",68193,0.5311464949018342,0.04504900406126407,0.9529511251081894
RAD_OPERA_HOURLY_RAINFALL_ACCUMULATION_202301241900_patch001,OPT_NORM_VIRTUAL_CONVEX_CONST_INIT_LONG_LIGHT_JTOTAL,Virtual Convex Light Shrinkage (2000 iters),"(3125,6000]",33486,0.6901847892972394,0.10648039395946018,0.941047389311429
RAD_OPERA_HOURLY_RAINFALL_ACCUMULATION_202301241900_patch001,OPT_NORM_VIRTUAL_CONVEX_CONST_INIT_LONG_LIGHT_JTOTAL,Virtual Convex Light Shrinkage (2000 iters),"(6000,9000]",3268,1.2886827328837214,1.0163530944783874,0.8258624879051594
RAD_OPERA_HOURLY_RAINFALL_ACCUMULATION_202301242200_patch001,OPT_NORM_VIRTUAL_CONVEX_CONST_INIT_LONG_LIGHT_JTOTAL,Virtual Convex Light Shrinkage (2000 iters),≤125,4808,0.4278826862780971,-0.01101072661579043,0.9853447250002573
RAD_OPERA_HOURLY_RAINFALL_ACCUMULATION_202301242200_patch001,OPT_NORM_VIRTUAL_CONVEX_CONST_INIT_LONG_LIGHT_JTOTAL,Virtual Convex Light Shrinkage (2000 iters),"(125,375]",19791,0.566166656411063,-0.02362008150459226,0.9764551759421474
RAD_OPERA_HOURLY_RAINFALL_ACCUMULATION_202301242200_patch001,OPT_NORM_VIRTUAL_CONVEX_CONST_INIT_LONG_LIGHT_JTOTAL,Virtual Convex Light Shrinkage (2000 iters),"(375,750]",33541,0.726079576784608,-0.0027580109496129516,0.9592343689038391
RAD_OPERA_HOURLY_RAINFALL_ACCUMULATION_202301242200_patch001,OPT_NORM_VIRTUAL_CONVEX_CONST_INIT_LONG_LIGHT_JTOTAL,Virtual Convex Light Shrinkage (2000 iters),"(750,1500]",70004,0.9388298230409644,0.031511002506897014,0.9258317892143768
RAD_OPERA_HOURLY_RAINFALL_ACCUMULATION_202301242200_patch001,OPT_NORM_VIRTUAL_CONVEX_CONST_INIT_LONG_LIGHT_JTOTAL,Virtual Convex Light Shrinkage (2000 iters),"(1500,3125]",130131,1.2407939832199042,0.022421813162672555,0.8490001050431577
RAD_OPERA_HOURLY_RAINFALL_ACCUMULATION_202301242200_patch001,OPT_NORM_VIRTUAL_CONVEX_CONST_INIT_LONG_LIGHT_JTOTAL,Virtual Convex Light Shrinkage (2000 iters),"(3125,6000]",65641,1.5004234265152505,-0.059383619158670756,0.7537641575532295
RAD_OPERA_HOURLY_RAINFALL_ACCUMULATION_202301242200_patch001,OPT_NORM_VIRTUAL_CONVEX_CONST_INIT_LONG_LIGHT_JTOTAL,Virtual Convex Light Shrinkage (2000 iters),"(6000,9000]",5637,1.605034074437876,0.9121501168396478,0.515149559049544
RAD_OPERA_HOURLY_RAINFALL_ACCUMULATION_202301242200_patch001,OPT_NORM_VIRTUAL_CONVEX_CONST_INIT_LONG_LIGHT_JTOTAL,Virtual Convex Light Shrinkage (2000 iters),>9000,175,1.064000112361023,1.0523601165839604,0.2336097064808513
RAD_OPERA_HOURLY_RAINFALL_ACCUMULATION_202301250200_patch000,OPT_NORM_VIRTUAL_CONVEX_CONST_INIT_LONG_LIGHT_JTOTAL,Virtual Convex Light Shrinkage (2000 iters),≤125,4338,0.12709011277239912,-0.006787020517294173,0.9968652002036704
RAD_OPERA_HOURLY_RAINFALL_ACCUMULATION_202301250200_patch000,OPT_NORM_VIRTUAL_CONVEX_CONST_INIT_LONG_LIGHT_JTOTAL,Virtual Convex Light Shrinkage (2000 iters),"(125,375]",17374,0.15085778304925587,-0.0001086351214377916,0.9955058639824329
RAD_OPERA_HOURLY_RAINFALL_ACCUMULATION_202301250200_patch000,OPT_NORM_VIRTUAL_CONVEX_CONST_INIT_LONG_LIGHT_JTOTAL,Virtual Convex Light Shrinkage (2000 iters),"(375,750]",27861,0.19707389853732743,0.0011333931484956126,0.9916471097826757
RAD_OPERA_HOURLY_RAINFALL_ACCUMULATION_202301250200_patch000,OPT_NORM_VIRTUAL_CONVEX_CONST_INIT_LONG_LIGHT_JTOTAL,Virtual Convex Light Shrinkage (2000 iters),"(750,1500]",53465,0.2546775363094364,0.0009913549642394303,0.9839017669249288
RAD_OPERA_HOURLY_RAINFALL_ACCUMULATION_202301250200_patch000,OPT_NORM_VIRTUAL_CONVEX_CONST_INIT_LONG_LIGHT_JTOTAL,Virtual Convex Light Shrinkage (2000 iters),"(1500,3125]",85070,0.3408419030457606,0.014147847650792269,0.9645374806409145
RAD_OPERA_HOURLY_RAINFALL_ACCUMULATION_202301250200_patch000,OPT_NORM_VIRTUAL_CONVEX_CONST_INIT_LONG_LIGHT_JTOTAL,Virtual Convex Light Shrinkage (2000 iters),"(3125,6000]",42760,0.46797695093767533,-0.026510616941455928,0.9245851589091058
RAD_OPERA_HOURLY_RAINFALL_ACCUMULATION_202301250200_patch000,OPT_NORM_VIRTUAL_CONVEX_CONST_INIT_LONG_LIGHT_JTOTAL,Virtual Convex Light Shrinkage (2000 iters),"(6000,9000]",5271,0.8456140694794892,0.39635706671024723,0.3474696436885477
RAD_OPERA_HOURLY_RAINFALL_ACCUMULATION_202301250200_patch000,OPT_NORM_VIRTUAL_CONVEX_CONST_INIT_LONG_LIGHT_JTOTAL,Virtual Convex Light Shrinkage (2000 iters),>9000,405,0.7138892831157357,0.6990963141123454,0.7177218041980006
RAD_OPERA_HOURLY_RAINFALL_ACCUMULATION_202301250200_patch001,OPT_NORM_VIRTUAL_CONVEX_CONST_INIT_LONG_LIGHT_JTOTAL,Virtual Convex Light Shrinkage (2000 iters),≤125,7047,0.24868350307181977,0.002383795244702549,0.9970018210959598
RAD_OPERA_HOURLY_RAINFALL_ACCUMULATION_202301250200_patch001,OPT_NORM_VIRTUAL_CONVEX_CONST_INIT_LONG_LIGHT_JTOTAL,Virtual Convex Light Shrinkage (2000 iters),"(125,375]",28082,0.29958799337009057,0.003974590842451676,0.995016907990838
RAD_OPERA_HOURLY_RAINFALL_ACCUMULATION_202301250200_patch001,OPT_NORM_VIRTUAL_CONVEX_CONST_INIT_LONG_LIGHT_JTOTAL,Virtual Convex Light Shrinkage (2000 iters),"(375,750]",47439,0.3708928899153765,0.01610075681988486,0.9914748661696966
RAD_OPERA_HOURLY_RAINFALL_ACCUMULATION_202301250200_patch001,OPT_NORM_VIRTUAL_CONVEX_CONST_INIT_LONG_LIGHT_JTOTAL,Virtual Convex Light Shrinkage (2000 iters),"(750,1500]",96948,0.4823158911237422,-9.792088219176929e-05,0.9835294274325286
RAD_OPERA_HOURLY_RAINFALL_ACCUMULATION_202301250200_patch001,OPT_NORM_VIRTUAL_CONVEX_CONST_INIT_LONG_LIGHT_JTOTAL,Virtual Convex Light Shrinkage (2000 iters),"(1500,3125]",177373,0.617667949710112,-0.014164856268972223,0.9733989534578904
RAD_OPERA_HOURLY_RAINFALL_ACCUMULATION_202301250200_patch001,OPT_NORM_VIRTUAL_CONVEX_CONST_INIT_LONG_LIGHT_JTOTAL,Virtual Convex Light Shrinkage (2000 iters),"(3125,6000]",99828,0.6941044724143034,-0.02335684135158305,0.9691046439138863
RAD_OPERA_HOURLY_RAINFALL_ACCUMULATION_202301250200_patch001,OPT_NORM_VIRTUAL_CONVEX_CONST_INIT_LONG_LIGHT_JTOTAL,Virtual Convex Light Shrinkage (2000 iters),"(6000,9000]",5091,0.28100225264743783,0.18429584351597753,0.889162484815762
RAD_OPERA_HOURLY_RAINFALL_ACCUMULATION_202301250200_patch001,OPT_NORM_VIRTUAL_CONVEX_CONST_INIT_LONG_LIGHT_JTOTAL,Virtual Convex Light Shrinkage (2000 iters),>9000,16,0.2209854215565444,0.22097560483962297,
RAD_OPERA_HOURLY_RAINFALL_ACCUMULATION_202301250300_patch000,OPT_NORM_VIRTUAL_CONVEX_CONST_INIT_LONG_LIGHT_JTOTAL,Virtual Convex Light Shrinkage (2000 iters),≤125,5148,0.10472076461142785,-0.00044828809641457937,0.9941923324140123
RAD_OPERA_HOURLY_RAINFALL_ACCUMULATION_202301250300_patch000,OPT_NORM_VIRTUAL_CONVEX_CONST_INIT_LONG_LIGHT_JTOTAL,Virtual Convex Light Shrinkage (2000 iters),"(125,375]",19535,0.11868097920209565,-0.00012379196985682654,0.9925625454784127
RAD_OPERA_HOURLY_RAINFALL_ACCUMULATION_202301250300_patch000,OPT_NORM_VIRTUAL_CONVEX_CONST_INIT_LONG_LIGHT_JTOTAL,Virtual Convex Light Shrinkage (2000 iters),"(375,750]",29882,0.15539958833945336,0.0015955648782238743,0.986570756215115
RAD_OPERA_HOURLY_RAINFALL_ACCUMULATION_202301250300_patch000,OPT_NORM_VIRTUAL_CONVEX_CONST_INIT_LONG_LIGHT_JTOTAL,Virtual Convex Light Shrinkage (2000 iters),"(750,1500]",56090,0.19923805913312842,0.0007420030182579831,0.9755355921099648
RAD_OPERA_HOURLY_RAINFALL_ACCUMULATION_202301250300_patch000,OPT_NORM_VIRTUAL_CONVEX_CONST_INIT_LONG_LIGHT_JTOTAL,Virtual Convex Light Shrinkage (2000 iters),"(1500,3125]",95021,0.2661818564854092,0.014101527020391809,0.9587838885967616
RAD_OPERA_HOURLY_RAINFALL_ACCUMULATION_202301250300_patch000,OPT_NORM_VIRTUAL_CONVEX_CONST_INIT_LONG_LIGHT_JTOTAL,Virtual Convex Light Shrinkage (2000 iters),"(3125,6000]",50175,0.31722549576037623,0.044594436007824236,0.9436559600539921
RAD_OPERA_HOURLY_RAINFALL_ACCUMULATION_202301250300_patch000,OPT_NORM_VIRTUAL_CONVEX_CONST_INIT_LONG_LIGHT_JTOTAL,Virtual Convex Light Shrinkage (2000 iters),"(6000,9000]",2197,0.27241054693741173,0.049099035028658186,0.9000122418607038
RAD_OPERA_HOURLY_RAINFALL_ACCUMULATION_202301250500_patch000,OPT_NORM_VIRTUAL_CONVEX_CONST_INIT_LONG_LIGHT_JTOTAL,Virtual Convex Light Shrinkage (2000 iters),≤125,5599,0.48926055893752046,-0.01159773735589993,0.9659060100086025
RAD_OPERA_HOURLY_RAINFALL_ACCUMULATION_202301250500_patch000,OPT_NORM_VIRTUAL_CONVEX_CONST_INIT_LONG_LIGHT_JTOTAL,Virtual Convex Light Shrinkage (2000 iters),"(125,375]",22297,0.624131073347899,-0.0024014112108993162,0.9619883228964127
RAD_OPERA_HOURLY_RAINFALL_ACCUMULATION_202301250500_patch000,OPT_NORM_VIRTUAL_CONVEX_CONST_INIT_LONG_LIGHT_JTOTAL,Virtual Convex Light Shrinkage (2000 iters),"(375,750]",37594,0.8500050238420787,-0.01762036643948093,0.9484877951801836
RAD_OPERA_HOURLY_RAINFALL_ACCUMULATION_202301250500_patch000,OPT_NORM_VIRTUAL_CONVEX_CONST_INIT_LONG_LIGHT_JTOTAL,Virtual Convex Light Shrinkage (2000 iters),"(750,1500]",78259,1.094316508864194,0.005983688712887783,0.9155033504773139
RAD_OPERA_HOURLY_RAINFALL_ACCUMULATION_202301250500_patch000,OPT_NORM_VIRTUAL_CONVEX_CONST_INIT_LONG_LIGHT_JTOTAL,Virtual Convex Light Shrinkage (2000 iters),"(1500,3125]",147305,1.3429294742320923,-0.011923313557086023,0.858526601454432
RAD_OPERA_HOURLY_RAINFALL_ACCUMULATION_202301250500_patch000,OPT_NORM_VIRTUAL_CONVEX_CONST_INIT_LONG_LIGHT_JTOTAL,Virtual Convex Light Shrinkage (2000 iters),"(3125,6000]",77648,1.1730187059968789,-0.1505403731118288,0.8559188769389101
RAD_OPERA_HOURLY_RAINFALL_ACCUMULATION_202301250500_patch000,OPT_NORM_VIRTUAL_CONVEX_CONST_INIT_LONG_LIGHT_JTOTAL,Virtual Convex Light Shrinkage (2000 iters),"(6000,9000]",7911,1.1876875938384597,-0.5767540888228168,0.6764794190106699
RAD_OPERA_HOURLY_RAINFALL_ACCUMULATION_202301250500_patch000,OPT_NORM_VIRTUAL_CONVEX_CONST_INIT_LONG_LIGHT_JTOTAL,Virtual Convex Light Shrinkage (2000 iters),>9000,219,0.7977363244664962,0.06088526063858102,-0.8267162987925938
RAD_OPERA_HOURLY_RAINFALL_ACCUMULATION_202301251000_patch001,OPT_NORM_VIRTUAL_CONVEX_CONST_INIT_LONG_LIGHT_JTOTAL,Virtual Convex Light Shrinkage (2000 iters),≤125,4154,0.10635197706075648,-0.0023583573222818737,0.9982511060062197
RAD_OPERA_HOURLY_RAINFALL_ACCUMULATION_202301251000_patch001,OPT_NORM_VIRTUAL_CONVEX_CONST_INIT_LONG_LIGHT_JTOTAL,Virtual Convex Light Shrinkage (2000 iters),"(125,375]",16892,0.1262364605577063,8.357691881435734e-05,0.9973733660117401
RAD_OPERA_HOURLY_RAINFALL_ACCUMULATION_202301251000_patch001,OPT_NORM_VIRTUAL_CONVEX_CONST_INIT_LONG_LIGHT_JTOTAL,Virtual Convex Light Shrinkage (2000 iters),"(375,750]",27234,0.17714615637405284,-8.297684611275084e-05,0.9944808186231892
RAD_OPERA_HOURLY_RAINFALL_ACCUMULATION_202301251000_patch001,OPT_NORM_VIRTUAL_CONVEX_CONST_INIT_LONG_LIGHT_JTOTAL,Virtual Convex Light Shrinkage (2000 iters),"(750,1500]",52950,0.23260074242880807,-0.013429095212577123,0.9901474599820654
RAD_OPERA_HOURLY_RAINFALL_ACCUMULATION_202301251000_patch001,OPT_NORM_VIRTUAL_CONVEX_CONST_INIT_LONG_LIGHT_JTOTAL,Virtual Convex Light Shrinkage (2000 iters),"(1500,3125]",82477,0.34953749016875135,0.0073767026187749555,0.9762227977803717
RAD_OPERA_HOURLY_RAINFALL_ACCUMULATION_202301251000_patch001,OPT_NORM_VIRTUAL_CONVEX_CONST_INIT_LONG_LIGHT_JTOTAL,Virtual Convex Light Shrinkage (2000 iters),"(3125,6000]",40696,0.4435752562041935,0.17580608365934536,0.9561469084066101
RAD_OPERA_HOURLY_RAINFALL_ACCUMULATION_202301251000_patch001,OPT_NORM_VIRTUAL_CONVEX_CONST_INIT_LONG_LIGHT_JTOTAL,Virtual Convex Light Shrinkage (2000 iters),"(6000,9000]",6300,0.5657192057944676,0.272586162720053,0.5327932206512417
RAD_OPERA_HOURLY_RAINFALL_ACCUMULATION_202301251000_patch001,OPT_NORM_VIRTUAL_CONVEX_CONST_INIT_LONG_LIGHT_JTOTAL,Virtual Convex Light Shrinkage (2000 iters),>9000,2257,0.3484142981101153,0.2323170665834771,0.6321843306156972
RAD_OPERA_HOURLY_RAINFALL_ACCUMULATION_202301251300_patch000,OPT_NORM_VIRTUAL_CONVEX_CONST_INIT_LONG_LIGHT_JTOTAL,Virtual Convex Light Shrinkage (2000 iters),≤125,4088,0.1026116055214933,-0.00046255426215273995,0.9911171726895659
RAD_OPERA_HOURLY_RAINFALL_ACCUMULATION_202301251300_patch000,OPT_NORM_VIRTUAL_CONVEX_CONST_INIT_LONG_LIGHT_JTOTAL,Virtual Convex Light Shrinkage (2000 iters),"(125,375]",15882,0.12468075349811011,0.00026511742082865316,0.988035865067783
RAD_OPERA_HOURLY_RAINFALL_ACCUMULATION_202301251300_patch000,OPT_NORM_VIRTUAL_CONVEX_CONST_INIT_LONG_LIGHT_JTOTAL,Virtual Convex Light Shrinkage (2000 iters),"(375,750]",23638,0.17140952116960234,0.004478172098486362,0.9833525128949427
RAD_OPERA_HOURLY_RAINFALL_ACCUMULATION_202301251300_patch000,OPT_NORM_VIRTUAL_CONVEX_CONST_INIT_LONG_LIGHT_JTOTAL,Virtual Convex Light Shrinkage (2000 iters),"(750,1500]",43117,0.2187048355766512,0.009866197527652078,0.9793163814942378
RAD_OPERA_HOURLY_RAINFALL_ACCUMULATION_202301251300_patch000,OPT_NORM_VIRTUAL_CONVEX_CONST_INIT_LONG_LIGHT_JTOTAL,Virtual Convex Light Shrinkage (2000 iters),"(1500,3125]",73229,0.2888807403779799,0.029457338827794857,0.9756994199339275
RAD_OPERA_HOURLY_RAINFALL_ACCUMULATION_202301251300_patch000,OPT_NORM_VIRTUAL_CONVEX_CONST_INIT_LONG_LIGHT_JTOTAL,Virtual Convex Light Shrinkage (2000 iters),"(3125,6000]",37125,0.3356530419312984,0.04726881055685281,0.9816494640309351
RAD_OPERA_HOURLY_RAINFALL_ACCUMULATION_202301251300_patch000,OPT_NORM_VIRTUAL_CONVEX_CONST_INIT_LONG_LIGHT_JTOTAL,Virtual Convex Light Shrinkage (2000 iters),"(6000,9000]",3369,0.4767770741595914,0.3521811527246868,0.9786148949768642
RAD_OPERA_HOURLY_RAINFALL_ACCUMULATION_202301251600_patch002,OPT_NORM_VIRTUAL_CONVEX_CONST_INIT_LONG_LIGHT_JTOTAL,Virtual Convex Light Shrinkage (2000 iters),≤125,4119,0.13943541967232836,-0.001806352735310315,0.9948995825003836
RAD_OPERA_HOURLY_RAINFALL_ACCUMULATION_202301251600_patch002,OPT_NORM_VIRTUAL_CONVEX_CONST_INIT_LONG_LIGHT_JTOTAL,Virtual Convex Light Shrinkage (2000 iters),"(125,375]",15923,0.16613022034125619,0.003037273058056305,0.9932499400481378
RAD_OPERA_HOURLY_RAINFALL_ACCUMULATION_202301251600_patch002,OPT_NORM_VIRTUAL_CONVEX_CONST_INIT_LONG_LIGHT_JTOTAL,Virtual Convex Light Shrinkage (2000 iters),"(375,750]",23477,0.2063939619534472,0.008101068262018044,0.9902230899877674
RAD_OPERA_HOURLY_RAINFALL_ACCUMULATION_202301251600_patch002,OPT_NORM_VIRTUAL_CONVEX_CONST_INIT_LONG_LIGHT_JTOTAL,Virtual Convex Light Shrinkage (2000 iters),"(750,1500]",42558,0.2818015692193406,0.009948160198576594,0.9827931705957043
RAD_OPERA_HOURLY_RAINFALL_ACCUMULATION_202301251600_patch002,OPT_NORM_VIRTUAL_CONVEX_CONST_INIT_LONG_LIGHT_JTOTAL,Virtual Convex Light Shrinkage (2000 iters),"(1500,3125]",72310,0.4225342011542375,0.008803478976994997,0.9635881068005313
RAD_OPERA_HOURLY_RAINFALL_ACCUMULATION_202301251600_patch002,OPT_NORM_VIRTUAL_CONVEX_CONST_INIT_LONG_LIGHT_JTOTAL,Virtual Convex Light Shrinkage (2000 iters),"(3125,6000]",35394,0.5436170483199408,0.03859077319516388,0.9164137238370446
RAD_OPERA_HOURLY_RAINFALL_ACCUMULATION_202301251600_patch002,OPT_NORM_VIRTUAL_CONVEX_CONST_INIT_LONG_LIGHT_JTOTAL,Virtual Convex Light Shrinkage (2000 iters),"(6000,9000]",4806,0.6959874697512144,0.4267345213463442,0.4400424498381573
RAD_OPERA_HOURLY_RAINFALL_ACCUMULATION_202301251600_patch002,OPT_NORM_VIRTUAL_CONVEX_CONST_INIT_LONG_LIGHT_JTOTAL,Virtual Convex Light Shrinkage (2000 iters),>9000,1093,0.42233412309183155,0.32810342519084795,-0.5312240570877205
RAD_OPERA_HOURLY_RAINFALL_ACCUMULATION_202301252100_patch000,OPT_NORM_VIRTUAL_CONVEX_CONST_INIT_LONG_LIGHT_JTOTAL,Virtual Convex Light Shrinkage (2000 iters),≤125,5395,0.10910636676207343,-0.0019714710914613583,0.9970373009226609
RAD_OPERA_HOURLY_RAINFALL_ACCUMULATION_202301252100_patch000,OPT_NORM_VIRTUAL_CONVEX_CONST_INIT_LONG_LIGHT_JTOTAL,Virtual Convex Light Shrinkage (2000 iters),"(125,375]",21090,0.12707060867150102,-0.00409496198225044,0.9960164559567412
RAD_OPERA_HOURLY_RAINFALL_ACCUMULATION_202301252100_patch000,OPT_NORM_VIRTUAL_CONVEX_CONST_INIT_LONG_LIGHT_JTOTAL,Virtual Convex Light Shrinkage (2000 iters),"(375,750]",34488,0.17496848668359238,-0.00262044158417881,0.9923237659656123
RAD_OPERA_HOURLY_RAINFALL_ACCUMULATION_202301252100_patch000,OPT_NORM_VIRTUAL_CONVEX_CONST_INIT_LONG_LIGHT_JTOTAL,Virtual Convex Light Shrinkage (2000 iters),"(750,1500]",67771,0.20527071684248582,0.001861326427357765,0.9889906178475131
RAD_OPERA_HOURLY_RAINFALL_ACCUMULATION_202301252100_patch000,OPT_NORM_VIRTUAL_CONVEX_CONST_INIT_LONG_LIGHT_JTOTAL,Virtual Convex Light Shrinkage (2000 iters),"(1500,3125]",115766,0.23389663962154142,0.030384032841912594,0.9841322898820942
RAD_OPERA_HOURLY_RAINFALL_ACCUMULATION_202301252100_patch000,OPT_NORM_VIRTUAL_CONVEX_CONST_INIT_LONG_LIGHT_JTOTAL,Virtual Convex Light Shrinkage (2000 iters),"(3125,6000]",63094,0.2930194964191193,0.10357441723650902,0.9759917651598663
RAD_OPERA_HOURLY_RAINFALL_ACCUMULATION_202301252100_patch000,OPT_NORM_VIRTUAL_CONVEX_CONST_INIT_LONG_LIGHT_JTOTAL,Virtual Convex Light Shrinkage (2000 iters),"(6000,9000]",4971,0.34650655987614853,0.2625107498259833,0.9757083366981153
RAD_OPERA_HOURLY_RAINFALL_ACCUMULATION_202301252100_patch000,OPT_NORM_VIRTUAL_CONVEX_CONST_INIT_LONG_LIGHT_JTOTAL,Virtual Convex Light Shrinkage (2000 iters),>9000,1,0.20113837718963623,0.20113837718963623,
RAD_OPERA_HOURLY_RAINFALL_ACCUMULATION_202301252200_patch000,OPT_NORM_VIRTUAL_CONVEX_CONST_INIT_LONG_LIGHT_JTOTAL,Virtual Convex Light Shrinkage (2000 iters),≤125,3907,0.14926976379316007,0.005008239910246803,0.9932109942603821
RAD_OPERA_HOURLY_RAINFALL_ACCUMULATION_202301252200_patch000,OPT_NORM_VIRTUAL_CONVEX_CONST_INIT_LONG_LIGHT_JTOTAL,Virtual Convex Light Shrinkage (2000 iters),"(125,375]",15106,0.16455542868342973,0.004526129066667919,0.992083679389388
RAD_OPERA_HOURLY_RAINFALL_ACCUMULATION_202301252200_patch000,OPT_NORM_VIRTUAL_CONVEX_CONST_INIT_LONG_LIGHT_JTOTAL,Virtual Convex Light Shrinkage (2000 iters),"(375,750]",22392,0.1968228456081134,0.004951705748202674,0.9898580284389193
RAD_OPERA_HOURLY_RAINFALL_ACCUMULATION_202301252200_patch000,OPT_NORM_VIRTUAL_CONVEX_CONST_INIT_LONG_LIGHT_JTOTAL,Virtual Convex Light Shrinkage (2000 iters),"(750,1500]",41007,0.2869208140747511,0.005701239800277019,0.9802063963817061
RAD_OPERA_HOURLY_RAINFALL_ACCUMULATION_202301252200_patch000,OPT_NORM_VIRTUAL_CONVEX_CONST_INIT_LONG_LIGHT_JTOTAL,Virtual Convex Light Shrinkage (2000 iters),"(1500,3125]",70023,0.3522206879823576,0.03739928036480012,0.9713817009712626
RAD_OPERA_HOURLY_RAINFALL_ACCUMULATION_202301252200_patch000,OPT_NORM_VIRTUAL_CONVEX_CONST_INIT_LONG_LIGHT_JTOTAL,Virtual Convex Light Shrinkage (2000 iters),"(3125,6000]",32501,0.405919087836546,0.09921919742931473,0.9693513518988811
RAD_OPERA_HOURLY_RAINFALL_ACCUMULATION_202301252200_patch000,OPT_NORM_VIRTUAL_CONVEX_CONST_INIT_LONG_LIGHT_JTOTAL,Virtual Convex Light Shrinkage (2000 iters),"(6000,9000]",1432,0.5211510034546024,0.438319174021316,0.9730260538730229
RAD_OPERA_HOURLY_RAINFALL_ACCUMULATION_202301260000_patch000,OPT_NORM_VIRTUAL_CONVEX_CONST_INIT_LONG_LIGHT_JTOTAL,Virtual Convex Light Shrinkage (2000 iters),≤125,3884,3.3044174282223553,-0.11462388480674932,0.9813758420601592
RAD_OPERA_HOURLY_RAINFALL_ACCUMULATION_202301260000_patch000,OPT_NORM_VIRTUAL_CONVEX_CONST_INIT_LONG_LIGHT_JTOTAL,Virtual Convex Light Shrinkage (2000 iters),"(125,375]",15623,3.45102837243306,-0.1295511350045135,0.9721891677060586
RAD_OPERA_HOURLY_RAINFALL_ACCUMULATION_202301260000_patch000,OPT_NORM_VIRTUAL_CONVEX_CONST_INIT_LONG_LIGHT_JTOTAL,Virtual Convex Light Shrinkage (2000 iters),"(375,750]",24479,4.489293468896533,0.05331847638414979,0.9354001190053571
RAD_OPERA_HOURLY_RAINFALL_ACCUMULATION_202301260000_patch000,OPT_NORM_VIRTUAL_CONVEX_CONST_INIT_LONG_LIGHT_JTOTAL,Virtual Convex Light Shrinkage (2000 iters),"(750,1500]",46137,4.673637463736124,-0.040838774941118934,0.8999497369481331
RAD_OPERA_HOURLY_RAINFALL_ACCUMULATION_202301260000_patch000,OPT_NORM_VIRTUAL_CONVEX_CONST_INIT_LONG_LIGHT_JTOTAL,Virtual Convex Light Shrinkage (2000 iters),"(1500,3125]",72453,4.2011618016315175,0.3686333696103348,0.8042622682675963
RAD_OPERA_HOURLY_RAINFALL_ACCUMULATION_202301260000_patch000,OPT_NORM_VIRTUAL_CONVEX_CONST_INIT_LONG_LIGHT_JTOTAL,Virtual Convex Light Shrinkage (2000 iters),"(3125,6000]",34265,4.2033470957783505,0.6260186755039244,0.7358056916942962
RAD_OPERA_HOURLY_RAINFALL_ACCUMULATION_202301260000_patch000,OPT_NORM_VIRTUAL_CONVEX_CONST_INIT_LONG_LIGHT_JTOTAL,Virtual Convex Light Shrinkage (2000 iters),"(6000,9000]",2839,1.3897550877509408,0.000780010723135796,0.882754831623016
RAD_OPERA_HOURLY_RAINFALL_ACCUMULATION_202301260200_patch000,OPT_NORM_VIRTUAL_CONVEX_CONST_INIT_LONG_LIGHT_JTOTAL,Virtual Convex Light Shrinkage (2000 iters),≤125,4421,0.16563937280058094,-0.0027497394013953147,0.9973223895138701
RAD_OPERA_HOURLY_RAINFALL_ACCUMULATION_202301260200_patch000,OPT_NORM_VIRTUAL_CONVEX_CONST_INIT_LONG_LIGHT_JTOTAL,Virtual Convex Light Shrinkage (2000 iters),"(125,375]",17544,0.1984640922800115,-0.0017503280579948028,0.99610286415046
RAD_OPERA_HOURLY_RAINFALL_ACCUMULATION_202301260200_patch000,OPT_NORM_VIRTUAL_CONVEX_CONST_INIT_LONG_LIGHT_JTOTAL,Virtual Convex Light Shrinkage (2000 iters),"(375,750]",27121,0.2771933123178554,-0.0007270818666031756,0.9930207458119765
RAD_OPERA_HOURLY_RAINFALL_ACCUMULATION_202301260200_patch000,OPT_NORM_VIRTUAL_CONVEX_CONST_INIT_LONG_LIGHT_JTOTAL,Virtual Convex Light Shrinkage (2000 iters),"(750,1500]",51199,0.3652657032451256,0.010695422354433978,0.9892867554874898
RAD_OPERA_HOURLY_RAINFALL_ACCUMULATION_202301260200_patch000,OPT_NORM_VIRTUAL_CONVEX_CONST_INIT_LONG_LIGHT_JTOTAL,Virtual Convex Light Shrinkage (2000 iters),"(1500,3125]",82409,0.5261560005262381,0.04936594715494905,0.9814999626616554
RAD_OPERA_HOURLY_RAINFALL_ACCUMULATION_202301260200_patch000,OPT_NORM_VIRTUAL_CONVEX_CONST_INIT_LONG_LIGHT_JTOTAL,Virtual Convex Light Shrinkage (2000 iters),"(3125,6000]",39095,0.7654875353283797,0.21691694344247522,0.9620772346815463
RAD_OPERA_HOURLY_RAINFALL_ACCUMULATION_202301260200_patch000,OPT_NORM_VIRTUAL_CONVEX_CONST_INIT_LONG_LIGHT_JTOTAL,Virtual Convex Light Shrinkage (2000 iters),"(6000,9000]",6701,0.593159818332732,0.4573145879466193,0.9046151226189107
RAD_OPERA_HOURLY_RAINFALL_ACCUMULATION_202301260200_patch000,OPT_NORM_VIRTUAL_CONVEX_CONST_INIT_LONG_LIGHT_JTOTAL,Virtual Convex Light Shrinkage (2000 iters),>9000,1654,0.410537434118804,0.3586171758569498,0.7534406032013565
RAD_OPERA_HOURLY_RAINFALL_ACCUMULATION_202301260200_patch001,OPT_NORM_VIRTUAL_CONVEX_CONST_INIT_LONG_LIGHT_JTOTAL,Virtual Convex Light Shrinkage (2000 iters),≤125,4870,0.14682303759965507,-0.0021026329399379128,0.9938611819456726
RAD_OPERA_HOURLY_RAINFALL_ACCUMULATION_202301260200_patch001,OPT_NORM_VIRTUAL_CONVEX_CONST_INIT_LONG_LIGHT_JTOTAL,Virtual Convex Light Shrinkage (2000 iters),"(125,375]",18492,0.17353690807289263,0.0011553922541183283,0.9908683898991555
RAD_OPERA_HOURLY_RAINFALL_ACCUMULATION_202301260200_patch001,OPT_NORM_VIRTUAL_CONVEX_CONST_INIT_LONG_LIGHT_JTOTAL,Virtual Convex Light Shrinkage (2000 iters),"(375,750]",28487,0.23506163069487826,-0.005368866153249963,0.9831739014039611
RAD_OPERA_HOURLY_RAINFALL_ACCUMULATION_202301260200_patch001,OPT_NORM_VIRTUAL_CONVEX_CONST_INIT_LONG_LIGHT_JTOTAL,Virtual Convex Light Shrinkage (2000 iters),"(750,1500]",53473,0.33561058712947217,-0.020419843010708184,0.9680268941805322
RAD_OPERA_HOURLY_RAINFALL_ACCUMULATION_202301260200_patch001,OPT_NORM_VIRTUAL_CONVEX_CONST_INIT_LONG_LIGHT_JTOTAL,Virtual Convex Light Shrinkage (2000 iters),"(1500,3125]",88711,0.45241171863971197,-0.023869066386704402,0.9416068243502655
RAD_OPERA_HOURLY_RAINFALL_ACCUMULATION_202301260200_patch001,OPT_NORM_VIRTUAL_CONVEX_CONST_INIT_LONG_LIGHT_JTOTAL,Virtual Convex Light Shrinkage (2000 iters),"(3125,6000]",42560,0.4987130593426998,0.06698513351156747,0.9176344376389246
RAD_OPERA_HOURLY_RAINFALL_ACCUMULATION_202301260200_patch001,OPT_NORM_VIRTUAL_CONVEX_CONST_INIT_LONG_LIGHT_JTOTAL,Virtual Convex Light Shrinkage (2000 iters),"(6000,9000]",975,0.5478345354265377,0.14979372926247425,0.5031858894233795
RAD_OPERA_HOURLY_RAINFALL_ACCUMULATION_202301260600_patch000,OPT_NORM_VIRTUAL_CONVEX_CONST_INIT_LONG_LIGHT_JTOTAL,Virtual Convex Light Shrinkage (2000 iters),≤125,3390,1.9455999965851625,-0.014739969260015327,0.9847153928559196
RAD_OPERA_HOURLY_RAINFALL_ACCUMULATION_202301260600_patch000,OPT_NORM_VIRTUAL_CONVEX_CONST_INIT_LONG_LIGHT_JTOTAL,Virtual Convex Light Shrinkage (2000 iters),"(125,375]",13291,2.4940564534673535,-0.01964779005900173,0.9711700871850995
RAD_OPERA_HOURLY_RAINFALL_ACCUMULATION_202301260600_patch000,OPT_NORM_VIRTUAL_CONVEX_CONST_INIT_LONG_LIGHT_JTOTAL,Virtual Convex Light Shrinkage (2000 iters),"(375,750]",19563,3.172782975859933,0.03870760598434498,0.9571506180207122
RAD_OPERA_HOURLY_RAINFALL_ACCUMULATION_202301260600_patch000,OPT_NORM_VIRTUAL_CONVEX_CONST_INIT_LONG_LIGHT_JTOTAL,Virtual Convex Light Shrinkage (2000 iters),"(750,1500]",36286,3.131173211638552,-0.005202344931610366,0.9431558604207788
RAD_OPERA_HOURLY_RAINFALL_ACCUMULATION_202301260600_patch000,OPT_NORM_VIRTUAL_CONVEX_CONST_INIT_LONG_LIGHT_JTOTAL,Virtual Convex Light Shrinkage (2000 iters),"(1500,3125]",59850,2.9987654058815085,0.2553251905430802,0.863479695974293
RAD_OPERA_HOURLY_RAINFALL_ACCUMULATION_202301260600_patch000,OPT_NORM_VIRTUAL_CONVEX_CONST_INIT_LONG_LIGHT_JTOTAL,Virtual Convex Light Shrinkage (2000 iters),"(3125,6000]",31192,3.869545113765358,1.404930491346082,0.7038655798930072
RAD_OPERA_HOURLY_RAINFALL_ACCUMULATION_202301260600_patch000,OPT_NORM_VIRTUAL_CONVEX_CONST_INIT_LONG_LIGHT_JTOTAL,Virtual Convex Light Shrinkage (2000 iters),"(6000,9000]",2828,7.523775730316843,6.224381750099489,0.3867624281276749
RAD_OPERA_HOURLY_RAINFALL_ACCUMULATION_202301260800_patch001,OPT_NORM_VIRTUAL_CONVEX_CONST_INIT_LONG_LIGHT_JTOTAL,Virtual Convex Light Shrinkage (2000 iters),≤125,5680,0.15370709702175925,0.0018784924462752442,0.9913006039874027
RAD_OPERA_HOURLY_RAINFALL_ACCUMULATION_202301260800_patch001,OPT_NORM_VIRTUAL_CONVEX_CONST_INIT_LONG_LIGHT_JTOTAL,Virtual Convex Light Shrinkage (2000 iters),"(125,375]",22152,0.18674275249564534,0.00013252948476395136,0.9870616006799773
RAD_OPERA_HOURLY_RAINFALL_ACCUMULATION_202301260800_patch001,OPT_NORM_VIRTUAL_CONVEX_CONST_INIT_LONG_LIGHT_JTOTAL,Virtual Convex Light Shrinkage (2000 iters),"(375,750]",35262,0.2631416817376948,-0.0008954372932917545,0.9748491243367814
RAD_OPERA_HOURLY_RAINFALL_ACCUMULATION_202301260800_patch001,OPT_NORM_VIRTUAL_CONVEX_CONST_INIT_LONG_LIGHT_JTOTAL,Virtual Convex Light Shrinkage (2000 iters),"(750,1500]",67772,0.3566536685835981,-0.025651039090969482,0.9517225749118288
RAD_OPERA_HOURLY_RAINFALL_ACCUMULATION_202301260800_patch001,OPT_NORM_VIRTUAL_CONVEX_CONST_INIT_LONG_LIGHT_JTOTAL,Virtual Convex Light Shrinkage (2000 iters),"(1500,3125]",116937,0.5315216696365673,-0.043577697312096764,0.9031629587853005
RAD_OPERA_HOURLY_RAINFALL_ACCUMULATION_202301260800_patch001,OPT_NORM_VIRTUAL_CONVEX_CONST_INIT_LONG_LIGHT_JTOTAL,Virtual Convex Light Shrinkage (2000 iters),"(3125,6000]",62770,0.7135821368445252,-0.12195766119416093,0.8192352572492342
RAD_OPERA_HOURLY_RAINFALL_ACCUMULATION_202301260800_patch001,OPT_NORM_VIRTUAL_CONVEX_CONST_INIT_LONG_LIGHT_JTOTAL,Virtual Convex Light Shrinkage (2000 iters),"(6000,9000]",1235,0.6708261694641913,-0.05729599500957288,0.8418161411535636
RAD_OPERA_HOURLY_RAINFALL_ACCUMULATION_202301260900_patch000,OPT_NORM_VIRTUAL_CONVEX_CONST_INIT_LONG_LIGHT_JTOTAL,Virtual Convex Light Shrinkage (2000 iters),≤125,3711,0.20624748348202163,-0.0037033904180215783,0.9906921107505384
RAD_OPERA_HOURLY_RAINFALL_ACCUMULATION_202301260900_patch000,OPT_NORM_VIRTUAL_CONVEX_CONST_INIT_LONG_LIGHT_JTOTAL,Virtual Convex Light Shrinkage (2000 iters),"(125,375]",14727,0.2454094212191322,-0.0006129269712591491,0.985842680292018
RAD_OPERA_HOURLY_RAINFALL_ACCUMULATION_202301260900_patch000,OPT_NORM_VIRTUAL_CONVEX_CONST_INIT_LONG_LIGHT_JTOTAL,Virtual Convex Light Shrinkage (2000 iters),"(375,750]",22957,0.3137783239954778,-0.0014523241665531867,0.9764200002333386
RAD_OPERA_HOURLY_RAINFALL_ACCUMULATION_202301260900_patch000,OPT_NORM_VIRTUAL_CONVEX_CONST_INIT_LONG_LIGHT_JTOTAL,Virtual Convex Light Shrinkage (2000 iters),"(750,1500]",43184,0.40188442533171476,-0.007059718490822884,0.9631667416991602
RAD_OPERA_HOURLY_RAINFALL_ACCUMULATION_202301260900_patch000,OPT_NORM_VIRTUAL_CONVEX_CONST_INIT_LONG_LIGHT_JTOTAL,Virtual Convex Light Shrinkage (2000 iters),"(1500,3125]",67966,0.5663403562622502,0.020695450364134938,0.9233822870547428
RAD_OPERA_HOURLY_RAINFALL_ACCUMULATION_202301260900_patch000,OPT_NORM_VIRTUAL_CONVEX_CONST_INIT_LONG_LIGHT_JTOTAL,Virtual Convex Light Shrinkage (2000 iters),"(3125,6000]",32037,0.9209149068994203,0.25521904795894007,0.7350514392230851
RAD_OPERA_HOURLY_RAINFALL_ACCUMULATION_202301260900_patch000,OPT_NORM_VIRTUAL_CONVEX_CONST_INIT_LONG_LIGHT_JTOTAL,Virtual Convex Light Shrinkage (2000 iters),"(6000,9000]",1018,1.065353968960246,0.6147575871415129,0.6694060188959771
RAD_OPERA_HOURLY_RAINFALL_ACCUMULATION_202301260900_patch001,OPT_NORM_VIRTUAL_CONVEX_CONST_INIT_LONG_LIGHT_JTOTAL,Virtual Convex Light Shrinkage (2000 iters),≤125,5159,0.1524815644014143,0.0016012135189063421,0.9910516264389035
RAD_OPERA_HOURLY_RAINFALL_ACCUMULATION_202301260900_patch001,OPT_NORM_VIRTUAL_CONVEX_CONST_INIT_LONG_LIGHT_JTOTAL,Virtual Convex Light Shrinkage (2000 iters),"(125,375]",19586,0.16830182271518862,0.0031311283751380317,0.9898407996933072
RAD_OPERA_HOURLY_RAINFALL_ACCUMULATION_202301260900_patch001,OPT_NORM_VIRTUAL_CONVEX_CONST_INIT_LONG_LIGHT_JTOTAL,Virtual Convex Light Shrinkage (2000 iters),"(375,750]",29988,0.23508311099624724,0.0031952728368654973,0.9819607131684573
RAD_OPERA_HOURLY_RAINFALL_ACCUMULATION_202301260900_patch001,OPT_NORM_VIRTUAL_CONVEX_CONST_INIT_LONG_LIGHT_JTOTAL,Virtual Convex Light Shrinkage (2000 iters),"(750,1500]",56176,0.32850556786461677,8.117381087550748e-05,0.9680424966513043
RAD_OPERA_HOURLY_RAINFALL_ACCUMULATION_202301260900_patch001,OPT_NORM_VIRTUAL_CONVEX_CONST_INIT_LONG_LIGHT_JTOTAL,Virtual Convex Light Shrinkage (2000 iters),"(1500,3125]",95580,0.4798973263313085,-0.028111746426898582,0.9405206466045061
RAD_OPERA_HOURLY_RAINFALL_ACCUMULATION_202301260900_patch001,OPT_NORM_VIRTUAL_CONVEX_CONST_INIT_LONG_LIGHT_JTOTAL,Virtual Convex Light Shrinkage (2000 iters),"(3125,6000]",56911,0.6584862521960455,0.02597792692421857,0.9213609115871461
RAD_OPERA_HOURLY_RAINFALL_ACCUMULATION_202301260900_patch001,OPT_NORM_VIRTUAL_CONVEX_CONST_INIT_LONG_LIGHT_JTOTAL,Virtual Convex Light Shrinkage (2000 iters),"(6000,9000]",8318,0.6734769919066489,0.30482177109952213,0.8861420100223655
RAD_OPERA_HOURLY_RAINFALL_ACCUMULATION_202301260900_patch001,OPT_NORM_VIRTUAL_CONVEX_CONST_INIT_LONG_LIGHT_JTOTAL,Virtual Convex Light Shrinkage (2000 iters),>9000,666,0.4239135882761165,0.23548106137696687,0.9493265773567847
RAD_OPERA_HOURLY_RAINFALL_ACCUMULATION_202301270400_patch000,OPT_NORM_VIRTUAL_CONVEX_CONST_INIT_LONG_LIGHT_JTOTAL,Virtual Convex Light Shrinkage (2000 iters),≤125,4024,0.2559432959516734,-0.002359746694611216,0.9917188582136565
RAD_OPERA_HOURLY_RAINFALL_ACCUMULATION_202301270400_patch000,OPT_NORM_VIRTUAL_CONVEX_CONST_INIT_LONG_LIGHT_JTOTAL,Virtual Convex Light Shrinkage (2000 iters),"(125,375]",16310,0.3030188036656459,0.006267113229352101,0.9869726406775285
RAD_OPERA_HOURLY_RAINFALL_ACCUMULATION_202301270400_patch000,OPT_NORM_VIRTUAL_CONVEX_CONST_INIT_LONG_LIGHT_JTOTAL,Virtual Convex Light Shrinkage (2000 iters),"(375,750]",26560,0.42625172358272423,0.007401401384823504,0.9750320987068359
RAD_OPERA_HOURLY_RAINFALL_ACCUMULATION_202301270400_patch000,OPT_NORM_VIRTUAL_CONVEX_CONST_INIT_LONG_LIGHT_JTOTAL,Virtual Convex Light Shrinkage (2000 iters),"(750,1500]",51739,0.5835869534922461,-0.019431992413800846,0.9538377162136081
RAD_OPERA_HOURLY_RAINFALL_ACCUMULATION_202301270400_patch000,OPT_NORM_VIRTUAL_CONVEX_CONST_INIT_LONG_LIGHT_JTOTAL,Virtual Convex Light Shrinkage (2000 iters),"(1500,3125]",79134,0.8457610307024683,0.011551977832510557,0.9078224158494426
RAD_OPERA_HOURLY_RAINFALL_ACCUMULATION_202301270400_patch000,OPT_NORM_VIRTUAL_CONVEX_CONST_INIT_LONG_LIGHT_JTOTAL,Virtual Convex Light Shrinkage (2000 iters),"(3125,6000]",39529,1.2109768904151812,-0.05613813210360521,0.8837076409806166
RAD_OPERA_HOURLY_RAINFALL_ACCUMULATION_202301270400_patch000,OPT_NORM_VIRTUAL_CONVEX_CONST_INIT_LONG_LIGHT_JTOTAL,Virtual Convex Light Shrinkage (2000 iters),"(6000,9000]",4447,1.100759044977176,-0.5925029587659885,0.7233581276428067
RAD_OPERA_HOURLY_RAINFALL_ACCUMULATION_202301270400_patch000,OPT_NORM_VIRTUAL_CONVEX_CONST_INIT_LONG_LIGHT_JTOTAL,Virtual Convex Light Shrinkage (2000 iters),>9000,2257,1.107246528818687,-0.7479878997295686,-0.7440445595559118
RAD_OPERA_HOURLY_RAINFALL_ACCUMULATION_202301270700_patch000,OPT_NORM_VIRTUAL_CONVEX_CONST_INIT_LONG_LIGHT_JTOTAL,Virtual Convex Light Shrinkage (2000 iters),≤125,6209,0.5344732402919253,-0.004335122263705929,0.9897697393732605
RAD_OPERA_HOURLY_RAINFALL_ACCUMULATION_202301270700_patch000,OPT_NORM_VIRTUAL_CONVEX_CONST_INIT_LONG_LIGHT_JTOTAL,Virtual Convex Light Shrinkage (2000 iters),"(125,375]",24640,0.6037919993579991,0.0010981682351154445,0.9854444950297584
RAD_OPERA_HOURLY_RAINFALL_ACCUMULATION_202301270700_patch000,OPT_NORM_VIRTUAL_CONVEX_CONST_INIT_LONG_LIGHT_JTOTAL,Virtual Convex Light Shrinkage (2000 iters),"(375,750]",40310,0.7873164089181426,0.014580593400947852,0.9767270510599402
RAD_OPERA_HOURLY_RAINFALL_ACCUMULATION_202301270700_patch000,OPT_NORM_VIRTUAL_CONVEX_CONST_INIT_LONG_LIGHT_JTOTAL,Virtual Convex Light Shrinkage (2000 iters),"(750,1500]",79643,1.1308411661921887,0.02121424799444196,0.9591667446359258
RAD_OPERA_HOURLY_RAINFALL_ACCUMULATION_202301270700_patch000,OPT_NORM_VIRTUAL_CONVEX_CONST_INIT_LONG_LIGHT_JTOTAL,Virtual Convex Light Shrinkage (2000 iters),"(1500,3125]",137983,1.6733061779679284,0.028472129046568647,0.9329169449862923
RAD_OPERA_HOURLY_RAINFALL_ACCUMULATION_202301270700_patch000,OPT_NORM_VIRTUAL_CONVEX_CONST_INIT_LONG_LIGHT_JTOTAL,Virtual Convex Light Shrinkage (2000 iters),"(3125,6000]",83142,1.89716707413228,0.04374961678051171,0.9350712397815536
RAD_OPERA_HOURLY_RAINFALL_ACCUMULATION_202301270700_patch000,OPT_NORM_VIRTUAL_CONVEX_CONST_INIT_LONG_LIGHT_JTOTAL,Virtual Convex Light Shrinkage (2000 iters),"(6000,9000]",10359,0.7653233318756045,0.3432639112363084,0.9082920476506404
RAD_OPERA_HOURLY_RAINFALL_ACCUMULATION_202301270700_patch000,OPT_NORM_VIRTUAL_CONVEX_CONST_INIT_LONG_LIGHT_JTOTAL,Virtual Convex Light Shrinkage (2000 iters),>9000,2994,1.223928092446317,-0.5096808935765366,0.7924350270588252
RAD_OPERA_HOURLY_RAINFALL_ACCUMULATION_202301270800_patch000,OPT_NORM_VIRTUAL_CONVEX_CONST_INIT_LONG_LIGHT_JTOTAL,Virtual Convex Light Shrinkage (2000 iters),≤125,3487,0.12707373188097662,-0.0034746045467331857,0.9726303384747078
RAD_OPERA_HOURLY_RAINFALL_ACCUMULATION_202301270800_patch000,OPT_NORM_VIRTUAL_CONVEX_CONST_INIT_LONG_LIGHT_JTOTAL,Virtual Convex Light Shrinkage (2000 iters),"(125,375]",13581,0.11318237977832636,-0.0050601282120453185,0.9781025045959185
RAD_OPERA_HOURLY_RAINFALL_ACCUMULATION_202301270800_patch000,OPT_NORM_VIRTUAL_CONVEX_CONST_INIT_LONG_LIGHT_JTOTAL,Virtual Convex Light Shrinkage (2000 iters),"(375,750]",20224,0.12924478236294842,-0.005097022645552701,0.9704188835948603
RAD_OPERA_HOURLY_RAINFALL_ACCUMULATION_202301270800_patch000,OPT_NORM_VIRTUAL_CONVEX_CONST_INIT_LONG_LIGHT_JTOTAL,Virtual Convex Light Shrinkage (2000 iters),"(750,1500]",37125,0.15860112761068607,-0.0038663761639835858,0.9524786152415257
RAD_OPERA_HOURLY_RAINFALL_ACCUMULATION_202301270800_patch000,OPT_NORM_VIRTUAL_CONVEX_CONST_INIT_LONG_LIGHT_JTOTAL,Virtual Convex Light Shrinkage (2000 iters),"(1500,3125]",60628,0.19372365787155324,0.039084726045870516,0.9255779739200459
RAD_OPERA_HOURLY_RAINFALL_ACCUMULATION_202301270800_patch000,OPT_NORM_VIRTUAL_CONVEX_CONST_INIT_LONG_LIGHT_JTOTAL,Virtual Convex Light Shrinkage (2000 iters),"(3125,6000]",30024,0.32530369460941133,0.11759870779885949,0.9032878312743493
RAD_OPERA_HOURLY_RAINFALL_ACCUMULATION_202301270800_patch000,OPT_NORM_VIRTUAL_CONVEX_CONST_INIT_LONG_LIGHT_JTOTAL,Virtual Convex Light Shrinkage (2000 iters),"(6000,9000]",1331,0.5824982795036489,0.45952855645042895,0.9460370423834348
RAD_OPERA_HOURLY_RAINFALL_ACCUMULATION_202301270900_patch000,OPT_NORM_VIRTUAL_CONVEX_CONST_INIT_LONG_LIGHT_JTOTAL,Virtual Convex Light Shrinkage (2000 iters),≤125,5395,0.31952307777179956,0.007621167737565955,0.9912090644119121
RAD_OPERA_HOURLY_RAINFALL_ACCUMULATION_202301270900_patch000,OPT_NORM_VIRTUAL_CONVEX_CONST_INIT_LONG_LIGHT_JTOTAL,Virtual Convex Light Shrinkage (2000 iters),"(125,375]",21090,0.4144923245135429,-0.0001938347608882593,0.9840085035622793
RAD_OPERA_HOURLY_RAINFALL_ACCUMULATION_202301270900_patch000,OPT_NORM_VIRTUAL_CONVEX_CONST_INIT_LONG_LIGHT_JTOTAL,Virtual Convex Light Shrinkage (2000 iters),"(375,750]",34488,0.5880008417902117,-0.036594542727378575,0.9651883364170886
RAD_OPERA_HOURLY_RAINFALL_ACCUMULATION_202301270900_patch000,OPT_NORM_VIRTUAL_CONVEX_CONST_INIT_LONG_LIGHT_JTOTAL,Virtual Convex Light Shrinkage (2000 iters),"(750,1500]",67771,0.7956103533822909,-0.07419881798072243,0.9250772034646912
RAD_OPERA_HOURLY_RAINFALL_ACCUMULATION_202301270900_patch000,OPT_NORM_VIRTUAL_CONVEX_CONST_INIT_LONG_LIGHT_JTOTAL,Virtual Convex Light Shrinkage (2000 iters),"(1500,3125]",115766,0.9531308551332925,-0.028348175143498053,0.8737270446913473
RAD_OPERA_HOURLY_RAINFALL_ACCUMULATION_202301270900_patch000,OPT_NORM_VIRTUAL_CONVEX_CONST_INIT_LONG_LIGHT_JTOTAL,Virtual Convex Light Shrinkage (2000 iters),"(3125,6000]",63094,1.0053228001149779,0.14832012835478744,0.8463398915098205
RAD_OPERA_HOURLY_RAINFALL_ACCUMULATION_202301270900_patch000,OPT_NORM_VIRTUAL_CONVEX_CONST_INIT_LONG_LIGHT_JTOTAL,Virtual Convex Light Shrinkage (2000 iters),"(6000,9000]",4971,0.9982707354524849,0.6730280160544381,0.7747290293345649
RAD_OPERA_HOURLY_RAINFALL_ACCUMULATION_202301270900_patch000,OPT_NORM_VIRTUAL_CONVEX_CONST_INIT_LONG_LIGHT_JTOTAL,Virtual Convex Light Shrinkage (2000 iters),>9000,1,0.3647865951061249,0.3647865951061249,
RAD_OPERA_HOURLY_RAINFALL_ACCUMULATION_202301271000_patch001,OPT_NORM_VIRTUAL_CONVEX_CONST_INIT_LONG_LIGHT_JTOTAL,Virtual Convex Light Shrinkage (2000 iters),≤125,5081,0.6947770545858406,-0.013064763699560089,0.9752230622709094
RAD_OPERA_HOURLY_RAINFALL_ACCUMULATION_202301271000_patch001,OPT_NORM_VIRTUAL_CONVEX_CONST_INIT_LONG_LIGHT_JTOTAL,Virtual Convex Light Shrinkage (2000 iters),"(125,375]",19591,0.843741120566757,0.011778936189056873,0.9762838897527127
RAD_OPERA_HOURLY_RAINFALL_ACCUMULATION_202301271000_patch001,OPT_NORM_VIRTUAL_CONVEX_CONST_INIT_LONG_LIGHT_JTOTAL,Virtual Convex Light Shrinkage (2000 iters),"(375,750]",30953,1.1688695890874627,0.041393807052731636,0.9679109711648685
RAD_OPERA_HOURLY_RAINFALL_ACCUMULATION_202301271000_patch001,OPT_NORM_VIRTUAL_CONVEX_CONST_INIT_LONG_LIGHT_JTOTAL,Virtual Convex Light Shrinkage (2000 iters),"(750,1500]",57909,1.8081103441547666,-0.01955050030250931,0.9333552508717234
RAD_OPERA_HOURLY_RAINFALL_ACCUMULATION_202301271000_patch001,OPT_NORM_VIRTUAL_CONVEX_CONST_INIT_LONG_LIGHT_JTOTAL,Virtual Convex Light Shrinkage (2000 iters),"(1500,3125]",94396,2.545049714071992,-0.06005823601735838,0.8516497012653432
RAD_OPERA_HOURLY_RAINFALL_ACCUMULATION_202301271000_patch001,OPT_NORM_VIRTUAL_CONVEX_CONST_INIT_LONG_LIGHT_JTOTAL,Virtual Convex Light Shrinkage (2000 iters),"(3125,6000]",50338,2.405861036181349,0.0067972619976034215,0.9061011345206538
RAD_OPERA_HOURLY_RAINFALL_ACCUMULATION_202301271000_patch001,OPT_NORM_VIRTUAL_CONVEX_CONST_INIT_LONG_LIGHT_JTOTAL,Virtual Convex Light Shrinkage (2000 iters),"(6000,9000]",3450,2.2325062270941016,-0.17690864303189774,0.9886780298321498
RAD_OPERA_HOURLY_RAINFALL_ACCUMULATION_202301271000_patch001,OPT_NORM_VIRTUAL_CONVEX_CONST_INIT_LONG_LIGHT_JTOTAL,Virtual Convex Light Shrinkage (2000 iters),>9000,170,1.1180848383336452,1.1158029451089746,0.6376473434974477
RAD_OPERA_HOURLY_RAINFALL_ACCUMULATION_202301271800_patch000,OPT_NORM_VIRTUAL_CONVEX_CONST_INIT_LONG_LIGHT_JTOTAL,Virtual Convex Light Shrinkage (2000 iters),≤125,5395,0.06570733091304946,-0.0004063368727478084,0.9944600365549919
RAD_OPERA_HOURLY_RAINFALL_ACCUMULATION_202301271800_patch000,OPT_NORM_VIRTUAL_CONVEX_CONST_INIT_LONG_LIGHT_JTOTAL,Virtual Convex Light Shrinkage (2000 iters),"(125,375]",21090,0.07603783991093362,0.001183801304395304,0.9934188958094334
RAD_OPERA_HOURLY_RAINFALL_ACCUMULATION_202301271800_patch000,OPT_NORM_VIRTUAL_CONVEX_CONST_INIT_LONG_LIGHT_JTOTAL,Virtual Convex Light Shrinkage (2000 iters),"(375,750]",34488,0.09649294510942943,0.0027769174149406394,0.9906676433955101
RAD_OPERA_HOURLY_RAINFALL_ACCUMULATION_202301271800_patch000,OPT_NORM_VIRTUAL_CONVEX_CONST_INIT_LONG_LIGHT_JTOTAL,Virtual Convex Light Shrinkage (2000 iters),"(750,1500]",67771,0.12284777814115544,0.0025336998634869173,0.9852977108206633
RAD_OPERA_HOURLY_RAINFALL_ACCUMULATION_202301271800_patch000,OPT_NORM_VIRTUAL_CONVEX_CONST_INIT_LONG_LIGHT_JTOTAL,Virtual Convex Light Shrinkage (2000 iters),"(1500,3125]",115766,0.1655565477861555,0.007851105494796019,0.973111714473432
RAD_OPERA_HOURLY_RAINFALL_ACCUMULATION_202301271800_patch000,OPT_NORM_VIRTUAL_CONVEX_CONST_INIT_LONG_LIGHT_JTOTAL,Virtual Convex Light Shrinkage (2000 iters),"(3125,6000]",63094,0.24952972261887763,0.007665436847026962,0.9631378436872438
RAD_OPERA_HOURLY_RAINFALL_ACCUMULATION_202301271800_patch000,OPT_NORM_VIRTUAL_CONVEX_CONST_INIT_LONG_LIGHT_JTOTAL,Virtual Convex Light Shrinkage (2000 iters),"(6000,9000]",4971,0.3943275117140286,0.28755528315095397,0.9657259644030548
RAD_OPERA_HOURLY_RAINFALL_ACCUMULATION_202301271800_patch000,OPT_NORM_VIRTUAL_CONVEX_CONST_INIT_LONG_LIGHT_JTOTAL,Virtual Convex Light Shrinkage (2000 iters),>9000,1,0.33082854747772217,0.33082854747772217,
RAD_OPERA_HOURLY_RAINFALL_ACCUMULATION_202301272100_patch001,OPT_NORM_VIRTUAL_CONVEX_CONST_INIT_LONG_LIGHT_JTOTAL,Virtual Convex Light Shrinkage (2000 iters),≤125,4361,0.6661674530802214,0.00014080627381702425,0.9897921290350152
RAD_OPERA_HOURLY_RAINFALL_ACCUMULATION_202301272100_patch001,OPT_NORM_VIRTUAL_CONVEX_CONST_INIT_LONG_LIGHT_JTOTAL,Virtual Convex Light Shrinkage (2000 iters),"(125,375]",17119,0.7349158824821267,-0.0001258085575998083,0.9875824831725537
RAD_OPERA_HOURLY_RAINFALL_ACCUMULATION_202301272100_patch001,OPT_NORM_VIRTUAL_CONVEX_CONST_INIT_LONG_LIGHT_JTOTAL,Virtual Convex Light Shrinkage (2000 iters),"(375,750]",25927,0.9880272788703613,-0.015012441622579394,0.9820831972778563
RAD_OPERA_HOURLY_RAINFALL_ACCUMULATION_202301272100_patch001,OPT_NORM_VIRTUAL_CONVEX_CONST_INIT_LONG_LIGHT_JTOTAL,Virtual Convex Light Shrinkage (2000 iters),"(750,1500]",47998,1.3044793576821927,-0.04377266929518505,0.972725453608492
RAD_OPERA_HOURLY_RAINFALL_ACCUMULATION_202301272100_patch001,OPT_NORM_VIRTUAL_CONVEX_CONST_INIT_LONG_LIGHT_JTOTAL,Virtual Convex Light Shrinkage (2000 iters),"(1500,3125]",78136,1.822342286142268,-0.040320977788519306,0.94306344928801
RAD_OPERA_HOURLY_RAINFALL_ACCUMULATION_202301272100_patch001,OPT_NORM_VIRTUAL_CONVEX_CONST_INIT_LONG_LIGHT_JTOTAL,Virtual Convex Light Shrinkage (2000 iters),"(3125,6000]",40134,2.148737898655086,0.44189639241700274,0.8892040322743893
RAD_OPERA_HOURLY_RAINFALL_ACCUMULATION_202301272100_patch001,OPT_NORM_VIRTUAL_CONVEX_CONST_INIT_LONG_LIGHT_JTOTAL,Virtual Convex Light Shrinkage (2000 iters),"(6000,9000]",6879,1.0723408351323662,0.7765970522413601,0.9506626318630637
RAD_OPERA_HOURLY_RAINFALL_ACCUMULATION_202301272100_patch001,OPT_NORM_VIRTUAL_CONVEX_CONST_INIT_LONG_LIGHT_JTOTAL,Virtual Convex Light Shrinkage (2000 iters),>9000,1654,0.730655648506375,0.6443670569449975,0.8596518214787118
RAD_OPERA_HOURLY_RAINFALL_ACCUMULATION_202301272300_patch000,OPT_NORM_VIRTUAL_CONVEX_CONST_INIT_LONG_LIGHT_JTOTAL,Virtual Convex Light Shrinkage (2000 iters),≤125,4739,0.13457001776243957,0.002264880428436965,0.9951145399462671
RAD_OPERA_HOURLY_RAINFALL_ACCUMULATION_202301272300_patch000,OPT_NORM_VIRTUAL_CONVEX_CONST_INIT_LONG_LIGHT_JTOTAL,Virtual Convex Light Shrinkage (2000 iters),"(125,375]",17811,0.1672100201747844,0.0032099680709973396,0.9928298408255201
RAD_OPERA_HOURLY_RAINFALL_ACCUMULATION_202301272300_patch000,OPT_NORM_VIRTUAL_CONVEX_CONST_INIT_LONG_LIGHT_JTOTAL,Virtual Convex Light Shrinkage (2000 iters),"(375,750]",26584,0.22631146850970582,0.008007720665764618,0.9887302047975216
RAD_OPERA_HOURLY_RAINFALL_ACCUMULATION_202301272300_patch000,OPT_NORM_VIRTUAL_CONVEX_CONST_INIT_LONG_LIGHT_JTOTAL,Virtual Convex Light Shrinkage (2000 iters),"(750,1500]",49607,0.2919735670945604,0.0017632923918610309,0.9836101703654657
RAD_OPERA_HOURLY_RAINFALL_ACCUMULATION_202301272300_patch000,OPT_NORM_VIRTUAL_CONVEX_CONST_INIT_LONG_LIGHT_JTOTAL,Virtual Convex Light Shrinkage (2000 iters),"(1500,3125]",83724,0.42365876373353967,0.0229585472204969,0.9643726141604015
RAD_OPERA_HOURLY_RAINFALL_ACCUMULATION_202301272300_patch000,OPT_NORM_VIRTUAL_CONVEX_CONST_INIT_LONG_LIGHT_JTOTAL,Virtual Convex Light Shrinkage (2000 iters),"(3125,6000]",46547,0.678341641219374,0.009300540023352823,0.9037452667312583
RAD_OPERA_HOURLY_RAINFALL_ACCUMULATION_202301272300_patch000,OPT_NORM_VIRTUAL_CONVEX_CONST_INIT_LONG_LIGHT_JTOTAL,Virtual Convex Light Shrinkage (2000 iters),"(6000,9000]",5949,0.805447237656172,0.13453775396826367,0.6313379317099684
RAD_OPERA_HOURLY_RAINFALL_ACCUMULATION_202301272300_patch000,OPT_NORM_VIRTUAL_CONVEX_CONST_INIT_LONG_LIGHT_JTOTAL,Virtual Convex Light Shrinkage (2000 iters),>9000,1839,0.6828382161157487,0.5696437747793525,0.5007120109552512
RAD_OPERA_HOURLY_RAINFALL_ACCUMULATION_202301272300_patch002,OPT_NORM_VIRTUAL_CONVEX_CONST_INIT_LONG_LIGHT_JTOTAL,Virtual Convex Light Shrinkage (2000 iters),≤125,5768,0.5409648891799276,-0.003849414191447746,0.9904286077191466
RAD_OPERA_HOURLY_RAINFALL_ACCUMULATION_202301272300_patch002,OPT_NORM_VIRTUAL_CONVEX_CONST_INIT_LONG_LIGHT_JTOTAL,Virtual Convex Light Shrinkage (2000 iters),"(125,375]",22309,0.627004536742824,-0.010042254602237405,0.9863214332819664
RAD_OPERA_HOURLY_RAINFALL_ACCUMULATION_202301272300_patch002,OPT_NORM_VIRTUAL_CONVEX_CONST_INIT_LONG_LIGHT_JTOTAL,Virtual Convex Light Shrinkage (2000 iters),"(375,750]",36274,0.817483351227243,0.0001552175959895594,0.9745600902948113
RAD_OPERA_HOURLY_RAINFALL_ACCUMULATION_202301272300_patch002,OPT_NORM_VIRTUAL_CONVEX_CONST_INIT_LONG_LIGHT_JTOTAL,Virtual Convex Light Shrinkage (2000 iters),"(750,1500]",71451,1.064091444167745,0.009278242663888957,0.9574752615679958
RAD_OPERA_HOURLY_RAINFALL_ACCUMULATION_202301272300_patch002,OPT_NORM_VIRTUAL_CONVEX_CONST_INIT_LONG_LIGHT_JTOTAL,Virtual Convex Light Shrinkage (2000 iters),"(1500,3125]",122451,1.313797201841875,0.08561758854391313,0.9410710201446862
RAD_OPERA_HOURLY_RAINFALL_ACCUMULATION_202301272300_patch002,OPT_NORM_VIRTUAL_CONVEX_CONST_INIT_LONG_LIGHT_JTOTAL,Virtual Convex Light Shrinkage (2000 iters),"(3125,6000]",62604,1.5084556208467281,0.1506861282095887,0.9333150596181002
RAD_OPERA_HOURLY_RAINFALL_ACCUMULATION_202301272300_patch002,OPT_NORM_VIRTUAL_CONVEX_CONST_INIT_LONG_LIGHT_JTOTAL,Virtual Convex Light Shrinkage (2000 iters),"(6000,9000]",1703,1.6286826351554944,0.6773053765891932,0.9455343799133867
RAD_OPERA_HOURLY_RAINFALL_ACCUMULATION_202301280000_patch001,OPT_NORM_VIRTUAL_CONVEX_CONST_INIT_LONG_LIGHT_JTOTAL,Virtual Convex Light Shrinkage (2000 iters),≤125,4067,0.19945560458464262,-0.0045783057907801865,0.9935670343236873
RAD_OPERA_HOURLY_RAINFALL_ACCUMULATION_202301280000_patch001,OPT_NORM_VIRTUAL_CONVEX_CONST_INIT_LONG_LIGHT_JTOTAL,Virtual Convex Light Shrinkage (2000 iters),"(125,375]",16278,0.2306255218933359,0.003067412494785561,0.991406060578707
RAD_OPERA_HOURLY_RAINFALL_ACCUMULATION_202301280000_patch001,OPT_NORM_VIRTUAL_CONVEX_CONST_INIT_LONG_LIGHT_JTOTAL,Virtual Convex Light Shrinkage (2000 iters),"(375,750]",25812,0.30360345932376603,0.010532054107987786,0.9859262138026346
RAD_OPERA_HOURLY_RAINFALL_ACCUMULATION_202301280000_patch001,OPT_NORM_VIRTUAL_CONVEX_CONST_INIT_LONG_LIGHT_JTOTAL,Virtual Convex Light Shrinkage (2000 iters),"(750,1500]",48116,0.4409661445092499,-0.005943799998850604,0.9741776486828673
RAD_OPERA_HOURLY_RAINFALL_ACCUMULATION_202301280000_patch001,OPT_NORM_VIRTUAL_CONVEX_CONST_INIT_LONG_LIGHT_JTOTAL,Virtual Convex Light Shrinkage (2000 iters),"(1500,3125]",75981,0.6462120475704188,0.04667026272101661,0.9534018965513836
RAD_OPERA_HOURLY_RAINFALL_ACCUMULATION_202301280000_patch001,OPT_NORM_VIRTUAL_CONVEX_CONST_INIT_LONG_LIGHT_JTOTAL,Virtual Convex Light Shrinkage (2000 iters),"(3125,6000]",35618,0.6554930093366443,0.030258357896375872,0.951147116340511
RAD_OPERA_HOURLY_RAINFALL_ACCUMULATION_202301280000_patch001,OPT_NORM_VIRTUAL_CONVEX_CONST_INIT_LONG_LIGHT_JTOTAL,Virtual Convex Light Shrinkage (2000 iters),"(6000,9000]",1488,0.7833192087110497,0.08693959531925058,0.920804040635507
RAD_OPERA_HOURLY_RAINFALL_ACCUMULATION_202301280700_patch000,OPT_NORM_VIRTUAL_CONVEX_CONST_INIT_LONG_LIGHT_JTOTAL,Virtual Convex Light Shrinkage (2000 iters),≤125,4736,0.7790282270786517,0.008902479414228953,0.9911205204152715
RAD_OPERA_HOURLY_RAINFALL_ACCUMULATION_202301280700_patch000,OPT_NORM_VIRTUAL_CONVEX_CONST_INIT_LONG_LIGHT_JTOTAL,Virtual Convex Light Shrinkage (2000 iters),"(125,375]",19319,0.9092115511409943,0.028450499189794587,0.9849425141490723
RAD_OPERA_HOURLY_RAINFALL_ACCUMULATION_202301280700_patch000,OPT_NORM_VIRTUAL_CONVEX_CONST_INIT_LONG_LIGHT_JTOTAL,Virtual Convex Light Shrinkage (2000 iters),"(375,750]",32179,1.1136932135958217,-0.006580525479443346,0.9781088133561092
RAD_OPERA_HOURLY_RAINFALL_ACCUMULATION_202301280700_patch000,OPT_NORM_VIRTUAL_CONVEX_CONST_INIT_LONG_LIGHT_JTOTAL,Virtual Convex Light Shrinkage (2000 iters),"(750,1500]",64809,1.371293939851698,-0.04562009507939264,0.9691401635979915
RAD_OPERA_HOURLY_RAINFALL_ACCUMULATION_202301280700_patch000,OPT_NORM_VIRTUAL_CONVEX_CONST_INIT_LONG_LIGHT_JTOTAL,Virtual Convex Light Shrinkage (2000 iters),"(1500,3125]",111200,1.6739114104742754,-0.0343616629793464,0.9600093251317616
RAD_OPERA_HOURLY_RAINFALL_ACCUMULATION_202301280700_patch000,OPT_NORM_VIRTUAL_CONVEX_CONST_INIT_LONG_LIGHT_JTOTAL,Virtual Convex Light Shrinkage (2000 iters),"(3125,6000]",52343,1.8344450791906863,0.36940629535805575,0.927764213416347
RAD_OPERA_HOURLY_RAINFALL_ACCUMULATION_202301280700_patch000,OPT_NORM_VIRTUAL_CONVEX_CONST_INIT_LONG_LIGHT_JTOTAL,Virtual Convex Light Shrinkage (2000 iters),"(6000,9000]",2134,2.107924049699648,1.1676050693969806,0.541370445918212
RAD_OPERA_HOURLY_RAINFALL_ACCUMULATION_202301280800_patch000,OPT_NORM_VIRTUAL_CONVEX_CONST_INIT_LONG_LIGHT_JTOTAL,Virtual Convex Light Shrinkage (2000 iters),≤125,3789,0.5406858439633152,0.002931517609570831,0.9976206613363284
RAD_OPERA_HOURLY_RAINFALL_ACCUMULATION_202301280800_patch000,OPT_NORM_VIRTUAL_CONVEX_CONST_INIT_LONG_LIGHT_JTOTAL,Virtual Convex Light Shrinkage (2000 iters),"(125,375]",15303,0.552391943270402,-0.006356160940473036,0.9969640316408876
RAD_OPERA_HOURLY_RAINFALL_ACCUMULATION_202301280800_patch000,OPT_NORM_VIRTUAL_CONVEX_CONST_INIT_LONG_LIGHT_JTOTAL,Virtual Convex Light Shrinkage (2000 iters),"(375,750]",24416,0.7745028088080775,-0.032840997842415134,0.9922956281539268
RAD_OPERA_HOURLY_RAINFALL_ACCUMULATION_202301280800_patch000,OPT_NORM_VIRTUAL_CONVEX_CONST_INIT_LONG_LIGHT_JTOTAL,Virtual Convex Light Shrinkage (2000 iters),"(750,1500]",45694,1.0503898483960739,-0.03791281400783143,0.9821944876419525
RAD_OPERA_HOURLY_RAINFALL_ACCUMULATION_202301280800_patch000,OPT_NORM_VIRTUAL_CONVEX_CONST_INIT_LONG_LIGHT_JTOTAL,Virtual Convex Light Shrinkage (2000 iters),"(1500,3125]",70847,1.2044891442065349,0.061472650279941164,0.9669644879117689
RAD_OPERA_HOURLY_RAINFALL_ACCUMULATION_202301280800_patch000,OPT_NORM_VIRTUAL_CONVEX_CONST_INIT_LONG_LIGHT_JTOTAL,Virtual Convex Light Shrinkage (2000 iters),"(3125,6000]",36972,1.4932613013880742,0.23814335373699516,0.9289950417865622
RAD_OPERA_HOURLY_RAINFALL_ACCUMULATION_202301280800_patch000,OPT_NORM_VIRTUAL_CONVEX_CONST_INIT_LONG_LIGHT_JTOTAL,Virtual Convex Light Shrinkage (2000 iters),"(6000,9000]",1379,0.9063998169640806,0.6541048327246121,0.8018917684458995
RAD_OPERA_HOURLY_RAINFALL_ACCUMULATION_202301280900_patch000,OPT_NORM_VIRTUAL_CONVEX_CONST_INIT_LONG_LIGHT_JTOTAL,Virtual Convex Light Shrinkage (2000 iters),≤125,4739,0.33984711361388326,0.008299916159680832,0.9867752717591374
RAD_OPERA_HOURLY_RAINFALL_ACCUMULATION_202301280900_patch000,OPT_NORM_VIRTUAL_CONVEX_CONST_INIT_LONG_LIGHT_JTOTAL,Virtual Convex Light Shrinkage (2000 iters),"(125,375]",17811,0.34218975552669223,0.0022121738592543695,0.9877584625845772
RAD_OPERA_HOURLY_RAINFALL_ACCUMULATION_202301280900_patch000,OPT_NORM_VIRTUAL_CONVEX_CONST_INIT_LONG_LIGHT_JTOTAL,Virtual Convex Light Shrinkage (2000 iters),"(375,750]",26584,0.40325319041539703,0.006672264401253074,0.9845101742412405
RAD_OPERA_HOURLY_RAINFALL_ACCUMULATION_202301280900_patch000,OPT_NORM_VIRTUAL_CONVEX_CONST_INIT_LONG_LIGHT_JTOTAL,Virtual Convex Light Shrinkage (2000 iters),"(750,1500]",49607,0.5238986972155277,0.011845820654220282,0.974700416918564
RAD_OPERA_HOURLY_RAINFALL_ACCUMULATION_202301280900_patch000,OPT_NORM_VIRTUAL_CONVEX_CONST_INIT_LONG_LIGHT_JTOTAL,Virtual Convex Light Shrinkage (2000 iters),"(1500,3125]",83724,0.6529671392098051,0.07224062878725689,0.9598637511032801
RAD_OPERA_HOURLY_RAINFALL_ACCUMULATION_202301280900_patch000,OPT_NORM_VIRTUAL_CONVEX_CONST_INIT_LONG_LIGHT_JTOTAL,Virtual Convex Light Shrinkage (2000 iters),"(3125,6000]",46547,1.0214197346429204,0.15972782428638388,0.9038052120445427
RAD_OPERA_HOURLY_RAINFALL_ACCUMULATION_202301280900_patch000,OPT_NORM_VIRTUAL_CONVEX_CONST_INIT_LONG_LIGHT_JTOTAL,Virtual Convex Light Shrinkage (2000 iters),"(6000,9000]",5949,1.3786716922199211,0.42345621800111194,0.6977920573994251
RAD_OPERA_HOURLY_RAINFALL_ACCUMULATION_202301280900_patch000,OPT_NORM_VIRTUAL_CONVEX_CONST_INIT_LONG_LIGHT_JTOTAL,Virtual Convex Light Shrinkage (2000 iters),>9000,1839,0.5015882730439537,-0.26305594659486886,0.3243867756607671
RAD_OPERA_HOURLY_RAINFALL_ACCUMULATION_202301281000_patch001,OPT_NORM_VIRTUAL_CONVEX_CONST_INIT_LONG_LIGHT_JTOTAL,Virtual Convex Light Shrinkage (2000 iters),≤125,4538,0.3737465913051444,0.006162115227206418,0.9921577652955456
RAD_OPERA_HOURLY_RAINFALL_ACCUMULATION_202301281000_patch001,OPT_NORM_VIRTUAL_CONVEX_CONST_INIT_LONG_LIGHT_JTOTAL,Virtual Convex Light Shrinkage (2000 iters),"(125,375]",16885,0.4679306049887295,0.008767993545232906,0.9905254459305561
RAD_OPERA_HOURLY_RAINFALL_ACCUMULATION_202301281000_patch001,OPT_NORM_VIRTUAL_CONVEX_CONST_INIT_LONG_LIGHT_JTOTAL,Virtual Convex Light Shrinkage (2000 iters),"(375,750]",25044,0.6414306711121109,0.01633641074444644,0.9868362035856033
RAD_OPERA_HOURLY_RAINFALL_ACCUMULATION_202301281000_patch001,OPT_NORM_VIRTUAL_CONVEX_CONST_INIT_LONG_LIGHT_JTOTAL,Virtual Convex Light Shrinkage (2000 iters),"(750,1500]",46152,0.9286206237051455,0.0029620400429970573,0.9822575053852821
RAD_OPERA_HOURLY_RAINFALL_ACCUMULATION_202301281000_patch001,OPT_NORM_VIRTUAL_CONVEX_CONST_INIT_LONG_LIGHT_JTOTAL,Virtual Convex Light Shrinkage (2000 iters),"(1500,3125]",77771,1.6333083014934164,-0.13438764437016068,0.9671963346203589
RAD_OPERA_HOURLY_RAINFALL_ACCUMULATION_202301281000_patch001,OPT_NORM_VIRTUAL_CONVEX_CONST_INIT_LONG_LIGHT_JTOTAL,Virtual Convex Light Shrinkage (2000 iters),"(3125,6000]",38060,2.691494843124508,-0.7773106882379206,0.9578935482334792
RAD_OPERA_HOURLY_RAINFALL_ACCUMULATION_202301281000_patch001,OPT_NORM_VIRTUAL_CONVEX_CONST_INIT_LONG_LIGHT_JTOTAL,Virtual Convex Light Shrinkage (2000 iters),"(6000,9000]",2697,2.068619756350194,-0.6850767522597251,0.9945970873469521
RAD_OPERA_HOURLY_RAINFALL_ACCUMULATION_202301281000_patch001,OPT_NORM_VIRTUAL_CONVEX_CONST_INIT_LONG_LIGHT_JTOTAL,Virtual Convex Light Shrinkage (2000 iters),>9000,53,0.4987717046137169,0.49864365413503825,
RAD_OPERA_HOURLY_RAINFALL_ACCUMULATION_202301281900_patch000,OPT_NORM_VIRTUAL_CONVEX_CONST_INIT_LONG_LIGHT_JTOTAL,Virtual Convex Light Shrinkage (2000 iters),≤125,4624,0.16971466287581013,0.008867769492435621,0.9928106608650628
RAD_OPERA_HOURLY_RAINFALL_ACCUMULATION_202301281900_patch000,OPT_NORM_VIRTUAL_CONVEX_CONST_INIT_LONG_LIGHT_JTOTAL,Virtual Convex Light Shrinkage (2000 iters),"(125,375]",18731,0.19620587022533187,-0.0017754890235080955,0.991282304570714
RAD_OPERA_HOURLY_RAINFALL_ACCUMULATION_202301281900_patch000,OPT_NORM_VIRTUAL_CONVEX_CONST_INIT_LONG_LIGHT_JTOTAL,Virtual Convex Light Shrinkage (2000 iters),"(375,750]",30721,0.2515979732801851,-0.003724184432558543,0.9871633277538253
RAD_OPERA_HOURLY_RAINFALL_ACCUMULATION_202301281900_patch000,OPT_NORM_VIRTUAL_CONVEX_CONST_INIT_LONG_LIGHT_JTOTAL,Virtual Convex Light Shrinkage (2000 iters),"(750,1500]",60480,0.2992401692669267,0.0026218903098235687,0.9843425266901069
RAD_OPERA_HOURLY_RAINFALL_ACCUMULATION_202301281900_patch000,OPT_NORM_VIRTUAL_CONVEX_CONST_INIT_LONG_LIGHT_JTOTAL,Virtual Convex Light Shrinkage (2000 iters),"(1500,3125]",102275,0.40052540447937335,0.044470150336692396,0.9713892510104825
RAD_OPERA_HOURLY_RAINFALL_ACCUMULATION_202301281900_patch000,OPT_NORM_VIRTUAL_CONVEX_CONST_INIT_LONG_LIGHT_JTOTAL,Virtual Convex Light Shrinkage (2000 iters),"(3125,6000]",53363,0.48039673440591285,0.15160659352152736,0.945922656147996
RAD_OPERA_HOURLY_RAINFALL_ACCUMULATION_202301281900_patch000,OPT_NORM_VIRTUAL_CONVEX_CONST_INIT_LONG_LIGHT_JTOTAL,Virtual Convex Light Shrinkage (2000 iters),"(6000,9000]",4494,0.4431226507856478,0.21062723088646446,0.9001734108615588
RAD_OPERA_HOURLY_RAINFALL_ACCUMULATION_202301282100_patch000,OPT_NORM_VIRTUAL_CONVEX_CONST_INIT_LONG_LIGHT_JTOTAL,Virtual Convex Light Shrinkage (2000 iters),≤125,4949,0.19485311887694431,-0.0018258255180239266,0.9855264820897707
RAD_OPERA_HOURLY_RAINFALL_ACCUMULATION_202301282100_patch000,OPT_NORM_VIRTUAL_CONVEX_CONST_INIT_LONG_LIGHT_JTOTAL,Virtual Convex Light Shrinkage (2000 iters),"(125,375]",18581,0.22093227032444068,-0.0018557328337666938,0.9817977229624901
RAD_OPERA_HOURLY_RAINFALL_ACCUMULATION_202301282100_patch000,OPT_NORM_VIRTUAL_CONVEX_CONST_INIT_LONG_LIGHT_JTOTAL,Virtual Convex Light Shrinkage (2000 iters),"(375,750]",27724,0.2720422410214872,0.011340332111784542,0.9709744282843958
RAD_OPERA_HOURLY_RAINFALL_ACCUMULATION_202301282100_patch000,OPT_NORM_VIRTUAL_CONVEX_CONST_INIT_LONG_LIGHT_JTOTAL,Virtual Convex Light Shrinkage (2000 iters),"(750,1500]",51472,0.3456474925574083,0.01673183361743935,0.952165561280325
RAD_OPERA_HOURLY_RAINFALL_ACCUMULATION_202301282100_patch000,OPT_NORM_VIRTUAL_CONVEX_CONST_INIT_LONG_LIGHT_JTOTAL,Virtual Convex Light Shrinkage (2000 iters),"(1500,3125]",89017,0.48331559681570724,0.03582830908150804,0.9068480985664523
RAD_OPERA_HOURLY_RAINFALL_ACCUMULATION_202301282100_patch000,OPT_NORM_VIRTUAL_CONVEX_CONST_INIT_LONG_LIGHT_JTOTAL,Virtual Convex Light Shrinkage (2000 iters),"(3125,6000]",45865,0.5873566351888823,0.16663526843343476,0.8402663703581508
RAD_OPERA_HOURLY_RAINFALL_ACCUMULATION_202301282100_patch000,OPT_NORM_VIRTUAL_CONVEX_CONST_INIT_LONG_LIGHT_JTOTAL,Virtual Convex Light Shrinkage (2000 iters),"(6000,9000]",2008,0.8340383116204804,0.43347406630734525,0.6465636936023158
RAD_OPERA_HOURLY_RAINFALL_ACCUMULATION_202301282200_patch000,OPT_NORM_VIRTUAL_CONVEX_CONST_INIT_LONG_LIGHT_JTOTAL,Virtual Convex Light Shrinkage (2000 iters),≤125,5612,1.1731799197440103,0.018438474713842645,0.9802712401798214
RAD_OPERA_HOURLY_RAINFALL_ACCUMULATION_202301282200_patch000,OPT_NORM_VIRTUAL_CONVEX_CONST_INIT_LONG_LIGHT_JTOTAL,Virtual Convex Light Shrinkage (2000 iters),"(125,375]",22110,1.3534022162214305,-0.020541564458794917,0.9750290497246711
RAD_OPERA_HOURLY_RAINFALL_ACCUMULATION_202301282200_patch000,OPT_NORM_VIRTUAL_CONVEX_CONST_INIT_LONG_LIGHT_JTOTAL,Virtual Convex Light Shrinkage (2000 iters),"(375,750]",35046,1.8766471101234512,0.00028023995483561205,0.9586577461071882
RAD_OPERA_HOURLY_RAINFALL_ACCUMULATION_202301282200_patch000,OPT_NORM_VIRTUAL_CONVEX_CONST_INIT_LONG_LIGHT_JTOTAL,Virtual Convex Light Shrinkage (2000 iters),"(750,1500]",65839,2.7322609309005217,0.13986701315690397,0.9325909651473505
RAD_OPERA_HOURLY_RAINFALL_ACCUMULATION_202301282200_patch000,OPT_NORM_VIRTUAL_CONVEX_CONST_INIT_LONG_LIGHT_JTOTAL,Virtual Convex Light Shrinkage (2000 iters),"(1500,3125]",112059,4.6886029059193906,0.008560065539243003,0.8909315106229917
RAD_OPERA_HOURLY_RAINFALL_ACCUMULATION_202301282200_patch000,OPT_NORM_VIRTUAL_CONVEX_CONST_INIT_LONG_LIGHT_JTOTAL,Virtual Convex Light Shrinkage (2000 iters),"(3125,6000]",70144,5.445128704391298,-0.24658427041941147,0.8308347848399524
RAD_OPERA_HOURLY_RAINFALL_ACCUMULATION_202301282200_patch000,OPT_NORM_VIRTUAL_CONVEX_CONST_INIT_LONG_LIGHT_JTOTAL,Virtual Convex Light Shrinkage (2000 iters),"(6000,9000]",6630,7.888428572230569,3.194866498381606,0.6495912371540409
RAD_OPERA_HOURLY_RAINFALL_ACCUMULATION_202301282200_patch001,OPT_NORM_VIRTUAL_CONVEX_CONST_INIT_LONG_LIGHT_JTOTAL,Virtual Convex Light Shrinkage (2000 iters),≤125,6976,0.5051640736053198,-0.0033968667947236013,0.9972675430891035
RAD_OPERA_HOURLY_RAINFALL_ACCUMULATION_202301282200_patch001,OPT_NORM_VIRTUAL_CONVEX_CONST_INIT_LONG_LIGHT_JTOTAL,Virtual Convex Light Shrinkage (2000 iters),"(125,375]",27728,0.6127636726592038,0.008925647752027742,0.995453032800868
RAD_OPERA_HOURLY_RAINFALL_ACCUMULATION_202301282200_patch001,OPT_NORM_VIRTUAL_CONVEX_CONST_INIT_LONG_LIGHT_JTOTAL,Virtual Convex Light Shrinkage (2000 iters),"(375,750]",46891,0.7753894920856236,-0.0015034231885719407,0.9924840329453605
RAD_OPERA_HOURLY_RAINFALL_ACCUMULATION_202301282200_patch001,OPT_NORM_VIRTUAL_CONVEX_CONST_INIT_LONG_LIGHT_JTOTAL,Virtual Convex Light Shrinkage (2000 iters),"(750,1500]",95950,0.9876917366686598,-0.013278366879858472,0.9877528504589045
RAD_OPERA_HOURLY_RAINFALL_ACCUMULATION_202301282200_patch001,OPT_NORM_VIRTUAL_CONVEX_CONST_INIT_LONG_LIGHT_JTOTAL,Virtual Convex Light Shrinkage (2000 iters),"(1500,3125]",174165,1.30488584886253,0.04055856590168738,0.9769484403631243
RAD_OPERA_HOURLY_RAINFALL_ACCUMULATION_202301282200_patch001,OPT_NORM_VIRTUAL_CONVEX_CONST_INIT_LONG_LIGHT_JTOTAL,Virtual Convex Light Shrinkage (2000 iters),"(3125,6000]",94327,1.5647398090578128,0.12498488299034013,0.9643432177922138
RAD_OPERA_HOURLY_RAINFALL_ACCUMULATION_202301282200_patch001,OPT_NORM_VIRTUAL_CONVEX_CONST_INIT_LONG_LIGHT_JTOTAL,Virtual Convex Light Shrinkage (2000 iters),"(6000,9000]",4507,1.1240740470601984,0.23620264306414918,0.7503050187691926
RAD_OPERA_HOURLY_RAINFALL_ACCUMULATION_202301282200_patch001,OPT_NORM_VIRTUAL_CONVEX_CONST_INIT_LONG_LIGHT_JTOTAL,Virtual Convex Light Shrinkage (2000 iters),>9000,16,0.1767716653481707,0.047897860407829285,0.8408926687342382
RAD_OPERA_HOURLY_RAINFALL_ACCUMULATION_202301290800_patch000,OPT_NORM_VIRTUAL_CONVEX_CONST_INIT_LONG_LIGHT_JTOTAL,Virtual Convex Light Shrinkage (2000 iters),≤125,5262,0.16679169174510042,0.005541482088639227,0.9680090268498148
RAD_OPERA_HOURLY_RAINFALL_ACCUMULATION_202301290800_patch000,OPT_NORM_VIRTUAL_CONVEX_CONST_INIT_LONG_LIGHT_JTOTAL,Virtual Convex Light Shrinkage (2000 iters),"(125,375]",20568,0.1670416123279647,-0.0022912493293640542,0.9696036992354998
RAD_OPERA_HOURLY_RAINFALL_ACCUMULATION_202301290800_patch000,OPT_NORM_VIRTUAL_CONVEX_CONST_INIT_LONG_LIGHT_JTOTAL,Virtual Convex Light Shrinkage (2000 iters),"(375,750]",33486,0.19841741117338504,-0.002805139477631884,0.960964170586787
RAD_OPERA_HOURLY_RAINFALL_ACCUMULATION_202301290800_patch000,OPT_NORM_VIRTUAL_CONVEX_CONST_INIT_LONG_LIGHT_JTOTAL,Virtual Convex Light Shrinkage (2000 iters),"(750,1500]",65862,0.2502278041686895,0.007011078057137519,0.9387218007746626
RAD_OPERA_HOURLY_RAINFALL_ACCUMULATION_202301290800_patch000,OPT_NORM_VIRTUAL_CONVEX_CONST_INIT_LONG_LIGHT_JTOTAL,Virtual Convex Light Shrinkage (2000 iters),"(1500,3125]",113228,0.35645417791089756,0.05975047231865994,0.884845531822477
RAD_OPERA_HOURLY_RAINFALL_ACCUMULATION_202301290800_patch000,OPT_NORM_VIRTUAL_CONVEX_CONST_INIT_LONG_LIGHT_JTOTAL,Virtual Convex Light Shrinkage (2000 iters),"(3125,6000]",62239,0.6295969670505613,0.21356007882321726,0.711595092763177
RAD_OPERA_HOURLY_RAINFALL_ACCUMULATION_202301290800_patch000,OPT_NORM_VIRTUAL_CONVEX_CONST_INIT_LONG_LIGHT_JTOTAL,Virtual Convex Light Shrinkage (2000 iters),"(6000,9000]",2459,0.8448861609970971,0.4703571350897362,0.5775599249236106
RAD_OPERA_HOURLY_RAINFALL_ACCUMULATION_202301291100_patch000,OPT_NORM_VIRTUAL_CONVEX_CONST_INIT_LONG_LIGHT_JTOTAL,Virtual Convex Light Shrinkage (2000 iters),≤125,3487,0.25470319463767244,-0.001147783927326733,0.9829749592802022
RAD_OPERA_HOURLY_RAINFALL_ACCUMULATION_202301291100_patch000,OPT_NORM_VIRTUAL_CONVEX_CONST_INIT_LONG_LIGHT_JTOTAL,Virtual Convex Light Shrinkage (2000 iters),"(125,375]",13581,0.263912420078555,0.0036238887929554743,0.9839549032289471
RAD_OPERA_HOURLY_RAINFALL_ACCUMULATION_202301291100_patch000,OPT_NORM_VIRTUAL_CONVEX_CONST_INIT_LONG_LIGHT_JTOTAL,Virtual Convex Light Shrinkage (2000 iters),"(375,750]",20224,0.36325993392864775,0.015352437086992814,0.9791154802491183
RAD_OPERA_HOURLY_RAINFALL_ACCUMULATION_202301291100_patch000,OPT_NORM_VIRTUAL_CONVEX_CONST_INIT_LONG_LIGHT_JTOTAL,Virtual Convex Light Shrinkage (2000 iters),"(750,1500]",37125,0.49428955446513023,0.01757048805956086,0.9741967716446168
RAD_OPERA_HOURLY_RAINFALL_ACCUMULATION_202301291100_patch000,OPT_NORM_VIRTUAL_CONVEX_CONST_INIT_LONG_LIGHT_JTOTAL,Virtual Convex Light Shrinkage (2000 iters),"(1500,3125]",60628,0.7050814184325137,-0.019256256457336852,0.9649486411742562
RAD_OPERA_HOURLY_RAINFALL_ACCUMULATION_202301291100_patch000,OPT_NORM_VIRTUAL_CONVEX_CONST_INIT_LONG_LIGHT_JTOTAL,Virtual Convex Light Shrinkage (2000 iters),"(3125,6000]",30024,0.9169767769340391,0.10899676250523642,0.9067398862232033
RAD_OPERA_HOURLY_RAINFALL_ACCUMULATION_202301291100_patch000,OPT_NORM_VIRTUAL_CONVEX_CONST_INIT_LONG_LIGHT_JTOTAL,Virtual Convex Light Shrinkage (2000 iters),"(6000,9000]",1331,0.6853310681987599,0.35693967978279006,0.7724129066375629
RAD_OPERA_HOURLY_RAINFALL_ACCUMULATION_202301291700_patch000,OPT_NORM_VIRTUAL_CONVEX_CONST_INIT_LONG_LIGHT_JTOTAL,Virtual Convex Light Shrinkage (2000 iters),≤125,4436,0.06425401231619308,0.0007627196173285234,0.9987116717218815
RAD_OPERA_HOURLY_RAINFALL_ACCUMULATION_202301291700_patch000,OPT_NORM_VIRTUAL_CONVEX_CONST_INIT_LONG_LIGHT_JTOTAL,Virtual Convex Light Shrinkage (2000 iters),"(125,375]",18292,0.07624022432373756,-0.0012973530982532831,0.9981029508717412
RAD_OPERA_HOURLY_RAINFALL_ACCUMULATION_202301291700_patch000,OPT_NORM_VIRTUAL_CONVEX_CONST_INIT_LONG_LIGHT_JTOTAL,Virtual Convex Light Shrinkage (2000 iters),"(375,750]",30466,0.10453273732298111,-0.002321418284047325,0.9959385340445077
RAD_OPERA_HOURLY_RAINFALL_ACCUMULATION_202301291700_patch000,OPT_NORM_VIRTUAL_CONVEX_CONST_INIT_LONG_LIGHT_JTOTAL,Virtual Convex Light Shrinkage (2000 iters),"(750,1500]",61389,0.1478930863658701,0.0020061968508459428,0.9902674485660536
RAD_OPERA_HOURLY_RAINFALL_ACCUMULATION_202301291700_patch000,OPT_NORM_VIRTUAL_CONVEX_CONST_INIT_LONG_LIGHT_JTOTAL,Virtual Convex Light Shrinkage (2000 iters),"(1500,3125]",101766,0.20587301082254472,0.01842682924943579,0.9747681369647069
RAD_OPERA_HOURLY_RAINFALL_ACCUMULATION_202301291700_patch000,OPT_NORM_VIRTUAL_CONVEX_CONST_INIT_LONG_LIGHT_JTOTAL,Virtual Convex Light Shrinkage (2000 iters),"(3125,6000]",46480,0.24325288346333093,0.04390630450760128,0.9437091497041807
RAD_OPERA_HOURLY_RAINFALL_ACCUMULATION_202301291700_patch000,OPT_NORM_VIRTUAL_CONVEX_CONST_INIT_LONG_LIGHT_JTOTAL,Virtual Convex Light Shrinkage (2000 iters),"(6000,9000]",3411,0.27731933829642264,0.12335657353486458,0.9085938494334691
RAD_OPERA_HOURLY_RAINFALL_ACCUMULATION_202301291900_patch000,OPT_NORM_VIRTUAL_CONVEX_CONST_INIT_LONG_LIGHT_JTOTAL,Virtual Convex Light Shrinkage (2000 iters),≤125,7080,0.19319640833900792,-0.0021020511701955636,0.9962074543542028
RAD_OPERA_HOURLY_RAINFALL_ACCUMULATION_202301291900_patch000,OPT_NORM_VIRTUAL_CONVEX_CONST_INIT_LONG_LIGHT_JTOTAL,Virtual Convex Light Shrinkage (2000 iters),"(125,375]",28363,0.21069024446781726,0.0029444780890403553,0.9949985211184116
RAD_OPERA_HOURLY_RAINFALL_ACCUMULATION_202301291900_patch000,OPT_NORM_VIRTUAL_CONVEX_CONST_INIT_LONG_LIGHT_JTOTAL,Virtual Convex Light Shrinkage (2000 iters),"(375,750]",48321,0.26218164907824815,0.005859139994554983,0.991428162172283
RAD_OPERA_HOURLY_RAINFALL_ACCUMULATION_202301291900_patch000,OPT_NORM_VIRTUAL_CONVEX_CONST_INIT_LONG_LIGHT_JTOTAL,Virtual Convex Light Shrinkage (2000 iters),"(750,1500]",100191,0.32203625490198556,-0.01288163478545982,0.9863921425307152
RAD_OPERA_HOURLY_RAINFALL_ACCUMULATION_202301291900_patch000,OPT_NORM_VIRTUAL_CONVEX_CONST_INIT_LONG_LIGHT_JTOTAL,Virtual Convex Light Shrinkage (2000 iters),"(1500,3125]",191182,0.4740519926546164,-0.04030606150065952,0.9729378065376405
RAD_OPERA_HOURLY_RAINFALL_ACCUMULATION_202301291900_patch000,OPT_NORM_VIRTUAL_CONVEX_CONST_INIT_LONG_LIGHT_JTOTAL,Virtual Convex Light Shrinkage (2000 iters),"(3125,6000]",110001,0.5966307858808932,-0.12025190763948783,0.9670192371971015
RAD_OPERA_HOURLY_RAINFALL_ACCUMULATION_202301291900_patch000,OPT_NORM_VIRTUAL_CONVEX_CONST_INIT_LONG_LIGHT_JTOTAL,Virtual Convex Light Shrinkage (2000 iters),"(6000,9000]",9824,0.5400439587285105,0.16685746589839362,0.9017272886401936
RAD_OPERA_HOURLY_RAINFALL_ACCUMULATION_202301291900_patch000,OPT_NORM_VIRTUAL_CONVEX_CONST_INIT_LONG_LIGHT_JTOTAL,Virtual Convex Light Shrinkage (2000 iters),>9000,654,0.5226723182153562,0.46147286445358116,0.9263947470584155
RAD_OPERA_HOURLY_RAINFALL_ACCUMULATION_202301292200_patch002,OPT_NORM_VIRTUAL_CONVEX_CONST_INIT_LONG_LIGHT_JTOTAL,Virtual Convex Light Shrinkage (2000 iters),≤125,3390,0.08883962210906257,0.0024381167593255505,0.9926681017713164
RAD_OPERA_HOURLY_RAINFALL_ACCUMULATION_202301292200_patch002,OPT_NORM_VIRTUAL_CONVEX_CONST_INIT_LONG_LIGHT_JTOTAL,Virtual Convex Light Shrinkage (2000 iters),"(125,375]",13291,0.10313595931678257,0.004216142826734713,0.9914329529524545
RAD_OPERA_HOURLY_RAINFALL_ACCUMULATION_202301292200_patch002,OPT_NORM_VIRTUAL_CONVEX_CONST_INIT_LONG_LIGHT_JTOTAL,Virtual Convex Light Shrinkage (2000 iters),"(375,750]",19563,0.14754884921504088,-0.003102208368435646,0.9876061953870303
RAD_OPERA_HOURLY_RAINFALL_ACCUMULATION_202301292200_patch002,OPT_NORM_VIRTUAL_CONVEX_CONST_INIT_LONG_LIGHT_JTOTAL,Virtual Convex Light Shrinkage (2000 iters),"(750,1500]",36286,0.20614873187059238,-0.011857774034524407,0.9793355972777184
RAD_OPERA_HOURLY_RAINFALL_ACCUMULATION_202301292200_patch002,OPT_NORM_VIRTUAL_CONVEX_CONST_INIT_LONG_LIGHT_JTOTAL,Virtual Convex Light Shrinkage (2000 iters),"(1500,3125]",59850,0.3114031652608129,-0.0029230546806888373,0.9595351426502221
RAD_OPERA_HOURLY_RAINFALL_ACCUMULATION_202301292200_patch002,OPT_NORM_VIRTUAL_CONVEX_CONST_INIT_LONG_LIGHT_JTOTAL,Virtual Convex Light Shrinkage (2000 iters),"(3125,6000]",31192,0.40327754241410035,0.08194133829756345,0.9591020526928171
RAD_OPERA_HOURLY_RAINFALL_ACCUMULATION_202301292200_patch002,OPT_NORM_VIRTUAL_CONVEX_CONST_INIT_LONG_LIGHT_JTOTAL,Virtual Convex Light Shrinkage (2000 iters),"(6000,9000]",2828,0.5357128718627222,0.43760372898534805,0.9283079186765155
RAD_OPERA_HOURLY_RAINFALL_ACCUMULATION_202301292300_patch001,OPT_NORM_VIRTUAL_CONVEX_CONST_INIT_LONG_LIGHT_JTOTAL,Virtual Convex Light Shrinkage (2000 iters),≤125,3907,0.17948504991136405,0.0028442751729705006,0.9912824258706878
RAD_OPERA_HOURLY_RAINFALL_ACCUMULATION_202301292300_patch001,OPT_NORM_VIRTUAL_CONVEX_CONST_INIT_LONG_LIGHT_JTOTAL,Virtual Convex Light Shrinkage (2000 iters),"(125,375]",15106,0.2017490804849384,-0.00021986972097212253,0.989456206546938
RAD_OPERA_HOURLY_RAINFALL_ACCUMULATION_202301292300_patch001,OPT_NORM_VIRTUAL_CONVEX_CONST_INIT_LONG_LIGHT_JTOTAL,Virtual Convex Light Shrinkage (2000 iters),"(375,750]",22392,0.25075762431619947,0.006861999260927789,0.9837234025386931
RAD_OPERA_HOURLY_RAINFALL_ACCUMULATION_202301292300_patch001,OPT_NORM_VIRTUAL_CONVEX_CONST_INIT_LONG_LIGHT_JTOTAL,Virtual Convex Light Shrinkage (2000 iters),"(750,1500]",41007,0.337792844484573,-0.006146532580716866,0.9708359870329432
RAD_OPERA_HOURLY_RAINFALL_ACCUMULATION_202301292300_patch001,OPT_NORM_VIRTUAL_CONVEX_CONST_INIT_LONG_LIGHT_JTOTAL,Virtual Convex Light Shrinkage (2000 iters),"(1500,3125]",70023,0.44150762563234996,-0.02395053790467289,0.9391877527260717
RAD_OPERA_HOURLY_RAINFALL_ACCUMULATION_202301292300_patch001,OPT_NORM_VIRTUAL_CONVEX_CONST_INIT_LONG_LIGHT_JTOTAL,Virtual Convex Light Shrinkage (2000 iters),"(3125,6000]",32501,0.498352562063176,-0.014670804527619336,0.9113094042081579
RAD_OPERA_HOURLY_RAINFALL_ACCUMULATION_202301292300_patch001,OPT_NORM_VIRTUAL_CONVEX_CONST_INIT_LONG_LIGHT_JTOTAL,Virtual Convex Light Shrinkage (2000 iters),"(6000,9000]",1432,0.8588843384362974,0.2662581205368042,0.9136360486879858
RAD_OPERA_HOURLY_RAINFALL_ACCUMULATION_202301292300_patch003,OPT_NORM_VIRTUAL_CONVEX_CONST_INIT_LONG_LIGHT_JTOTAL,Virtual Convex Light Shrinkage (2000 iters),≤125,3610,0.052738573410364205,-0.001513428651725156,0.994672096164852
RAD_OPERA_HOURLY_RAINFALL_ACCUMULATION_202301292300_patch003,OPT_NORM_VIRTUAL_CONVEX_CONST_INIT_LONG_LIGHT_JTOTAL,Virtual Convex Light Shrinkage (2000 iters),"(125,375]",14108,0.06459356145189084,-0.0008766291616048832,0.99279001104264
RAD_OPERA_HOURLY_RAINFALL_ACCUMULATION_202301292300_patch003,OPT_NORM_VIRTUAL_CONVEX_CONST_INIT_LONG_LIGHT_JTOTAL,Virtual Convex Light Shrinkage (2000 iters),"(375,750]",20775,0.0862613989281174,-0.0005174303226952949,0.9894303644864256
RAD_OPERA_HOURLY_RAINFALL_ACCUMULATION_202301292300_patch003,OPT_NORM_VIRTUAL_CONVEX_CONST_INIT_LONG_LIGHT_JTOTAL,Virtual Convex Light Shrinkage (2000 iters),"(750,1500]",37991,0.1103367137311868,0.0006234826864903406,0.9845568152305961
RAD_OPERA_HOURLY_RAINFALL_ACCUMULATION_202301292300_patch003,OPT_NORM_VIRTUAL_CONVEX_CONST_INIT_LONG_LIGHT_JTOTAL,Virtual Convex Light Shrinkage (2000 iters),"(1500,3125]",63127,0.1493700141032778,0.00702879288064111,0.9745401461645548
RAD_OPERA_HOURLY_RAINFALL_ACCUMULATION_202301292300_patch003,OPT_NORM_VIRTUAL_CONVEX_CONST_INIT_LONG_LIGHT_JTOTAL,Virtual Convex Light Shrinkage (2000 iters),"(3125,6000]",30617,0.21292618475217404,-0.03436775631450924,0.9575393292826508
RAD_OPERA_HOURLY_RAINFALL_ACCUMULATION_202301292300_patch003,OPT_NORM_VIRTUAL_CONVEX_CONST_INIT_LONG_LIGHT_JTOTAL,Virtual Convex Light Shrinkage (2000 iters),"(6000,9000]",2828,0.25826083136916006,0.10994578385791481,0.8123520427181188
RAD_OPERA_HOURLY_RAINFALL_ACCUMULATION_202301300000_patch001,OPT_NORM_VIRTUAL_CONVEX_CONST_INIT_LONG_LIGHT_JTOTAL,Virtual Convex Light Shrinkage (2000 iters),≤125,4141,0.0867852739284701,-0.0006113316062221606,0.9882305144399475
RAD_OPERA_HOURLY_RAINFALL_ACCUMULATION_202301300000_patch001,OPT_NORM_VIRTUAL_CONVEX_CONST_INIT_LONG_LIGHT_JTOTAL,Virtual Convex Light Shrinkage (2000 iters),"(125,375]",16335,0.10361768446585645,0.00025695682411205526,0.9862739906350948
RAD_OPERA_HOURLY_RAINFALL_ACCUMULATION_202301300000_patch001,OPT_NORM_VIRTUAL_CONVEX_CONST_INIT_LONG_LIGHT_JTOTAL,Virtual Convex Light Shrinkage (2000 iters),"(375,750]",25337,0.1443743425262191,0.0013266314119106451,0.9780786623631098
RAD_OPERA_HOURLY_RAINFALL_ACCUMULATION_202301300000_patch001,OPT_NORM_VIRTUAL_CONVEX_CONST_INIT_LONG_LIGHT_JTOTAL,Virtual Convex Light Shrinkage (2000 iters),"(750,1500]",47734,0.19723860198674284,9.49853096019489e-05,0.9668785830984233
RAD_OPERA_HOURLY_RAINFALL_ACCUMULATION_202301300000_patch001,OPT_NORM_VIRTUAL_CONVEX_CONST_INIT_LONG_LIGHT_JTOTAL,Virtual Convex Light Shrinkage (2000 iters),"(1500,3125]",78336,0.2497932649233397,0.017146404191936835,0.9447883712990164
RAD_OPERA_HOURLY_RAINFALL_ACCUMULATION_202301300000_patch001,OPT_NORM_VIRTUAL_CONVEX_CONST_INIT_LONG_LIGHT_JTOTAL,Virtual Convex Light Shrinkage (2000 iters),"(3125,6000]",34552,0.3090215568862712,0.03302624556692035,0.9014971376137753
RAD_OPERA_HOURLY_RAINFALL_ACCUMULATION_202301300000_patch001,OPT_NORM_VIRTUAL_CONVEX_CONST_INIT_LONG_LIGHT_JTOTAL,Virtual Convex Light Shrinkage (2000 iters),"(6000,9000]",1437,0.5122146331877137,0.36815559532215963,0.7495187002937722
RAD_OPERA_HOURLY_RAINFALL_ACCUMULATION_202301300200_patch001,OPT_NORM_VIRTUAL_CONVEX_CONST_INIT_LONG_LIGHT_JTOTAL,Virtual Convex Light Shrinkage (2000 iters),≤125,5782,0.08193113839522957,0.00015964815460740799,0.9937736520150375
RAD_OPERA_HOURLY_RAINFALL_ACCUMULATION_202301300200_patch001,OPT_NORM_VIRTUAL_CONVEX_CONST_INIT_LONG_LIGHT_JTOTAL,Virtual Convex Light Shrinkage (2000 iters),"(125,375]",23121,0.09703218326136617,-0.001288480904269273,0.9910654694104919
RAD_OPERA_HOURLY_RAINFALL_ACCUMULATION_202301300200_patch001,OPT_NORM_VIRTUAL_CONVEX_CONST_INIT_LONG_LIGHT_JTOTAL,Virtual Convex Light Shrinkage (2000 iters),"(375,750]",39508,0.12536303920947064,-0.0010499758247036774,0.9852825533780231
RAD_OPERA_HOURLY_RAINFALL_ACCUMULATION_202301300200_patch001,OPT_NORM_VIRTUAL_CONVEX_CONST_INIT_LONG_LIGHT_JTOTAL,Virtual Convex Light Shrinkage (2000 iters),"(750,1500]",83743,0.1607523508203971,-0.0037565203863667114,0.975854090667195
RAD_OPERA_HOURLY_RAINFALL_ACCUMULATION_202301300200_patch001,OPT_NORM_VIRTUAL_CONVEX_CONST_INIT_LONG_LIGHT_JTOTAL,Virtual Convex Light Shrinkage (2000 iters),"(1500,3125]",155901,0.2184043842130823,-0.023362659936461985,0.9593399354813706
RAD_OPERA_HOURLY_RAINFALL_ACCUMULATION_202301300200_patch001,OPT_NORM_VIRTUAL_CONVEX_CONST_INIT_LONG_LIGHT_JTOTAL,Virtual Convex Light Shrinkage (2000 iters),"(3125,6000]",76905,0.26802138216529925,-0.040188733056961704,0.9473994570706715
RAD_OPERA_HOURLY_RAINFALL_ACCUMULATION_202301300200_patch001,OPT_NORM_VIRTUAL_CONVEX_CONST_INIT_LONG_LIGHT_JTOTAL,Virtual Convex Light Shrinkage (2000 iters),"(6000,9000]",6563,0.27343148121632943,0.08207536372182284,0.9464370805870643
RAD_OPERA_HOURLY_RAINFALL_ACCUMULATION_202301300200_patch001,OPT_NORM_VIRTUAL_CONVEX_CONST_INIT_LONG_LIGHT_JTOTAL,Virtual Convex Light Shrinkage (2000 iters),>9000,157,0.31267382533862254,0.3107137938213956,0.799416854544991
RAD_OPERA_HOURLY_RAINFALL_ACCUMULATION_202301301000_patch000,OPT_NORM_VIRTUAL_CONVEX_CONST_INIT_LONG_LIGHT_JTOTAL,Virtual Convex Light Shrinkage (2000 iters),≤125,6083,0.12251508507703528,0.00416807167706042,0.991395272635663
RAD_OPERA_HOURLY_RAINFALL_ACCUMULATION_202301301000_patch000,OPT_NORM_VIRTUAL_CONVEX_CONST_INIT_LONG_LIGHT_JTOTAL,Virtual Convex Light Shrinkage (2000 iters),"(125,375]",24156,0.1350805361542569,0.0006347878629905851,0.9906058449753993
RAD_OPERA_HOURLY_RAINFALL_ACCUMULATION_202301301000_patch000,OPT_NORM_VIRTUAL_CONVEX_CONST_INIT_LONG_LIGHT_JTOTAL,Virtual Convex Light Shrinkage (2000 iters),"(375,750]",39430,0.17545601885251827,0.0028033930306624495,0.9857629502550326
RAD_OPERA_HOURLY_RAINFALL_ACCUMULATION_202301301000_patch000,OPT_NORM_VIRTUAL_CONVEX_CONST_INIT_LONG_LIGHT_JTOTAL,Virtual Convex Light Shrinkage (2000 iters),"(750,1500]",77358,0.22712805643557984,0.011465188218986407,0.9779468049320486
RAD_OPERA_HOURLY_RAINFALL_ACCUMULATION_202301301000_patch000,OPT_NORM_VIRTUAL_CONVEX_CONST_INIT_LONG_LIGHT_JTOTAL,Virtual Convex Light Shrinkage (2000 iters),"(1500,3125]",133480,0.3095724236768501,0.059373585802327385,0.9622723604591404
RAD_OPERA_HOURLY_RAINFALL_ACCUMULATION_202301301000_patch000,OPT_NORM_VIRTUAL_CONVEX_CONST_INIT_LONG_LIGHT_JTOTAL,Virtual Convex Light Shrinkage (2000 iters),"(3125,6000]",80920,0.4877259863736016,0.12946258074472408,0.9260641511666102
RAD_OPERA_HOURLY_RAINFALL_ACCUMULATION_202301301000_patch000,OPT_NORM_VIRTUAL_CONVEX_CONST_INIT_LONG_LIGHT_JTOTAL,Virtual Convex Light Shrinkage (2000 iters),"(6000,9000]",9842,0.6665473683312434,0.31453172408066876,0.8600225978468056
RAD_OPERA_HOURLY_RAINFALL_ACCUMULATION_202301301000_patch000,OPT_NORM_VIRTUAL_CONVEX_CONST_INIT_LONG_LIGHT_JTOTAL,Virtual Convex Light Shrinkage (2000 iters),>9000,443,0.48606791909242536,0.37895314553521287,0.8002542932277288
RAD_OPERA_HOURLY_RAINFALL_ACCUMULATION_202301302200_patch000,OPT_NORM_VIRTUAL_CONVEX_CONST_INIT_LONG_LIGHT_JTOTAL,Virtual Convex Light Shrinkage (2000 iters),≤125,4949,0.34438531888151547,-0.001421734187838573,0.9835616584566055
RAD_OPERA_HOURLY_RAINFALL_ACCUMULATION_202301302200_patch000,OPT_NORM_VIRTUAL_CONVEX_CONST_INIT_LONG_LIGHT_JTOTAL,Virtual Convex Light Shrinkage (2000 iters),"(125,375]",18581,0.41115772570492987,-0.005715671053205276,0.9784747721932786
RAD_OPERA_HOURLY_RAINFALL_ACCUMULATION_202301302200_patch000,OPT_NORM_VIRTUAL_CONVEX_CONST_INIT_LONG_LIGHT_JTOTAL,Virtual Convex Light Shrinkage (2000 iters),"(375,750]",27724,0.5973314093849884,-0.014492513940045713,0.9633253339175697
RAD_OPERA_HOURLY_RAINFALL_ACCUMULATION_202301302200_patch000,OPT_NORM_VIRTUAL_CONVEX_CONST_INIT_LONG_LIGHT_JTOTAL,Virtual Convex Light Shrinkage (2000 iters),"(750,1500]",51472,0.8497719353112766,-0.062007878496223884,0.9437582432913567
RAD_OPERA_HOURLY_RAINFALL_ACCUMULATION_202301302200_patch000,OPT_NORM_VIRTUAL_CONVEX_CONST_INIT_LONG_LIGHT_JTOTAL,Virtual Convex Light Shrinkage (2000 iters),"(1500,3125]",89017,1.2987006672553982,-0.1316389447418796,0.8755069096927527
RAD_OPERA_HOURLY_RAINFALL_ACCUMULATION_202301302200_patch000,OPT_NORM_VIRTUAL_CONVEX_CONST_INIT_LONG_LIGHT_JTOTAL,Virtual Convex Light Shrinkage (2000 iters),"(3125,6000]",45865,1.6438908528279559,-0.14508809234260056,0.7226785946298537
RAD_OPERA_HOURLY_RAINFALL_ACCUMULATION_202301302200_patch000,OPT_NORM_VIRTUAL_CONVEX_CONST_INIT_LONG_LIGHT_JTOTAL,Virtual Convex Light Shrinkage (2000 iters),"(6000,9000]",2008,1.767475047303372,-0.4976005372313033,0.6612040384011434
RAD_OPERA_HOURLY_RAINFALL_ACCUMULATION_202301302200_patch001,OPT_NORM_VIRTUAL_CONVEX_CONST_INIT_LONG_LIGHT_JTOTAL,Virtual Convex Light Shrinkage (2000 iters),≤125,6108,0.19422317280161255,0.002509898212741385,0.9855169626218357
RAD_OPERA_HOURLY_RAINFALL_ACCUMULATION_202301302200_patch001,OPT_NORM_VIRTUAL_CONVEX_CONST_INIT_LONG_LIGHT_JTOTAL,Virtual Convex Light Shrinkage (2000 iters),"(125,375]",23986,0.22190573734879163,0.00014924096283856598,0.9827526999751536
RAD_OPERA_HOURLY_RAINFALL_ACCUMULATION_202301302200_patch001,OPT_NORM_VIRTUAL_CONVEX_CONST_INIT_LONG_LIGHT_JTOTAL,Virtual Convex Light Shrinkage (2000 iters),"(375,750]",39919,0.3075618605557083,0.0048085326374274415,0.9713949768143688
RAD_OPERA_HOURLY_RAINFALL_ACCUMULATION_202301302200_patch001,OPT_NORM_VIRTUAL_CONVEX_CONST_INIT_LONG_LIGHT_JTOTAL,Virtual Convex Light Shrinkage (2000 iters),"(750,1500]",80953,0.3813963326969743,0.02390856092157852,0.9575320093861976
RAD_OPERA_HOURLY_RAINFALL_ACCUMULATION_202301302200_patch001,OPT_NORM_VIRTUAL_CONVEX_CONST_INIT_LONG_LIGHT_JTOTAL,Virtual Convex Light Shrinkage (2000 iters),"(1500,3125]",142104,0.5378928221902431,0.0368805060063837,0.910393961872256
RAD_OPERA_HOURLY_RAINFALL_ACCUMULATION_202301302200_patch001,OPT_NORM_VIRTUAL_CONVEX_CONST_INIT_LONG_LIGHT_JTOTAL,Virtual Convex Light Shrinkage (2000 iters),"(3125,6000]",70835,0.670858103273812,0.1162362883676964,0.8251567194826412
RAD_OPERA_HOURLY_RAINFALL_ACCUMULATION_202301302200_patch001,OPT_NORM_VIRTUAL_CONVEX_CONST_INIT_LONG_LIGHT_JTOTAL,Virtual Convex Light Shrinkage (2000 iters),"(6000,9000]",3393,0.5958437085954758,0.31100288814500815,0.8856187270314486
RAD_OPERA_HOURLY_RAINFALL_ACCUMULATION_202301302200_patch001,OPT_NORM_VIRTUAL_CONVEX_CONST_INIT_LONG_LIGHT_JTOTAL,Virtual Convex Light Shrinkage (2000 iters),>9000,62,0.7132368036894572,0.7132196898662275,-0.3498434684251909
RAD_OPERA_HOURLY_RAINFALL_ACCUMULATION_202301302200_patch002,OPT_NORM_VIRTUAL_CONVEX_CONST_INIT_LONG_LIGHT_JTOTAL,Virtual Convex Light Shrinkage (2000 iters),≤125,5246,0.5397926395477772,0.001676240876404724,0.9727180188630279
RAD_OPERA_HOURLY_RAINFALL_ACCUMULATION_202301302200_patch002,OPT_NORM_VIRTUAL_CONVEX_CONST_INIT_LONG_LIGHT_JTOTAL,Virtual Convex Light Shrinkage (2000 iters),"(125,375]",20443,0.572763225466843,-0.005333031470859582,0.9707654574389455
RAD_OPERA_HOURLY_RAINFALL_ACCUMULATION_202301302200_patch002,OPT_NORM_VIRTUAL_CONVEX_CONST_INIT_LONG_LIGHT_JTOTAL,Virtual Convex Light Shrinkage (2000 iters),"(375,750]",33072,0.720048379519221,-0.020085833442290684,0.9505314279003378
RAD_OPERA_HOURLY_RAINFALL_ACCUMULATION_202301302200_patch002,OPT_NORM_VIRTUAL_CONVEX_CONST_INIT_LONG_LIGHT_JTOTAL,Virtual Convex Light Shrinkage (2000 iters),"(750,1500]",64408,1.0034519458801403,-0.07038139863072664,0.9160958789755205
RAD_OPERA_HOURLY_RAINFALL_ACCUMULATION_202301302200_patch002,OPT_NORM_VIRTUAL_CONVEX_CONST_INIT_LONG_LIGHT_JTOTAL,Virtual Convex Light Shrinkage (2000 iters),"(1500,3125]",110070,1.2080598656965382,-0.021173997335987967,0.8815244420591939
RAD_OPERA_HOURLY_RAINFALL_ACCUMULATION_202301302200_patch002,OPT_NORM_VIRTUAL_CONVEX_CONST_INIT_LONG_LIGHT_JTOTAL,Virtual Convex Light Shrinkage (2000 iters),"(3125,6000]",59833,1.1765074678446046,0.23091013998296453,0.8146589065813536
RAD_OPERA_HOURLY_RAINFALL_ACCUMULATION_202301302200_patch002,OPT_NORM_VIRTUAL_CONVEX_CONST_INIT_LONG_LIGHT_JTOTAL,Virtual Convex Light Shrinkage (2000 iters),"(6000,9000]",1840,1.2986969747887214,0.8343879476351582,0.6707112931467435
RAD_OPERA_HOURLY_RAINFALL_ACCUMULATION_202301310000_patch001,OPT_NORM_VIRTUAL_CONVEX_CONST_INIT_LONG_LIGHT_JTOTAL,Virtual Convex Light Shrinkage (2000 iters),≤125,4040,0.25253293503754254,0.008161114707302722,0.9766749316842519
RAD_OPERA_HOURLY_RAINFALL_ACCUMULATION_202301310000_patch001,OPT_NORM_VIRTUAL_CONVEX_CONST_INIT_LONG_LIGHT_JTOTAL,Virtual Convex Light Shrinkage (2000 iters),"(125,375]",16430,0.27608151883872495,-0.003965487590277022,0.9750287899364465
RAD_OPERA_HOURLY_RAINFALL_ACCUMULATION_202301310000_patch001,OPT_NORM_VIRTUAL_CONVEX_CONST_INIT_LONG_LIGHT_JTOTAL,Virtual Convex Light Shrinkage (2000 iters),"(375,750]",26966,0.3567033363556754,-0.022292744887372266,0.96288521024266
RAD_OPERA_HOURLY_RAINFALL_ACCUMULATION_202301310000_patch001,OPT_NORM_VIRTUAL_CONVEX_CONST_INIT_LONG_LIGHT_JTOTAL,Virtual Convex Light Shrinkage (2000 iters),"(750,1500]",52894,0.4468089439872348,-0.039148687308468134,0.950252819711061
RAD_OPERA_HOURLY_RAINFALL_ACCUMULATION_202301310000_patch001,OPT_NORM_VIRTUAL_CONVEX_CONST_INIT_LONG_LIGHT_JTOTAL,Virtual Convex Light Shrinkage (2000 iters),"(1500,3125]",83733,0.5997213341254578,-0.04856534281412552,0.917644760605434
RAD_OPERA_HOURLY_RAINFALL_ACCUMULATION_202301310000_patch001,OPT_NORM_VIRTUAL_CONVEX_CONST_INIT_LONG_LIGHT_JTOTAL,Virtual Convex Light Shrinkage (2000 iters),"(3125,6000]",44649,0.7201507032335046,0.027597575544116893,0.8368346881485712
RAD_OPERA_HOURLY_RAINFALL_ACCUMULATION_202301310000_patch001,OPT_NORM_VIRTUAL_CONVEX_CONST_INIT_LONG_LIGHT_JTOTAL,Virtual Convex Light Shrinkage (2000 iters),"(6000,9000]",1688,0.646067943111479,0.039915711005434604,0.7378067332263792
RAD_OPERA_HOURLY_RAINFALL_ACCUMULATION_202301310200_patch000,OPT_NORM_VIRTUAL_CONVEX_CONST_INIT_LONG_LIGHT_JTOTAL,Virtual Convex Light Shrinkage (2000 iters),≤125,3610,0.273773714266494,-0.007171309427706489,0.9919165490871246
RAD_OPERA_HOURLY_RAINFALL_ACCUMULATION_202301310200_patch000,OPT_NORM_VIRTUAL_CONVEX_CONST_INIT_LONG_LIGHT_JTOTAL,Virtual Convex Light Shrinkage (2000 iters),"(125,375]",14108,0.3244263469672443,0.0026777723578613136,0.9872417862138685
RAD_OPERA_HOURLY_RAINFALL_ACCUMULATION_202301310200_patch000,OPT_NORM_VIRTUAL_CONVEX_CONST_INIT_LONG_LIGHT_JTOTAL,Virtual Convex Light Shrinkage (2000 iters),"(375,750]",20775,0.39215768952940205,0.026373601750202844,0.9762154988824935
RAD_OPERA_HOURLY_RAINFALL_ACCUMULATION_202301310200_patch000,OPT_NORM_VIRTUAL_CONVEX_CONST_INIT_LONG_LIGHT_JTOTAL,Virtual Convex Light Shrinkage (2000 iters),"(750,1500]",37991,0.4841778571444026,0.024626740347052256,0.9571722768837788
RAD_OPERA_HOURLY_RAINFALL_ACCUMULATION_202301310200_patch000,OPT_NORM_VIRTUAL_CONVEX_CONST_INIT_LONG_LIGHT_JTOTAL,Virtual Convex Light Shrinkage (2000 iters),"(1500,3125]",63127,0.6609109667994846,0.05030754364074841,0.9107303827359713
RAD_OPERA_HOURLY_RAINFALL_ACCUMULATION_202301310200_patch000,OPT_NORM_VIRTUAL_CONVEX_CONST_INIT_LONG_LIGHT_JTOTAL,Virtual Convex Light Shrinkage (2000 iters),"(3125,6000]",30617,0.9363843777923041,0.15382266485660312,0.8306996151220462
RAD_OPERA_HOURLY_RAINFALL_ACCUMULATION_202301310200_patch000,OPT_NORM_VIRTUAL_CONVEX_CONST_INIT_LONG_LIGHT_JTOTAL,Virtual Convex Light Shrinkage (2000 iters),"(6000,9000]",2828,1.2806135229058213,1.1443260482590134,0.8973401217261874
RAD_OPERA_HOURLY_RAINFALL_ACCUMULATION_202301310900_patch000,OPT_NORM_VIRTUAL_CONVEX_CONST_INIT_LONG_LIGHT_JTOTAL,Virtual Convex Light Shrinkage (2000 iters),≤125,4327,0.1988737865556996,-0.00819596590102752,0.9924852261771077
RAD_OPERA_HOURLY_RAINFALL_ACCUMULATION_202301310900_patch000,OPT_NORM_VIRTUAL_CONVEX_CONST_INIT_LONG_LIGHT_JTOTAL,Virtual Convex Light Shrinkage (2000 iters),"(125,375]",17469,0.23668005494648428,-0.001743454930334524,0.9885899413948982
RAD_OPERA_HOURLY_RAINFALL_ACCUMULATION_202301310900_patch000,OPT_NORM_VIRTUAL_CONVEX_CONST_INIT_LONG_LIGHT_JTOTAL,Virtual Convex Light Shrinkage (2000 iters),"(375,750]",28304,0.29810722459445826,0.014138152173848232,0.9803354519941735
RAD_OPERA_HOURLY_RAINFALL_ACCUMULATION_202301310900_patch000,OPT_NORM_VIRTUAL_CONVEX_CONST_INIT_LONG_LIGHT_JTOTAL,Virtual Convex Light Shrinkage (2000 iters),"(750,1500]",54744,0.3900438361730799,0.02443134364960262,0.9672427437507584
RAD_OPERA_HOURLY_RAINFALL_ACCUMULATION_202301310900_patch000,OPT_NORM_VIRTUAL_CONVEX_CONST_INIT_LONG_LIGHT_JTOTAL,Virtual Convex Light Shrinkage (2000 iters),"(1500,3125]",84620,0.5882064976911996,0.0749101539771089,0.930458984811715
RAD_OPERA_HOURLY_RAINFALL_ACCUMULATION_202301310900_patch000,OPT_NORM_VIRTUAL_CONVEX_CONST_INIT_LONG_LIGHT_JTOTAL,Virtual Convex Light Shrinkage (2000 iters),"(3125,6000]",39893,0.7568023186919209,0.1118695967448855,0.8911767698311005
RAD_OPERA_HOURLY_RAINFALL_ACCUMULATION_202301310900_patch000,OPT_NORM_VIRTUAL_CONVEX_CONST_INIT_LONG_LIGHT_JTOTAL,Virtual Convex Light Shrinkage (2000 iters),"(6000,9000]",4424,1.2385658140769917,0.648580761326588,0.4989124220201659
RAD_OPERA_HOURLY_RAINFALL_ACCUMULATION_202301310900_patch000,OPT_NORM_VIRTUAL_CONVEX_CONST_INIT_LONG_LIGHT_JTOTAL,Virtual Convex Light Shrinkage (2000 iters),>9000,1227,1.8491111644189426,1.620392989412788,-0.6420169192581521
RAD_OPERA_HOURLY_RAINFALL_ACCUMULATION_202301311600_patch000,OPT_NORM_VIRTUAL_CONVEX_CONST_INIT_LONG_LIGHT_JTOTAL,Virtual Convex Light Shrinkage (2000 iters),≤125,4960,0.13113179929150856,0.0027251804187413183,0.9960981600066787
RAD_OPERA_HOURLY_RAINFALL_ACCUMULATION_202301311600_patch000,OPT_NORM_VIRTUAL_CONVEX_CONST_INIT_LONG_LIGHT_JTOTAL,Virtual Convex Light Shrinkage (2000 iters),"(125,375]",18632,0.1560128419494593,0.0037686051988791067,0.9940918291136193
RAD_OPERA_HOURLY_RAINFALL_ACCUMULATION_202301311600_patch000,OPT_NORM_VIRTUAL_CONVEX_CONST_INIT_LONG_LIGHT_JTOTAL,Virtual Convex Light Shrinkage (2000 iters),"(375,750]",27830,0.1992842186245319,0.003339549771667683,0.9894560539878435
RAD_OPERA_HOURLY_RAINFALL_ACCUMULATION_202301311600_patch000,OPT_NORM_VIRTUAL_CONVEX_CONST_INIT_LONG_LIGHT_JTOTAL,Virtual Convex Light Shrinkage (2000 iters),"(750,1500]",51558,0.2462146442746924,-0.010678812656240183,0.9817643368753273
RAD_OPERA_HOURLY_RAINFALL_ACCUMULATION_202301311600_patch000,OPT_NORM_VIRTUAL_CONVEX_CONST_INIT_LONG_LIGHT_JTOTAL,Virtual Convex Light Shrinkage (2000 iters),"(1500,3125]",90058,0.3096237771958725,-0.008873469792522352,0.9669502007600047
RAD_OPERA_HOURLY_RAINFALL_ACCUMULATION_202301311600_patch000,OPT_NORM_VIRTUAL_CONVEX_CONST_INIT_LONG_LIGHT_JTOTAL,Virtual Convex Light Shrinkage (2000 iters),"(3125,6000]",52277,0.4137690708252845,0.005411184439277937,0.9330080788702108
RAD_OPERA_HOURLY_RAINFALL_ACCUMULATION_202301311600_patch000,OPT_NORM_VIRTUAL_CONVEX_CONST_INIT_LONG_LIGHT_JTOTAL,Virtual Convex Light Shrinkage (2000 iters),"(6000,9000]",10952,0.7644428600663564,-0.054760028215613654,0.7587178671187701
RAD_OPERA_HOURLY_RAINFALL_ACCUMULATION_202301311600_patch000,OPT_NORM_VIRTUAL_CONVEX_CONST_INIT_LONG_LIGHT_JTOTAL,Virtual Convex Light Shrinkage (2000 iters),>9000,3317,0.7332526230919664,0.3581699080987619,0.45993362056406534
RAD_OPERA_HOURLY_RAINFALL_ACCUMULATION_202301312000_patch001,OPT_NORM_VIRTUAL_CONVEX_CONST_INIT_LONG_LIGHT_JTOTAL,Virtual Convex Light Shrinkage (2000 iters),≤125,4119,0.1497062526835852,-0.0055841689594279915,0.9878531743336705
RAD_OPERA_HOURLY_RAINFALL_ACCUMULATION_202301312000_patch001,OPT_NORM_VIRTUAL_CONVEX_CONST_INIT_LONG_LIGHT_JTOTAL,Virtual Convex Light Shrinkage (2000 iters),"(125,375]",15923,0.17250380244765587,-0.00036009332908051086,0.98096574496997
RAD_OPERA_HOURLY_RAINFALL_ACCUMULATION_202301312000_patch001,OPT_NORM_VIRTUAL_CONVEX_CONST_INIT_LONG_LIGHT_JTOTAL,Virtual Convex Light Shrinkage (2000 iters),"(375,750]",23477,0.22065774176448405,0.005909873584966347,0.9682964210026831
RAD_OPERA_HOURLY_RAINFALL_ACCUMULATION_202301312000_patch001,OPT_NORM_VIRTUAL_CONVEX_CONST_INIT_LONG_LIGHT_JTOTAL,Virtual Convex Light Shrinkage (2000 iters),"(750,1500]",42558,0.3207305775589234,-0.02852181202333176,0.9400771765304762
RAD_OPERA_HOURLY_RAINFALL_ACCUMULATION_202301312000_patch001,OPT_NORM_VIRTUAL_CONVEX_CONST_INIT_LONG_LIGHT_JTOTAL,Virtual Convex Light Shrinkage (2000 iters),"(1500,3125]",72310,0.5221062684478636,-0.09968072926951978,0.8622907311377146
RAD_OPERA_HOURLY_RAINFALL_ACCUMULATION_202301312000_patch001,OPT_NORM_VIRTUAL_CONVEX_CONST_INIT_LONG_LIGHT_JTOTAL,Virtual Convex Light Shrinkage (2000 iters),"(3125,6000]",35394,0.7547252519818493,-0.19123074957551395,0.7533605630111994
RAD_OPERA_HOURLY_RAINFALL_ACCUMULATION_202301312000_patch001,OPT_NORM_VIRTUAL_CONVEX_CONST_INIT_LONG_LIGHT_JTOTAL,Virtual Convex Light Shrinkage (2000 iters),"(6000,9000]",4806,0.8473431873668414,0.19610609672886106,0.11603050485277695
RAD_OPERA_HOURLY_RAINFALL_ACCUMULATION_202301312000_patch001,OPT_NORM_VIRTUAL_CONVEX_CONST_INIT_LONG_LIGHT_JTOTAL,Virtual Convex Light Shrinkage (2000 iters),>9000,1093,1.2969695664022047,1.2596475107344813,-0.43805845141206323
RAD_OPERA_HOURLY_RAINFALL_ACCUMULATION_202301180600_patch000,OPT_NORM_VIRTUAL_HOMOTOPY_CONST_INIT_LONG_LIGHT_JTOTAL,Homotopy Light Shrinkage (2000 iters),≤125,4307,0.31054557424938956,0.008595117676803344,0.9882606467362782
RAD_OPERA_HOURLY_RAINFALL_ACCUMULATION_202301180600_patch000,OPT_NORM_VIRTUAL_HOMOTOPY_CONST_INIT_LONG_LIGHT_JTOTAL,Homotopy Light Shrinkage (2000 iters),"(125,375]",16831,0.3543610662861709,-0.0005502960281174887,0.984252572352717
RAD_OPERA_HOURLY_RAINFALL_ACCUMULATION_202301180600_patch000,OPT_NORM_VIRTUAL_HOMOTOPY_CONST_INIT_LONG_LIGHT_JTOTAL,Homotopy Light Shrinkage (2000 iters),"(375,750]",25567,0.46328213266854557,0.004974760648142762,0.9721422768054042
RAD_OPERA_HOURLY_RAINFALL_ACCUMULATION_202301180600_patch000,OPT_NORM_VIRTUAL_HOMOTOPY_CONST_INIT_LONG_LIGHT_JTOTAL,Homotopy Light Shrinkage (2000 iters),"(750,1500]",46989,0.6316759337010385,0.031156941486304573,0.9431330678141916
RAD_OPERA_HOURLY_RAINFALL_ACCUMULATION_202301180600_patch000,OPT_NORM_VIRTUAL_HOMOTOPY_CONST_INIT_LONG_LIGHT_JTOTAL,Homotopy Light Shrinkage (2000 iters),"(1500,3125]",76874,0.8679284729969062,-0.032179670106512695,0.8865610396045707
RAD_OPERA_HOURLY_RAINFALL_ACCUMULATION_202301180600_patch000,OPT_NORM_VIRTUAL_HOMOTOPY_CONST_INIT_LONG_LIGHT_JTOTAL,Homotopy Light Shrinkage (2000 iters),"(3125,6000]",38395,0.987479392891062,-0.04330874606413927,0.80561996886505
RAD_OPERA_HOURLY_RAINFALL_ACCUMULATION_202301180600_patch000,OPT_NORM_VIRTUAL_HOMOTOPY_CONST_INIT_LONG_LIGHT_JTOTAL,Homotopy Light Shrinkage (2000 iters),"(6000,9000]",4984,0.7470001321747549,0.16217911288883674,0.511061915773149
RAD_OPERA_HOURLY_RAINFALL_ACCUMULATION_202301180600_patch000,OPT_NORM_VIRTUAL_HOMOTOPY_CONST_INIT_LONG_LIGHT_JTOTAL,Homotopy Light Shrinkage (2000 iters),>9000,1093,0.5245912800703615,0.05415709184487806,-0.6576093224554705
RAD_OPERA_HOURLY_RAINFALL_ACCUMULATION_202301180900_patch002,OPT_NORM_VIRTUAL_HOMOTOPY_CONST_INIT_LONG_LIGHT_JTOTAL,Homotopy Light Shrinkage (2000 iters),≤125,3902,0.26616556235447775,0.005850620904483068,0.9916903429402232
RAD_OPERA_HOURLY_RAINFALL_ACCUMULATION_202301180900_patch002,OPT_NORM_VIRTUAL_HOMOTOPY_CONST_INIT_LONG_LIGHT_JTOTAL,Homotopy Light Shrinkage (2000 iters),"(125,375]",15131,0.33639887576777433,-0.0007180294754601798,0.9866297438771185
RAD_OPERA_HOURLY_RAINFALL_ACCUMULATION_202301180900_patch002,OPT_NORM_VIRTUAL_HOMOTOPY_CONST_INIT_LONG_LIGHT_JTOTAL,Homotopy Light Shrinkage (2000 iters),"(375,750]",22331,0.42960194479140273,0.006449952947061024,0.9778093859367771
RAD_OPERA_HOURLY_RAINFALL_ACCUMULATION_202301180900_patch002,OPT_NORM_VIRTUAL_HOMOTOPY_CONST_INIT_LONG_LIGHT_JTOTAL,Homotopy Light Shrinkage (2000 iters),"(750,1500]",41053,0.5562535251911594,-0.012582016427476887,0.9632202615060028
RAD_OPERA_HOURLY_RAINFALL_ACCUMULATION_202301180900_patch002,OPT_NORM_VIRTUAL_HOMOTOPY_CONST_INIT_LONG_LIGHT_JTOTAL,Homotopy Light Shrinkage (2000 iters),"(1500,3125]",69051,0.8687910510382463,-0.17175439741092483,0.9338525291815658
RAD_OPERA_HOURLY_RAINFALL_ACCUMULATION_202301180900_patch002,OPT_NORM_VIRTUAL_HOMOTOPY_CONST_INIT_LONG_LIGHT_JTOTAL,Homotopy Light Shrinkage (2000 iters),"(3125,6000]",34633,1.728811846034454,-0.4281397038862508,0.800443282980983
RAD_OPERA_HOURLY_RAINFALL_ACCUMULATION_202301180900_patch002,OPT_NORM_VIRTUAL_HOMOTOPY_CONST_INIT_LONG_LIGHT_JTOTAL,Homotopy Light Shrinkage (2000 iters),"(6000,9000]",4806,1.814779486216474,0.6110445312346412,-0.16117515612445382
RAD_OPERA_HOURLY_RAINFALL_ACCUMULATION_202301180900_patch002,OPT_NORM_VIRTUAL_HOMOTOPY_CONST_INIT_LONG_LIGHT_JTOTAL,Homotopy Light Shrinkage (2000 iters),>9000,1093,2.0844861264517447,-0.41079514253499416,0.019208254130792978
RAD_OPERA_HOURLY_RAINFALL_ACCUMULATION_202301181200_patch003,OPT_NORM_VIRTUAL_HOMOTOPY_CONST_INIT_LONG_LIGHT_JTOTAL,Homotopy Light Shrinkage (2000 iters),≤125,3836,0.3389618539958398,0.004179758960050963,0.9883477654714018
RAD_OPERA_HOURLY_RAINFALL_ACCUMULATION_202301181200_patch003,OPT_NORM_VIRTUAL_HOMOTOPY_CONST_INIT_LONG_LIGHT_JTOTAL,Homotopy Light Shrinkage (2000 iters),"(125,375]",15470,0.35742403782537313,0.002707473121558779,0.9828810010432856
RAD_OPERA_HOURLY_RAINFALL_ACCUMULATION_202301181200_patch003,OPT_NORM_VIRTUAL_HOMOTOPY_CONST_INIT_LONG_LIGHT_JTOTAL,Homotopy Light Shrinkage (2000 iters),"(375,750]",24747,0.4264988610412217,-0.02116787199229933,0.9724138059982392
RAD_OPERA_HOURLY_RAINFALL_ACCUMULATION_202301181200_patch003,OPT_NORM_VIRTUAL_HOMOTOPY_CONST_INIT_LONG_LIGHT_JTOTAL,Homotopy Light Shrinkage (2000 iters),"(750,1500]",46358,0.5838797318479109,-0.01962163152700843,0.9505797556825613
RAD_OPERA_HOURLY_RAINFALL_ACCUMULATION_202301181200_patch003,OPT_NORM_VIRTUAL_HOMOTOPY_CONST_INIT_LONG_LIGHT_JTOTAL,Homotopy Light Shrinkage (2000 iters),"(1500,3125]",72954,0.8081417137791767,0.10730072724276299,0.9126961546740363
RAD_OPERA_HOURLY_RAINFALL_ACCUMULATION_202301181200_patch003,OPT_NORM_VIRTUAL_HOMOTOPY_CONST_INIT_LONG_LIGHT_JTOTAL,Homotopy Light Shrinkage (2000 iters),"(3125,6000]",38442,0.9378431356079076,0.29160588030415724,0.866805462394982
RAD_OPERA_HOURLY_RAINFALL_ACCUMULATION_202301181200_patch003,OPT_NORM_VIRTUAL_HOMOTOPY_CONST_INIT_LONG_LIGHT_JTOTAL,Homotopy Light Shrinkage (2000 iters),"(6000,9000]",2993,0.804345055403096,-0.03364759590010001,0.6731418980789733
RAD_OPERA_HOURLY_RAINFALL_ACCUMULATION_202301181300_patch002,OPT_NORM_VIRTUAL_HOMOTOPY_CONST_INIT_LONG_LIGHT_JTOTAL,Homotopy Light Shrinkage (2000 iters),≤125,4067,0.1841384961970503,0.0024300798139907467,0.9881928234906007
RAD_OPERA_HOURLY_RAINFALL_ACCUMULATION_202301181300_patch002,OPT_NORM_VIRTUAL_HOMOTOPY_CONST_INIT_LONG_LIGHT_JTOTAL,Homotopy Light Shrinkage (2000 iters),"(125,375]",16278,0.2113687101410648,0.0003712363509086649,0.9836624552740876
RAD_OPERA_HOURLY_RAINFALL_ACCUMULATION_202301181300_patch002,OPT_NORM_VIRTUAL_HOMOTOPY_CONST_INIT_LONG_LIGHT_JTOTAL,Homotopy Light Shrinkage (2000 iters),"(375,750]",25812,0.29223198463185757,-0.009722466655762532,0.9593385280171365
RAD_OPERA_HOURLY_RAINFALL_ACCUMULATION_202301181300_patch002,OPT_NORM_VIRTUAL_HOMOTOPY_CONST_INIT_LONG_LIGHT_JTOTAL,Homotopy Light Shrinkage (2000 iters),"(750,1500]",48116,0.3774005787578039,-0.012500285284706893,0.931248239380509
RAD_OPERA_HOURLY_RAINFALL_ACCUMULATION_202301181300_patch002,OPT_NORM_VIRTUAL_HOMOTOPY_CONST_INIT_LONG_LIGHT_JTOTAL,Homotopy Light Shrinkage (2000 iters),"(1500,3125]",75981,0.5182555924527429,-0.022015721338150874,0.873880478033467
RAD_OPERA_HOURLY_RAINFALL_ACCUMULATION_202301181300_patch002,OPT_NORM_VIRTUAL_HOMOTOPY_CONST_INIT_LONG_LIGHT_JTOTAL,Homotopy Light Shrinkage (2000 iters),"(3125,6000]",35618,0.4246195979987086,0.02922292191172725,0.8289937174930939
RAD_OPERA_HOURLY_RAINFALL_ACCUMULATION_202301181300_patch002,OPT_NORM_VIRTUAL_HOMOTOPY_CONST_INIT_LONG_LIGHT_JTOTAL,Homotopy Light Shrinkage (2000 iters),"(6000,9000]",1488,0.369880496758548,0.0723180107532009,0.7879407887530042
RAD_OPERA_HOURLY_RAINFALL_ACCUMULATION_202301181900_patch000,OPT_NORM_VIRTUAL_HOMOTOPY_CONST_INIT_LONG_LIGHT_JTOTAL,Homotopy Light Shrinkage (2000 iters),≤125,5288,0.10990503417014964,0.0023064404280797074,0.9953898204423589
RAD_OPERA_HOURLY_RAINFALL_ACCUMULATION_202301181900_patch000,OPT_NORM_VIRTUAL_HOMOTOPY_CONST_INIT_LONG_LIGHT_JTOTAL,Homotopy Light Shrinkage (2000 iters),"(125,375]",20528,0.14307917779012752,-0.00023082147598475658,0.992770671539501
RAD_OPERA_HOURLY_RAINFALL_ACCUMULATION_202301181900_patch000,OPT_NORM_VIRTUAL_HOMOTOPY_CONST_INIT_LONG_LIGHT_JTOTAL,Homotopy Light Shrinkage (2000 iters),"(375,750]",32454,0.18195844559740382,-0.0005393413368938751,0.9896985946322907
RAD_OPERA_HOURLY_RAINFALL_ACCUMULATION_202301181900_patch000,OPT_NORM_VIRTUAL_HOMOTOPY_CONST_INIT_LONG_LIGHT_JTOTAL,Homotopy Light Shrinkage (2000 iters),"(750,1500]",61361,0.2375508039059157,-0.01128942772749243,0.9845755011693803
RAD_OPERA_HOURLY_RAINFALL_ACCUMULATION_202301181900_patch000,OPT_NORM_VIRTUAL_HOMOTOPY_CONST_INIT_LONG_LIGHT_JTOTAL,Homotopy Light Shrinkage (2000 iters),"(1500,3125]",101172,0.34283248457718957,-0.02230075986201863,0.9694699096978383
RAD_OPERA_HOURLY_RAINFALL_ACCUMULATION_202301181900_patch000,OPT_NORM_VIRTUAL_HOMOTOPY_CONST_INIT_LONG_LIGHT_JTOTAL,Homotopy Light Shrinkage (2000 iters),"(3125,6000]",52907,0.40381800722347316,-0.02423954892272745,0.9584446950685883
RAD_OPERA_HOURLY_RAINFALL_ACCUMULATION_202301181900_patch000,OPT_NORM_VIRTUAL_HOMOTOPY_CONST_INIT_LONG_LIGHT_JTOTAL,Homotopy Light Shrinkage (2000 iters),"(6000,9000]",3681,0.26372702056333014,0.12378167241398844,0.9791305003906945
RAD_OPERA_HOURLY_RAINFALL_ACCUMULATION_202301181900_patch000,OPT_NORM_VIRTUAL_HOMOTOPY_CONST_INIT_LONG_LIGHT_JTOTAL,Homotopy Light Shrinkage (2000 iters),>9000,369,0.10145159272050946,0.10130186972579336,0.4302629370053261
RAD_OPERA_HOURLY_RAINFALL_ACCUMULATION_202301190000_patch000,OPT_NORM_VIRTUAL_HOMOTOPY_CONST_INIT_LONG_LIGHT_JTOTAL,Homotopy Light Shrinkage (2000 iters),≤125,4743,0.13417152716006944,0.0035790532620024033,0.9977566517996823
RAD_OPERA_HOURLY_RAINFALL_ACCUMULATION_202301190000_patch000,OPT_NORM_VIRTUAL_HOMOTOPY_CONST_INIT_LONG_LIGHT_JTOTAL,Homotopy Light Shrinkage (2000 iters),"(125,375]",19207,0.1704932936192417,-0.004178691085364188,0.9962022242583294
RAD_OPERA_HOURLY_RAINFALL_ACCUMULATION_202301190000_patch000,OPT_NORM_VIRTUAL_HOMOTOPY_CONST_INIT_LONG_LIGHT_JTOTAL,Homotopy Light Shrinkage (2000 iters),"(375,750]",31346,0.22569360572818573,0.0003695608341480149,0.9932276502784735
RAD_OPERA_HOURLY_RAINFALL_ACCUMULATION_202301190000_patch000,OPT_NORM_VIRTUAL_HOMOTOPY_CONST_INIT_LONG_LIGHT_JTOTAL,Homotopy Light Shrinkage (2000 iters),"(750,1500]",61078,0.283150714790558,0.019682923910125126,0.9877592694693922
RAD_OPERA_HOURLY_RAINFALL_ACCUMULATION_202301190000_patch000,OPT_NORM_VIRTUAL_HOMOTOPY_CONST_INIT_LONG_LIGHT_JTOTAL,Homotopy Light Shrinkage (2000 iters),"(1500,3125]",101514,0.39627260778639245,0.039695331643282844,0.97150307328435
RAD_OPERA_HOURLY_RAINFALL_ACCUMULATION_202301190000_patch000,OPT_NORM_VIRTUAL_HOMOTOPY_CONST_INIT_LONG_LIGHT_JTOTAL,Homotopy Light Shrinkage (2000 iters),"(3125,6000]",51996,0.5271188945457093,0.11596609409822575,0.9394906767030937
RAD_OPERA_HOURLY_RAINFALL_ACCUMULATION_202301190000_patch000,OPT_NORM_VIRTUAL_HOMOTOPY_CONST_INIT_LONG_LIGHT_JTOTAL,Homotopy Light Shrinkage (2000 iters),"(6000,9000]",5503,0.5674014687209413,0.34023002068952674,0.7725005077404782
RAD_OPERA_HOURLY_RAINFALL_ACCUMULATION_202301190000_patch000,OPT_NORM_VIRTUAL_HOMOTOPY_CONST_INIT_LONG_LIGHT_JTOTAL,Homotopy Light Shrinkage (2000 iters),>9000,1093,0.9376083768778548,0.9179231420309306,0.36885961989593025
RAD_OPERA_HOURLY_RAINFALL_ACCUMULATION_202301190300_patch000,OPT_NORM_VIRTUAL_HOMOTOPY_CONST_INIT_LONG_LIGHT_JTOTAL,Homotopy Light Shrinkage (2000 iters),≤125,5625,0.26137100455934903,0.001611257044474284,0.9899038509981651
RAD_OPERA_HOURLY_RAINFALL_ACCUMULATION_202301190300_patch000,OPT_NORM_VIRTUAL_HOMOTOPY_CONST_INIT_LONG_LIGHT_JTOTAL,Homotopy Light Shrinkage (2000 iters),"(125,375]",22142,0.2944703943508395,0.006436569773508016,0.9861423658962467
RAD_OPERA_HOURLY_RAINFALL_ACCUMULATION_202301190300_patch000,OPT_NORM_VIRTUAL_HOMOTOPY_CONST_INIT_LONG_LIGHT_JTOTAL,Homotopy Light Shrinkage (2000 iters),"(375,750]",36071,0.3769646530036753,0.007325749649636274,0.9791316735880984
RAD_OPERA_HOURLY_RAINFALL_ACCUMULATION_202301190300_patch000,OPT_NORM_VIRTUAL_HOMOTOPY_CONST_INIT_LONG_LIGHT_JTOTAL,Homotopy Light Shrinkage (2000 iters),"(750,1500]",71147,0.4900850261680988,-0.0067560746726502904,0.9622759883410303
RAD_OPERA_HOURLY_RAINFALL_ACCUMULATION_202301190300_patch000,OPT_NORM_VIRTUAL_HOMOTOPY_CONST_INIT_LONG_LIGHT_JTOTAL,Homotopy Light Shrinkage (2000 iters),"(1500,3125]",121319,0.6698799551907092,-0.057004537802325284,0.9356683646563305
RAD_OPERA_HOURLY_RAINFALL_ACCUMULATION_202301190300_patch000,OPT_NORM_VIRTUAL_HOMOTOPY_CONST_INIT_LONG_LIGHT_JTOTAL,Homotopy Light Shrinkage (2000 iters),"(3125,6000]",72157,0.9207903922546573,-0.06734084608695036,0.9069205072010441
RAD_OPERA_HOURLY_RAINFALL_ACCUMULATION_202301190300_patch000,OPT_NORM_VIRTUAL_HOMOTOPY_CONST_INIT_LONG_LIGHT_JTOTAL,Homotopy Light Shrinkage (2000 iters),"(6000,9000]",16588,1.0136267344827852,0.14879332968081685,0.7385556372751265
RAD_OPERA_HOURLY_RAINFALL_ACCUMULATION_202301190300_patch000,OPT_NORM_VIRTUAL_HOMOTOPY_CONST_INIT_LONG_LIGHT_JTOTAL,Homotopy Light Shrinkage (2000 iters),>9000,4391,1.023221570425682,0.12566037668478133,0.5260461790656753
RAD_OPERA_HOURLY_RAINFALL_ACCUMULATION_202301190300_patch001,OPT_NORM_VIRTUAL_HOMOTOPY_CONST_INIT_LONG_LIGHT_JTOTAL,Homotopy Light Shrinkage (2000 iters),≤125,6138,0.31371825910154727,-0.010092013693848571,0.9869233857862253
RAD_OPERA_HOURLY_RAINFALL_ACCUMULATION_202301190300_patch001,OPT_NORM_VIRTUAL_HOMOTOPY_CONST_INIT_LONG_LIGHT_JTOTAL,Homotopy Light Shrinkage (2000 iters),"(125,375]",24392,0.3368185387191617,-0.005843635739932991,0.9829456145641776
RAD_OPERA_HOURLY_RAINFALL_ACCUMULATION_202301190300_patch001,OPT_NORM_VIRTUAL_HOMOTOPY_CONST_INIT_LONG_LIGHT_JTOTAL,Homotopy Light Shrinkage (2000 iters),"(375,750]",39715,0.4174620544383023,0.006035170778170088,0.971062181640703
RAD_OPERA_HOURLY_RAINFALL_ACCUMULATION_202301190300_patch001,OPT_NORM_VIRTUAL_HOMOTOPY_CONST_INIT_LONG_LIGHT_JTOTAL,Homotopy Light Shrinkage (2000 iters),"(750,1500]",78272,0.5184773529010105,0.03147319597175178,0.9506734550973321
RAD_OPERA_HOURLY_RAINFALL_ACCUMULATION_202301190300_patch001,OPT_NORM_VIRTUAL_HOMOTOPY_CONST_INIT_LONG_LIGHT_JTOTAL,Homotopy Light Shrinkage (2000 iters),"(1500,3125]",134070,0.7477226919244764,0.024339636908296436,0.8979620377811299
RAD_OPERA_HOURLY_RAINFALL_ACCUMULATION_202301190300_patch001,OPT_NORM_VIRTUAL_HOMOTOPY_CONST_INIT_LONG_LIGHT_JTOTAL,Homotopy Light Shrinkage (2000 iters),"(3125,6000]",75249,0.9000949789652323,0.030481998141752686,0.8571901798356262
RAD_OPERA_HOURLY_RAINFALL_ACCUMULATION_202301190300_patch001,OPT_NORM_VIRTUAL_HOMOTOPY_CONST_INIT_LONG_LIGHT_JTOTAL,Homotopy Light Shrinkage (2000 iters),"(6000,9000]",6503,0.5303811007306264,0.20849665511658722,0.945236505307875
RAD_OPERA_HOURLY_RAINFALL_ACCUMULATION_202301190300_patch001,OPT_NORM_VIRTUAL_HOMOTOPY_CONST_INIT_LONG_LIGHT_JTOTAL,Homotopy Light Shrinkage (2000 iters),>9000,1229,0.20720257471253964,0.20255185627326236,0.9696872525308046
RAD_OPERA_HOURLY_RAINFALL_ACCUMULATION_202301190700_patch000,OPT_NORM_VIRTUAL_HOMOTOPY_CONST_INIT_LONG_LIGHT_JTOTAL,Homotopy Light Shrinkage (2000 iters),≤125,6028,0.15276316897123707,-0.0017832275245192831,0.9948016734869053
RAD_OPERA_HOURLY_RAINFALL_ACCUMULATION_202301190700_patch000,OPT_NORM_VIRTUAL_HOMOTOPY_CONST_INIT_LONG_LIGHT_JTOTAL,Homotopy Light Shrinkage (2000 iters),"(125,375]",23900,0.1771371929930393,0.0016617481865643458,0.9931492447542818
RAD_OPERA_HOURLY_RAINFALL_ACCUMULATION_202301190700_patch000,OPT_NORM_VIRTUAL_HOMOTOPY_CONST_INIT_LONG_LIGHT_JTOTAL,Homotopy Light Shrinkage (2000 iters),"(375,750]",38804,0.24993069547212074,-0.009886410431036838,0.9877273323479442
RAD_OPERA_HOURLY_RAINFALL_ACCUMULATION_202301190700_patch000,OPT_NORM_VIRTUAL_HOMOTOPY_CONST_INIT_LONG_LIGHT_JTOTAL,Homotopy Light Shrinkage (2000 iters),"(750,1500]",75204,0.3289651829496464,0.0005195204442590166,0.9786414758368638
RAD_OPERA_HOURLY_RAINFALL_ACCUMULATION_202301190700_patch000,OPT_NORM_VIRTUAL_HOMOTOPY_CONST_INIT_LONG_LIGHT_JTOTAL,Homotopy Light Shrinkage (2000 iters),"(1500,3125]",129043,0.4385239621674282,0.047663136164904536,0.9635722797722535
RAD_OPERA_HOURLY_RAINFALL_ACCUMULATION_202301190700_patch000,OPT_NORM_VIRTUAL_HOMOTOPY_CONST_INIT_LONG_LIGHT_JTOTAL,Homotopy Light Shrinkage (2000 iters),"(3125,6000]",74735,0.5848170449838828,0.06735500165624524,0.9229178454361877
RAD_OPERA_HOURLY_RAINFALL_ACCUMULATION_202301190700_patch000,OPT_NORM_VIRTUAL_HOMOTOPY_CONST_INIT_LONG_LIGHT_JTOTAL,Homotopy Light Shrinkage (2000 iters),"(6000,9000]",6675,0.7929884274840641,-0.3073832311450542,0.7984599484194242
RAD_OPERA_HOURLY_RAINFALL_ACCUMULATION_202301190700_patch000,OPT_NORM_VIRTUAL_HOMOTOPY_CONST_INIT_LONG_LIGHT_JTOTAL,Homotopy Light Shrinkage (2000 iters),>9000,427,1.0286181490401007,-0.6384086513965973,0.1943762939321991
RAD_OPERA_HOURLY_RAINFALL_ACCUMULATION_202301190800_patch001,OPT_NORM_VIRTUAL_HOMOTOPY_CONST_INIT_LONG_LIGHT_JTOTAL,Homotopy Light Shrinkage (2000 iters),≤125,4739,0.23567839069450938,0.0003250186756256387,0.9853801363845034
RAD_OPERA_HOURLY_RAINFALL_ACCUMULATION_202301190800_patch001,OPT_NORM_VIRTUAL_HOMOTOPY_CONST_INIT_LONG_LIGHT_JTOTAL,Homotopy Light Shrinkage (2000 iters),"(125,375]",17811,0.2795232212261111,-0.002037002209074727,0.9777934555052195
RAD_OPERA_HOURLY_RAINFALL_ACCUMULATION_202301190800_patch001,OPT_NORM_VIRTUAL_HOMOTOPY_CONST_INIT_LONG_LIGHT_JTOTAL,Homotopy Light Shrinkage (2000 iters),"(375,750]",26584,0.374899793178376,0.003405485259048952,0.9636714614598945
RAD_OPERA_HOURLY_RAINFALL_ACCUMULATION_202301190800_patch001,OPT_NORM_VIRTUAL_HOMOTOPY_CONST_INIT_LONG_LIGHT_JTOTAL,Homotopy Light Shrinkage (2000 iters),"(750,1500]",49607,0.5059090121759269,0.0467122106765565,0.9411081428811282
RAD_OPERA_HOURLY_RAINFALL_ACCUMULATION_202301190800_patch001,OPT_NORM_VIRTUAL_HOMOTOPY_CONST_INIT_LONG_LIGHT_JTOTAL,Homotopy Light Shrinkage (2000 iters),"(1500,3125]",84697,0.8458701723611222,0.08565235303634974,0.8810428544788804
RAD_OPERA_HOURLY_RAINFALL_ACCUMULATION_202301190800_patch001,OPT_NORM_VIRTUAL_HOMOTOPY_CONST_INIT_LONG_LIGHT_JTOTAL,Homotopy Light Shrinkage (2000 iters),"(3125,6000]",49616,1.2833436686851494,0.024548393166937854,0.8290818992798231
RAD_OPERA_HOURLY_RAINFALL_ACCUMULATION_202301190800_patch001,OPT_NORM_VIRTUAL_HOMOTOPY_CONST_INIT_LONG_LIGHT_JTOTAL,Homotopy Light Shrinkage (2000 iters),"(6000,9000]",11038,0.9426793334842083,-0.21650532830839336,0.7163019862374093
RAD_OPERA_HOURLY_RAINFALL_ACCUMULATION_202301190800_patch001,OPT_NORM_VIRTUAL_HOMOTOPY_CONST_INIT_LONG_LIGHT_JTOTAL,Homotopy Light Shrinkage (2000 iters),>9000,5508,1.811948243715627,-1.5468986832584777,0.6290148170399189
RAD_OPERA_HOURLY_RAINFALL_ACCUMULATION_202301190800_patch002,OPT_NORM_VIRTUAL_HOMOTOPY_CONST_INIT_LONG_LIGHT_JTOTAL,Homotopy Light Shrinkage (2000 iters),≤125,4948,1.0862189659598172,-0.018037212615970976,0.9809868536467503
RAD_OPERA_HOURLY_RAINFALL_ACCUMULATION_202301190800_patch002,OPT_NORM_VIRTUAL_HOMOTOPY_CONST_INIT_LONG_LIGHT_JTOTAL,Homotopy Light Shrinkage (2000 iters),"(125,375]",19069,1.1684696253002615,0.03225664544790082,0.9782572168996694
RAD_OPERA_HOURLY_RAINFALL_ACCUMULATION_202301190800_patch002,OPT_NORM_VIRTUAL_HOMOTOPY_CONST_INIT_LONG_LIGHT_JTOTAL,Homotopy Light Shrinkage (2000 iters),"(375,750]",29951,1.340468564594408,0.024611127515623023,0.9744883097706397
RAD_OPERA_HOURLY_RAINFALL_ACCUMULATION_202301190800_patch002,OPT_NORM_VIRTUAL_HOMOTOPY_CONST_INIT_LONG_LIGHT_JTOTAL,Homotopy Light Shrinkage (2000 iters),"(750,1500]",56000,1.754829309072787,0.038189230824774316,0.9578072445062856
RAD_OPERA_HOURLY_RAINFALL_ACCUMULATION_202301190800_patch002,OPT_NORM_VIRTUAL_HOMOTOPY_CONST_INIT_LONG_LIGHT_JTOTAL,Homotopy Light Shrinkage (2000 iters),"(1500,3125]",91858,2.581910561754192,0.2577536894762914,0.9127549188492378
RAD_OPERA_HOURLY_RAINFALL_ACCUMULATION_202301190800_patch002,OPT_NORM_VIRTUAL_HOMOTOPY_CONST_INIT_LONG_LIGHT_JTOTAL,Homotopy Light Shrinkage (2000 iters),"(3125,6000]",49656,2.856934140009695,0.5369639611563165,0.8693439902916178
RAD_OPERA_HOURLY_RAINFALL_ACCUMULATION_202301190800_patch002,OPT_NORM_VIRTUAL_HOMOTOPY_CONST_INIT_LONG_LIGHT_JTOTAL,Homotopy Light Shrinkage (2000 iters),"(6000,9000]",2462,0.6806961121899398,0.47719491476419307,0.9560151322841223
RAD_OPERA_HOURLY_RAINFALL_ACCUMULATION_202301190800_patch002,OPT_NORM_VIRTUAL_HOMOTOPY_CONST_INIT_LONG_LIGHT_JTOTAL,Homotopy Light Shrinkage (2000 iters),>9000,8,0.16004168121529375,0.16004151850938797,
RAD_OPERA_HOURLY_RAINFALL_ACCUMULATION_202301190900_patch001,OPT_NORM_VIRTUAL_HOMOTOPY_CONST_INIT_LONG_LIGHT_JTOTAL,Homotopy Light Shrinkage (2000 iters),≤125,4873,0.21183804198386144,0.00672311296508025,0.98799228611214
RAD_OPERA_HOURLY_RAINFALL_ACCUMULATION_202301190900_patch001,OPT_NORM_VIRTUAL_HOMOTOPY_CONST_INIT_LONG_LIGHT_JTOTAL,Homotopy Light Shrinkage (2000 iters),"(125,375]",18313,0.23487181992893116,-0.007353151273552961,0.984773068114929
RAD_OPERA_HOURLY_RAINFALL_ACCUMULATION_202301190900_patch001,OPT_NORM_VIRTUAL_HOMOTOPY_CONST_INIT_LONG_LIGHT_JTOTAL,Homotopy Light Shrinkage (2000 iters),"(375,750]",27719,0.30654886718355884,-0.004325904067432499,0.9761296535227058
RAD_OPERA_HOURLY_RAINFALL_ACCUMULATION_202301190900_patch001,OPT_NORM_VIRTUAL_HOMOTOPY_CONST_INIT_LONG_LIGHT_JTOTAL,Homotopy Light Shrinkage (2000 iters),"(750,1500]",51845,0.4378637571872735,0.0061174971248664604,0.9560447275891427
RAD_OPERA_HOURLY_RAINFALL_ACCUMULATION_202301190900_patch001,OPT_NORM_VIRTUAL_HOMOTOPY_CONST_INIT_LONG_LIGHT_JTOTAL,Homotopy Light Shrinkage (2000 iters),"(1500,3125]",88154,0.6791343785895974,-0.027045902410160326,0.907817302907453
RAD_OPERA_HOURLY_RAINFALL_ACCUMULATION_202301190900_patch001,OPT_NORM_VIRTUAL_HOMOTOPY_CONST_INIT_LONG_LIGHT_JTOTAL,Homotopy Light Shrinkage (2000 iters),"(3125,6000]",43325,0.8910574098984924,0.00849454556045268,0.8824283375589667
RAD_OPERA_HOURLY_RAINFALL_ACCUMULATION_202301190900_patch001,OPT_NORM_VIRTUAL_HOMOTOPY_CONST_INIT_LONG_LIGHT_JTOTAL,Homotopy Light Shrinkage (2000 iters),"(6000,9000]",779,0.9126514190317718,0.04475607569012623,-0.41037932471576544
RAD_OPERA_HOURLY_RAINFALL_ACCUMULATION_202301192000_patch000,OPT_NORM_VIRTUAL_HOMOTOPY_CONST_INIT_LONG_LIGHT_JTOTAL,Homotopy Light Shrinkage (2000 iters),≤125,5128,0.23170513228848408,-0.0037970315518261583,0.9931204722934397
RAD_OPERA_HOURLY_RAINFALL_ACCUMULATION_202301192000_patch000,OPT_NORM_VIRTUAL_HOMOTOPY_CONST_INIT_LONG_LIGHT_JTOTAL,Homotopy Light Shrinkage (2000 iters),"(125,375]",21179,0.27364449706051974,0.001700752874421828,0.9895857423218775
RAD_OPERA_HOURLY_RAINFALL_ACCUMULATION_202301192000_patch000,OPT_NORM_VIRTUAL_HOMOTOPY_CONST_INIT_LONG_LIGHT_JTOTAL,Homotopy Light Shrinkage (2000 iters),"(375,750]",35613,0.3534913919509713,0.010040689111751757,0.9805653184666534
RAD_OPERA_HOURLY_RAINFALL_ACCUMULATION_202301192000_patch000,OPT_NORM_VIRTUAL_HOMOTOPY_CONST_INIT_LONG_LIGHT_JTOTAL,Homotopy Light Shrinkage (2000 iters),"(750,1500]",73106,0.4397226387205993,0.011148164695083396,0.9695388117026186
RAD_OPERA_HOURLY_RAINFALL_ACCUMULATION_202301192000_patch000,OPT_NORM_VIRTUAL_HOMOTOPY_CONST_INIT_LONG_LIGHT_JTOTAL,Homotopy Light Shrinkage (2000 iters),"(1500,3125]",132462,0.5522777634179957,0.053498700252960225,0.9473231201542605
RAD_OPERA_HOURLY_RAINFALL_ACCUMULATION_202301192000_patch000,OPT_NORM_VIRTUAL_HOMOTOPY_CONST_INIT_LONG_LIGHT_JTOTAL,Homotopy Light Shrinkage (2000 iters),"(3125,6000]",68585,0.5722307361282694,0.12568036547214337,0.9337002100027102
RAD_OPERA_HOURLY_RAINFALL_ACCUMULATION_202301192000_patch000,OPT_NORM_VIRTUAL_HOMOTOPY_CONST_INIT_LONG_LIGHT_JTOTAL,Homotopy Light Shrinkage (2000 iters),"(6000,9000]",11329,0.545231306540288,-0.10269844184770768,0.7274643428152352
RAD_OPERA_HOURLY_RAINFALL_ACCUMULATION_202301192000_patch000,OPT_NORM_VIRTUAL_HOMOTOPY_CONST_INIT_LONG_LIGHT_JTOTAL,Homotopy Light Shrinkage (2000 iters),>9000,1782,0.8493454489112517,-0.3699813059684805,-0.2313225110411532
RAD_OPERA_HOURLY_RAINFALL_ACCUMULATION_202301200400_patch000,OPT_NORM_VIRTUAL_HOMOTOPY_CONST_INIT_LONG_LIGHT_JTOTAL,Homotopy Light Shrinkage (2000 iters),≤125,4653,0.06627846893337924,0.0025649032566128767,0.996205060062202
RAD_OPERA_HOURLY_RAINFALL_ACCUMULATION_202301200400_patch000,OPT_NORM_VIRTUAL_HOMOTOPY_CONST_INIT_LONG_LIGHT_JTOTAL,Homotopy Light Shrinkage (2000 iters),"(125,375]",18817,0.07918676425179993,7.379336939194051e-05,0.9945060972117529
RAD_OPERA_HOURLY_RAINFALL_ACCUMULATION_202301200400_patch000,OPT_NORM_VIRTUAL_HOMOTOPY_CONST_INIT_LONG_LIGHT_JTOTAL,Homotopy Light Shrinkage (2000 iters),"(375,750]",30187,0.09962388310852424,-0.00298887613053691,0.9916871402781803
RAD_OPERA_HOURLY_RAINFALL_ACCUMULATION_202301200400_patch000,OPT_NORM_VIRTUAL_HOMOTOPY_CONST_INIT_LONG_LIGHT_JTOTAL,Homotopy Light Shrinkage (2000 iters),"(750,1500]",57992,0.12924091001559854,-0.005291959638019351,0.9869973894943618
RAD_OPERA_HOURLY_RAINFALL_ACCUMULATION_202301200400_patch000,OPT_NORM_VIRTUAL_HOMOTOPY_CONST_INIT_LONG_LIGHT_JTOTAL,Homotopy Light Shrinkage (2000 iters),"(1500,3125]",92124,0.18657644202963275,-0.001145628264317743,0.9751456795428414
RAD_OPERA_HOURLY_RAINFALL_ACCUMULATION_202301200400_patch000,OPT_NORM_VIRTUAL_HOMOTOPY_CONST_INIT_LONG_LIGHT_JTOTAL,Homotopy Light Shrinkage (2000 iters),"(3125,6000]",45691,0.21497096595046172,0.039519287632934705,0.9551833906190691
RAD_OPERA_HOURLY_RAINFALL_ACCUMULATION_202301200400_patch000,OPT_NORM_VIRTUAL_HOMOTOPY_CONST_INIT_LONG_LIGHT_JTOTAL,Homotopy Light Shrinkage (2000 iters),"(6000,9000]",10365,0.22357104019752796,0.14917427903491406,0.973882069288784
RAD_OPERA_HOURLY_RAINFALL_ACCUMULATION_202301200400_patch000,OPT_NORM_VIRTUAL_HOMOTOPY_CONST_INIT_LONG_LIGHT_JTOTAL,Homotopy Light Shrinkage (2000 iters),>9000,2059,0.26572453697489745,0.2206287438456094,0.9795628853159059
RAD_OPERA_HOURLY_RAINFALL_ACCUMULATION_202301200800_patch001,OPT_NORM_VIRTUAL_HOMOTOPY_CONST_INIT_LONG_LIGHT_JTOTAL,Homotopy Light Shrinkage (2000 iters),≤125,5792,0.13044268205702927,0.0024642710688457057,0.9916046085978963
RAD_OPERA_HOURLY_RAINFALL_ACCUMULATION_202301200800_patch001,OPT_NORM_VIRTUAL_HOMOTOPY_CONST_INIT_LONG_LIGHT_JTOTAL,Homotopy Light Shrinkage (2000 iters),"(125,375]",22486,0.14416267511646122,-0.00028428053803863744,0.99046486911202
RAD_OPERA_HOURLY_RAINFALL_ACCUMULATION_202301200800_patch001,OPT_NORM_VIRTUAL_HOMOTOPY_CONST_INIT_LONG_LIGHT_JTOTAL,Homotopy Light Shrinkage (2000 iters),"(375,750]",36877,0.19030337341518458,-0.0050389853094856395,0.9863690244070222
RAD_OPERA_HOURLY_RAINFALL_ACCUMULATION_202301200800_patch001,OPT_NORM_VIRTUAL_HOMOTOPY_CONST_INIT_LONG_LIGHT_JTOTAL,Homotopy Light Shrinkage (2000 iters),"(750,1500]",73632,0.23969676410663227,-0.008269671078269928,0.9807914544500265
RAD_OPERA_HOURLY_RAINFALL_ACCUMULATION_202301200800_patch001,OPT_NORM_VIRTUAL_HOMOTOPY_CONST_INIT_LONG_LIGHT_JTOTAL,Homotopy Light Shrinkage (2000 iters),"(1500,3125]",126564,0.3583915686742424,0.03574694188464383,0.9670388552859372
RAD_OPERA_HOURLY_RAINFALL_ACCUMULATION_202301200800_patch001,OPT_NORM_VIRTUAL_HOMOTOPY_CONST_INIT_LONG_LIGHT_JTOTAL,Homotopy Light Shrinkage (2000 iters),"(3125,6000]",63958,0.505132956954407,0.035358534353848045,0.9190671348439888
RAD_OPERA_HOURLY_RAINFALL_ACCUMULATION_202301200800_patch001,OPT_NORM_VIRTUAL_HOMOTOPY_CONST_INIT_LONG_LIGHT_JTOTAL,Homotopy Light Shrinkage (2000 iters),"(6000,9000]",2211,0.8873954171015598,0.1518776534316444,0.3659179772093369
RAD_OPERA_HOURLY_RAINFALL_ACCUMULATION_202301201300_patch000,OPT_NORM_VIRTUAL_HOMOTOPY_CONST_INIT_LONG_LIGHT_JTOTAL,Homotopy Light Shrinkage (2000 iters),≤125,3390,0.2718395811923735,0.005670842642629393,0.9833341747229761
RAD_OPERA_HOURLY_RAINFALL_ACCUMULATION_202301201300_patch000,OPT_NORM_VIRTUAL_HOMOTOPY_CONST_INIT_LONG_LIGHT_JTOTAL,Homotopy Light Shrinkage (2000 iters),"(125,375]",13291,0.30043959899247913,-0.002867618834817215,0.9816029031914866
RAD_OPERA_HOURLY_RAINFALL_ACCUMULATION_202301201300_patch000,OPT_NORM_VIRTUAL_HOMOTOPY_CONST_INIT_LONG_LIGHT_JTOTAL,Homotopy Light Shrinkage (2000 iters),"(375,750]",19563,0.3728685336204115,-0.01253311695487308,0.9746079191894838
RAD_OPERA_HOURLY_RAINFALL_ACCUMULATION_202301201300_patch000,OPT_NORM_VIRTUAL_HOMOTOPY_CONST_INIT_LONG_LIGHT_JTOTAL,Homotopy Light Shrinkage (2000 iters),"(750,1500]",36286,0.5312778450913382,-0.04994252689590543,0.9585399956588174
RAD_OPERA_HOURLY_RAINFALL_ACCUMULATION_202301201300_patch000,OPT_NORM_VIRTUAL_HOMOTOPY_CONST_INIT_LONG_LIGHT_JTOTAL,Homotopy Light Shrinkage (2000 iters),"(1500,3125]",59850,0.8126247167715328,-0.0726057167240452,0.9205784528844811
RAD_OPERA_HOURLY_RAINFALL_ACCUMULATION_202301201300_patch000,OPT_NORM_VIRTUAL_HOMOTOPY_CONST_INIT_LONG_LIGHT_JTOTAL,Homotopy Light Shrinkage (2000 iters),"(3125,6000]",31192,0.8416208242502977,0.014181302244593224,0.9081522247092776
RAD_OPERA_HOURLY_RAINFALL_ACCUMULATION_202301201300_patch000,OPT_NORM_VIRTUAL_HOMOTOPY_CONST_INIT_LONG_LIGHT_JTOTAL,Homotopy Light Shrinkage (2000 iters),"(6000,9000]",2828,0.7508964545898988,0.5135466692471268,0.7210014883621118
RAD_OPERA_HOURLY_RAINFALL_ACCUMULATION_202301201600_patch002,OPT_NORM_VIRTUAL_HOMOTOPY_CONST_INIT_LONG_LIGHT_JTOTAL,Homotopy Light Shrinkage (2000 iters),≤125,3270,0.1091730910301318,0.002938112826157783,0.9934258181276753
RAD_OPERA_HOURLY_RAINFALL_ACCUMULATION_202301201600_patch002,OPT_NORM_VIRTUAL_HOMOTOPY_CONST_INIT_LONG_LIGHT_JTOTAL,Homotopy Light Shrinkage (2000 iters),"(125,375]",12789,0.1279054558834982,0.002219848575393685,0.9910019430882016
RAD_OPERA_HOURLY_RAINFALL_ACCUMULATION_202301201600_patch002,OPT_NORM_VIRTUAL_HOMOTOPY_CONST_INIT_LONG_LIGHT_JTOTAL,Homotopy Light Shrinkage (2000 iters),"(375,750]",19079,0.17783082973987943,0.007952722077774824,0.9842925226825652
RAD_OPERA_HOURLY_RAINFALL_ACCUMULATION_202301201600_patch002,OPT_NORM_VIRTUAL_HOMOTOPY_CONST_INIT_LONG_LIGHT_JTOTAL,Homotopy Light Shrinkage (2000 iters),"(750,1500]",35634,0.23467704766315442,0.005467903057372871,0.9757347931924913
RAD_OPERA_HOURLY_RAINFALL_ACCUMULATION_202301201600_patch002,OPT_NORM_VIRTUAL_HOMOTOPY_CONST_INIT_LONG_LIGHT_JTOTAL,Homotopy Light Shrinkage (2000 iters),"(1500,3125]",58364,0.3320938854715827,-0.0004341366496768157,0.9570455306573208
RAD_OPERA_HOURLY_RAINFALL_ACCUMULATION_202301201600_patch002,OPT_NORM_VIRTUAL_HOMOTOPY_CONST_INIT_LONG_LIGHT_JTOTAL,Homotopy Light Shrinkage (2000 iters),"(3125,6000]",29778,0.3810372248413483,0.11818591087097782,0.9279818187285576
RAD_OPERA_HOURLY_RAINFALL_ACCUMULATION_202301201600_patch002,OPT_NORM_VIRTUAL_HOMOTOPY_CONST_INIT_LONG_LIGHT_JTOTAL,Homotopy Light Shrinkage (2000 iters),"(6000,9000]",1086,0.5887481775816068,-0.02043119627248297,0.7272491422702907
RAD_OPERA_HOURLY_RAINFALL_ACCUMULATION_202301210300_patch000,OPT_NORM_VIRTUAL_HOMOTOPY_CONST_INIT_LONG_LIGHT_JTOTAL,Homotopy Light Shrinkage (2000 iters),≤125,4759,1.3367135779570523,0.0036047109743955136,0.9380555556589645
RAD_OPERA_HOURLY_RAINFALL_ACCUMULATION_202301210300_patch000,OPT_NORM_VIRTUAL_HOMOTOPY_CONST_INIT_LONG_LIGHT_JTOTAL,Homotopy Light Shrinkage (2000 iters),"(125,375]",19284,1.1194798902134737,-0.013841657335393704,0.9562820001144559
RAD_OPERA_HOURLY_RAINFALL_ACCUMULATION_202301210300_patch000,OPT_NORM_VIRTUAL_HOMOTOPY_CONST_INIT_LONG_LIGHT_JTOTAL,Homotopy Light Shrinkage (2000 iters),"(375,750]",31010,1.2231301013177895,-0.01935847728446808,0.9481611282038036
RAD_OPERA_HOURLY_RAINFALL_ACCUMULATION_202301210300_patch000,OPT_NORM_VIRTUAL_HOMOTOPY_CONST_INIT_LONG_LIGHT_JTOTAL,Homotopy Light Shrinkage (2000 iters),"(750,1500]",60712,1.7956277261243754,-0.053745897961790697,0.911034613800981
RAD_OPERA_HOURLY_RAINFALL_ACCUMULATION_202301210300_patch000,OPT_NORM_VIRTUAL_HOMOTOPY_CONST_INIT_LONG_LIGHT_JTOTAL,Homotopy Light Shrinkage (2000 iters),"(1500,3125]",96412,3.685281848376003,-0.15573017521231383,0.7963652304664225
RAD_OPERA_HOURLY_RAINFALL_ACCUMULATION_202301210300_patch000,OPT_NORM_VIRTUAL_HOMOTOPY_CONST_INIT_LONG_LIGHT_JTOTAL,Homotopy Light Shrinkage (2000 iters),"(3125,6000]",45122,4.4351186160211356,-0.24619302800914405,0.7268895319399802
RAD_OPERA_HOURLY_RAINFALL_ACCUMULATION_202301210300_patch000,OPT_NORM_VIRTUAL_HOMOTOPY_CONST_INIT_LONG_LIGHT_JTOTAL,Homotopy Light Shrinkage (2000 iters),"(6000,9000]",9644,2.083963883068482,0.14597655044118263,0.6095430583748701
RAD_OPERA_HOURLY_RAINFALL_ACCUMULATION_202301210300_patch000,OPT_NORM_VIRTUAL_HOMOTOPY_CONST_INIT_LONG_LIGHT_JTOTAL,Homotopy Light Shrinkage (2000 iters),>9000,2881,2.2868502606744734,0.3502329970874521,-0.5832214600269515
RAD_OPERA_HOURLY_RAINFALL_ACCUMULATION_202301210800_patch002,OPT_NORM_VIRTUAL_HOMOTOPY_CONST_INIT_LONG_LIGHT_JTOTAL,Homotopy Light Shrinkage (2000 iters),≤125,5965,0.8984978916452993,0.019186713264709637,0.9775708115915355
RAD_OPERA_HOURLY_RAINFALL_ACCUMULATION_202301210800_patch002,OPT_NORM_VIRTUAL_HOMOTOPY_CONST_INIT_LONG_LIGHT_JTOTAL,Homotopy Light Shrinkage (2000 iters),"(125,375]",23267,0.9311535779569505,0.013086650596204194,0.9775651865008971
RAD_OPERA_HOURLY_RAINFALL_ACCUMULATION_202301210800_patch002,OPT_NORM_VIRTUAL_HOMOTOPY_CONST_INIT_LONG_LIGHT_JTOTAL,Homotopy Light Shrinkage (2000 iters),"(375,750]",38413,1.1510734803739022,0.007428911173276612,0.973660502938159
RAD_OPERA_HOURLY_RAINFALL_ACCUMULATION_202301210800_patch002,OPT_NORM_VIRTUAL_HOMOTOPY_CONST_INIT_LONG_LIGHT_JTOTAL,Homotopy Light Shrinkage (2000 iters),"(750,1500]",76851,1.469248907796584,-0.035657997080117056,0.967443336222047
RAD_OPERA_HOURLY_RAINFALL_ACCUMULATION_202301210800_patch002,OPT_NORM_VIRTUAL_HOMOTOPY_CONST_INIT_LONG_LIGHT_JTOTAL,Homotopy Light Shrinkage (2000 iters),"(1500,3125]",134773,1.870598847996938,-0.12286012528673534,0.954181086873648
RAD_OPERA_HOURLY_RAINFALL_ACCUMULATION_202301210800_patch002,OPT_NORM_VIRTUAL_HOMOTOPY_CONST_INIT_LONG_LIGHT_JTOTAL,Homotopy Light Shrinkage (2000 iters),"(3125,6000]",67483,1.5925868954029945,0.029526918507584564,0.9335310939374497
RAD_OPERA_HOURLY_RAINFALL_ACCUMULATION_202301210800_patch002,OPT_NORM_VIRTUAL_HOMOTOPY_CONST_INIT_LONG_LIGHT_JTOTAL,Homotopy Light Shrinkage (2000 iters),"(6000,9000]",3454,0.7303603004416345,0.07386226279060401,0.9896722855378651
RAD_OPERA_HOURLY_RAINFALL_ACCUMULATION_202301210800_patch002,OPT_NORM_VIRTUAL_HOMOTOPY_CONST_INIT_LONG_LIGHT_JTOTAL,Homotopy Light Shrinkage (2000 iters),>9000,2,0.3783226046386112,0.378322571516037,
RAD_OPERA_HOURLY_RAINFALL_ACCUMULATION_202301210900_patch000,OPT_NORM_VIRTUAL_HOMOTOPY_CONST_INIT_LONG_LIGHT_JTOTAL,Homotopy Light Shrinkage (2000 iters),≤125,6233,1.0310082531294127,0.027589847732711135,0.9891340634745956
RAD_OPERA_HOURLY_RAINFALL_ACCUMULATION_202301210900_patch000,OPT_NORM_VIRTUAL_HOMOTOPY_CONST_INIT_LONG_LIGHT_JTOTAL,Homotopy Light Shrinkage (2000 iters),"(125,375]",24491,1.1891691841073833,-0.021489682963245504,0.9861750078327204
RAD_OPERA_HOURLY_RAINFALL_ACCUMULATION_202301210900_patch000,OPT_NORM_VIRTUAL_HOMOTOPY_CONST_INIT_LONG_LIGHT_JTOTAL,Homotopy Light Shrinkage (2000 iters),"(375,750]",41092,1.3415599242082874,-0.014560335112081138,0.9809801424080444
RAD_OPERA_HOURLY_RAINFALL_ACCUMULATION_202301210900_patch000,OPT_NORM_VIRTUAL_HOMOTOPY_CONST_INIT_LONG_LIGHT_JTOTAL,Homotopy Light Shrinkage (2000 iters),"(750,1500]",84004,1.5343529804569684,0.05153587187499442,0.974117187922935
RAD_OPERA_HOURLY_RAINFALL_ACCUMULATION_202301210900_patch000,OPT_NORM_VIRTUAL_HOMOTOPY_CONST_INIT_LONG_LIGHT_JTOTAL,Homotopy Light Shrinkage (2000 iters),"(1500,3125]",151272,1.8579858870671644,0.09125991629256802,0.9652787282281718
RAD_OPERA_HOURLY_RAINFALL_ACCUMULATION_202301210900_patch000,OPT_NORM_VIRTUAL_HOMOTOPY_CONST_INIT_LONG_LIGHT_JTOTAL,Homotopy Light Shrinkage (2000 iters),"(3125,6000]",82886,2.0159897526662935,-0.014787008140889443,0.9668425976803693
RAD_OPERA_HOURLY_RAINFALL_ACCUMULATION_202301210900_patch000,OPT_NORM_VIRTUAL_HOMOTOPY_CONST_INIT_LONG_LIGHT_JTOTAL,Homotopy Light Shrinkage (2000 iters),"(6000,9000]",7812,1.7633845089001299,-0.009231389885867483,0.9903621465348295
RAD_OPERA_HOURLY_RAINFALL_ACCUMULATION_202301210900_patch000,OPT_NORM_VIRTUAL_HOMOTOPY_CONST_INIT_LONG_LIGHT_JTOTAL,Homotopy Light Shrinkage (2000 iters),>9000,34,0.28369828958743787,0.28130043473313837,-0.9153476617547756
RAD_OPERA_HOURLY_RAINFALL_ACCUMULATION_202301211500_patch000,OPT_NORM_VIRTUAL_HOMOTOPY_CONST_INIT_LONG_LIGHT_JTOTAL,Homotopy Light Shrinkage (2000 iters),≤125,4173,0.32329469050038917,0.001709628927887643,0.9766428086940468
RAD_OPERA_HOURLY_RAINFALL_ACCUMULATION_202301211500_patch000,OPT_NORM_VIRTUAL_HOMOTOPY_CONST_INIT_LONG_LIGHT_JTOTAL,Homotopy Light Shrinkage (2000 iters),"(125,375]",16207,0.3358868530240686,0.0036154279381104795,0.9754743456891997
RAD_OPERA_HOURLY_RAINFALL_ACCUMULATION_202301211500_patch000,OPT_NORM_VIRTUAL_HOMOTOPY_CONST_INIT_LONG_LIGHT_JTOTAL,Homotopy Light Shrinkage (2000 iters),"(375,750]",23822,0.4210155079049867,0.01849840150683325,0.9665300317012596
RAD_OPERA_HOURLY_RAINFALL_ACCUMULATION_202301211500_patch000,OPT_NORM_VIRTUAL_HOMOTOPY_CONST_INIT_LONG_LIGHT_JTOTAL,Homotopy Light Shrinkage (2000 iters),"(750,1500]",43474,0.5510710934281581,0.045129078339125356,0.9493170425983343
RAD_OPERA_HOURLY_RAINFALL_ACCUMULATION_202301211500_patch000,OPT_NORM_VIRTUAL_HOMOTOPY_CONST_INIT_LONG_LIGHT_JTOTAL,Homotopy Light Shrinkage (2000 iters),"(1500,3125]",72595,0.8063670340503816,0.0900173607694601,0.9021374896410631
RAD_OPERA_HOURLY_RAINFALL_ACCUMULATION_202301211500_patch000,OPT_NORM_VIRTUAL_HOMOTOPY_CONST_INIT_LONG_LIGHT_JTOTAL,Homotopy Light Shrinkage (2000 iters),"(3125,6000]",37593,0.8701968577250049,0.10441812913000442,0.8934376347103863
RAD_OPERA_HOURLY_RAINFALL_ACCUMULATION_202301211500_patch000,OPT_NORM_VIRTUAL_HOMOTOPY_CONST_INIT_LONG_LIGHT_JTOTAL,Homotopy Light Shrinkage (2000 iters),"(6000,9000]",6818,0.6406771883268217,0.400927673497484,0.8798170124857528
RAD_OPERA_HOURLY_RAINFALL_ACCUMULATION_202301211500_patch000,OPT_NORM_VIRTUAL_HOMOTOPY_CONST_INIT_LONG_LIGHT_JTOTAL,Homotopy Light Shrinkage (2000 iters),>9000,1654,0.5072937343276261,0.4082407978022113,0.9538077415608753
RAD_OPERA_HOURLY_RAINFALL_ACCUMULATION_202301211800_patch000,OPT_NORM_VIRTUAL_HOMOTOPY_CONST_INIT_LONG_LIGHT_JTOTAL,Homotopy Light Shrinkage (2000 iters),≤125,3690,0.22068801638648378,-0.005775982433214243,0.9813251382218142
RAD_OPERA_HOURLY_RAINFALL_ACCUMULATION_202301211800_patch000,OPT_NORM_VIRTUAL_HOMOTOPY_CONST_INIT_LONG_LIGHT_JTOTAL,Homotopy Light Shrinkage (2000 iters),"(125,375]",14314,0.25493783108363594,-0.00878542229198608,0.9792365566610406
RAD_OPERA_HOURLY_RAINFALL_ACCUMULATION_202301211800_patch000,OPT_NORM_VIRTUAL_HOMOTOPY_CONST_INIT_LONG_LIGHT_JTOTAL,Homotopy Light Shrinkage (2000 iters),"(375,750]",21246,0.35046481032547705,-0.026108966737651142,0.9689515025228546
RAD_OPERA_HOURLY_RAINFALL_ACCUMULATION_202301211800_patch000,OPT_NORM_VIRTUAL_HOMOTOPY_CONST_INIT_LONG_LIGHT_JTOTAL,Homotopy Light Shrinkage (2000 iters),"(750,1500]",39504,0.4831214659506919,-0.01348854370738344,0.9421985634893707
RAD_OPERA_HOURLY_RAINFALL_ACCUMULATION_202301211800_patch000,OPT_NORM_VIRTUAL_HOMOTOPY_CONST_INIT_LONG_LIGHT_JTOTAL,Homotopy Light Shrinkage (2000 iters),"(1500,3125]",66874,0.7113137228009716,-0.022909270274239432,0.8830506365796245
RAD_OPERA_HOURLY_RAINFALL_ACCUMULATION_202301211800_patch000,OPT_NORM_VIRTUAL_HOMOTOPY_CONST_INIT_LONG_LIGHT_JTOTAL,Homotopy Light Shrinkage (2000 iters),"(3125,6000]",32140,0.9957110823677344,-0.021777213114477792,0.7271172459560177
RAD_OPERA_HOURLY_RAINFALL_ACCUMULATION_202301211800_patch000,OPT_NORM_VIRTUAL_HOMOTOPY_CONST_INIT_LONG_LIGHT_JTOTAL,Homotopy Light Shrinkage (2000 iters),"(6000,9000]",1432,1.2275671599443467,-0.1169588057605248,0.3175594125532797
RAD_OPERA_HOURLY_RAINFALL_ACCUMULATION_202301211900_patch000,OPT_NORM_VIRTUAL_HOMOTOPY_CONST_INIT_LONG_LIGHT_JTOTAL,Homotopy Light Shrinkage (2000 iters),≤125,5624,0.22623768997512367,-0.0018950118926826876,0.9855625167125894
RAD_OPERA_HOURLY_RAINFALL_ACCUMULATION_202301211900_patch000,OPT_NORM_VIRTUAL_HOMOTOPY_CONST_INIT_LONG_LIGHT_JTOTAL,Homotopy Light Shrinkage (2000 iters),"(125,375]",21915,0.2724452636296143,-0.010221970307643543,0.9825655607540291
RAD_OPERA_HOURLY_RAINFALL_ACCUMULATION_202301211900_patch000,OPT_NORM_VIRTUAL_HOMOTOPY_CONST_INIT_LONG_LIGHT_JTOTAL,Homotopy Light Shrinkage (2000 iters),"(375,750]",34783,0.3581427736177014,-0.004577155244017763,0.9731311742621167
RAD_OPERA_HOURLY_RAINFALL_ACCUMULATION_202301211900_patch000,OPT_NORM_VIRTUAL_HOMOTOPY_CONST_INIT_LONG_LIGHT_JTOTAL,Homotopy Light Shrinkage (2000 iters),"(750,1500]",66652,0.47413447262889574,0.018895806451090083,0.9573168711596661
RAD_OPERA_HOURLY_RAINFALL_ACCUMULATION_202301211900_patch000,OPT_NORM_VIRTUAL_HOMOTOPY_CONST_INIT_LONG_LIGHT_JTOTAL,Homotopy Light Shrinkage (2000 iters),"(1500,3125]",114198,0.728994859908078,-0.047929856399399215,0.9155449043619676
RAD_OPERA_HOURLY_RAINFALL_ACCUMULATION_202301211900_patch000,OPT_NORM_VIRTUAL_HOMOTOPY_CONST_INIT_LONG_LIGHT_JTOTAL,Homotopy Light Shrinkage (2000 iters),"(3125,6000]",59909,0.9551551418181824,-0.03010848978542136,0.8797423904594767
RAD_OPERA_HOURLY_RAINFALL_ACCUMULATION_202301211900_patch000,OPT_NORM_VIRTUAL_HOMOTOPY_CONST_INIT_LONG_LIGHT_JTOTAL,Homotopy Light Shrinkage (2000 iters),"(6000,9000]",1303,0.6644377980868524,-0.20031970914882782,0.9833851044394469
RAD_OPERA_HOURLY_RAINFALL_ACCUMULATION_202301211900_patch001,OPT_NORM_VIRTUAL_HOMOTOPY_CONST_INIT_LONG_LIGHT_JTOTAL,Homotopy Light Shrinkage (2000 iters),≤125,4911,0.30849115959900525,0.0005685945437446227,0.9755843747776439
RAD_OPERA_HOURLY_RAINFALL_ACCUMULATION_202301211900_patch001,OPT_NORM_VIRTUAL_HOMOTOPY_CONST_INIT_LONG_LIGHT_JTOTAL,Homotopy Light Shrinkage (2000 iters),"(125,375]",18873,0.3281040131156173,0.012487004792698203,0.975165415805139
RAD_OPERA_HOURLY_RAINFALL_ACCUMULATION_202301211900_patch001,OPT_NORM_VIRTUAL_HOMOTOPY_CONST_INIT_LONG_LIGHT_JTOTAL,Homotopy Light Shrinkage (2000 iters),"(375,750]",29125,0.41257066663116776,0.023110442558649927,0.9675865249850574
RAD_OPERA_HOURLY_RAINFALL_ACCUMULATION_202301211900_patch001,OPT_NORM_VIRTUAL_HOMOTOPY_CONST_INIT_LONG_LIGHT_JTOTAL,Homotopy Light Shrinkage (2000 iters),"(750,1500]",55476,0.5536331290961949,0.020630435813534895,0.9502886782192969
RAD_OPERA_HOURLY_RAINFALL_ACCUMULATION_202301211900_patch001,OPT_NORM_VIRTUAL_HOMOTOPY_CONST_INIT_LONG_LIGHT_JTOTAL,Homotopy Light Shrinkage (2000 iters),"(1500,3125]",96752,0.7760860627955566,-0.06041369409990234,0.9162441015091022
RAD_OPERA_HOURLY_RAINFALL_ACCUMULATION_202301211900_patch001,OPT_NORM_VIRTUAL_HOMOTOPY_CONST_INIT_LONG_LIGHT_JTOTAL,Homotopy Light Shrinkage (2000 iters),"(3125,6000]",57530,1.0642553235857146,-0.2615585007027857,0.8259043674318327
RAD_OPERA_HOURLY_RAINFALL_ACCUMULATION_202301211900_patch001,OPT_NORM_VIRTUAL_HOMOTOPY_CONST_INIT_LONG_LIGHT_JTOTAL,Homotopy Light Shrinkage (2000 iters),"(6000,9000]",5827,1.685330909538986,-0.8718955167490423,0.4770171290025179
RAD_OPERA_HOURLY_RAINFALL_ACCUMULATION_202301211900_patch001,OPT_NORM_VIRTUAL_HOMOTOPY_CONST_INIT_LONG_LIGHT_JTOTAL,Homotopy Light Shrinkage (2000 iters),>9000,306,1.6885097661747208,-1.1433965333926133,-0.9721077853288521
RAD_OPERA_HOURLY_RAINFALL_ACCUMULATION_202301212300_patch000,OPT_NORM_VIRTUAL_HOMOTOPY_CONST_INIT_LONG_LIGHT_JTOTAL,Homotopy Light Shrinkage (2000 iters),≤125,4692,0.23960350218955476,-0.005120446659364156,0.992543719250686
RAD_OPERA_HOURLY_RAINFALL_ACCUMULATION_202301212300_patch000,OPT_NORM_VIRTUAL_HOMOTOPY_CONST_INIT_LONG_LIGHT_JTOTAL,Homotopy Light Shrinkage (2000 iters),"(125,375]",17503,0.276251810225923,-0.008141934343837217,0.9891071715606515
RAD_OPERA_HOURLY_RAINFALL_ACCUMULATION_202301212300_patch000,OPT_NORM_VIRTUAL_HOMOTOPY_CONST_INIT_LONG_LIGHT_JTOTAL,Homotopy Light Shrinkage (2000 iters),"(375,750]",25922,0.3595515065156179,-0.007780117831446489,0.9787393049887266
RAD_OPERA_HOURLY_RAINFALL_ACCUMULATION_202301212300_patch000,OPT_NORM_VIRTUAL_HOMOTOPY_CONST_INIT_LONG_LIGHT_JTOTAL,Homotopy Light Shrinkage (2000 iters),"(750,1500]",47008,0.4414388459784593,0.005319618867866193,0.9587077567709164
RAD_OPERA_HOURLY_RAINFALL_ACCUMULATION_202301212300_patch000,OPT_NORM_VIRTUAL_HOMOTOPY_CONST_INIT_LONG_LIGHT_JTOTAL,Homotopy Light Shrinkage (2000 iters),"(1500,3125]",81012,0.6246627353878461,-0.050431243415329834,0.9093096519650558
RAD_OPERA_HOURLY_RAINFALL_ACCUMULATION_202301212300_patch000,OPT_NORM_VIRTUAL_HOMOTOPY_CONST_INIT_LONG_LIGHT_JTOTAL,Homotopy Light Shrinkage (2000 iters),"(3125,6000]",43894,0.719709311325658,-0.12923506165863077,0.886245362886728
RAD_OPERA_HOURLY_RAINFALL_ACCUMULATION_202301212300_patch000,OPT_NORM_VIRTUAL_HOMOTOPY_CONST_INIT_LONG_LIGHT_JTOTAL,Homotopy Light Shrinkage (2000 iters),"(6000,9000]",1153,0.4907028013307803,-0.021403254681014023,0.9782108683664165
RAD_OPERA_HOURLY_RAINFALL_ACCUMULATION_202301220000_patch001,OPT_NORM_VIRTUAL_HOMOTOPY_CONST_INIT_LONG_LIGHT_JTOTAL,Homotopy Light Shrinkage (2000 iters),≤125,5230,0.26275193031957816,-0.009547520122610132,0.9944103205448847
RAD_OPERA_HOURLY_RAINFALL_ACCUMULATION_202301220000_patch001,OPT_NORM_VIRTUAL_HOMOTOPY_CONST_INIT_LONG_LIGHT_JTOTAL,Homotopy Light Shrinkage (2000 iters),"(125,375]",20323,0.3212175862494281,-0.012799846181184155,0.9906268327959826
RAD_OPERA_HOURLY_RAINFALL_ACCUMULATION_202301220000_patch001,OPT_NORM_VIRTUAL_HOMOTOPY_CONST_INIT_LONG_LIGHT_JTOTAL,Homotopy Light Shrinkage (2000 iters),"(375,750]",32666,0.43227860633126236,-0.0026092095892318264,0.980418924317372
RAD_OPERA_HOURLY_RAINFALL_ACCUMULATION_202301220000_patch001,OPT_NORM_VIRTUAL_HOMOTOPY_CONST_INIT_LONG_LIGHT_JTOTAL,Homotopy Light Shrinkage (2000 iters),"(750,1500]",63206,0.5523755317810786,0.020969506047166093,0.964777995993243
RAD_OPERA_HOURLY_RAINFALL_ACCUMULATION_202301220000_patch001,OPT_NORM_VIRTUAL_HOMOTOPY_CONST_INIT_LONG_LIGHT_JTOTAL,Homotopy Light Shrinkage (2000 iters),"(1500,3125]",104459,0.7792320038023436,0.07759733166750697,0.9295301249966927
RAD_OPERA_HOURLY_RAINFALL_ACCUMULATION_202301220000_patch001,OPT_NORM_VIRTUAL_HOMOTOPY_CONST_INIT_LONG_LIGHT_JTOTAL,Homotopy Light Shrinkage (2000 iters),"(3125,6000]",53531,1.1584615502079996,0.08253705064440718,0.8526889430669041
RAD_OPERA_HOURLY_RAINFALL_ACCUMULATION_202301220000_patch001,OPT_NORM_VIRTUAL_HOMOTOPY_CONST_INIT_LONG_LIGHT_JTOTAL,Homotopy Light Shrinkage (2000 iters),"(6000,9000]",5048,1.431527088928617,1.1393907134209362,0.7639713367496094
RAD_OPERA_HOURLY_RAINFALL_ACCUMULATION_202301220000_patch001,OPT_NORM_VIRTUAL_HOMOTOPY_CONST_INIT_LONG_LIGHT_JTOTAL,Homotopy Light Shrinkage (2000 iters),>9000,2257,0.5460161330766017,0.14560140621149809,-0.035684082493111016
RAD_OPERA_HOURLY_RAINFALL_ACCUMULATION_202301220100_patch001,OPT_NORM_VIRTUAL_HOMOTOPY_CONST_INIT_LONG_LIGHT_JTOTAL,Homotopy Light Shrinkage (2000 iters),≤125,4018,0.22368861134517434,0.009499147327615884,0.9941818622172194
RAD_OPERA_HOURLY_RAINFALL_ACCUMULATION_202301220100_patch001,OPT_NORM_VIRTUAL_HOMOTOPY_CONST_INIT_LONG_LIGHT_JTOTAL,Homotopy Light Shrinkage (2000 iters),"(125,375]",15534,0.2865507117782074,0.009308302314340247,0.9922137846489189
RAD_OPERA_HOURLY_RAINFALL_ACCUMULATION_202301220100_patch001,OPT_NORM_VIRTUAL_HOMOTOPY_CONST_INIT_LONG_LIGHT_JTOTAL,Homotopy Light Shrinkage (2000 iters),"(375,750]",22904,0.4241118654480275,-0.004370107930778177,0.9858940493873335
RAD_OPERA_HOURLY_RAINFALL_ACCUMULATION_202301220100_patch001,OPT_NORM_VIRTUAL_HOMOTOPY_CONST_INIT_LONG_LIGHT_JTOTAL,Homotopy Light Shrinkage (2000 iters),"(750,1500]",41857,0.5942762821284687,0.009740028197942724,0.9755242949510303
RAD_OPERA_HOURLY_RAINFALL_ACCUMULATION_202301220100_patch001,OPT_NORM_VIRTUAL_HOMOTOPY_CONST_INIT_LONG_LIGHT_JTOTAL,Homotopy Light Shrinkage (2000 iters),"(1500,3125]",71355,0.9612199293606026,-0.022939324190961966,0.9432472685226686
RAD_OPERA_HOURLY_RAINFALL_ACCUMULATION_202301220100_patch001,OPT_NORM_VIRTUAL_HOMOTOPY_CONST_INIT_LONG_LIGHT_JTOTAL,Homotopy Light Shrinkage (2000 iters),"(3125,6000]",34056,1.079030720351464,0.22594524397465973,0.9125802827753879
RAD_OPERA_HOURLY_RAINFALL_ACCUMULATION_202301220100_patch001,OPT_NORM_VIRTUAL_HOMOTOPY_CONST_INIT_LONG_LIGHT_JTOTAL,Homotopy Light Shrinkage (2000 iters),"(6000,9000]",3300,0.5017223151172049,0.15341548753958759,0.9815609229453558
RAD_OPERA_HOURLY_RAINFALL_ACCUMULATION_202301221200_patch000,OPT_NORM_VIRTUAL_HOMOTOPY_CONST_INIT_LONG_LIGHT_JTOTAL,Homotopy Light Shrinkage (2000 iters),≤125,5692,0.2038784869880323,0.001777733089068534,0.9964925006976979
RAD_OPERA_HOURLY_RAINFALL_ACCUMULATION_202301221200_patch000,OPT_NORM_VIRTUAL_HOMOTOPY_CONST_INIT_LONG_LIGHT_JTOTAL,Homotopy Light Shrinkage (2000 iters),"(125,375]",22509,0.2835711862625491,-0.00303638568683003,0.9942542595209175
RAD_OPERA_HOURLY_RAINFALL_ACCUMULATION_202301221200_patch000,OPT_NORM_VIRTUAL_HOMOTOPY_CONST_INIT_LONG_LIGHT_JTOTAL,Homotopy Light Shrinkage (2000 iters),"(375,750]",37533,0.38097091391414284,-0.014699841494996386,0.9917377981575322
RAD_OPERA_HOURLY_RAINFALL_ACCUMULATION_202301221200_patch000,OPT_NORM_VIRTUAL_HOMOTOPY_CONST_INIT_LONG_LIGHT_JTOTAL,Homotopy Light Shrinkage (2000 iters),"(750,1500]",75522,0.5121710310513473,-0.008547941156047175,0.9835595498956164
RAD_OPERA_HOURLY_RAINFALL_ACCUMULATION_202301221200_patch000,OPT_NORM_VIRTUAL_HOMOTOPY_CONST_INIT_LONG_LIGHT_JTOTAL,Homotopy Light Shrinkage (2000 iters),"(1500,3125]",133266,0.6996757693741409,0.007741999981977919,0.9532994646940414
RAD_OPERA_HOURLY_RAINFALL_ACCUMULATION_202301221200_patch000,OPT_NORM_VIRTUAL_HOMOTOPY_CONST_INIT_LONG_LIGHT_JTOTAL,Homotopy Light Shrinkage (2000 iters),"(3125,6000]",68969,1.0540512234490316,0.1339362197721951,0.864513790983947
RAD_OPERA_HOURLY_RAINFALL_ACCUMULATION_202301221200_patch000,OPT_NORM_VIRTUAL_HOMOTOPY_CONST_INIT_LONG_LIGHT_JTOTAL,Homotopy Light Shrinkage (2000 iters),"(6000,9000]",8879,1.5740584912405882,0.6626476602724697,0.5308424227026755
RAD_OPERA_HOURLY_RAINFALL_ACCUMULATION_202301221200_patch000,OPT_NORM_VIRTUAL_HOMOTOPY_CONST_INIT_LONG_LIGHT_JTOTAL,Homotopy Light Shrinkage (2000 iters),>9000,2446,0.6694483327962419,-0.4726216845695639,0.6258930671744886
RAD_OPERA_HOURLY_RAINFALL_ACCUMULATION_202301222100_patch000,OPT_NORM_VIRTUAL_HOMOTOPY_CONST_INIT_LONG_LIGHT_JTOTAL,Homotopy Light Shrinkage (2000 iters),≤125,3783,0.23716125666102472,-0.002615069097239359,0.9946974875131449
RAD_OPERA_HOURLY_RAINFALL_ACCUMULATION_202301222100_patch000,OPT_NORM_VIRTUAL_HOMOTOPY_CONST_INIT_LONG_LIGHT_JTOTAL,Homotopy Light Shrinkage (2000 iters),"(125,375]",14906,0.27532403741264727,0.005623924968394931,0.9928664288265
RAD_OPERA_HOURLY_RAINFALL_ACCUMULATION_202301222100_patch000,OPT_NORM_VIRTUAL_HOMOTOPY_CONST_INIT_LONG_LIGHT_JTOTAL,Homotopy Light Shrinkage (2000 iters),"(375,750]",22509,0.3703082727247746,-0.0018392859565224222,0.9881305535380502
RAD_OPERA_HOURLY_RAINFALL_ACCUMULATION_202301222100_patch000,OPT_NORM_VIRTUAL_HOMOTOPY_CONST_INIT_LONG_LIGHT_JTOTAL,Homotopy Light Shrinkage (2000 iters),"(750,1500]",41257,0.5061672229502997,-0.031015308796910588,0.9830169690001637
RAD_OPERA_HOURLY_RAINFALL_ACCUMULATION_202301222100_patch000,OPT_NORM_VIRTUAL_HOMOTOPY_CONST_INIT_LONG_LIGHT_JTOTAL,Homotopy Light Shrinkage (2000 iters),"(1500,3125]",66625,0.6882884736447515,-0.1097709403242129,0.9769967394431388
RAD_OPERA_HOURLY_RAINFALL_ACCUMULATION_202301222100_patch000,OPT_NORM_VIRTUAL_HOMOTOPY_CONST_INIT_LONG_LIGHT_JTOTAL,Homotopy Light Shrinkage (2000 iters),"(3125,6000]",34002,0.747248983311696,-0.029370234387503757,0.9752009787351108
RAD_OPERA_HOURLY_RAINFALL_ACCUMULATION_202301222100_patch000,OPT_NORM_VIRTUAL_HOMOTOPY_CONST_INIT_LONG_LIGHT_JTOTAL,Homotopy Light Shrinkage (2000 iters),"(6000,9000]",3286,0.7016920712181209,0.37837076004284503,0.9746770195690895
RAD_OPERA_HOURLY_RAINFALL_ACCUMULATION_202301230100_patch000,OPT_NORM_VIRTUAL_HOMOTOPY_CONST_INIT_LONG_LIGHT_JTOTAL,Homotopy Light Shrinkage (2000 iters),≤125,4445,0.21646468532390656,0.004655479574748467,0.9953244291410113
RAD_OPERA_HOURLY_RAINFALL_ACCUMULATION_202301230100_patch000,OPT_NORM_VIRTUAL_HOMOTOPY_CONST_INIT_LONG_LIGHT_JTOTAL,Homotopy Light Shrinkage (2000 iters),"(125,375]",17833,0.2846445031042082,-0.0015254002600770748,0.990748639161088
RAD_OPERA_HOURLY_RAINFALL_ACCUMULATION_202301230100_patch000,OPT_NORM_VIRTUAL_HOMOTOPY_CONST_INIT_LONG_LIGHT_JTOTAL,Homotopy Light Shrinkage (2000 iters),"(375,750]",28225,0.3785341266691875,-0.02143944814755723,0.9821582771303218
RAD_OPERA_HOURLY_RAINFALL_ACCUMULATION_202301230100_patch000,OPT_NORM_VIRTUAL_HOMOTOPY_CONST_INIT_LONG_LIGHT_JTOTAL,Homotopy Light Shrinkage (2000 iters),"(750,1500]",52717,0.49628533673600156,-0.024217796329298193,0.9696417710051007
RAD_OPERA_HOURLY_RAINFALL_ACCUMULATION_202301230100_patch000,OPT_NORM_VIRTUAL_HOMOTOPY_CONST_INIT_LONG_LIGHT_JTOTAL,Homotopy Light Shrinkage (2000 iters),"(1500,3125]",84234,0.7339158084406304,-0.006387490930462862,0.9363550941875297
RAD_OPERA_HOURLY_RAINFALL_ACCUMULATION_202301230100_patch000,OPT_NORM_VIRTUAL_HOMOTOPY_CONST_INIT_LONG_LIGHT_JTOTAL,Homotopy Light Shrinkage (2000 iters),"(3125,6000]",43953,0.9180988172886199,0.18919610272271667,0.8907769830432337
RAD_OPERA_HOURLY_RAINFALL_ACCUMULATION_202301230100_patch000,OPT_NORM_VIRTUAL_HOMOTOPY_CONST_INIT_LONG_LIGHT_JTOTAL,Homotopy Light Shrinkage (2000 iters),"(6000,9000]",5580,0.9177311077516425,0.702921048650271,0.8742574564595329
RAD_OPERA_HOURLY_RAINFALL_ACCUMULATION_202301230100_patch000,OPT_NORM_VIRTUAL_HOMOTOPY_CONST_INIT_LONG_LIGHT_JTOTAL,Homotopy Light Shrinkage (2000 iters),>9000,1093,0.9807790652561719,0.9361301175738733,0.8980665231144492
RAD_OPERA_HOURLY_RAINFALL_ACCUMULATION_202301230600_patch003,OPT_NORM_VIRTUAL_HOMOTOPY_CONST_INIT_LONG_LIGHT_JTOTAL,Homotopy Light Shrinkage (2000 iters),≤125,5253,0.16997665064905024,-0.0012820116819573792,0.9888187888939616
RAD_OPERA_HOURLY_RAINFALL_ACCUMULATION_202301230600_patch003,OPT_NORM_VIRTUAL_HOMOTOPY_CONST_INIT_LONG_LIGHT_JTOTAL,Homotopy Light Shrinkage (2000 iters),"(125,375]",20266,0.19876023587893155,0.00823198111379863,0.9847820614048484
RAD_OPERA_HOURLY_RAINFALL_ACCUMULATION_202301230600_patch003,OPT_NORM_VIRTUAL_HOMOTOPY_CONST_INIT_LONG_LIGHT_JTOTAL,Homotopy Light Shrinkage (2000 iters),"(375,750]",31845,0.2583893882288592,0.014730383940292576,0.9777329344038814
RAD_OPERA_HOURLY_RAINFALL_ACCUMULATION_202301230600_patch003,OPT_NORM_VIRTUAL_HOMOTOPY_CONST_INIT_LONG_LIGHT_JTOTAL,Homotopy Light Shrinkage (2000 iters),"(750,1500]",60657,0.37237734183682236,0.010538698212613077,0.9640575077044505
RAD_OPERA_HOURLY_RAINFALL_ACCUMULATION_202301230600_patch003,OPT_NORM_VIRTUAL_HOMOTOPY_CONST_INIT_LONG_LIGHT_JTOTAL,Homotopy Light Shrinkage (2000 iters),"(1500,3125]",99992,0.49324600498036697,0.009245375513312759,0.9523266062770062
RAD_OPERA_HOURLY_RAINFALL_ACCUMULATION_202301230600_patch003,OPT_NORM_VIRTUAL_HOMOTOPY_CONST_INIT_LONG_LIGHT_JTOTAL,Homotopy Light Shrinkage (2000 iters),"(3125,6000]",48778,0.6920139250499909,0.0625260043610525,0.928280933957249
RAD_OPERA_HOURLY_RAINFALL_ACCUMULATION_202301230600_patch003,OPT_NORM_VIRTUAL_HOMOTOPY_CONST_INIT_LONG_LIGHT_JTOTAL,Homotopy Light Shrinkage (2000 iters),"(6000,9000]",2009,1.0234180381790534,0.5882506789913101,0.8889564576643322
RAD_OPERA_HOURLY_RAINFALL_ACCUMULATION_202301231200_patch001,OPT_NORM_VIRTUAL_HOMOTOPY_CONST_INIT_LONG_LIGHT_JTOTAL,Homotopy Light Shrinkage (2000 iters),≤125,5395,0.1343093212932804,0.0022188420741507254,0.9891976305916623
RAD_OPERA_HOURLY_RAINFALL_ACCUMULATION_202301231200_patch001,OPT_NORM_VIRTUAL_HOMOTOPY_CONST_INIT_LONG_LIGHT_JTOTAL,Homotopy Light Shrinkage (2000 iters),"(125,375]",21090,0.14891915242428128,-0.0013982111368206452,0.9877521521384081
RAD_OPERA_HOURLY_RAINFALL_ACCUMULATION_202301231200_patch001,OPT_NORM_VIRTUAL_HOMOTOPY_CONST_INIT_LONG_LIGHT_JTOTAL,Homotopy Light Shrinkage (2000 iters),"(375,750]",34488,0.18487224197057578,-0.004155848739135987,0.980693452601453
RAD_OPERA_HOURLY_RAINFALL_ACCUMULATION_202301231200_patch001,OPT_NORM_VIRTUAL_HOMOTOPY_CONST_INIT_LONG_LIGHT_JTOTAL,Homotopy Light Shrinkage (2000 iters),"(750,1500]",67771,0.2497500691721801,0.0049379396444271416,0.9671951416415355
RAD_OPERA_HOURLY_RAINFALL_ACCUMULATION_202301231200_patch001,OPT_NORM_VIRTUAL_HOMOTOPY_CONST_INIT_LONG_LIGHT_JTOTAL,Homotopy Light Shrinkage (2000 iters),"(1500,3125]",115766,0.39670515863578354,-0.009619670997449559,0.9324102503679206
RAD_OPERA_HOURLY_RAINFALL_ACCUMULATION_202301231200_patch001,OPT_NORM_VIRTUAL_HOMOTOPY_CONST_INIT_LONG_LIGHT_JTOTAL,Homotopy Light Shrinkage (2000 iters),"(3125,6000]",63094,0.503784987035081,0.05474222806084339,0.9287262910817073
RAD_OPERA_HOURLY_RAINFALL_ACCUMULATION_202301231200_patch001,OPT_NORM_VIRTUAL_HOMOTOPY_CONST_INIT_LONG_LIGHT_JTOTAL,Homotopy Light Shrinkage (2000 iters),"(6000,9000]",4971,0.6795478407575556,0.4147239472395552,0.9008055901122802
RAD_OPERA_HOURLY_RAINFALL_ACCUMULATION_202301231200_patch001,OPT_NORM_VIRTUAL_HOMOTOPY_CONST_INIT_LONG_LIGHT_JTOTAL,Homotopy Light Shrinkage (2000 iters),>9000,1,0.5549569129943848,0.5549569129943848,
RAD_OPERA_HOURLY_RAINFALL_ACCUMULATION_202301231200_patch002,OPT_NORM_VIRTUAL_HOMOTOPY_CONST_INIT_LONG_LIGHT_JTOTAL,Homotopy Light Shrinkage (2000 iters),≤125,4808,0.23279876381036957,-0.004571450183078175,0.9961752595316039
RAD_OPERA_HOURLY_RAINFALL_ACCUMULATION_202301231200_patch002,OPT_NORM_VIRTUAL_HOMOTOPY_CONST_INIT_LONG_LIGHT_JTOTAL,Homotopy Light Shrinkage (2000 iters),"(125,375]",19791,0.26099995886261335,-0.011325670016865415,0.9944716748104305
RAD_OPERA_HOURLY_RAINFALL_ACCUMULATION_202301231200_patch002,OPT_NORM_VIRTUAL_HOMOTOPY_CONST_INIT_LONG_LIGHT_JTOTAL,Homotopy Light Shrinkage (2000 iters),"(375,750]",33541,0.3079769607209553,-0.017246294153464906,0.9909263789784061
RAD_OPERA_HOURLY_RAINFALL_ACCUMULATION_202301231200_patch002,OPT_NORM_VIRTUAL_HOMOTOPY_CONST_INIT_LONG_LIGHT_JTOTAL,Homotopy Light Shrinkage (2000 iters),"(750,1500]",70004,0.3847755929868081,-0.020051717904201745,0.9840383668821194
RAD_OPERA_HOURLY_RAINFALL_ACCUMULATION_202301231200_patch002,OPT_NORM_VIRTUAL_HOMOTOPY_CONST_INIT_LONG_LIGHT_JTOTAL,Homotopy Light Shrinkage (2000 iters),"(1500,3125]",130131,0.47534386462515094,0.01201113432932299,0.9658447208030846
RAD_OPERA_HOURLY_RAINFALL_ACCUMULATION_202301231200_patch002,OPT_NORM_VIRTUAL_HOMOTOPY_CONST_INIT_LONG_LIGHT_JTOTAL,Homotopy Light Shrinkage (2000 iters),"(3125,6000]",65641,0.6177117844347255,0.0820619134111434,0.9171698254031627
RAD_OPERA_HOURLY_RAINFALL_ACCUMULATION_202301231200_patch002,OPT_NORM_VIRTUAL_HOMOTOPY_CONST_INIT_LONG_LIGHT_JTOTAL,Homotopy Light Shrinkage (2000 iters),"(6000,9000]",5637,0.3845749122392024,-0.1107905549911694,0.8163436468238551
RAD_OPERA_HOURLY_RAINFALL_ACCUMULATION_202301231200_patch002,OPT_NORM_VIRTUAL_HOMOTOPY_CONST_INIT_LONG_LIGHT_JTOTAL,Homotopy Light Shrinkage (2000 iters),>9000,175,0.24576664384447644,-0.1412309455871582,0.2881871641340888
RAD_OPERA_HOURLY_RAINFALL_ACCUMULATION_202301231200_patch003,OPT_NORM_VIRTUAL_HOMOTOPY_CONST_INIT_LONG_LIGHT_JTOTAL,Homotopy Light Shrinkage (2000 iters),≤125,5159,0.8189305420377588,-0.020732872902375674,0.9906798626853248
RAD_OPERA_HOURLY_RAINFALL_ACCUMULATION_202301231200_patch003,OPT_NORM_VIRTUAL_HOMOTOPY_CONST_INIT_LONG_LIGHT_JTOTAL,Homotopy Light Shrinkage (2000 iters),"(125,375]",19586,0.9642934682052009,4.775415995830444e-05,0.9866993024722259
RAD_OPERA_HOURLY_RAINFALL_ACCUMULATION_202301231200_patch003,OPT_NORM_VIRTUAL_HOMOTOPY_CONST_INIT_LONG_LIGHT_JTOTAL,Homotopy Light Shrinkage (2000 iters),"(375,750]",29988,1.3569784310042035,0.05802821842720363,0.9736525130331043
RAD_OPERA_HOURLY_RAINFALL_ACCUMULATION_202301231200_patch003,OPT_NORM_VIRTUAL_HOMOTOPY_CONST_INIT_LONG_LIGHT_JTOTAL,Homotopy Light Shrinkage (2000 iters),"(750,1500]",56176,2.0546910036130583,0.13452749530888708,0.9190550709513577
RAD_OPERA_HOURLY_RAINFALL_ACCUMULATION_202301231200_patch003,OPT_NORM_VIRTUAL_HOMOTOPY_CONST_INIT_LONG_LIGHT_JTOTAL,Homotopy Light Shrinkage (2000 iters),"(1500,3125]",95580,2.2520654589493554,0.3669288701534339,0.8349399112312047
RAD_OPERA_HOURLY_RAINFALL_ACCUMULATION_202301231200_patch003,OPT_NORM_VIRTUAL_HOMOTOPY_CONST_INIT_LONG_LIGHT_JTOTAL,Homotopy Light Shrinkage (2000 iters),"(3125,6000]",56911,2.452074861824336,0.36534046142376025,0.6404048014400199
RAD_OPERA_HOURLY_RAINFALL_ACCUMULATION_202301231200_patch003,OPT_NORM_VIRTUAL_HOMOTOPY_CONST_INIT_LONG_LIGHT_JTOTAL,Homotopy Light Shrinkage (2000 iters),"(6000,9000]",8318,1.7556318366151182,-0.5366703937301349,0.4348650658810323
RAD_OPERA_HOURLY_RAINFALL_ACCUMULATION_202301231200_patch003,OPT_NORM_VIRTUAL_HOMOTOPY_CONST_INIT_LONG_LIGHT_JTOTAL,Homotopy Light Shrinkage (2000 iters),>9000,666,0.7376815621182589,-0.13079750004669163,0.01341717066697483
RAD_OPERA_HOURLY_RAINFALL_ACCUMULATION_202301231300_patch001,OPT_NORM_VIRTUAL_HOMOTOPY_CONST_INIT_LONG_LIGHT_JTOTAL,Homotopy Light Shrinkage (2000 iters),≤125,5511,1.0475298818259655,-0.0009855562050389195,0.9813773663110944
RAD_OPERA_HOURLY_RAINFALL_ACCUMULATION_202301231300_patch001,OPT_NORM_VIRTUAL_HOMOTOPY_CONST_INIT_LONG_LIGHT_JTOTAL,Homotopy Light Shrinkage (2000 iters),"(125,375]",21364,1.4187378788977212,0.01421795198564606,0.9698641746558911
RAD_OPERA_HOURLY_RAINFALL_ACCUMULATION_202301231300_patch001,OPT_NORM_VIRTUAL_HOMOTOPY_CONST_INIT_LONG_LIGHT_JTOTAL,Homotopy Light Shrinkage (2000 iters),"(375,750]",33423,1.914841606348126,0.03168287465250997,0.9584729374276911
RAD_OPERA_HOURLY_RAINFALL_ACCUMULATION_202301231300_patch001,OPT_NORM_VIRTUAL_HOMOTOPY_CONST_INIT_LONG_LIGHT_JTOTAL,Homotopy Light Shrinkage (2000 iters),"(750,1500]",63975,2.7831574006644306,0.05737965761594368,0.9319355379788312
RAD_OPERA_HOURLY_RAINFALL_ACCUMULATION_202301231300_patch001,OPT_NORM_VIRTUAL_HOMOTOPY_CONST_INIT_LONG_LIGHT_JTOTAL,Homotopy Light Shrinkage (2000 iters),"(1500,3125]",114461,3.2998962818877313,0.10031403768650932,0.9287644997475183
RAD_OPERA_HOURLY_RAINFALL_ACCUMULATION_202301231300_patch001,OPT_NORM_VIRTUAL_HOMOTOPY_CONST_INIT_LONG_LIGHT_JTOTAL,Homotopy Light Shrinkage (2000 iters),"(3125,6000]",64360,2.4092460785800047,0.2911586213901521,0.9299226520531841
RAD_OPERA_HOURLY_RAINFALL_ACCUMULATION_202301231300_patch001,OPT_NORM_VIRTUAL_HOMOTOPY_CONST_INIT_LONG_LIGHT_JTOTAL,Homotopy Light Shrinkage (2000 iters),"(6000,9000]",3082,1.282258517017832,0.39703535576545307,0.6930667505659256
RAD_OPERA_HOURLY_RAINFALL_ACCUMULATION_202301231400_patch002,OPT_NORM_VIRTUAL_HOMOTOPY_CONST_INIT_LONG_LIGHT_JTOTAL,Homotopy Light Shrinkage (2000 iters),≤125,5874,0.09594809612240299,-0.0005552072609449107,0.9936931080914688
RAD_OPERA_HOURLY_RAINFALL_ACCUMULATION_202301231400_patch002,OPT_NORM_VIRTUAL_HOMOTOPY_CONST_INIT_LONG_LIGHT_JTOTAL,Homotopy Light Shrinkage (2000 iters),"(125,375]",23308,0.11400205773687287,0.0017843526326630074,0.9911532948562555
RAD_OPERA_HOURLY_RAINFALL_ACCUMULATION_202301231400_patch002,OPT_NORM_VIRTUAL_HOMOTOPY_CONST_INIT_LONG_LIGHT_JTOTAL,Homotopy Light Shrinkage (2000 iters),"(375,750]",37553,0.15998843454512882,0.0012083460106099362,0.9841407812058106
RAD_OPERA_HOURLY_RAINFALL_ACCUMULATION_202301231400_patch002,OPT_NORM_VIRTUAL_HOMOTOPY_CONST_INIT_LONG_LIGHT_JTOTAL,Homotopy Light Shrinkage (2000 iters),"(750,1500]",71261,0.21799777991621538,-0.0031108751062262118,0.9747094002950425
RAD_OPERA_HOURLY_RAINFALL_ACCUMULATION_202301231400_patch002,OPT_NORM_VIRTUAL_HOMOTOPY_CONST_INIT_LONG_LIGHT_JTOTAL,Homotopy Light Shrinkage (2000 iters),"(1500,3125]",123639,0.32481140086170424,-0.026419576540180643,0.9486857071919889
RAD_OPERA_HOURLY_RAINFALL_ACCUMULATION_202301231400_patch002,OPT_NORM_VIRTUAL_HOMOTOPY_CONST_INIT_LONG_LIGHT_JTOTAL,Homotopy Light Shrinkage (2000 iters),"(3125,6000]",70303,0.43630768476291254,-0.09136817514232545,0.9205867967684658
RAD_OPERA_HOURLY_RAINFALL_ACCUMULATION_202301231400_patch002,OPT_NORM_VIRTUAL_HOMOTOPY_CONST_INIT_LONG_LIGHT_JTOTAL,Homotopy Light Shrinkage (2000 iters),"(6000,9000]",3934,0.4084479424472942,0.02732742650895538,0.6834126075785713
RAD_OPERA_HOURLY_RAINFALL_ACCUMULATION_202301231400_patch003,OPT_NORM_VIRTUAL_HOMOTOPY_CONST_INIT_LONG_LIGHT_JTOTAL,Homotopy Light Shrinkage (2000 iters),≤125,4953,0.10945375275917706,0.0027732795629745875,0.992613573217813
RAD_OPERA_HOURLY_RAINFALL_ACCUMULATION_202301231400_patch003,OPT_NORM_VIRTUAL_HOMOTOPY_CONST_INIT_LONG_LIGHT_JTOTAL,Homotopy Light Shrinkage (2000 iters),"(125,375]",20410,0.12886454565040034,0.00465407553021666,0.989967312416985
RAD_OPERA_HOURLY_RAINFALL_ACCUMULATION_202301231400_patch003,OPT_NORM_VIRTUAL_HOMOTOPY_CONST_INIT_LONG_LIGHT_JTOTAL,Homotopy Light Shrinkage (2000 iters),"(375,750]",34665,0.17563828484524807,0.006389480285033783,0.9840905020349556
RAD_OPERA_HOURLY_RAINFALL_ACCUMULATION_202301231400_patch003,OPT_NORM_VIRTUAL_HOMOTOPY_CONST_INIT_LONG_LIGHT_JTOTAL,Homotopy Light Shrinkage (2000 iters),"(750,1500]",72194,0.23385636781351418,0.008435893968029637,0.9730795659955884
RAD_OPERA_HOURLY_RAINFALL_ACCUMULATION_202301231400_patch003,OPT_NORM_VIRTUAL_HOMOTOPY_CONST_INIT_LONG_LIGHT_JTOTAL,Homotopy Light Shrinkage (2000 iters),"(1500,3125]",134690,0.3100351115048322,0.017660631771227134,0.9517658159172239
RAD_OPERA_HOURLY_RAINFALL_ACCUMULATION_202301231400_patch003,OPT_NORM_VIRTUAL_HOMOTOPY_CONST_INIT_LONG_LIGHT_JTOTAL,Homotopy Light Shrinkage (2000 iters),"(3125,6000]",66872,0.4671339019896307,0.06491479017165791,0.8914128164921803
RAD_OPERA_HOURLY_RAINFALL_ACCUMULATION_202301231400_patch003,OPT_NORM_VIRTUAL_HOMOTOPY_CONST_INIT_LONG_LIGHT_JTOTAL,Homotopy Light Shrinkage (2000 iters),"(6000,9000]",7545,0.5827848490712378,0.3487876368524856,0.606820502919441
RAD_OPERA_HOURLY_RAINFALL_ACCUMULATION_202301231400_patch003,OPT_NORM_VIRTUAL_HOMOTOPY_CONST_INIT_LONG_LIGHT_JTOTAL,Homotopy Light Shrinkage (2000 iters),>9000,175,0.3505005334240316,0.3494931438991002,0.01929569009083578
RAD_OPERA_HOURLY_RAINFALL_ACCUMULATION_202301231600_patch001,OPT_NORM_VIRTUAL_HOMOTOPY_CONST_INIT_LONG_LIGHT_JTOTAL,Homotopy Light Shrinkage (2000 iters),≤125,4914,0.187086779713775,-1.5761171068464008e-05,0.9935615866579758
RAD_OPERA_HOURLY_RAINFALL_ACCUMULATION_202301231600_patch001,OPT_NORM_VIRTUAL_HOMOTOPY_CONST_INIT_LONG_LIGHT_JTOTAL,Homotopy Light Shrinkage (2000 iters),"(125,375]",20085,0.20281847754810714,0.004695386624852608,0.992556224328349
RAD_OPERA_HOURLY_RAINFALL_ACCUMULATION_202301231600_patch001,OPT_NORM_VIRTUAL_HOMOTOPY_CONST_INIT_LONG_LIGHT_JTOTAL,Homotopy Light Shrinkage (2000 iters),"(375,750]",33153,0.25264741460220824,0.013970402926157147,0.9896209225461738
RAD_OPERA_HOURLY_RAINFALL_ACCUMULATION_202301231600_patch001,OPT_NORM_VIRTUAL_HOMOTOPY_CONST_INIT_LONG_LIGHT_JTOTAL,Homotopy Light Shrinkage (2000 iters),"(750,1500]",65856,0.35129964224910737,0.005572166372148503,0.9839148080923942
RAD_OPERA_HOURLY_RAINFALL_ACCUMULATION_202301231600_patch001,OPT_NORM_VIRTUAL_HOMOTOPY_CONST_INIT_LONG_LIGHT_JTOTAL,Homotopy Light Shrinkage (2000 iters),"(1500,3125]",111781,0.49991879304776915,0.012757113872489548,0.9743813092982654
RAD_OPERA_HOURLY_RAINFALL_ACCUMULATION_202301231600_patch001,OPT_NORM_VIRTUAL_HOMOTOPY_CONST_INIT_LONG_LIGHT_JTOTAL,Homotopy Light Shrinkage (2000 iters),"(3125,6000]",56017,0.6862198810029055,0.10966738429696796,0.9649434948729003
RAD_OPERA_HOURLY_RAINFALL_ACCUMULATION_202301231600_patch001,OPT_NORM_VIRTUAL_HOMOTOPY_CONST_INIT_LONG_LIGHT_JTOTAL,Homotopy Light Shrinkage (2000 iters),"(6000,9000]",8106,0.6744720043208383,0.36039002006609233,0.9180680337347797
RAD_OPERA_HOURLY_RAINFALL_ACCUMULATION_202301231600_patch001,OPT_NORM_VIRTUAL_HOMOTOPY_CONST_INIT_LONG_LIGHT_JTOTAL,Homotopy Light Shrinkage (2000 iters),>9000,1656,0.3500728906312145,0.20018517359155388,-0.7572812527701547
RAD_OPERA_HOURLY_RAINFALL_ACCUMULATION_202301231700_patch000,OPT_NORM_VIRTUAL_HOMOTOPY_CONST_INIT_LONG_LIGHT_JTOTAL,Homotopy Light Shrinkage (2000 iters),≤125,5269,0.1989053969284776,-0.00610028194717131,0.993589071560854
RAD_OPERA_HOURLY_RAINFALL_ACCUMULATION_202301231700_patch000,OPT_NORM_VIRTUAL_HOMOTOPY_CONST_INIT_LONG_LIGHT_JTOTAL,Homotopy Light Shrinkage (2000 iters),"(125,375]",20368,0.22162434028001404,0.0012613002087215645,0.9915421413132238
RAD_OPERA_HOURLY_RAINFALL_ACCUMULATION_202301231700_patch000,OPT_NORM_VIRTUAL_HOMOTOPY_CONST_INIT_LONG_LIGHT_JTOTAL,Homotopy Light Shrinkage (2000 iters),"(375,750]",32124,0.2728398006673592,0.0008635920354273797,0.988354076336516
RAD_OPERA_HOURLY_RAINFALL_ACCUMULATION_202301231700_patch000,OPT_NORM_VIRTUAL_HOMOTOPY_CONST_INIT_LONG_LIGHT_JTOTAL,Homotopy Light Shrinkage (2000 iters),"(750,1500]",61468,0.34391347727278365,0.0031530419165179935,0.982997197798565
RAD_OPERA_HOURLY_RAINFALL_ACCUMULATION_202301231700_patch000,OPT_NORM_VIRTUAL_HOMOTOPY_CONST_INIT_LONG_LIGHT_JTOTAL,Homotopy Light Shrinkage (2000 iters),"(1500,3125]",104182,0.5232682543482183,0.008337044330887245,0.9690143642991442
RAD_OPERA_HOURLY_RAINFALL_ACCUMULATION_202301231700_patch000,OPT_NORM_VIRTUAL_HOMOTOPY_CONST_INIT_LONG_LIGHT_JTOTAL,Homotopy Light Shrinkage (2000 iters),"(3125,6000]",59655,0.6815724872000746,0.06352958595657297,0.9609512265517601
RAD_OPERA_HOURLY_RAINFALL_ACCUMULATION_202301231700_patch000,OPT_NORM_VIRTUAL_HOMOTOPY_CONST_INIT_LONG_LIGHT_JTOTAL,Homotopy Light Shrinkage (2000 iters),"(6000,9000]",8108,0.8451720216378874,0.264652193301106,0.8919554732326068
RAD_OPERA_HOURLY_RAINFALL_ACCUMULATION_202301231700_patch000,OPT_NORM_VIRTUAL_HOMOTOPY_CONST_INIT_LONG_LIGHT_JTOTAL,Homotopy Light Shrinkage (2000 iters),>9000,666,0.5650996875365015,0.17830801981168468,0.9700821529747047
RAD_OPERA_HOURLY_RAINFALL_ACCUMULATION_202301231900_patch000,OPT_NORM_VIRTUAL_HOMOTOPY_CONST_INIT_LONG_LIGHT_JTOTAL,Homotopy Light Shrinkage (2000 iters),≤125,5065,0.21717850640884873,-0.0011071997063063445,0.99420527823121
RAD_OPERA_HOURLY_RAINFALL_ACCUMULATION_202301231900_patch000,OPT_NORM_VIRTUAL_HOMOTOPY_CONST_INIT_LONG_LIGHT_JTOTAL,Homotopy Light Shrinkage (2000 iters),"(125,375]",20812,0.25256533999247,-0.007610878879041505,0.9927511525666488
RAD_OPERA_HOURLY_RAINFALL_ACCUMULATION_202301231900_patch000,OPT_NORM_VIRTUAL_HOMOTOPY_CONST_INIT_LONG_LIGHT_JTOTAL,Homotopy Light Shrinkage (2000 iters),"(375,750]",35015,0.3355250054524801,0.003433882969286754,0.9879060921660475
RAD_OPERA_HOURLY_RAINFALL_ACCUMULATION_202301231900_patch000,OPT_NORM_VIRTUAL_HOMOTOPY_CONST_INIT_LONG_LIGHT_JTOTAL,Homotopy Light Shrinkage (2000 iters),"(750,1500]",71144,0.4164134290281096,0.024267637770403885,0.9819201563864612
RAD_OPERA_HOURLY_RAINFALL_ACCUMULATION_202301231900_patch000,OPT_NORM_VIRTUAL_HOMOTOPY_CONST_INIT_LONG_LIGHT_JTOTAL,Homotopy Light Shrinkage (2000 iters),"(1500,3125]",125239,0.5291446598186864,0.022478587631727547,0.972857546313526
RAD_OPERA_HOURLY_RAINFALL_ACCUMULATION_202301231900_patch000,OPT_NORM_VIRTUAL_HOMOTOPY_CONST_INIT_LONG_LIGHT_JTOTAL,Homotopy Light Shrinkage (2000 iters),"(3125,6000]",61768,0.5032553380993677,0.18214428120065593,0.9695604622597799
RAD_OPERA_HOURLY_RAINFALL_ACCUMULATION_202301231900_patch000,OPT_NORM_VIRTUAL_HOMOTOPY_CONST_INIT_LONG_LIGHT_JTOTAL,Homotopy Light Shrinkage (2000 iters),"(6000,9000]",9857,0.4706359018452488,0.3815126631363956,0.9431202220270777
RAD_OPERA_HOURLY_RAINFALL_ACCUMULATION_202301231900_patch000,OPT_NORM_VIRTUAL_HOMOTOPY_CONST_INIT_LONG_LIGHT_JTOTAL,Homotopy Light Shrinkage (2000 iters),>9000,1340,0.27807780947369587,0.26505611806607515,0.96082398607697
RAD_OPERA_HOURLY_RAINFALL_ACCUMULATION_202301240500_patch000,OPT_NORM_VIRTUAL_HOMOTOPY_CONST_INIT_LONG_LIGHT_JTOTAL,Homotopy Light Shrinkage (2000 iters),≤125,7497,2.4067665385621453,0.05095882088073801,0.981052751827657
RAD_OPERA_HOURLY_RAINFALL_ACCUMULATION_202301240500_patch000,OPT_NORM_VIRTUAL_HOMOTOPY_CONST_INIT_LONG_LIGHT_JTOTAL,Homotopy Light Shrinkage (2000 iters),"(125,375]",30107,2.3723228500566704,0.030742170219774247,0.9823534643771458
RAD_OPERA_HOURLY_RAINFALL_ACCUMULATION_202301240500_patch000,OPT_NORM_VIRTUAL_HOMOTOPY_CONST_INIT_LONG_LIGHT_JTOTAL,Homotopy Light Shrinkage (2000 iters),"(375,750]",51230,2.8249313258209163,0.11810701114978843,0.9679987985398304
RAD_OPERA_HOURLY_RAINFALL_ACCUMULATION_202301240500_patch000,OPT_NORM_VIRTUAL_HOMOTOPY_CONST_INIT_LONG_LIGHT_JTOTAL,Homotopy Light Shrinkage (2000 iters),"(750,1500]",105715,2.2892141309080487,0.07607123800661063,0.9629527128553889
RAD_OPERA_HOURLY_RAINFALL_ACCUMULATION_202301240500_patch000,OPT_NORM_VIRTUAL_HOMOTOPY_CONST_INIT_LONG_LIGHT_JTOTAL,Homotopy Light Shrinkage (2000 iters),"(1500,3125]",194009,3.3004211991390435,-0.0224760852380022,0.9251969831099335
RAD_OPERA_HOURLY_RAINFALL_ACCUMULATION_202301240500_patch000,OPT_NORM_VIRTUAL_HOMOTOPY_CONST_INIT_LONG_LIGHT_JTOTAL,Homotopy Light Shrinkage (2000 iters),"(3125,6000]",101789,4.066955443585022,0.33669877694743944,0.818650148601017
RAD_OPERA_HOURLY_RAINFALL_ACCUMULATION_202301240500_patch000,OPT_NORM_VIRTUAL_HOMOTOPY_CONST_INIT_LONG_LIGHT_JTOTAL,Homotopy Light Shrinkage (2000 iters),"(6000,9000]",4242,2.5138219055921414,-0.01709984588572463,0.8412148970441823
RAD_OPERA_HOURLY_RAINFALL_ACCUMULATION_202301240500_patch000,OPT_NORM_VIRTUAL_HOMOTOPY_CONST_INIT_LONG_LIGHT_JTOTAL,Homotopy Light Shrinkage (2000 iters),>9000,3,0.028459376282303894,-0.02844822406768799,
RAD_OPERA_HOURLY_RAINFALL_ACCUMULATION_202301240700_patch000,OPT_NORM_VIRTUAL_HOMOTOPY_CONST_INIT_LONG_LIGHT_JTOTAL,Homotopy Light Shrinkage (2000 iters),≤125,3841,0.14488690077133018,0.000795505236784824,0.9899399474707552
RAD_OPERA_HOURLY_RAINFALL_ACCUMULATION_202301240700_patch000,OPT_NORM_VIRTUAL_HOMOTOPY_CONST_INIT_LONG_LIGHT_JTOTAL,Homotopy Light Shrinkage (2000 iters),"(125,375]",15308,0.17333267409839567,0.007134033345135753,0.9867251894444695
RAD_OPERA_HOURLY_RAINFALL_ACCUMULATION_202301240700_patch000,OPT_NORM_VIRTUAL_HOMOTOPY_CONST_INIT_LONG_LIGHT_JTOTAL,Homotopy Light Shrinkage (2000 iters),"(375,750]",23624,0.23135292962910797,0.00540175820649417,0.9800716706681238
RAD_OPERA_HOURLY_RAINFALL_ACCUMULATION_202301240700_patch000,OPT_NORM_VIRTUAL_HOMOTOPY_CONST_INIT_LONG_LIGHT_JTOTAL,Homotopy Light Shrinkage (2000 iters),"(750,1500]",44314,0.28431099366048707,-0.0036710873498390227,0.976262945656164
RAD_OPERA_HOURLY_RAINFALL_ACCUMULATION_202301240700_patch000,OPT_NORM_VIRTUAL_HOMOTOPY_CONST_INIT_LONG_LIGHT_JTOTAL,Homotopy Light Shrinkage (2000 iters),"(1500,3125]",70641,0.37322939629047,-0.043115219612343395,0.9665731734503549
RAD_OPERA_HOURLY_RAINFALL_ACCUMULATION_202301240700_patch000,OPT_NORM_VIRTUAL_HOMOTOPY_CONST_INIT_LONG_LIGHT_JTOTAL,Homotopy Light Shrinkage (2000 iters),"(3125,6000]",32468,0.36402682131923864,0.06757849685822977,0.9594931217985374
RAD_OPERA_HOURLY_RAINFALL_ACCUMULATION_202301240700_patch000,OPT_NORM_VIRTUAL_HOMOTOPY_CONST_INIT_LONG_LIGHT_JTOTAL,Homotopy Light Shrinkage (2000 iters),"(6000,9000]",2828,0.2715683496413821,0.24412178774028384,0.9823811643523841
RAD_OPERA_HOURLY_RAINFALL_ACCUMULATION_202301241500_patch000,OPT_NORM_VIRTUAL_HOMOTOPY_CONST_INIT_LONG_LIGHT_JTOTAL,Homotopy Light Shrinkage (2000 iters),≤125,6666,0.38553854289973954,0.004951364164220697,0.9877950041988832
RAD_OPERA_HOURLY_RAINFALL_ACCUMULATION_202301241500_patch000,OPT_NORM_VIRTUAL_HOMOTOPY_CONST_INIT_LONG_LIGHT_JTOTAL,Homotopy Light Shrinkage (2000 iters),"(125,375]",26427,0.43214065252573713,0.010435445815809824,0.9827584857854008
RAD_OPERA_HOURLY_RAINFALL_ACCUMULATION_202301241500_patch000,OPT_NORM_VIRTUAL_HOMOTOPY_CONST_INIT_LONG_LIGHT_JTOTAL,Homotopy Light Shrinkage (2000 iters),"(375,750]",44674,0.5937167485112506,-0.015838895218455832,0.9700961492887937
RAD_OPERA_HOURLY_RAINFALL_ACCUMULATION_202301241500_patch000,OPT_NORM_VIRTUAL_HOMOTOPY_CONST_INIT_LONG_LIGHT_JTOTAL,Homotopy Light Shrinkage (2000 iters),"(750,1500]",92969,0.7693798866232995,-0.02121605688620033,0.9470743413601802
RAD_OPERA_HOURLY_RAINFALL_ACCUMULATION_202301241500_patch000,OPT_NORM_VIRTUAL_HOMOTOPY_CONST_INIT_LONG_LIGHT_JTOTAL,Homotopy Light Shrinkage (2000 iters),"(1500,3125]",168314,1.0186235509718746,-0.025223228158831493,0.9050227610987317
RAD_OPERA_HOURLY_RAINFALL_ACCUMULATION_202301241500_patch000,OPT_NORM_VIRTUAL_HOMOTOPY_CONST_INIT_LONG_LIGHT_JTOTAL,Homotopy Light Shrinkage (2000 iters),"(3125,6000]",87948,1.400563986523653,-0.17428128731088968,0.8695050966795064
RAD_OPERA_HOURLY_RAINFALL_ACCUMULATION_202301241500_patch000,OPT_NORM_VIRTUAL_HOMOTOPY_CONST_INIT_LONG_LIGHT_JTOTAL,Homotopy Light Shrinkage (2000 iters),"(6000,9000]",6063,1.1636877705160673,0.5492088439198939,0.47073951848596524
RAD_OPERA_HOURLY_RAINFALL_ACCUMULATION_202301241500_patch000,OPT_NORM_VIRTUAL_HOMOTOPY_CONST_INIT_LONG_LIGHT_JTOTAL,Homotopy Light Shrinkage (2000 iters),>9000,91,1.4303410932901357,1.4232605473025814,0.7164530159414754
RAD_OPERA_HOURLY_RAINFALL_ACCUMULATION_202301241500_patch001,OPT_NORM_VIRTUAL_HOMOTOPY_CONST_INIT_LONG_LIGHT_JTOTAL,Homotopy Light Shrinkage (2000 iters),≤125,4327,0.4303951971787405,0.0008917149910401703,0.9869140475176486
RAD_OPERA_HOURLY_RAINFALL_ACCUMULATION_202301241500_patch001,OPT_NORM_VIRTUAL_HOMOTOPY_CONST_INIT_LONG_LIGHT_JTOTAL,Homotopy Light Shrinkage (2000 iters),"(125,375]",17469,0.5068887381106351,-0.02169265048307852,0.9835960029014816
RAD_OPERA_HOURLY_RAINFALL_ACCUMULATION_202301241500_patch001,OPT_NORM_VIRTUAL_HOMOTOPY_CONST_INIT_LONG_LIGHT_JTOTAL,Homotopy Light Shrinkage (2000 iters),"(375,750]",28304,0.6710240402051169,-0.021650998043330684,0.9753070637270465
RAD_OPERA_HOURLY_RAINFALL_ACCUMULATION_202301241500_patch001,OPT_NORM_VIRTUAL_HOMOTOPY_CONST_INIT_LONG_LIGHT_JTOTAL,Homotopy Light Shrinkage (2000 iters),"(750,1500]",54744,0.8485998959584298,-0.005075270853489104,0.9623039747858689
RAD_OPERA_HOURLY_RAINFALL_ACCUMULATION_202301241500_patch001,OPT_NORM_VIRTUAL_HOMOTOPY_CONST_INIT_LONG_LIGHT_JTOTAL,Homotopy Light Shrinkage (2000 iters),"(1500,3125]",84620,1.2318300262242425,-0.10335070061155756,0.9369344009550973
RAD_OPERA_HOURLY_RAINFALL_ACCUMULATION_202301241500_patch001,OPT_NORM_VIRTUAL_HOMOTOPY_CONST_INIT_LONG_LIGHT_JTOTAL,Homotopy Light Shrinkage (2000 iters),"(3125,6000]",39893,1.5707170309171161,-0.11423051340068313,0.8552434619826649
RAD_OPERA_HOURLY_RAINFALL_ACCUMULATION_202301241500_patch001,OPT_NORM_VIRTUAL_HOMOTOPY_CONST_INIT_LONG_LIGHT_JTOTAL,Homotopy Light Shrinkage (2000 iters),"(6000,9000]",4424,0.9889545070687178,0.29344019708754143,0.23573231655897262
RAD_OPERA_HOURLY_RAINFALL_ACCUMULATION_202301241500_patch001,OPT_NORM_VIRTUAL_HOMOTOPY_CONST_INIT_LONG_LIGHT_JTOTAL,Homotopy Light Shrinkage (2000 iters),>9000,1227,0.8102980480075594,0.46917148518581747,0.43537781927092906
RAD_OPERA_HOURLY_RAINFALL_ACCUMULATION_202301241700_patch000,OPT_NORM_VIRTUAL_HOMOTOPY_CONST_INIT_LONG_LIGHT_JTOTAL,Homotopy Light Shrinkage (2000 iters),≤125,4266,0.2740694835122946,0.008249228141466705,0.9757258511572439
RAD_OPERA_HOURLY_RAINFALL_ACCUMULATION_202301241700_patch000,OPT_NORM_VIRTUAL_HOMOTOPY_CONST_INIT_LONG_LIGHT_JTOTAL,Homotopy Light Shrinkage (2000 iters),"(125,375]",17079,0.31492471038442793,-0.0009228347311333764,0.9681765340095464
RAD_OPERA_HOURLY_RAINFALL_ACCUMULATION_202301241700_patch000,OPT_NORM_VIRTUAL_HOMOTOPY_CONST_INIT_LONG_LIGHT_JTOTAL,Homotopy Light Shrinkage (2000 iters),"(375,750]",27134,0.42196845788798615,0.013740006832309961,0.9489255318188985
RAD_OPERA_HOURLY_RAINFALL_ACCUMULATION_202301241700_patch000,OPT_NORM_VIRTUAL_HOMOTOPY_CONST_INIT_LONG_LIGHT_JTOTAL,Homotopy Light Shrinkage (2000 iters),"(750,1500]",50938,0.5879334585613172,0.003110847553576704,0.9087531313698768
RAD_OPERA_HOURLY_RAINFALL_ACCUMULATION_202301241700_patch000,OPT_NORM_VIRTUAL_HOMOTOPY_CONST_INIT_LONG_LIGHT_JTOTAL,Homotopy Light Shrinkage (2000 iters),"(1500,3125]",83633,0.8186384710026379,-0.07280804753993791,0.8385735544015231
RAD_OPERA_HOURLY_RAINFALL_ACCUMULATION_202301241700_patch000,OPT_NORM_VIRTUAL_HOMOTOPY_CONST_INIT_LONG_LIGHT_JTOTAL,Homotopy Light Shrinkage (2000 iters),"(3125,6000]",42436,0.8368703752129357,0.06125343263748102,0.729467533082188
RAD_OPERA_HOURLY_RAINFALL_ACCUMULATION_202301241700_patch000,OPT_NORM_VIRTUAL_HOMOTOPY_CONST_INIT_LONG_LIGHT_JTOTAL,Homotopy Light Shrinkage (2000 iters),"(6000,9000]",3890,0.7430984194116085,0.0469711469952653,0.7827051575920444
RAD_OPERA_HOURLY_RAINFALL_ACCUMULATION_202301241700_patch002,OPT_NORM_VIRTUAL_HOMOTOPY_CONST_INIT_LONG_LIGHT_JTOTAL,Homotopy Light Shrinkage (2000 iters),≤125,3783,0.3243662704562685,0.0037671508288570784,0.9877785445258208
RAD_OPERA_HOURLY_RAINFALL_ACCUMULATION_202301241700_patch002,OPT_NORM_VIRTUAL_HOMOTOPY_CONST_INIT_LONG_LIGHT_JTOTAL,Homotopy Light Shrinkage (2000 iters),"(125,375]",14906,0.36762470408832687,0.011391862308122544,0.9841074306774478
RAD_OPERA_HOURLY_RAINFALL_ACCUMULATION_202301241700_patch002,OPT_NORM_VIRTUAL_HOMOTOPY_CONST_INIT_LONG_LIGHT_JTOTAL,Homotopy Light Shrinkage (2000 iters),"(375,750]",22509,0.4620346758289431,0.027062457166972368,0.9764596735763144
RAD_OPERA_HOURLY_RAINFALL_ACCUMULATION_202301241700_patch002,OPT_NORM_VIRTUAL_HOMOTOPY_CONST_INIT_LONG_LIGHT_JTOTAL,Homotopy Light Shrinkage (2000 iters),"(750,1500]",41257,0.5590833817924074,0.0444769332678418,0.9681925347415398
RAD_OPERA_HOURLY_RAINFALL_ACCUMULATION_202301241700_patch002,OPT_NORM_VIRTUAL_HOMOTOPY_CONST_INIT_LONG_LIGHT_JTOTAL,Homotopy Light Shrinkage (2000 iters),"(1500,3125]",66625,0.7089382773780659,0.05262255698072027,0.9524078879578332
RAD_OPERA_HOURLY_RAINFALL_ACCUMULATION_202301241700_patch002,OPT_NORM_VIRTUAL_HOMOTOPY_CONST_INIT_LONG_LIGHT_JTOTAL,Homotopy Light Shrinkage (2000 iters),"(3125,6000]",34002,1.073249132511184,0.008602833832642006,0.8828894220070022
RAD_OPERA_HOURLY_RAINFALL_ACCUMULATION_202301241700_patch002,OPT_NORM_VIRTUAL_HOMOTOPY_CONST_INIT_LONG_LIGHT_JTOTAL,Homotopy Light Shrinkage (2000 iters),"(6000,9000]",3286,0.6924197202355784,0.2997426968646064,0.9341908137123869
RAD_OPERA_HOURLY_RAINFALL_ACCUMULATION_202301241900_patch001,OPT_NORM_VIRTUAL_HOMOTOPY_CONST_INIT_LONG_LIGHT_JTOTAL,Homotopy Light Shrinkage (2000 iters),≤125,3801,0.1630326795186452,0.004144435954765093,0.9954712517170212
RAD_OPERA_HOURLY_RAINFALL_ACCUMULATION_202301241900_patch001,OPT_NORM_VIRTUAL_HOMOTOPY_CONST_INIT_LONG_LIGHT_JTOTAL,Homotopy Light Shrinkage (2000 iters),"(125,375]",14742,0.19206526664440948,0.0033831180674365703,0.9932837917670937
RAD_OPERA_HOURLY_RAINFALL_ACCUMULATION_202301241900_patch001,OPT_NORM_VIRTUAL_HOMOTOPY_CONST_INIT_LONG_LIGHT_JTOTAL,Homotopy Light Shrinkage (2000 iters),"(375,750]",21758,0.25687791645731806,0.00471952836506835,0.9875615861566674
RAD_OPERA_HOURLY_RAINFALL_ACCUMULATION_202301241900_patch001,OPT_NORM_VIRTUAL_HOMOTOPY_CONST_INIT_LONG_LIGHT_JTOTAL,Homotopy Light Shrinkage (2000 iters),"(750,1500]",40352,0.3532418503606868,0.02809432881952963,0.9766869261258393
RAD_OPERA_HOURLY_RAINFALL_ACCUMULATION_202301241900_patch001,OPT_NORM_VIRTUAL_HOMOTOPY_CONST_INIT_LONG_LIGHT_JTOTAL,Homotopy Light Shrinkage (2000 iters),"(1500,3125]",68193,0.5311737752224823,0.04519933556737883,0.9529617913619998
RAD_OPERA_HOURLY_RAINFALL_ACCUMULATION_202301241900_patch001,OPT_NORM_VIRTUAL_HOMOTOPY_CONST_INIT_LONG_LIGHT_JTOTAL,Homotopy Light Shrinkage (2000 iters),"(3125,6000]",33486,0.690662170706124,0.10644923395198612,0.9409934604077173
RAD_OPERA_HOURLY_RAINFALL_ACCUMULATION_202301241900_patch001,OPT_NORM_VIRTUAL_HOMOTOPY_CONST_INIT_LONG_LIGHT_JTOTAL,Homotopy Light Shrinkage (2000 iters),"(6000,9000]",3268,1.2901595648514632,1.017772494684198,0.8255796590648449
RAD_OPERA_HOURLY_RAINFALL_ACCUMULATION_202301242200_patch001,OPT_NORM_VIRTUAL_HOMOTOPY_CONST_INIT_LONG_LIGHT_JTOTAL,Homotopy Light Shrinkage (2000 iters),≤125,4808,0.4280585070950713,-0.010221216006391459,0.9853311576188158
RAD_OPERA_HOURLY_RAINFALL_ACCUMULATION_202301242200_patch001,OPT_NORM_VIRTUAL_HOMOTOPY_CONST_INIT_LONG_LIGHT_JTOTAL,Homotopy Light Shrinkage (2000 iters),"(125,375]",19791,0.5660177993646295,-0.023370283622526737,0.9764675324453422
RAD_OPERA_HOURLY_RAINFALL_ACCUMULATION_202301242200_patch001,OPT_NORM_VIRTUAL_HOMOTOPY_CONST_INIT_LONG_LIGHT_JTOTAL,Homotopy Light Shrinkage (2000 iters),"(375,750]",33541,0.7260584011254423,-0.002847625905386915,0.9592385143096103
RAD_OPERA_HOURLY_RAINFALL_ACCUMULATION_202301242200_patch001,OPT_NORM_VIRTUAL_HOMOTOPY_CONST_INIT_LONG_LIGHT_JTOTAL,Homotopy Light Shrinkage (2000 iters),"(750,1500]",70004,0.9388347926318622,0.031370176687905045,0.9258333251153925
RAD_OPERA_HOURLY_RAINFALL_ACCUMULATION_202301242200_patch001,OPT_NORM_VIRTUAL_HOMOTOPY_CONST_INIT_LONG_LIGHT_JTOTAL,Homotopy Light Shrinkage (2000 iters),"(1500,3125]",130131,1.240818723696219,0.02233077259580205,0.848996821889221
RAD_OPERA_HOURLY_RAINFALL_ACCUMULATION_202301242200_patch001,OPT_NORM_VIRTUAL_HOMOTOPY_CONST_INIT_LONG_LIGHT_JTOTAL,Homotopy Light Shrinkage (2000 iters),"(3125,6000]",65641,1.5004656621404444,-0.05937447932021036,0.7537446046748816
RAD_OPERA_HOURLY_RAINFALL_ACCUMULATION_202301242200_patch001,OPT_NORM_VIRTUAL_HOMOTOPY_CONST_INIT_LONG_LIGHT_JTOTAL,Homotopy Light Shrinkage (2000 iters),"(6000,9000]",5637,1.6053078362466187,0.9124562303075926,0.5150401389137176
RAD_OPERA_HOURLY_RAINFALL_ACCUMULATION_202301242200_patch001,OPT_NORM_VIRTUAL_HOMOTOPY_CONST_INIT_LONG_LIGHT_JTOTAL,Homotopy Light Shrinkage (2000 iters),>9000,175,1.064001108372093,1.0523546499865395,0.23165170756808112
RAD_OPERA_HOURLY_RAINFALL_ACCUMULATION_202301250200_patch000,OPT_NORM_VIRTUAL_HOMOTOPY_CONST_INIT_LONG_LIGHT_JTOTAL,Homotopy Light Shrinkage (2000 iters),≤125,4338,0.1270206479947114,-0.0068372527215545655,0.9968698214434651
RAD_OPERA_HOURLY_RAINFALL_ACCUMULATION_202301250200_patch000,OPT_NORM_VIRTUAL_HOMOTOPY_CONST_INIT_LONG_LIGHT_JTOTAL,Homotopy Light Shrinkage (2000 iters),"(125,375]",17374,0.1508816887323533,-0.00023753629210245846,0.9955047585230603
RAD_OPERA_HOURLY_RAINFALL_ACCUMULATION_202301250200_patch000,OPT_NORM_VIRTUAL_HOMOTOPY_CONST_INIT_LONG_LIGHT_JTOTAL,Homotopy Light Shrinkage (2000 iters),"(375,750]",27861,0.19712643580369793,0.000873320100434628,0.9916429164336269
RAD_OPERA_HOURLY_RAINFALL_ACCUMULATION_202301250200_patch000,OPT_NORM_VIRTUAL_HOMOTOPY_CONST_INIT_LONG_LIGHT_JTOTAL,Homotopy Light Shrinkage (2000 iters),"(750,1500]",53465,0.25468520963141966,0.0007135135960469665,0.9839011461737638
RAD_OPERA_HOURLY_RAINFALL_ACCUMULATION_202301250200_patch000,OPT_NORM_VIRTUAL_HOMOTOPY_CONST_INIT_LONG_LIGHT_JTOTAL,Homotopy Light Shrinkage (2000 iters),"(1500,3125]",85070,0.34085470051143535,0.014024936462017601,0.9645336579676252
RAD_OPERA_HOURLY_RAINFALL_ACCUMULATION_202301250200_patch000,OPT_NORM_VIRTUAL_HOMOTOPY_CONST_INIT_LONG_LIGHT_JTOTAL,Homotopy Light Shrinkage (2000 iters),"(3125,6000]",42760,0.46804019961503646,-0.026494207847218742,0.9245634706138531
RAD_OPERA_HOURLY_RAINFALL_ACCUMULATION_202301250200_patch000,OPT_NORM_VIRTUAL_HOMOTOPY_CONST_INIT_LONG_LIGHT_JTOTAL,Homotopy Light Shrinkage (2000 iters),"(6000,9000]",5271,0.8459995637789909,0.39656145994225844,0.347086790098615
RAD_OPERA_HOURLY_RAINFALL_ACCUMULATION_202301250200_patch000,OPT_NORM_VIRTUAL_HOMOTOPY_CONST_INIT_LONG_LIGHT_JTOTAL,Homotopy Light Shrinkage (2000 iters),>9000,405,0.7147226126096347,0.6999122042714814,0.7169383397963812
RAD_OPERA_HOURLY_RAINFALL_ACCUMULATION_202301250200_patch001,OPT_NORM_VIRTUAL_HOMOTOPY_CONST_INIT_LONG_LIGHT_JTOTAL,Homotopy Light Shrinkage (2000 iters),≤125,7047,0.24718905469348745,0.0026509969367590662,0.9970378690946203
RAD_OPERA_HOURLY_RAINFALL_ACCUMULATION_202301250200_patch001,OPT_NORM_VIRTUAL_HOMOTOPY_CONST_INIT_LONG_LIGHT_JTOTAL,Homotopy Light Shrinkage (2000 iters),"(125,375]",28082,0.2989319037150653,0.0037436629719922927,0.995038734113444
RAD_OPERA_HOURLY_RAINFALL_ACCUMULATION_202301250200_patch001,OPT_NORM_VIRTUAL_HOMOTOPY_CONST_INIT_LONG_LIGHT_JTOTAL,Homotopy Light Shrinkage (2000 iters),"(375,750]",47439,0.3706876589135918,0.015686546275430223,0.9914837543483204
RAD_OPERA_HOURLY_RAINFALL_ACCUMULATION_202301250200_patch001,OPT_NORM_VIRTUAL_HOMOTOPY_CONST_INIT_LONG_LIGHT_JTOTAL,Homotopy Light Shrinkage (2000 iters),"(750,1500]",96948,0.4822828408716076,-0.0004179637109002702,0.9835353409231619
RAD_OPERA_HOURLY_RAINFALL_ACCUMULATION_202301250200_patch001,OPT_NORM_VIRTUAL_HOMOTOPY_CONST_INIT_LONG_LIGHT_JTOTAL,Homotopy Light Shrinkage (2000 iters),"(1500,3125]",177373,0.6177387996900608,-0.014240415655963306,0.9733974863184492
RAD_OPERA_HOURLY_RAINFALL_ACCUMULATION_202301250200_patch001,OPT_NORM_VIRTUAL_HOMOTOPY_CONST_INIT_LONG_LIGHT_JTOTAL,Homotopy Light Shrinkage (2000 iters),"(3125,6000]",99828,0.6940851656833479,-0.023284844885571393,0.9690985590810742
RAD_OPERA_HOURLY_RAINFALL_ACCUMULATION_202301250200_patch001,OPT_NORM_VIRTUAL_HOMOTOPY_CONST_INIT_LONG_LIGHT_JTOTAL,Homotopy Light Shrinkage (2000 iters),"(6000,9000]",5091,0.28063110171895617,0.18354469108008867,0.8891069628814016
RAD_OPERA_HOURLY_RAINFALL_ACCUMULATION_202301250200_patch001,OPT_NORM_VIRTUAL_HOMOTOPY_CONST_INIT_LONG_LIGHT_JTOTAL,Homotopy Light Shrinkage (2000 iters),>9000,16,0.2193270697981242,0.21931798942387104,
RAD_OPERA_HOURLY_RAINFALL_ACCUMULATION_202301250300_patch000,OPT_NORM_VIRTUAL_HOMOTOPY_CONST_INIT_LONG_LIGHT_JTOTAL,Homotopy Light Shrinkage (2000 iters),≤125,5148,0.1046869797936088,-0.00020719082807512735,0.9941952265407507
RAD_OPERA_HOURLY_RAINFALL_ACCUMULATION_202301250300_patch000,OPT_NORM_VIRTUAL_HOMOTOPY_CONST_INIT_LONG_LIGHT_JTOTAL,Homotopy Light Shrinkage (2000 iters),"(125,375]",19535,0.11867630401808563,-0.00012805348990181385,0.9925638669475568
RAD_OPERA_HOURLY_RAINFALL_ACCUMULATION_202301250300_patch000,OPT_NORM_VIRTUAL_HOMOTOPY_CONST_INIT_LONG_LIGHT_JTOTAL,Homotopy Light Shrinkage (2000 iters),"(375,750]",29882,0.1554902900837846,0.0014595926250768995,0.9865557853994582
RAD_OPERA_HOURLY_RAINFALL_ACCUMULATION_202301250300_patch000,OPT_NORM_VIRTUAL_HOMOTOPY_CONST_INIT_LONG_LIGHT_JTOTAL,Homotopy Light Shrinkage (2000 iters),"(750,1500]",56090,0.1992507584499293,0.0006484790247037973,0.9755334616601401
RAD_OPERA_HOURLY_RAINFALL_ACCUMULATION_202301250300_patch000,OPT_NORM_VIRTUAL_HOMOTOPY_CONST_INIT_LONG_LIGHT_JTOTAL,Homotopy Light Shrinkage (2000 iters),"(1500,3125]",95021,0.26615551501223766,0.014053407286317003,0.9588000622892138
RAD_OPERA_HOURLY_RAINFALL_ACCUMULATION_202301250300_patch000,OPT_NORM_VIRTUAL_HOMOTOPY_CONST_INIT_LONG_LIGHT_JTOTAL,Homotopy Light Shrinkage (2000 iters),"(3125,6000]",50175,0.3172456685312489,0.044545180995962066,0.9436720367321091
RAD_OPERA_HOURLY_RAINFALL_ACCUMULATION_202301250300_patch000,OPT_NORM_VIRTUAL_HOMOTOPY_CONST_INIT_LONG_LIGHT_JTOTAL,Homotopy Light Shrinkage (2000 iters),"(6000,9000]",2197,0.27243081579628364,0.04971466088327539,0.9000371930754275
RAD_OPERA_HOURLY_RAINFALL_ACCUMULATION_202301250500_patch000,OPT_NORM_VIRTUAL_HOMOTOPY_CONST_INIT_LONG_LIGHT_JTOTAL,Homotopy Light Shrinkage (2000 iters),≤125,5599,0.4916628681515733,-0.011382472802004787,0.9655374116577885
RAD_OPERA_HOURLY_RAINFALL_ACCUMULATION_202301250500_patch000,OPT_NORM_VIRTUAL_HOMOTOPY_CONST_INIT_LONG_LIGHT_JTOTAL,Homotopy Light Shrinkage (2000 iters),"(125,375]",22297,0.6268328337944293,-0.0027153920065652536,0.9616325386397434
RAD_OPERA_HOURLY_RAINFALL_ACCUMULATION_202301250500_patch000,OPT_NORM_VIRTUAL_HOMOTOPY_CONST_INIT_LONG_LIGHT_JTOTAL,Homotopy Light Shrinkage (2000 iters),"(375,750]",37594,0.8522775442944918,-0.019339902501363238,0.9482382195853533
RAD_OPERA_HOURLY_RAINFALL_ACCUMULATION_202301250500_patch000,OPT_NORM_VIRTUAL_HOMOTOPY_CONST_INIT_LONG_LIGHT_JTOTAL,Homotopy Light Shrinkage (2000 iters),"(750,1500]",78259,1.0936309096944759,0.004442916893359183,0.9156092907748755
RAD_OPERA_HOURLY_RAINFALL_ACCUMULATION_202301250500_patch000,OPT_NORM_VIRTUAL_HOMOTOPY_CONST_INIT_LONG_LIGHT_JTOTAL,Homotopy Light Shrinkage (2000 iters),"(1500,3125]",147305,1.3420861151798287,-0.012104598495725224,0.8586983997222799
RAD_OPERA_HOURLY_RAINFALL_ACCUMULATION_202301250500_patch000,OPT_NORM_VIRTUAL_HOMOTOPY_CONST_INIT_LONG_LIGHT_JTOTAL,Homotopy Light Shrinkage (2000 iters),"(3125,6000]",77648,1.1729274991758474,-0.14991539692108563,0.8559448848202936
RAD_OPERA_HOURLY_RAINFALL_ACCUMULATION_202301250500_patch000,OPT_NORM_VIRTUAL_HOMOTOPY_CONST_INIT_LONG_LIGHT_JTOTAL,Homotopy Light Shrinkage (2000 iters),"(6000,9000]",7911,1.187072431880231,-0.5736909074271589,0.6756098876937113
RAD_OPERA_HOURLY_RAINFALL_ACCUMULATION_202301250500_patch000,OPT_NORM_VIRTUAL_HOMOTOPY_CONST_INIT_LONG_LIGHT_JTOTAL,Homotopy Light Shrinkage (2000 iters),>9000,219,0.8005340101739596,0.06728283101565218,-0.8277527210444826
RAD_OPERA_HOURLY_RAINFALL_ACCUMULATION_202301251000_patch001,OPT_NORM_VIRTUAL_HOMOTOPY_CONST_INIT_LONG_LIGHT_JTOTAL,Homotopy Light Shrinkage (2000 iters),≤125,4154,0.10622479735425897,-0.0022978003727287953,0.9982554157496677
RAD_OPERA_HOURLY_RAINFALL_ACCUMULATION_202301251000_patch001,OPT_NORM_VIRTUAL_HOMOTOPY_CONST_INIT_LONG_LIGHT_JTOTAL,Homotopy Light Shrinkage (2000 iters),"(125,375]",16892,0.1262027350973359,5.1631036514152915e-05,0.9973748873917376
RAD_OPERA_HOURLY_RAINFALL_ACCUMULATION_202301251000_patch001,OPT_NORM_VIRTUAL_HOMOTOPY_CONST_INIT_LONG_LIGHT_JTOTAL,Homotopy Light Shrinkage (2000 iters),"(375,750]",27234,0.17706360952624117,-0.0001780237162979009,0.9944860975169969
RAD_OPERA_HOURLY_RAINFALL_ACCUMULATION_202301251000_patch001,OPT_NORM_VIRTUAL_HOMOTOPY_CONST_INIT_LONG_LIGHT_JTOTAL,Homotopy Light Shrinkage (2000 iters),"(750,1500]",52950,0.23255699494479776,-0.013557226049553657,0.990152244479788
RAD_OPERA_HOURLY_RAINFALL_ACCUMULATION_202301251000_patch001,OPT_NORM_VIRTUAL_HOMOTOPY_CONST_INIT_LONG_LIGHT_JTOTAL,Homotopy Light Shrinkage (2000 iters),"(1500,3125]",82477,0.34956650406381845,0.007300387941157998,0.9762183663899201
RAD_OPERA_HOURLY_RAINFALL_ACCUMULATION_202301251000_patch001,OPT_NORM_VIRTUAL_HOMOTOPY_CONST_INIT_LONG_LIGHT_JTOTAL,Homotopy Light Shrinkage (2000 iters),"(3125,6000]",40696,0.4436009442415864,0.1758227572242403,0.9561426325088788
RAD_OPERA_HOURLY_RAINFALL_ACCUMULATION_202301251000_patch001,OPT_NORM_VIRTUAL_HOMOTOPY_CONST_INIT_LONG_LIGHT_JTOTAL,Homotopy Light Shrinkage (2000 iters),"(6000,9000]",6300,0.5657395468980242,0.272699340477231,0.5328508752467748
RAD_OPERA_HOURLY_RAINFALL_ACCUMULATION_202301251000_patch001,OPT_NORM_VIRTUAL_HOMOTOPY_CONST_INIT_LONG_LIGHT_JTOTAL,Homotopy Light Shrinkage (2000 iters),>9000,2257,0.3487929977150775,0.23274084657602306,0.6319821488391698
RAD_OPERA_HOURLY_RAINFALL_ACCUMULATION_202301251300_patch000,OPT_NORM_VIRTUAL_HOMOTOPY_CONST_INIT_LONG_LIGHT_JTOTAL,Homotopy Light Shrinkage (2000 iters),≤125,4088,0.10274741879732788,-0.0007219847597896236,0.9910966486048268
RAD_OPERA_HOURLY_RAINFALL_ACCUMULATION_202301251300_patch000,OPT_NORM_VIRTUAL_HOMOTOPY_CONST_INIT_LONG_LIGHT_JTOTAL,Homotopy Light Shrinkage (2000 iters),"(125,375]",15882,0.12485311863293909,-0.00023956856978973924,0.9880064442952252
RAD_OPERA_HOURLY_RAINFALL_ACCUMULATION_202301251300_patch000,OPT_NORM_VIRTUAL_HOMOTOPY_CONST_INIT_LONG_LIGHT_JTOTAL,Homotopy Light Shrinkage (2000 iters),"(375,750]",23638,0.1716543090770569,0.0038877507252977205,0.9833081566154972
RAD_OPERA_HOURLY_RAINFALL_ACCUMULATION_202301251300_patch000,OPT_NORM_VIRTUAL_HOMOTOPY_CONST_INIT_LONG_LIGHT_JTOTAL,Homotopy Light Shrinkage (2000 iters),"(750,1500]",43117,0.21883404803004794,0.009341424828255323,0.9792937948788055
RAD_OPERA_HOURLY_RAINFALL_ACCUMULATION_202301251300_patch000,OPT_NORM_VIRTUAL_HOMOTOPY_CONST_INIT_LONG_LIGHT_JTOTAL,Homotopy Light Shrinkage (2000 iters),"(1500,3125]",73229,0.28903033036412096,0.029123291570571825,0.975676206508062
RAD_OPERA_HOURLY_RAINFALL_ACCUMULATION_202301251300_patch000,OPT_NORM_VIRTUAL_HOMOTOPY_CONST_INIT_LONG_LIGHT_JTOTAL,Homotopy Light Shrinkage (2000 iters),"(3125,6000]",37125,0.33590489659833517,0.047399131007125034,0.9816298598130633
RAD_OPERA_HOURLY_RAINFALL_ACCUMULATION_202301251300_patch000,OPT_NORM_VIRTUAL_HOMOTOPY_CONST_INIT_LONG_LIGHT_JTOTAL,Homotopy Light Shrinkage (2000 iters),"(6000,9000]",3369,0.47810240075849547,0.35336471665817537,0.9785116673804426
RAD_OPERA_HOURLY_RAINFALL_ACCUMULATION_202301251600_patch002,OPT_NORM_VIRTUAL_HOMOTOPY_CONST_INIT_LONG_LIGHT_JTOTAL,Homotopy Light Shrinkage (2000 iters),≤125,4119,0.13929273924898514,-0.001739840920608778,0.9949095824968479
RAD_OPERA_HOURLY_RAINFALL_ACCUMULATION_202301251600_patch002,OPT_NORM_VIRTUAL_HOMOTOPY_CONST_INIT_LONG_LIGHT_JTOTAL,Homotopy Light Shrinkage (2000 iters),"(125,375]",15923,0.16620034205032677,0.00293593561585995,0.9932449656297682
RAD_OPERA_HOURLY_RAINFALL_ACCUMULATION_202301251600_patch002,OPT_NORM_VIRTUAL_HOMOTOPY_CONST_INIT_LONG_LIGHT_JTOTAL,Homotopy Light Shrinkage (2000 iters),"(375,750]",23477,0.20653005867744023,0.007993491642697007,0.9902128588276631
RAD_OPERA_HOURLY_RAINFALL_ACCUMULATION_202301251600_patch002,OPT_NORM_VIRTUAL_HOMOTOPY_CONST_INIT_LONG_LIGHT_JTOTAL,Homotopy Light Shrinkage (2000 iters),"(750,1500]",42558,0.2818759117498891,0.00989589947199604,0.98278585919514
RAD_OPERA_HOURLY_RAINFALL_ACCUMULATION_202301251600_patch002,OPT_NORM_VIRTUAL_HOMOTOPY_CONST_INIT_LONG_LIGHT_JTOTAL,Homotopy Light Shrinkage (2000 iters),"(1500,3125]",72310,0.4225890569139202,0.008763299265551668,0.963582188981776
RAD_OPERA_HOURLY_RAINFALL_ACCUMULATION_202301251600_patch002,OPT_NORM_VIRTUAL_HOMOTOPY_CONST_INIT_LONG_LIGHT_JTOTAL,Homotopy Light Shrinkage (2000 iters),"(3125,6000]",35394,0.5437441111794565,0.038697663835340845,0.9163689512026719
RAD_OPERA_HOURLY_RAINFALL_ACCUMULATION_202301251600_patch002,OPT_NORM_VIRTUAL_HOMOTOPY_CONST_INIT_LONG_LIGHT_JTOTAL,Homotopy Light Shrinkage (2000 iters),"(6000,9000]",4806,0.6964404240160268,0.4272188642002174,0.4395064916298103
RAD_OPERA_HOURLY_RAINFALL_ACCUMULATION_202301251600_patch002,OPT_NORM_VIRTUAL_HOMOTOPY_CONST_INIT_LONG_LIGHT_JTOTAL,Homotopy Light Shrinkage (2000 iters),>9000,1093,0.42338187468196486,0.3291786335415504,-0.5311938688171732
RAD_OPERA_HOURLY_RAINFALL_ACCUMULATION_202301252100_patch000,OPT_NORM_VIRTUAL_HOMOTOPY_CONST_INIT_LONG_LIGHT_JTOTAL,Homotopy Light Shrinkage (2000 iters),≤125,5395,0.10912368193845187,-0.002045161170027011,0.9970361628270301
RAD_OPERA_HOURLY_RAINFALL_ACCUMULATION_202301252100_patch000,OPT_NORM_VIRTUAL_HOMOTOPY_CONST_INIT_LONG_LIGHT_JTOTAL,Homotopy Light Shrinkage (2000 iters),"(125,375]",21090,0.12701018446897705,-0.00441167113367219,0.9960214686793298
RAD_OPERA_HOURLY_RAINFALL_ACCUMULATION_202301252100_patch000,OPT_NORM_VIRTUAL_HOMOTOPY_CONST_INIT_LONG_LIGHT_JTOTAL,Homotopy Light Shrinkage (2000 iters),"(375,750]",34488,0.17489319649615817,-0.0029642960249796958,0.9923325761232275
RAD_OPERA_HOURLY_RAINFALL_ACCUMULATION_202301252100_patch000,OPT_NORM_VIRTUAL_HOMOTOPY_CONST_INIT_LONG_LIGHT_JTOTAL,Homotopy Light Shrinkage (2000 iters),"(750,1500]",67771,0.20530205209421018,0.001596306519829485,0.9889886399560974
RAD_OPERA_HOURLY_RAINFALL_ACCUMULATION_202301252100_patch000,OPT_NORM_VIRTUAL_HOMOTOPY_CONST_INIT_LONG_LIGHT_JTOTAL,Homotopy Light Shrinkage (2000 iters),"(1500,3125]",115766,0.23390758938095527,0.030279049582032456,0.9841303070887714
RAD_OPERA_HOURLY_RAINFALL_ACCUMULATION_202301252100_patch000,OPT_NORM_VIRTUAL_HOMOTOPY_CONST_INIT_LONG_LIGHT_JTOTAL,Homotopy Light Shrinkage (2000 iters),"(3125,6000]",63094,0.2930011840362065,0.10365641743807225,0.9759954190433793
RAD_OPERA_HOURLY_RAINFALL_ACCUMULATION_202301252100_patch000,OPT_NORM_VIRTUAL_HOMOTOPY_CONST_INIT_LONG_LIGHT_JTOTAL,Homotopy Light Shrinkage (2000 iters),"(6000,9000]",4971,0.3466685861650898,0.26253115596353493,0.9756629884449269
RAD_OPERA_HOURLY_RAINFALL_ACCUMULATION_202301252100_patch000,OPT_NORM_VIRTUAL_HOMOTOPY_CONST_INIT_LONG_LIGHT_JTOTAL,Homotopy Light Shrinkage (2000 iters),>9000,1,0.20147648453712463,0.20147648453712463,
RAD_OPERA_HOURLY_RAINFALL_ACCUMULATION_202301252200_patch000,OPT_NORM_VIRTUAL_HOMOTOPY_CONST_INIT_LONG_LIGHT_JTOTAL,Homotopy Light Shrinkage (2000 iters),≤125,3907,0.1511742939831405,0.005473547086161605,0.9930350758203218
RAD_OPERA_HOURLY_RAINFALL_ACCUMULATION_202301252200_patch000,OPT_NORM_VIRTUAL_HOMOTOPY_CONST_INIT_LONG_LIGHT_JTOTAL,Homotopy Light Shrinkage (2000 iters),"(125,375]",15106,0.16602893051554052,0.004376187048557498,0.9919409710559114
RAD_OPERA_HOURLY_RAINFALL_ACCUMULATION_202301252200_patch000,OPT_NORM_VIRTUAL_HOMOTOPY_CONST_INIT_LONG_LIGHT_JTOTAL,Homotopy Light Shrinkage (2000 iters),"(375,750]",22392,0.19819507198348432,0.004104222037582237,0.9897291653407332
RAD_OPERA_HOURLY_RAINFALL_ACCUMULATION_202301252200_patch000,OPT_NORM_VIRTUAL_HOMOTOPY_CONST_INIT_LONG_LIGHT_JTOTAL,Homotopy Light Shrinkage (2000 iters),"(750,1500]",41007,0.2882616548400738,0.004764635639584637,0.9800594284020605
RAD_OPERA_HOURLY_RAINFALL_ACCUMULATION_202301252200_patch000,OPT_NORM_VIRTUAL_HOMOTOPY_CONST_INIT_LONG_LIGHT_JTOTAL,Homotopy Light Shrinkage (2000 iters),"(1500,3125]",70023,0.3531208235809109,0.036859806988535616,0.9712727263375545
RAD_OPERA_HOURLY_RAINFALL_ACCUMULATION_202301252200_patch000,OPT_NORM_VIRTUAL_HOMOTOPY_CONST_INIT_LONG_LIGHT_JTOTAL,Homotopy Light Shrinkage (2000 iters),"(3125,6000]",32501,0.40698894181891193,0.09926829163465004,0.9691567396233437
RAD_OPERA_HOURLY_RAINFALL_ACCUMULATION_202301252200_patch000,OPT_NORM_VIRTUAL_HOMOTOPY_CONST_INIT_LONG_LIGHT_JTOTAL,Homotopy Light Shrinkage (2000 iters),"(6000,9000]",1432,0.5257050567085401,0.4412044452805093,0.9722734745439776
RAD_OPERA_HOURLY_RAINFALL_ACCUMULATION_202301260000_patch000,OPT_NORM_VIRTUAL_HOMOTOPY_CONST_INIT_LONG_LIGHT_JTOTAL,Homotopy Light Shrinkage (2000 iters),≤125,3884,3.2978972347041036,-0.10784749569447022,0.9814101757758351
RAD_OPERA_HOURLY_RAINFALL_ACCUMULATION_202301260000_patch000,OPT_NORM_VIRTUAL_HOMOTOPY_CONST_INIT_LONG_LIGHT_JTOTAL,Homotopy Light Shrinkage (2000 iters),"(125,375]",15623,3.4448375940408464,-0.12962407595635836,0.9722598561234084
RAD_OPERA_HOURLY_RAINFALL_ACCUMULATION_202301260000_patch000,OPT_NORM_VIRTUAL_HOMOTOPY_CONST_INIT_LONG_LIGHT_JTOTAL,Homotopy Light Shrinkage (2000 iters),"(375,750]",24479,4.486582992851001,0.05228645993606872,0.9354925056294416
RAD_OPERA_HOURLY_RAINFALL_ACCUMULATION_202301260000_patch000,OPT_NORM_VIRTUAL_HOMOTOPY_CONST_INIT_LONG_LIGHT_JTOTAL,Homotopy Light Shrinkage (2000 iters),"(750,1500]",46137,4.675552929732279,-0.041936292943193135,0.8999025296658082
RAD_OPERA_HOURLY_RAINFALL_ACCUMULATION_202301260000_patch000,OPT_NORM_VIRTUAL_HOMOTOPY_CONST_INIT_LONG_LIGHT_JTOTAL,Homotopy Light Shrinkage (2000 iters),"(1500,3125]",72453,4.200686577214252,0.36761397720518224,0.8043019557678901
RAD_OPERA_HOURLY_RAINFALL_ACCUMULATION_202301260000_patch000,OPT_NORM_VIRTUAL_HOMOTOPY_CONST_INIT_LONG_LIGHT_JTOTAL,Homotopy Light Shrinkage (2000 iters),"(3125,6000]",34265,4.203327052859032,0.6265206890634555,0.7358017686103469
RAD_OPERA_HOURLY_RAINFALL_ACCUMULATION_202301260000_patch000,OPT_NORM_VIRTUAL_HOMOTOPY_CONST_INIT_LONG_LIGHT_JTOTAL,Homotopy Light Shrinkage (2000 iters),"(6000,9000]",2839,1.3893543505891393,0.0019999648955140725,0.8827796147279175
RAD_OPERA_HOURLY_RAINFALL_ACCUMULATION_202301260200_patch000,OPT_NORM_VIRTUAL_HOMOTOPY_CONST_INIT_LONG_LIGHT_JTOTAL,Homotopy Light Shrinkage (2000 iters),≤125,4421,0.16534515232417524,-0.003397742485383905,0.9973330786733817
RAD_OPERA_HOURLY_RAINFALL_ACCUMULATION_202301260200_patch000,OPT_NORM_VIRTUAL_HOMOTOPY_CONST_INIT_LONG_LIGHT_JTOTAL,Homotopy Light Shrinkage (2000 iters),"(125,375]",17544,0.19805671806372468,-0.002637091099092395,0.9961204688863271
RAD_OPERA_HOURLY_RAINFALL_ACCUMULATION_202301260200_patch000,OPT_NORM_VIRTUAL_HOMOTOPY_CONST_INIT_LONG_LIGHT_JTOTAL,Homotopy Light Shrinkage (2000 iters),"(375,750]",27121,0.27703062224403746,-0.0020047363521735408,0.9930309094099576
RAD_OPERA_HOURLY_RAINFALL_ACCUMULATION_202301260200_patch000,OPT_NORM_VIRTUAL_HOMOTOPY_CONST_INIT_LONG_LIGHT_JTOTAL,Homotopy Light Shrinkage (2000 iters),"(750,1500]",51199,0.3654706546064842,0.009023236170007769,0.9892723665279054
RAD_OPERA_HOURLY_RAINFALL_ACCUMULATION_202301260200_patch000,OPT_NORM_VIRTUAL_HOMOTOPY_CONST_INIT_LONG_LIGHT_JTOTAL,Homotopy Light Shrinkage (2000 iters),"(1500,3125]",82409,0.525908049966608,0.04857323111277844,0.981512423498145
RAD_OPERA_HOURLY_RAINFALL_ACCUMULATION_202301260200_patch000,OPT_NORM_VIRTUAL_HOMOTOPY_CONST_INIT_LONG_LIGHT_JTOTAL,Homotopy Light Shrinkage (2000 iters),"(3125,6000]",39095,0.7664268814423034,0.2179901723672633,0.9620458110629033
RAD_OPERA_HOURLY_RAINFALL_ACCUMULATION_202301260200_patch000,OPT_NORM_VIRTUAL_HOMOTOPY_CONST_INIT_LONG_LIGHT_JTOTAL,Homotopy Light Shrinkage (2000 iters),"(6000,9000]",6701,0.5979826762738767,0.46273436632973014,0.904903951018778
RAD_OPERA_HOURLY_RAINFALL_ACCUMULATION_202301260200_patch000,OPT_NORM_VIRTUAL_HOMOTOPY_CONST_INIT_LONG_LIGHT_JTOTAL,Homotopy Light Shrinkage (2000 iters),>9000,1654,0.41561879736032015,0.3639544630164175,0.74790315052603
RAD_OPERA_HOURLY_RAINFALL_ACCUMULATION_202301260200_patch001,OPT_NORM_VIRTUAL_HOMOTOPY_CONST_INIT_LONG_LIGHT_JTOTAL,Homotopy Light Shrinkage (2000 iters),≤125,4870,0.14645300938994113,-0.002628382128611727,0.9938950736952062
RAD_OPERA_HOURLY_RAINFALL_ACCUMULATION_202301260200_patch001,OPT_NORM_VIRTUAL_HOMOTOPY_CONST_INIT_LONG_LIGHT_JTOTAL,Homotopy Light Shrinkage (2000 iters),"(125,375]",18492,0.173793433593297,0.0007293231296972513,0.9908456408746596
RAD_OPERA_HOURLY_RAINFALL_ACCUMULATION_202301260200_patch001,OPT_NORM_VIRTUAL_HOMOTOPY_CONST_INIT_LONG_LIGHT_JTOTAL,Homotopy Light Shrinkage (2000 iters),"(375,750]",28487,0.23550372058105593,-0.005822809774593509,0.9831175454562154
RAD_OPERA_HOURLY_RAINFALL_ACCUMULATION_202301260200_patch001,OPT_NORM_VIRTUAL_HOMOTOPY_CONST_INIT_LONG_LIGHT_JTOTAL,Homotopy Light Shrinkage (2000 iters),"(750,1500]",53473,0.33576798840650457,-0.021035819516471224,0.9680131339836068
RAD_OPERA_HOURLY_RAINFALL_ACCUMULATION_202301260200_patch001,OPT_NORM_VIRTUAL_HOMOTOPY_CONST_INIT_LONG_LIGHT_JTOTAL,Homotopy Light Shrinkage (2000 iters),"(1500,3125]",88711,0.45262336638592693,-0.02430770756711585,0.9415591465431359
RAD_OPERA_HOURLY_RAINFALL_ACCUMULATION_202301260200_patch001,OPT_NORM_VIRTUAL_HOMOTOPY_CONST_INIT_LONG_LIGHT_JTOTAL,Homotopy Light Shrinkage (2000 iters),"(3125,6000]",42560,0.49874951837057463,0.06713958643937021,0.9176294041034019
RAD_OPERA_HOURLY_RAINFALL_ACCUMULATION_202301260200_patch001,OPT_NORM_VIRTUAL_HOMOTOPY_CONST_INIT_LONG_LIGHT_JTOTAL,Homotopy Light Shrinkage (2000 iters),"(6000,9000]",975,0.5478108143966884,0.15133291027484796,0.5033797125003906
RAD_OPERA_HOURLY_RAINFALL_ACCUMULATION_202301260600_patch000,OPT_NORM_VIRTUAL_HOMOTOPY_CONST_INIT_LONG_LIGHT_JTOTAL,Homotopy Light Shrinkage (2000 iters),≤125,3390,1.928580498242794,-0.01705360792754375,0.9850152863447541
RAD_OPERA_HOURLY_RAINFALL_ACCUMULATION_202301260600_patch000,OPT_NORM_VIRTUAL_HOMOTOPY_CONST_INIT_LONG_LIGHT_JTOTAL,Homotopy Light Shrinkage (2000 iters),"(125,375]",13291,2.48840924508266,-0.020227031579175672,0.9713196460171136
RAD_OPERA_HOURLY_RAINFALL_ACCUMULATION_202301260600_patch000,OPT_NORM_VIRTUAL_HOMOTOPY_CONST_INIT_LONG_LIGHT_JTOTAL,Homotopy Light Shrinkage (2000 iters),"(375,750]",19563,3.171087868064706,0.03991645534594651,0.9571988133082365
RAD_OPERA_HOURLY_RAINFALL_ACCUMULATION_202301260600_patch000,OPT_NORM_VIRTUAL_HOMOTOPY_CONST_INIT_LONG_LIGHT_JTOTAL,Homotopy Light Shrinkage (2000 iters),"(750,1500]",36286,3.131353926506892,-0.006182593772385624,0.9431518835723532
RAD_OPERA_HOURLY_RAINFALL_ACCUMULATION_202301260600_patch000,OPT_NORM_VIRTUAL_HOMOTOPY_CONST_INIT_LONG_LIGHT_JTOTAL,Homotopy Light Shrinkage (2000 iters),"(1500,3125]",59850,2.9989455251127364,0.2550540605336842,0.8634605289408452
RAD_OPERA_HOURLY_RAINFALL_ACCUMULATION_202301260600_patch000,OPT_NORM_VIRTUAL_HOMOTOPY_CONST_INIT_LONG_LIGHT_JTOTAL,Homotopy Light Shrinkage (2000 iters),"(3125,6000]",31192,3.870179462073965,1.4049230091032738,0.7037449529493907
RAD_OPERA_HOURLY_RAINFALL_ACCUMULATION_202301260600_patch000,OPT_NORM_VIRTUAL_HOMOTOPY_CONST_INIT_LONG_LIGHT_JTOTAL,Homotopy Light Shrinkage (2000 iters),"(6000,9000]",2828,7.523700975071798,6.223716882501764,0.3864981023679095
RAD_OPERA_HOURLY_RAINFALL_ACCUMULATION_202301260800_patch001,OPT_NORM_VIRTUAL_HOMOTOPY_CONST_INIT_LONG_LIGHT_JTOTAL,Homotopy Light Shrinkage (2000 iters),≤125,5680,0.15312979516857883,0.0002854788367649619,0.9913681800406573
RAD_OPERA_HOURLY_RAINFALL_ACCUMULATION_202301260800_patch001,OPT_NORM_VIRTUAL_HOMOTOPY_CONST_INIT_LONG_LIGHT_JTOTAL,Homotopy Light Shrinkage (2000 iters),"(125,375]",22152,0.18642979525521058,-0.001016061582174401,0.987112865329378
RAD_OPERA_HOURLY_RAINFALL_ACCUMULATION_202301260800_patch001,OPT_NORM_VIRTUAL_HOMOTOPY_CONST_INIT_LONG_LIGHT_JTOTAL,Homotopy Light Shrinkage (2000 iters),"(375,750]",35262,0.2631100281601008,-0.0019833606680335694,0.9748845595577814
RAD_OPERA_HOURLY_RAINFALL_ACCUMULATION_202301260800_patch001,OPT_NORM_VIRTUAL_HOMOTOPY_CONST_INIT_LONG_LIGHT_JTOTAL,Homotopy Light Shrinkage (2000 iters),"(750,1500]",67772,0.35714089358169276,-0.02624190441210014,0.9516606290360368
RAD_OPERA_HOURLY_RAINFALL_ACCUMULATION_202301260800_patch001,OPT_NORM_VIRTUAL_HOMOTOPY_CONST_INIT_LONG_LIGHT_JTOTAL,Homotopy Light Shrinkage (2000 iters),"(1500,3125]",116937,0.531847039269468,-0.043525883421076675,0.9030855456496609
RAD_OPERA_HOURLY_RAINFALL_ACCUMULATION_202301260800_patch001,OPT_NORM_VIRTUAL_HOMOTOPY_CONST_INIT_LONG_LIGHT_JTOTAL,Homotopy Light Shrinkage (2000 iters),"(3125,6000]",62770,0.7139757352213629,-0.12183615116057396,0.818988623807127
RAD_OPERA_HOURLY_RAINFALL_ACCUMULATION_202301260800_patch001,OPT_NORM_VIRTUAL_HOMOTOPY_CONST_INIT_LONG_LIGHT_JTOTAL,Homotopy Light Shrinkage (2000 iters),"(6000,9000]",1235,0.672145331451879,-0.055444551189901374,0.8396465054141063
RAD_OPERA_HOURLY_RAINFALL_ACCUMULATION_202301260900_patch000,OPT_NORM_VIRTUAL_HOMOTOPY_CONST_INIT_LONG_LIGHT_JTOTAL,Homotopy Light Shrinkage (2000 iters),≤125,3711,0.20594534919260127,-0.0035972873562592055,0.9907213915231863
RAD_OPERA_HOURLY_RAINFALL_ACCUMULATION_202301260900_patch000,OPT_NORM_VIRTUAL_HOMOTOPY_CONST_INIT_LONG_LIGHT_JTOTAL,Homotopy Light Shrinkage (2000 iters),"(125,375]",14727,0.24522692470133006,-0.0004908291451871261,0.9858693478845635
RAD_OPERA_HOURLY_RAINFALL_ACCUMULATION_202301260900_patch000,OPT_NORM_VIRTUAL_HOMOTOPY_CONST_INIT_LONG_LIGHT_JTOTAL,Homotopy Light Shrinkage (2000 iters),"(375,750]",22957,0.31389869202942156,-0.0020136875927009488,0.9764090105425816
RAD_OPERA_HOURLY_RAINFALL_ACCUMULATION_202301260900_patch000,OPT_NORM_VIRTUAL_HOMOTOPY_CONST_INIT_LONG_LIGHT_JTOTAL,Homotopy Light Shrinkage (2000 iters),"(750,1500]",43184,0.4020707624476345,-0.007609222036665261,0.9631422429813616
RAD_OPERA_HOURLY_RAINFALL_ACCUMULATION_202301260900_patch000,OPT_NORM_VIRTUAL_HOMOTOPY_CONST_INIT_LONG_LIGHT_JTOTAL,Homotopy Light Shrinkage (2000 iters),"(1500,3125]",67966,0.5663663055423996,0.020515504396270808,0.9233717405800538
RAD_OPERA_HOURLY_RAINFALL_ACCUMULATION_202301260900_patch000,OPT_NORM_VIRTUAL_HOMOTOPY_CONST_INIT_LONG_LIGHT_JTOTAL,Homotopy Light Shrinkage (2000 iters),"(3125,6000]",32037,0.9212839109315828,0.25554497285062916,0.7348072965659905
RAD_OPERA_HOURLY_RAINFALL_ACCUMULATION_202301260900_patch000,OPT_NORM_VIRTUAL_HOMOTOPY_CONST_INIT_LONG_LIGHT_JTOTAL,Homotopy Light Shrinkage (2000 iters),"(6000,9000]",1018,1.0664379278589358,0.6153535321793997,0.6683936292867263
RAD_OPERA_HOURLY_RAINFALL_ACCUMULATION_202301260900_patch001,OPT_NORM_VIRTUAL_HOMOTOPY_CONST_INIT_LONG_LIGHT_JTOTAL,Homotopy Light Shrinkage (2000 iters),≤125,5159,0.15252854753002948,0.001476137232909856,0.9910446501516201
RAD_OPERA_HOURLY_RAINFALL_ACCUMULATION_202301260900_patch001,OPT_NORM_VIRTUAL_HOMOTOPY_CONST_INIT_LONG_LIGHT_JTOTAL,Homotopy Light Shrinkage (2000 iters),"(125,375]",19586,0.16842486439181023,0.0027635007355669163,0.9898284745601804
RAD_OPERA_HOURLY_RAINFALL_ACCUMULATION_202301260900_patch001,OPT_NORM_VIRTUAL_HOMOTOPY_CONST_INIT_LONG_LIGHT_JTOTAL,Homotopy Light Shrinkage (2000 iters),"(375,750]",29988,0.23536726367316352,0.002883613448477243,0.9819281551805987
RAD_OPERA_HOURLY_RAINFALL_ACCUMULATION_202301260900_patch001,OPT_NORM_VIRTUAL_HOMOTOPY_CONST_INIT_LONG_LIGHT_JTOTAL,Homotopy Light Shrinkage (2000 iters),"(750,1500]",56176,0.3287025046885989,-1.5629444836857175e-05,0.9680169810307826
RAD_OPERA_HOURLY_RAINFALL_ACCUMULATION_202301260900_patch001,OPT_NORM_VIRTUAL_HOMOTOPY_CONST_INIT_LONG_LIGHT_JTOTAL,Homotopy Light Shrinkage (2000 iters),"(1500,3125]",95580,0.47988148651146,-0.028135829178807775,0.9405433736369825
RAD_OPERA_HOURLY_RAINFALL_ACCUMULATION_202301260900_patch001,OPT_NORM_VIRTUAL_HOMOTOPY_CONST_INIT_LONG_LIGHT_JTOTAL,Homotopy Light Shrinkage (2000 iters),"(3125,6000]",56911,0.6585546451977645,0.025871031426318917,0.9213583349164739
RAD_OPERA_HOURLY_RAINFALL_ACCUMULATION_202301260900_patch001,OPT_NORM_VIRTUAL_HOMOTOPY_CONST_INIT_LONG_LIGHT_JTOTAL,Homotopy Light Shrinkage (2000 iters),"(6000,9000]",8318,0.6743055863424026,0.3058101855940359,0.8859705556155582
RAD_OPERA_HOURLY_RAINFALL_ACCUMULATION_202301260900_patch001,OPT_NORM_VIRTUAL_HOMOTOPY_CONST_INIT_LONG_LIGHT_JTOTAL,Homotopy Light Shrinkage (2000 iters),>9000,666,0.42470060070049637,0.2368672312916936,0.949288737797545
RAD_OPERA_HOURLY_RAINFALL_ACCUMULATION_202301270400_patch000,OPT_NORM_VIRTUAL_HOMOTOPY_CONST_INIT_LONG_LIGHT_JTOTAL,Homotopy Light Shrinkage (2000 iters),≤125,4024,0.25608814399592056,-0.001686374556492167,0.9917081718025114
RAD_OPERA_HOURLY_RAINFALL_ACCUMULATION_202301270400_patch000,OPT_NORM_VIRTUAL_HOMOTOPY_CONST_INIT_LONG_LIGHT_JTOTAL,Homotopy Light Shrinkage (2000 iters),"(125,375]",16310,0.303231511894585,0.0063804192723397385,0.9869537846700059
RAD_OPERA_HOURLY_RAINFALL_ACCUMULATION_202301270400_patch000,OPT_NORM_VIRTUAL_HOMOTOPY_CONST_INIT_LONG_LIGHT_JTOTAL,Homotopy Light Shrinkage (2000 iters),"(375,750]",26560,0.4263449978543566,0.007277450775032457,0.9750197570195037
RAD_OPERA_HOURLY_RAINFALL_ACCUMULATION_202301270400_patch000,OPT_NORM_VIRTUAL_HOMOTOPY_CONST_INIT_LONG_LIGHT_JTOTAL,Homotopy Light Shrinkage (2000 iters),"(750,1500]",51739,0.5836972050601643,-0.019817934960399977,0.9538201131516735
RAD_OPERA_HOURLY_RAINFALL_ACCUMULATION_202301270400_patch000,OPT_NORM_VIRTUAL_HOMOTOPY_CONST_INIT_LONG_LIGHT_JTOTAL,Homotopy Light Shrinkage (2000 iters),"(1500,3125]",79134,0.8458778641048479,0.011163580844879712,0.9077986531690426
RAD_OPERA_HOURLY_RAINFALL_ACCUMULATION_202301270400_patch000,OPT_NORM_VIRTUAL_HOMOTOPY_CONST_INIT_LONG_LIGHT_JTOTAL,Homotopy Light Shrinkage (2000 iters),"(3125,6000]",39529,1.211380414474538,-0.056461492815374444,0.8836466363069229
RAD_OPERA_HOURLY_RAINFALL_ACCUMULATION_202301270400_patch000,OPT_NORM_VIRTUAL_HOMOTOPY_CONST_INIT_LONG_LIGHT_JTOTAL,Homotopy Light Shrinkage (2000 iters),"(6000,9000]",4447,1.0992793605557847,-0.5917240418100025,0.7241792138008594
RAD_OPERA_HOURLY_RAINFALL_ACCUMULATION_202301270400_patch000,OPT_NORM_VIRTUAL_HOMOTOPY_CONST_INIT_LONG_LIGHT_JTOTAL,Homotopy Light Shrinkage (2000 iters),>9000,2257,1.1043255106232956,-0.7460124821170643,-0.7412590144711491
RAD_OPERA_HOURLY_RAINFALL_ACCUMULATION_202301270700_patch000,OPT_NORM_VIRTUAL_HOMOTOPY_CONST_INIT_LONG_LIGHT_JTOTAL,Homotopy Light Shrinkage (2000 iters),≤125,6209,0.534020956310417,-0.005084009586641063,0.9897869950138088
RAD_OPERA_HOURLY_RAINFALL_ACCUMULATION_202301270700_patch000,OPT_NORM_VIRTUAL_HOMOTOPY_CONST_INIT_LONG_LIGHT_JTOTAL,Homotopy Light Shrinkage (2000 iters),"(125,375]",24640,0.6036296209116031,7.837349545987715e-05,0.9854576003986154
RAD_OPERA_HOURLY_RAINFALL_ACCUMULATION_202301270700_patch000,OPT_NORM_VIRTUAL_HOMOTOPY_CONST_INIT_LONG_LIGHT_JTOTAL,Homotopy Light Shrinkage (2000 iters),"(375,750]",40310,0.7874661321390805,0.013532790485139366,0.9767333209007136
RAD_OPERA_HOURLY_RAINFALL_ACCUMULATION_202301270700_patch000,OPT_NORM_VIRTUAL_HOMOTOPY_CONST_INIT_LONG_LIGHT_JTOTAL,Homotopy Light Shrinkage (2000 iters),"(750,1500]",79643,1.1308644319889694,0.020646127714769234,0.9591799774536445
RAD_OPERA_HOURLY_RAINFALL_ACCUMULATION_202301270700_patch000,OPT_NORM_VIRTUAL_HOMOTOPY_CONST_INIT_LONG_LIGHT_JTOTAL,Homotopy Light Shrinkage (2000 iters),"(1500,3125]",137983,1.6731762998935893,0.028835462922958556,0.9329343581435863
RAD_OPERA_HOURLY_RAINFALL_ACCUMULATION_202301270700_patch000,OPT_NORM_VIRTUAL_HOMOTOPY_CONST_INIT_LONG_LIGHT_JTOTAL,Homotopy Light Shrinkage (2000 iters),"(3125,6000]",83142,1.8981429450561196,0.04386608402467296,0.9350398305492326
RAD_OPERA_HOURLY_RAINFALL_ACCUMULATION_202301270700_patch000,OPT_NORM_VIRTUAL_HOMOTOPY_CONST_INIT_LONG_LIGHT_JTOTAL,Homotopy Light Shrinkage (2000 iters),"(6000,9000]",10359,0.7679218612320292,0.34507391392748643,0.9080660776623233
RAD_OPERA_HOURLY_RAINFALL_ACCUMULATION_202301270700_patch000,OPT_NORM_VIRTUAL_HOMOTOPY_CONST_INIT_LONG_LIGHT_JTOTAL,Homotopy Light Shrinkage (2000 iters),>9000,2994,1.221976637036521,-0.5081647186864817,0.793115219895565
RAD_OPERA_HOURLY_RAINFALL_ACCUMULATION_202301270800_patch000,OPT_NORM_VIRTUAL_HOMOTOPY_CONST_INIT_LONG_LIGHT_JTOTAL,Homotopy Light Shrinkage (2000 iters),≤125,3487,0.12697896698467662,-0.00352653976426208,0.9726900485188656
RAD_OPERA_HOURLY_RAINFALL_ACCUMULATION_202301270800_patch000,OPT_NORM_VIRTUAL_HOMOTOPY_CONST_INIT_LONG_LIGHT_JTOTAL,Homotopy Light Shrinkage (2000 iters),"(125,375]",13581,0.11305837920665437,-0.005252728027901025,0.9781730324895217
RAD_OPERA_HOURLY_RAINFALL_ACCUMULATION_202301270800_patch000,OPT_NORM_VIRTUAL_HOMOTOPY_CONST_INIT_LONG_LIGHT_JTOTAL,Homotopy Light Shrinkage (2000 iters),"(375,750]",20224,0.12919604321650577,-0.005223653839217334,0.9704615561535087
RAD_OPERA_HOURLY_RAINFALL_ACCUMULATION_202301270800_patch000,OPT_NORM_VIRTUAL_HOMOTOPY_CONST_INIT_LONG_LIGHT_JTOTAL,Homotopy Light Shrinkage (2000 iters),"(750,1500]",37125,0.15862000664149825,-0.003900910435300885,0.9524830227506952
RAD_OPERA_HOURLY_RAINFALL_ACCUMULATION_202301270800_patch000,OPT_NORM_VIRTUAL_HOMOTOPY_CONST_INIT_LONG_LIGHT_JTOTAL,Homotopy Light Shrinkage (2000 iters),"(1500,3125]",60628,0.19374618671930738,0.03905720998258226,0.9255719587931199
RAD_OPERA_HOURLY_RAINFALL_ACCUMULATION_202301270800_patch000,OPT_NORM_VIRTUAL_HOMOTOPY_CONST_INIT_LONG_LIGHT_JTOTAL,Homotopy Light Shrinkage (2000 iters),"(3125,6000]",30024,0.3252595083592481,0.11758072103718392,0.9033331747999974
RAD_OPERA_HOURLY_RAINFALL_ACCUMULATION_202301270800_patch000,OPT_NORM_VIRTUAL_HOMOTOPY_CONST_INIT_LONG_LIGHT_JTOTAL,Homotopy Light Shrinkage (2000 iters),"(6000,9000]",1331,0.582127133159367,0.4591382512645019,0.9461754399033836
RAD_OPERA_HOURLY_RAINFALL_ACCUMULATION_202301270900_patch000,OPT_NORM_VIRTUAL_HOMOTOPY_CONST_INIT_LONG_LIGHT_JTOTAL,Homotopy Light Shrinkage (2000 iters),≤125,5395,0.3188460432102693,0.007983536934747643,0.9912463198663807
RAD_OPERA_HOURLY_RAINFALL_ACCUMULATION_202301270900_patch000,OPT_NORM_VIRTUAL_HOMOTOPY_CONST_INIT_LONG_LIGHT_JTOTAL,Homotopy Light Shrinkage (2000 iters),"(125,375]",21090,0.4150237879836565,-0.00032699426672310556,0.9839690074524121
RAD_OPERA_HOURLY_RAINFALL_ACCUMULATION_202301270900_patch000,OPT_NORM_VIRTUAL_HOMOTOPY_CONST_INIT_LONG_LIGHT_JTOTAL,Homotopy Light Shrinkage (2000 iters),"(375,750]",34488,0.5890108833173262,-0.03746008192408529,0.9650849165008037
RAD_OPERA_HOURLY_RAINFALL_ACCUMULATION_202301270900_patch000,OPT_NORM_VIRTUAL_HOMOTOPY_CONST_INIT_LONG_LIGHT_JTOTAL,Homotopy Light Shrinkage (2000 iters),"(750,1500]",67771,0.796042920296595,-0.07518306705819316,0.9250421476614306
RAD_OPERA_HOURLY_RAINFALL_ACCUMULATION_202301270900_patch000,OPT_NORM_VIRTUAL_HOMOTOPY_CONST_INIT_LONG_LIGHT_JTOTAL,Homotopy Light Shrinkage (2000 iters),"(1500,3125]",115766,0.9532379926965427,-0.028761759737694667,0.8737459953735104
RAD_OPERA_HOURLY_RAINFALL_ACCUMULATION_202301270900_patch000,OPT_NORM_VIRTUAL_HOMOTOPY_CONST_INIT_LONG_LIGHT_JTOTAL,Homotopy Light Shrinkage (2000 iters),"(3125,6000]",63094,1.0055100149777798,0.14858496229607085,0.8462969674655987
RAD_OPERA_HOURLY_RAINFALL_ACCUMULATION_202301270900_patch000,OPT_NORM_VIRTUAL_HOMOTOPY_CONST_INIT_LONG_LIGHT_JTOTAL,Homotopy Light Shrinkage (2000 iters),"(6000,9000]",4971,0.9988891171706435,0.6742844565045324,0.7749015699261237
RAD_OPERA_HOURLY_RAINFALL_ACCUMULATION_202301270900_patch000,OPT_NORM_VIRTUAL_HOMOTOPY_CONST_INIT_LONG_LIGHT_JTOTAL,Homotopy Light Shrinkage (2000 iters),>9000,1,0.3667587339878082,0.3667587339878082,
RAD_OPERA_HOURLY_RAINFALL_ACCUMULATION_202301271000_patch001,OPT_NORM_VIRTUAL_HOMOTOPY_CONST_INIT_LONG_LIGHT_JTOTAL,Homotopy Light Shrinkage (2000 iters),≤125,5081,0.6946914779109085,-0.012216398505045438,0.9752295325737251
RAD_OPERA_HOURLY_RAINFALL_ACCUMULATION_202301271000_patch001,OPT_NORM_VIRTUAL_HOMOTOPY_CONST_INIT_LONG_LIGHT_JTOTAL,Homotopy Light Shrinkage (2000 iters),"(125,375]",19591,0.8437860820523012,0.011035190124612971,0.9762833459499152
RAD_OPERA_HOURLY_RAINFALL_ACCUMULATION_202301271000_patch001,OPT_NORM_VIRTUAL_HOMOTOPY_CONST_INIT_LONG_LIGHT_JTOTAL,Homotopy Light Shrinkage (2000 iters),"(375,750]",30953,1.1686380453577099,0.04027778818166533,0.9679280001841806
RAD_OPERA_HOURLY_RAINFALL_ACCUMULATION_202301271000_patch001,OPT_NORM_VIRTUAL_HOMOTOPY_CONST_INIT_LONG_LIGHT_JTOTAL,Homotopy Light Shrinkage (2000 iters),"(750,1500]",57909,1.8084850998458195,-0.020052035407051638,0.93333931759867
RAD_OPERA_HOURLY_RAINFALL_ACCUMULATION_202301271000_patch001,OPT_NORM_VIRTUAL_HOMOTOPY_CONST_INIT_LONG_LIGHT_JTOTAL,Homotopy Light Shrinkage (2000 iters),"(1500,3125]",94396,2.5450913720546064,-0.060044514491323746,0.851644568484699
RAD_OPERA_HOURLY_RAINFALL_ACCUMULATION_202301271000_patch001,OPT_NORM_VIRTUAL_HOMOTOPY_CONST_INIT_LONG_LIGHT_JTOTAL,Homotopy Light Shrinkage (2000 iters),"(3125,6000]",50338,2.40535718103963,0.007314769121308745,0.9061566446466474
RAD_OPERA_HOURLY_RAINFALL_ACCUMULATION_202301271000_patch001,OPT_NORM_VIRTUAL_HOMOTOPY_CONST_INIT_LONG_LIGHT_JTOTAL,Homotopy Light Shrinkage (2000 iters),"(6000,9000]",3450,2.233033901820794,-0.1729965219851853,0.9886233234553753
RAD_OPERA_HOURLY_RAINFALL_ACCUMULATION_202301271000_patch001,OPT_NORM_VIRTUAL_HOMOTOPY_CONST_INIT_LONG_LIGHT_JTOTAL,Homotopy Light Shrinkage (2000 iters),>9000,170,1.1242094986082927,1.1219448615522947,0.6376721833308078
RAD_OPERA_HOURLY_RAINFALL_ACCUMULATION_202301271800_patch000,OPT_NORM_VIRTUAL_HOMOTOPY_CONST_INIT_LONG_LIGHT_JTOTAL,Homotopy Light Shrinkage (2000 iters),≤125,5395,0.06555920747153707,-0.00032816772885185574,0.9944850202442853
RAD_OPERA_HOURLY_RAINFALL_ACCUMULATION_202301271800_patch000,OPT_NORM_VIRTUAL_HOMOTOPY_CONST_INIT_LONG_LIGHT_JTOTAL,Homotopy Light Shrinkage (2000 iters),"(125,375]",21090,0.0761086242528391,0.0011576158902044825,0.993406706970555
RAD_OPERA_HOURLY_RAINFALL_ACCUMULATION_202301271800_patch000,OPT_NORM_VIRTUAL_HOMOTOPY_CONST_INIT_LONG_LIGHT_JTOTAL,Homotopy Light Shrinkage (2000 iters),"(375,750]",34488,0.09659484362934567,0.0026914804406521133,0.9906479868328677
RAD_OPERA_HOURLY_RAINFALL_ACCUMULATION_202301271800_patch000,OPT_NORM_VIRTUAL_HOMOTOPY_CONST_INIT_LONG_LIGHT_JTOTAL,Homotopy Light Shrinkage (2000 iters),"(750,1500]",67771,0.12289508614512396,0.002430435918867733,0.9852898029226117
RAD_OPERA_HOURLY_RAINFALL_ACCUMULATION_202301271800_patch000,OPT_NORM_VIRTUAL_HOMOTOPY_CONST_INIT_LONG_LIGHT_JTOTAL,Homotopy Light Shrinkage (2000 iters),"(1500,3125]",115766,0.16556139627009986,0.007819851574875442,0.973112583303721
RAD_OPERA_HOURLY_RAINFALL_ACCUMULATION_202301271800_patch000,OPT_NORM_VIRTUAL_HOMOTOPY_CONST_INIT_LONG_LIGHT_JTOTAL,Homotopy Light Shrinkage (2000 iters),"(3125,6000]",63094,0.24947706176813442,0.007704877752688969,0.963150429494538
RAD_OPERA_HOURLY_RAINFALL_ACCUMULATION_202301271800_patch000,OPT_NORM_VIRTUAL_HOMOTOPY_CONST_INIT_LONG_LIGHT_JTOTAL,Homotopy Light Shrinkage (2000 iters),"(6000,9000]",4971,0.39424375654372723,0.28766107593976475,0.9657549252065157
RAD_OPERA_HOURLY_RAINFALL_ACCUMULATION_202301271800_patch000,OPT_NORM_VIRTUAL_HOMOTOPY_CONST_INIT_LONG_LIGHT_JTOTAL,Homotopy Light Shrinkage (2000 iters),>9000,1,0.331032395362854,0.331032395362854,
RAD_OPERA_HOURLY_RAINFALL_ACCUMULATION_202301272100_patch001,OPT_NORM_VIRTUAL_HOMOTOPY_CONST_INIT_LONG_LIGHT_JTOTAL,Homotopy Light Shrinkage (2000 iters),≤125,4361,0.6642980701005825,-0.0027214282839358637,0.989844714752447
RAD_OPERA_HOURLY_RAINFALL_ACCUMULATION_202301272100_patch001,OPT_NORM_VIRTUAL_HOMOTOPY_CONST_INIT_LONG_LIGHT_JTOTAL,Homotopy Light Shrinkage (2000 iters),"(125,375]",17119,0.7343395955855125,-0.001524187273483988,0.9876068006136506
RAD_OPERA_HOURLY_RAINFALL_ACCUMULATION_202301272100_patch001,OPT_NORM_VIRTUAL_HOMOTOPY_CONST_INIT_LONG_LIGHT_JTOTAL,Homotopy Light Shrinkage (2000 iters),"(375,750]",25927,0.9894281631851357,-0.01613532856834071,0.9820398545419415
RAD_OPERA_HOURLY_RAINFALL_ACCUMULATION_202301272100_patch001,OPT_NORM_VIRTUAL_HOMOTOPY_CONST_INIT_LONG_LIGHT_JTOTAL,Homotopy Light Shrinkage (2000 iters),"(750,1500]",47998,1.3051108259187192,-0.04423092044176518,0.9727019838779433
RAD_OPERA_HOURLY_RAINFALL_ACCUMULATION_202301272100_patch001,OPT_NORM_VIRTUAL_HOMOTOPY_CONST_INIT_LONG_LIGHT_JTOTAL,Homotopy Light Shrinkage (2000 iters),"(1500,3125]",78136,1.8222347999738835,-0.040373192618959455,0.9430821645251033
RAD_OPERA_HOURLY_RAINFALL_ACCUMULATION_202301272100_patch001,OPT_NORM_VIRTUAL_HOMOTOPY_CONST_INIT_LONG_LIGHT_JTOTAL,Homotopy Light Shrinkage (2000 iters),"(3125,6000]",40134,2.14924709411961,0.4423852247257481,0.8891634279774594
RAD_OPERA_HOURLY_RAINFALL_ACCUMULATION_202301272100_patch001,OPT_NORM_VIRTUAL_HOMOTOPY_CONST_INIT_LONG_LIGHT_JTOTAL,Homotopy Light Shrinkage (2000 iters),"(6000,9000]",6879,1.0764056035727412,0.78126133940091,0.950311480843714
RAD_OPERA_HOURLY_RAINFALL_ACCUMULATION_202301272100_patch001,OPT_NORM_VIRTUAL_HOMOTOPY_CONST_INIT_LONG_LIGHT_JTOTAL,Homotopy Light Shrinkage (2000 iters),>9000,1654,0.7404299580816125,0.6544280907808641,0.8609864869096271
RAD_OPERA_HOURLY_RAINFALL_ACCUMULATION_202301272300_patch000,OPT_NORM_VIRTUAL_HOMOTOPY_CONST_INIT_LONG_LIGHT_JTOTAL,Homotopy Light Shrinkage (2000 iters),≤125,4739,0.13453120443137537,0.0021221003066540065,0.9951174983948412
RAD_OPERA_HOURLY_RAINFALL_ACCUMULATION_202301272300_patch000,OPT_NORM_VIRTUAL_HOMOTOPY_CONST_INIT_LONG_LIGHT_JTOTAL,Homotopy Light Shrinkage (2000 iters),"(125,375]",17811,0.16710877884391015,0.0032731481172559797,0.9928385415949416
RAD_OPERA_HOURLY_RAINFALL_ACCUMULATION_202301272300_patch000,OPT_NORM_VIRTUAL_HOMOTOPY_CONST_INIT_LONG_LIGHT_JTOTAL,Homotopy Light Shrinkage (2000 iters),"(375,750]",26584,0.2263449730324284,0.00805810762285119,0.9887279071981849
RAD_OPERA_HOURLY_RAINFALL_ACCUMULATION_202301272300_patch000,OPT_NORM_VIRTUAL_HOMOTOPY_CONST_INIT_LONG_LIGHT_JTOTAL,Homotopy Light Shrinkage (2000 iters),"(750,1500]",49607,0.2920478218079147,0.0017488395526494842,0.9836037545227111
RAD_OPERA_HOURLY_RAINFALL_ACCUMULATION_202301272300_patch000,OPT_NORM_VIRTUAL_HOMOTOPY_CONST_INIT_LONG_LIGHT_JTOTAL,Homotopy Light Shrinkage (2000 iters),"(1500,3125]",83724,0.4236869216447767,0.02303855083653215,0.9643696808792981
RAD_OPERA_HOURLY_RAINFALL_ACCUMULATION_202301272300_patch000,OPT_NORM_VIRTUAL_HOMOTOPY_CONST_INIT_LONG_LIGHT_JTOTAL,Homotopy Light Shrinkage (2000 iters),"(3125,6000]",46547,0.6782278037186656,0.009345091182761672,0.9037874602917775
RAD_OPERA_HOURLY_RAINFALL_ACCUMULATION_202301272300_patch000,OPT_NORM_VIRTUAL_HOMOTOPY_CONST_INIT_LONG_LIGHT_JTOTAL,Homotopy Light Shrinkage (2000 iters),"(6000,9000]",5949,0.8052237560984563,0.13483990557275113,0.6315730554103839
RAD_OPERA_HOURLY_RAINFALL_ACCUMULATION_202301272300_patch000,OPT_NORM_VIRTUAL_HOMOTOPY_CONST_INIT_LONG_LIGHT_JTOTAL,Homotopy Light Shrinkage (2000 iters),>9000,1839,0.6840050651829662,0.5710031214844214,0.500611285798765
RAD_OPERA_HOURLY_RAINFALL_ACCUMULATION_202301272300_patch002,OPT_NORM_VIRTUAL_HOMOTOPY_CONST_INIT_LONG_LIGHT_JTOTAL,Homotopy Light Shrinkage (2000 iters),≤125,5768,0.541746547102207,-0.0038425811720125885,0.9903989165086144
RAD_OPERA_HOURLY_RAINFALL_ACCUMULATION_202301272300_patch002,OPT_NORM_VIRTUAL_HOMOTOPY_CONST_INIT_LONG_LIGHT_JTOTAL,Homotopy Light Shrinkage (2000 iters),"(125,375]",22309,0.62885546372109,-0.009987793006849523,0.9862389213676086
RAD_OPERA_HOURLY_RAINFALL_ACCUMULATION_202301272300_patch002,OPT_NORM_VIRTUAL_HOMOTOPY_CONST_INIT_LONG_LIGHT_JTOTAL,Homotopy Light Shrinkage (2000 iters),"(375,750]",36274,0.8193470936069653,-0.001430606778942974,0.9744458540227945
RAD_OPERA_HOURLY_RAINFALL_ACCUMULATION_202301272300_patch002,OPT_NORM_VIRTUAL_HOMOTOPY_CONST_INIT_LONG_LIGHT_JTOTAL,Homotopy Light Shrinkage (2000 iters),"(750,1500]",71451,1.0647795612196695,0.007708194309184487,0.9574280099933457
RAD_OPERA_HOURLY_RAINFALL_ACCUMULATION_202301272300_patch002,OPT_NORM_VIRTUAL_HOMOTOPY_CONST_INIT_LONG_LIGHT_JTOTAL,Homotopy Light Shrinkage (2000 iters),"(1500,3125]",122451,1.3133536499067928,0.08580736558541184,0.9411263937471938
RAD_OPERA_HOURLY_RAINFALL_ACCUMULATION_202301272300_patch002,OPT_NORM_VIRTUAL_HOMOTOPY_CONST_INIT_LONG_LIGHT_JTOTAL,Homotopy Light Shrinkage (2000 iters),"(3125,6000]",62604,1.5091502559752277,0.15254843469182414,0.9332983015941149
RAD_OPERA_HOURLY_RAINFALL_ACCUMULATION_202301272300_patch002,OPT_NORM_VIRTUAL_HOMOTOPY_CONST_INIT_LONG_LIGHT_JTOTAL,Homotopy Light Shrinkage (2000 iters),"(6000,9000]",1703,1.6391397028119734,0.6868833700174174,0.9449374626745742
RAD_OPERA_HOURLY_RAINFALL_ACCUMULATION_202301280000_patch001,OPT_NORM_VIRTUAL_HOMOTOPY_CONST_INIT_LONG_LIGHT_JTOTAL,Homotopy Light Shrinkage (2000 iters),≤125,4067,0.1989890240034259,-0.005297508679709565,0.993601497516375
RAD_OPERA_HOURLY_RAINFALL_ACCUMULATION_202301280000_patch001,OPT_NORM_VIRTUAL_HOMOTOPY_CONST_INIT_LONG_LIGHT_JTOTAL,Homotopy Light Shrinkage (2000 iters),"(125,375]",16278,0.23079753762309807,0.002495333087328597,0.9913926439187126
RAD_OPERA_HOURLY_RAINFALL_ACCUMULATION_202301280000_patch001,OPT_NORM_VIRTUAL_HOMOTOPY_CONST_INIT_LONG_LIGHT_JTOTAL,Homotopy Light Shrinkage (2000 iters),"(375,750]",25812,0.3039353021242134,0.010174528999733552,0.9858943091781716
RAD_OPERA_HOURLY_RAINFALL_ACCUMULATION_202301280000_patch001,OPT_NORM_VIRTUAL_HOMOTOPY_CONST_INIT_LONG_LIGHT_JTOTAL,Homotopy Light Shrinkage (2000 iters),"(750,1500]",48116,0.4410795837010205,-0.006103627783212195,0.9741675044980658
RAD_OPERA_HOURLY_RAINFALL_ACCUMULATION_202301280000_patch001,OPT_NORM_VIRTUAL_HOMOTOPY_CONST_INIT_LONG_LIGHT_JTOTAL,Homotopy Light Shrinkage (2000 iters),"(1500,3125]",75981,0.6462515929811796,0.04637960200044227,0.9534055640905716
RAD_OPERA_HOURLY_RAINFALL_ACCUMULATION_202301280000_patch001,OPT_NORM_VIRTUAL_HOMOTOPY_CONST_INIT_LONG_LIGHT_JTOTAL,Homotopy Light Shrinkage (2000 iters),"(3125,6000]",35618,0.655843482639333,0.030418395899870856,0.9511037057949379
RAD_OPERA_HOURLY_RAINFALL_ACCUMULATION_202301280000_patch001,OPT_NORM_VIRTUAL_HOMOTOPY_CONST_INIT_LONG_LIGHT_JTOTAL,Homotopy Light Shrinkage (2000 iters),"(6000,9000]",1488,0.7849741371187974,0.08894547247277793,0.9204500165717104
RAD_OPERA_HOURLY_RAINFALL_ACCUMULATION_202301280700_patch000,OPT_NORM_VIRTUAL_HOMOTOPY_CONST_INIT_LONG_LIGHT_JTOTAL,Homotopy Light Shrinkage (2000 iters),≤125,4736,0.7711770768719318,0.004938538435555507,0.9913151324607369
RAD_OPERA_HOURLY_RAINFALL_ACCUMULATION_202301280700_patch000,OPT_NORM_VIRTUAL_HOMOTOPY_CONST_INIT_LONG_LIGHT_JTOTAL,Homotopy Light Shrinkage (2000 iters),"(125,375]",19319,0.908494363478853,0.024060862701770762,0.9849535723474205
RAD_OPERA_HOURLY_RAINFALL_ACCUMULATION_202301280700_patch000,OPT_NORM_VIRTUAL_HOMOTOPY_CONST_INIT_LONG_LIGHT_JTOTAL,Homotopy Light Shrinkage (2000 iters),"(375,750]",32179,1.1177183232321664,-0.00995584821827623,0.9779597174054767
RAD_OPERA_HOURLY_RAINFALL_ACCUMULATION_202301280700_patch000,OPT_NORM_VIRTUAL_HOMOTOPY_CONST_INIT_LONG_LIGHT_JTOTAL,Homotopy Light Shrinkage (2000 iters),"(750,1500]",64809,1.3729225895666606,-0.04748880439875767,0.969091074382304
RAD_OPERA_HOURLY_RAINFALL_ACCUMULATION_202301280700_patch000,OPT_NORM_VIRTUAL_HOMOTOPY_CONST_INIT_LONG_LIGHT_JTOTAL,Homotopy Light Shrinkage (2000 iters),"(1500,3125]",111200,1.6751251653317087,-0.03535585701606686,0.9599820310092807
RAD_OPERA_HOURLY_RAINFALL_ACCUMULATION_202301280700_patch000,OPT_NORM_VIRTUAL_HOMOTOPY_CONST_INIT_LONG_LIGHT_JTOTAL,Homotopy Light Shrinkage (2000 iters),"(3125,6000]",52343,1.8364135669583799,0.37076625964465887,0.9275839186345567
RAD_OPERA_HOURLY_RAINFALL_ACCUMULATION_202301280700_patch000,OPT_NORM_VIRTUAL_HOMOTOPY_CONST_INIT_LONG_LIGHT_JTOTAL,Homotopy Light Shrinkage (2000 iters),"(6000,9000]",2134,2.1137401339562976,1.1734609060066263,0.5405667819025419
RAD_OPERA_HOURLY_RAINFALL_ACCUMULATION_202301280800_patch000,OPT_NORM_VIRTUAL_HOMOTOPY_CONST_INIT_LONG_LIGHT_JTOTAL,Homotopy Light Shrinkage (2000 iters),≤125,3789,0.5375411782938687,-0.0017583205662795565,0.9976461192358823
RAD_OPERA_HOURLY_RAINFALL_ACCUMULATION_202301280800_patch000,OPT_NORM_VIRTUAL_HOMOTOPY_CONST_INIT_LONG_LIGHT_JTOTAL,Homotopy Light Shrinkage (2000 iters),"(125,375]",15303,0.5504503322356007,-0.01052548933565122,0.9969903292181884
RAD_OPERA_HOURLY_RAINFALL_ACCUMULATION_202301280800_patch000,OPT_NORM_VIRTUAL_HOMOTOPY_CONST_INIT_LONG_LIGHT_JTOTAL,Homotopy Light Shrinkage (2000 iters),"(375,750]",24416,0.7750514505854899,-0.03604274602951103,0.9923019191771145
RAD_OPERA_HOURLY_RAINFALL_ACCUMULATION_202301280800_patch000,OPT_NORM_VIRTUAL_HOMOTOPY_CONST_INIT_LONG_LIGHT_JTOTAL,Homotopy Light Shrinkage (2000 iters),"(750,1500]",45694,1.0475362162194917,-0.04015839672398556,0.9823040186522556
RAD_OPERA_HOURLY_RAINFALL_ACCUMULATION_202301280800_patch000,OPT_NORM_VIRTUAL_HOMOTOPY_CONST_INIT_LONG_LIGHT_JTOTAL,Homotopy Light Shrinkage (2000 iters),"(1500,3125]",70847,1.1984426215750899,0.060760732130999154,0.9673132551629268
RAD_OPERA_HOURLY_RAINFALL_ACCUMULATION_202301280800_patch000,OPT_NORM_VIRTUAL_HOMOTOPY_CONST_INIT_LONG_LIGHT_JTOTAL,Homotopy Light Shrinkage (2000 iters),"(3125,6000]",36972,1.5003632027487974,0.2436128252208149,0.9284959376666317
RAD_OPERA_HOURLY_RAINFALL_ACCUMULATION_202301280800_patch000,OPT_NORM_VIRTUAL_HOMOTOPY_CONST_INIT_LONG_LIGHT_JTOTAL,Homotopy Light Shrinkage (2000 iters),"(6000,9000]",1379,0.951112100904521,0.6965065606700241,0.7908157428702164
RAD_OPERA_HOURLY_RAINFALL_ACCUMULATION_202301280900_patch000,OPT_NORM_VIRTUAL_HOMOTOPY_CONST_INIT_LONG_LIGHT_JTOTAL,Homotopy Light Shrinkage (2000 iters),≤125,4739,0.3393408373784322,0.007459127375394105,0.9868143821651011
RAD_OPERA_HOURLY_RAINFALL_ACCUMULATION_202301280900_patch000,OPT_NORM_VIRTUAL_HOMOTOPY_CONST_INIT_LONG_LIGHT_JTOTAL,Homotopy Light Shrinkage (2000 iters),"(125,375]",17811,0.34214782214852796,0.002027973154955223,0.9877617820275272
RAD_OPERA_HOURLY_RAINFALL_ACCUMULATION_202301280900_patch000,OPT_NORM_VIRTUAL_HOMOTOPY_CONST_INIT_LONG_LIGHT_JTOTAL,Homotopy Light Shrinkage (2000 iters),"(375,750]",26584,0.40322227252136555,0.006601895082696249,0.9845127123729214
RAD_OPERA_HOURLY_RAINFALL_ACCUMULATION_202301280900_patch000,OPT_NORM_VIRTUAL_HOMOTOPY_CONST_INIT_LONG_LIGHT_JTOTAL,Homotopy Light Shrinkage (2000 iters),"(750,1500]",49607,0.5238736782499267,0.011801574846226303,0.9747031792323165
RAD_OPERA_HOURLY_RAINFALL_ACCUMULATION_202301280900_patch000,OPT_NORM_VIRTUAL_HOMOTOPY_CONST_INIT_LONG_LIGHT_JTOTAL,Homotopy Light Shrinkage (2000 iters),"(1500,3125]",83724,0.6529508505675455,0.07225626959112841,0.9598658676197078
RAD_OPERA_HOURLY_RAINFALL_ACCUMULATION_202301280900_patch000,OPT_NORM_VIRTUAL_HOMOTOPY_CONST_INIT_LONG_LIGHT_JTOTAL,Homotopy Light Shrinkage (2000 iters),"(3125,6000]",46547,1.0213492761878284,0.15975826748998717,0.9038220734449425
RAD_OPERA_HOURLY_RAINFALL_ACCUMULATION_202301280900_patch000,OPT_NORM_VIRTUAL_HOMOTOPY_CONST_INIT_LONG_LIGHT_JTOTAL,Homotopy Light Shrinkage (2000 iters),"(6000,9000]",5949,1.3785522026618529,0.4235491030972409,0.6978683005553713
RAD_OPERA_HOURLY_RAINFALL_ACCUMULATION_202301280900_patch000,OPT_NORM_VIRTUAL_HOMOTOPY_CONST_INIT_LONG_LIGHT_JTOTAL,Homotopy Light Shrinkage (2000 iters),>9000,1839,0.5011435423529529,-0.26225568717948244,0.3244131978170218
RAD_OPERA_HOURLY_RAINFALL_ACCUMULATION_202301281000_patch001,OPT_NORM_VIRTUAL_HOMOTOPY_CONST_INIT_LONG_LIGHT_JTOTAL,Homotopy Light Shrinkage (2000 iters),≤125,4538,0.3699918458629309,0.0022348990783021905,0.9923063757824697
RAD_OPERA_HOURLY_RAINFALL_ACCUMULATION_202301281000_patch001,OPT_NORM_VIRTUAL_HOMOTOPY_CONST_INIT_LONG_LIGHT_JTOTAL,Homotopy Light Shrinkage (2000 iters),"(125,375]",16885,0.4664214332322448,0.007673752934858386,0.9905835314138873
RAD_OPERA_HOURLY_RAINFALL_ACCUMULATION_202301281000_patch001,OPT_NORM_VIRTUAL_HOMOTOPY_CONST_INIT_LONG_LIGHT_JTOTAL,Homotopy Light Shrinkage (2000 iters),"(375,750]",25044,0.6414862776294674,0.01628299056230778,0.9868347514666099
RAD_OPERA_HOURLY_RAINFALL_ACCUMULATION_202301281000_patch001,OPT_NORM_VIRTUAL_HOMOTOPY_CONST_INIT_LONG_LIGHT_JTOTAL,Homotopy Light Shrinkage (2000 iters),"(750,1500]",46152,0.9285699741064534,0.0030042913501350695,0.9822581415359579
RAD_OPERA_HOURLY_RAINFALL_ACCUMULATION_202301281000_patch001,OPT_NORM_VIRTUAL_HOMOTOPY_CONST_INIT_LONG_LIGHT_JTOTAL,Homotopy Light Shrinkage (2000 iters),"(1500,3125]",77771,1.6333306387514988,-0.13439503084773594,0.9671944059134546
RAD_OPERA_HOURLY_RAINFALL_ACCUMULATION_202301281000_patch001,OPT_NORM_VIRTUAL_HOMOTOPY_CONST_INIT_LONG_LIGHT_JTOTAL,Homotopy Light Shrinkage (2000 iters),"(3125,6000]",38060,2.691547531740715,-0.7772309139335888,0.9578910013948452
RAD_OPERA_HOURLY_RAINFALL_ACCUMULATION_202301281000_patch001,OPT_NORM_VIRTUAL_HOMOTOPY_CONST_INIT_LONG_LIGHT_JTOTAL,Homotopy Light Shrinkage (2000 iters),"(6000,9000]",2697,2.068404779062118,-0.6843465085676258,0.9945946383541329
RAD_OPERA_HOURLY_RAINFALL_ACCUMULATION_202301281000_patch001,OPT_NORM_VIRTUAL_HOMOTOPY_CONST_INIT_LONG_LIGHT_JTOTAL,Homotopy Light Shrinkage (2000 iters),>9000,53,0.5001839625305018,0.5000595692193733,
RAD_OPERA_HOURLY_RAINFALL_ACCUMULATION_202301281900_patch000,OPT_NORM_VIRTUAL_HOMOTOPY_CONST_INIT_LONG_LIGHT_JTOTAL,Homotopy Light Shrinkage (2000 iters),≤125,4624,0.1697700785058695,0.00888508261796925,0.9928064698945609
RAD_OPERA_HOURLY_RAINFALL_ACCUMULATION_202301281900_patch000,OPT_NORM_VIRTUAL_HOMOTOPY_CONST_INIT_LONG_LIGHT_JTOTAL,Homotopy Light Shrinkage (2000 iters),"(125,375]",18731,0.19617566142184512,-0.0017866528929664108,0.9912852384177016
RAD_OPERA_HOURLY_RAINFALL_ACCUMULATION_202301281900_patch000,OPT_NORM_VIRTUAL_HOMOTOPY_CONST_INIT_LONG_LIGHT_JTOTAL,Homotopy Light Shrinkage (2000 iters),"(375,750]",30721,0.25160820652472826,-0.003779748279769526,0.987162257838921
RAD_OPERA_HOURLY_RAINFALL_ACCUMULATION_202301281900_patch000,OPT_NORM_VIRTUAL_HOMOTOPY_CONST_INIT_LONG_LIGHT_JTOTAL,Homotopy Light Shrinkage (2000 iters),"(750,1500]",60480,0.2992773644408682,0.0025191654229447954,0.9843402769806558
RAD_OPERA_HOURLY_RAINFALL_ACCUMULATION_202301281900_patch000,OPT_NORM_VIRTUAL_HOMOTOPY_CONST_INIT_LONG_LIGHT_JTOTAL,Homotopy Light Shrinkage (2000 iters),"(1500,3125]",102275,0.40050547040559925,0.04439679168192048,0.9713929462072269
RAD_OPERA_HOURLY_RAINFALL_ACCUMULATION_202301281900_patch000,OPT_NORM_VIRTUAL_HOMOTOPY_CONST_INIT_LONG_LIGHT_JTOTAL,Homotopy Light Shrinkage (2000 iters),"(3125,6000]",53363,0.48035586500864114,0.1516202506330456,0.9459368930178016
RAD_OPERA_HOURLY_RAINFALL_ACCUMULATION_202301281900_patch000,OPT_NORM_VIRTUAL_HOMOTOPY_CONST_INIT_LONG_LIGHT_JTOTAL,Homotopy Light Shrinkage (2000 iters),"(6000,9000]",4494,0.44297983777866723,0.21060273289998796,0.9002580913819447
RAD_OPERA_HOURLY_RAINFALL_ACCUMULATION_202301282100_patch000,OPT_NORM_VIRTUAL_HOMOTOPY_CONST_INIT_LONG_LIGHT_JTOTAL,Homotopy Light Shrinkage (2000 iters),≤125,4949,0.1950744926123095,-0.0024449186958900096,0.9854958388686305
RAD_OPERA_HOURLY_RAINFALL_ACCUMULATION_202301282100_patch000,OPT_NORM_VIRTUAL_HOMOTOPY_CONST_INIT_LONG_LIGHT_JTOTAL,Homotopy Light Shrinkage (2000 iters),"(125,375]",18581,0.22110850668706325,-0.002146607507072832,0.9817758819539867
RAD_OPERA_HOURLY_RAINFALL_ACCUMULATION_202301282100_patch000,OPT_NORM_VIRTUAL_HOMOTOPY_CONST_INIT_LONG_LIGHT_JTOTAL,Homotopy Light Shrinkage (2000 iters),"(375,750]",27724,0.2720401410406698,0.011089377133171227,0.9709783928442817
RAD_OPERA_HOURLY_RAINFALL_ACCUMULATION_202301282100_patch000,OPT_NORM_VIRTUAL_HOMOTOPY_CONST_INIT_LONG_LIGHT_JTOTAL,Homotopy Light Shrinkage (2000 iters),"(750,1500]",51472,0.34551052321032877,0.01659591380531235,0.952217803881557
RAD_OPERA_HOURLY_RAINFALL_ACCUMULATION_202301282100_patch000,OPT_NORM_VIRTUAL_HOMOTOPY_CONST_INIT_LONG_LIGHT_JTOTAL,Homotopy Light Shrinkage (2000 iters),"(1500,3125]",89017,0.4833689223412404,0.03583526328973987,0.9068433507142994
RAD_OPERA_HOURLY_RAINFALL_ACCUMULATION_202301282100_patch000,OPT_NORM_VIRTUAL_HOMOTOPY_CONST_INIT_LONG_LIGHT_JTOTAL,Homotopy Light Shrinkage (2000 iters),"(3125,6000]",45865,0.5871954249641569,0.16669802920945426,0.84038792734921
RAD_OPERA_HOURLY_RAINFALL_ACCUMULATION_202301282100_patch000,OPT_NORM_VIRTUAL_HOMOTOPY_CONST_INIT_LONG_LIGHT_JTOTAL,Homotopy Light Shrinkage (2000 iters),"(6000,9000]",2008,0.8343805111397451,0.4339803335557421,0.646367459533489
RAD_OPERA_HOURLY_RAINFALL_ACCUMULATION_202301282200_patch000,OPT_NORM_VIRTUAL_HOMOTOPY_CONST_INIT_LONG_LIGHT_JTOTAL,Homotopy Light Shrinkage (2000 iters),≤125,5612,1.174889992004633,0.020864415043745397,0.9802299245844446
RAD_OPERA_HOURLY_RAINFALL_ACCUMULATION_202301282200_patch000,OPT_NORM_VIRTUAL_HOMOTOPY_CONST_INIT_LONG_LIGHT_JTOTAL,Homotopy Light Shrinkage (2000 iters),"(125,375]",22110,1.3545760007303242,-0.02059106714546273,0.974985294019214
RAD_OPERA_HOURLY_RAINFALL_ACCUMULATION_202301282200_patch000,OPT_NORM_VIRTUAL_HOMOTOPY_CONST_INIT_LONG_LIGHT_JTOTAL,Homotopy Light Shrinkage (2000 iters),"(375,750]",35046,1.8765485822277699,-0.00038384621282019297,0.9586631781769304
RAD_OPERA_HOURLY_RAINFALL_ACCUMULATION_202301282200_patch000,OPT_NORM_VIRTUAL_HOMOTOPY_CONST_INIT_LONG_LIGHT_JTOTAL,Homotopy Light Shrinkage (2000 iters),"(750,1500]",65839,2.732046613937583,0.13918598528418408,0.9326046025333131
RAD_OPERA_HOURLY_RAINFALL_ACCUMULATION_202301282200_patch000,OPT_NORM_VIRTUAL_HOMOTOPY_CONST_INIT_LONG_LIGHT_JTOTAL,Homotopy Light Shrinkage (2000 iters),"(1500,3125]",112059,4.688549803169535,0.008080475179219313,0.8909547300384696
RAD_OPERA_HOURLY_RAINFALL_ACCUMULATION_202301282200_patch000,OPT_NORM_VIRTUAL_HOMOTOPY_CONST_INIT_LONG_LIGHT_JTOTAL,Homotopy Light Shrinkage (2000 iters),"(3125,6000]",70144,5.445471958898876,-0.24642264546854398,0.8308057709819124
RAD_OPERA_HOURLY_RAINFALL_ACCUMULATION_202301282200_patch000,OPT_NORM_VIRTUAL_HOMOTOPY_CONST_INIT_LONG_LIGHT_JTOTAL,Homotopy Light Shrinkage (2000 iters),"(6000,9000]",6630,7.892396744611722,3.196459900886729,0.6495141852202757
RAD_OPERA_HOURLY_RAINFALL_ACCUMULATION_202301282200_patch001,OPT_NORM_VIRTUAL_HOMOTOPY_CONST_INIT_LONG_LIGHT_JTOTAL,Homotopy Light Shrinkage (2000 iters),≤125,6976,0.5040397663435419,-0.0045908373815529485,0.9972800599982448
RAD_OPERA_HOURLY_RAINFALL_ACCUMULATION_202301282200_patch001,OPT_NORM_VIRTUAL_HOMOTOPY_CONST_INIT_LONG_LIGHT_JTOTAL,Homotopy Light Shrinkage (2000 iters),"(125,375]",27728,0.6117808416939495,0.008285938519400581,0.9954674946400999
RAD_OPERA_HOURLY_RAINFALL_ACCUMULATION_202301282200_patch001,OPT_NORM_VIRTUAL_HOMOTOPY_CONST_INIT_LONG_LIGHT_JTOTAL,Homotopy Light Shrinkage (2000 iters),"(375,750]",46891,0.7751687166661285,-0.001978808812728544,0.9924887931389925
RAD_OPERA_HOURLY_RAINFALL_ACCUMULATION_202301282200_patch001,OPT_NORM_VIRTUAL_HOMOTOPY_CONST_INIT_LONG_LIGHT_JTOTAL,Homotopy Light Shrinkage (2000 iters),"(750,1500]",95950,0.9876950334535625,-0.01361509770431538,0.9877539532545916
RAD_OPERA_HOURLY_RAINFALL_ACCUMULATION_202301282200_patch001,OPT_NORM_VIRTUAL_HOMOTOPY_CONST_INIT_LONG_LIGHT_JTOTAL,Homotopy Light Shrinkage (2000 iters),"(1500,3125]",174165,1.3048397952808808,0.04047584002571117,0.9769506019429617
RAD_OPERA_HOURLY_RAINFALL_ACCUMULATION_202301282200_patch001,OPT_NORM_VIRTUAL_HOMOTOPY_CONST_INIT_LONG_LIGHT_JTOTAL,Homotopy Light Shrinkage (2000 iters),"(3125,6000]",94327,1.564842851819934,0.1252227873690328,0.9643395884785112
RAD_OPERA_HOURLY_RAINFALL_ACCUMULATION_202301282200_patch001,OPT_NORM_VIRTUAL_HOMOTOPY_CONST_INIT_LONG_LIGHT_JTOTAL,Homotopy Light Shrinkage (2000 iters),"(6000,9000]",4507,1.1243015696240752,0.23727330588131704,0.7503890812922641
RAD_OPERA_HOURLY_RAINFALL_ACCUMULATION_202301282200_patch001,OPT_NORM_VIRTUAL_HOMOTOPY_CONST_INIT_LONG_LIGHT_JTOTAL,Homotopy Light Shrinkage (2000 iters),>9000,16,0.17728605437688075,0.05075308680534363,0.8418553119159476
RAD_OPERA_HOURLY_RAINFALL_ACCUMULATION_202301290800_patch000,OPT_NORM_VIRTUAL_HOMOTOPY_CONST_INIT_LONG_LIGHT_JTOTAL,Homotopy Light Shrinkage (2000 iters),≤125,5262,0.16684187615755314,0.005151258453766414,0.9679867336171923
RAD_OPERA_HOURLY_RAINFALL_ACCUMULATION_202301290800_patch000,OPT_NORM_VIRTUAL_HOMOTOPY_CONST_INIT_LONG_LIGHT_JTOTAL,Homotopy Light Shrinkage (2000 iters),"(125,375]",20568,0.16720660279729133,-0.002229773409400919,0.969557424082591
RAD_OPERA_HOURLY_RAINFALL_ACCUMULATION_202301290800_patch000,OPT_NORM_VIRTUAL_HOMOTOPY_CONST_INIT_LONG_LIGHT_JTOTAL,Homotopy Light Shrinkage (2000 iters),"(375,750]",33486,0.19875552993960477,-0.002630165313468258,0.9608505482677073
RAD_OPERA_HOURLY_RAINFALL_ACCUMULATION_202301290800_patch000,OPT_NORM_VIRTUAL_HOMOTOPY_CONST_INIT_LONG_LIGHT_JTOTAL,Homotopy Light Shrinkage (2000 iters),"(750,1500]",65862,0.2507578924730458,0.007264886864665675,0.9384916070898048
RAD_OPERA_HOURLY_RAINFALL_ACCUMULATION_202301290800_patch000,OPT_NORM_VIRTUAL_HOMOTOPY_CONST_INIT_LONG_LIGHT_JTOTAL,Homotopy Light Shrinkage (2000 iters),"(1500,3125]",113228,0.3566232725275726,0.06011926961070626,0.8848049220423887
RAD_OPERA_HOURLY_RAINFALL_ACCUMULATION_202301290800_patch000,OPT_NORM_VIRTUAL_HOMOTOPY_CONST_INIT_LONG_LIGHT_JTOTAL,Homotopy Light Shrinkage (2000 iters),"(3125,6000]",62239,0.6297372046236647,0.21399724460888894,0.7115548405733781
RAD_OPERA_HOURLY_RAINFALL_ACCUMULATION_202301290800_patch000,OPT_NORM_VIRTUAL_HOMOTOPY_CONST_INIT_LONG_LIGHT_JTOTAL,Homotopy Light Shrinkage (2000 iters),"(6000,9000]",2459,0.8457975023983677,0.4713468989883801,0.5767419654427893
RAD_OPERA_HOURLY_RAINFALL_ACCUMULATION_202301291100_patch000,OPT_NORM_VIRTUAL_HOMOTOPY_CONST_INIT_LONG_LIGHT_JTOTAL,Homotopy Light Shrinkage (2000 iters),≤125,3487,0.2553146810744691,-0.0023199849050777295,0.9829034715565919
RAD_OPERA_HOURLY_RAINFALL_ACCUMULATION_202301291100_patch000,OPT_NORM_VIRTUAL_HOMOTOPY_CONST_INIT_LONG_LIGHT_JTOTAL,Homotopy Light Shrinkage (2000 iters),"(125,375]",13581,0.2649205604724036,0.0026062447932935517,0.9838483329638095
RAD_OPERA_HOURLY_RAINFALL_ACCUMULATION_202301291100_patch000,OPT_NORM_VIRTUAL_HOMOTOPY_CONST_INIT_LONG_LIGHT_JTOTAL,Homotopy Light Shrinkage (2000 iters),"(375,750]",20224,0.36422341196896457,0.013752003951894142,0.9790246509025228
RAD_OPERA_HOURLY_RAINFALL_ACCUMULATION_202301291100_patch000,OPT_NORM_VIRTUAL_HOMOTOPY_CONST_INIT_LONG_LIGHT_JTOTAL,Homotopy Light Shrinkage (2000 iters),"(750,1500]",37125,0.4945765451591441,0.015999561940780792,0.9741986732478786
RAD_OPERA_HOURLY_RAINFALL_ACCUMULATION_202301291100_patch000,OPT_NORM_VIRTUAL_HOMOTOPY_CONST_INIT_LONG_LIGHT_JTOTAL,Homotopy Light Shrinkage (2000 iters),"(1500,3125]",60628,0.7055992898955524,-0.01973811227295167,0.9649535559917968
RAD_OPERA_HOURLY_RAINFALL_ACCUMULATION_202301291100_patch000,OPT_NORM_VIRTUAL_HOMOTOPY_CONST_INIT_LONG_LIGHT_JTOTAL,Homotopy Light Shrinkage (2000 iters),"(3125,6000]",30024,0.9165008195889419,0.10974407942691168,0.9069808226733699
RAD_OPERA_HOURLY_RAINFALL_ACCUMULATION_202301291100_patch000,OPT_NORM_VIRTUAL_HOMOTOPY_CONST_INIT_LONG_LIGHT_JTOTAL,Homotopy Light Shrinkage (2000 iters),"(6000,9000]",1331,0.6859046393128475,0.36242473206065096,0.7740434598955329
RAD_OPERA_HOURLY_RAINFALL_ACCUMULATION_202301291700_patch000,OPT_NORM_VIRTUAL_HOMOTOPY_CONST_INIT_LONG_LIGHT_JTOTAL,Homotopy Light Shrinkage (2000 iters),≤125,4436,0.06416926519954869,0.0007511681001179921,0.9987150576989782
RAD_OPERA_HOURLY_RAINFALL_ACCUMULATION_202301291700_patch000,OPT_NORM_VIRTUAL_HOMOTOPY_CONST_INIT_LONG_LIGHT_JTOTAL,Homotopy Light Shrinkage (2000 iters),"(125,375]",18292,0.0762026839585081,-0.0013708376321390112,0.9981048925658681
RAD_OPERA_HOURLY_RAINFALL_ACCUMULATION_202301291700_patch000,OPT_NORM_VIRTUAL_HOMOTOPY_CONST_INIT_LONG_LIGHT_JTOTAL,Homotopy Light Shrinkage (2000 iters),"(375,750]",30466,0.1045208222448129,-0.002345024171852513,0.9959395391070363
RAD_OPERA_HOURLY_RAINFALL_ACCUMULATION_202301291700_patch000,OPT_NORM_VIRTUAL_HOMOTOPY_CONST_INIT_LONG_LIGHT_JTOTAL,Homotopy Light Shrinkage (2000 iters),"(750,1500]",61389,0.14789395894662852,0.002018601985860029,0.9902671976992345
RAD_OPERA_HOURLY_RAINFALL_ACCUMULATION_202301291700_patch000,OPT_NORM_VIRTUAL_HOMOTOPY_CONST_INIT_LONG_LIGHT_JTOTAL,Homotopy Light Shrinkage (2000 iters),"(1500,3125]",101766,0.2058791819615546,0.018423744585192494,0.9747667015574161
RAD_OPERA_HOURLY_RAINFALL_ACCUMULATION_202301291700_patch000,OPT_NORM_VIRTUAL_HOMOTOPY_CONST_INIT_LONG_LIGHT_JTOTAL,Homotopy Light Shrinkage (2000 iters),"(3125,6000]",46480,0.24326515899071735,0.04392657242074173,0.9437051835440222
RAD_OPERA_HOURLY_RAINFALL_ACCUMULATION_202301291700_patch000,OPT_NORM_VIRTUAL_HOMOTOPY_CONST_INIT_LONG_LIGHT_JTOTAL,Homotopy Light Shrinkage (2000 iters),"(6000,9000]",3411,0.2773006165053324,0.12330593307218884,0.9085918839689879
RAD_OPERA_HOURLY_RAINFALL_ACCUMULATION_202301291900_patch000,OPT_NORM_VIRTUAL_HOMOTOPY_CONST_INIT_LONG_LIGHT_JTOTAL,Homotopy Light Shrinkage (2000 iters),≤125,7080,0.19196584428975508,-0.002078640553574104,0.9962559347405321
RAD_OPERA_HOURLY_RAINFALL_ACCUMULATION_202301291900_patch000,OPT_NORM_VIRTUAL_HOMOTOPY_CONST_INIT_LONG_LIGHT_JTOTAL,Homotopy Light Shrinkage (2000 iters),"(125,375]",28363,0.20967197424549508,0.002329527259995183,0.9950472068934194
RAD_OPERA_HOURLY_RAINFALL_ACCUMULATION_202301291900_patch000,OPT_NORM_VIRTUAL_HOMOTOPY_CONST_INIT_LONG_LIGHT_JTOTAL,Homotopy Light Shrinkage (2000 iters),"(375,750]",48321,0.26149532198631653,0.005075582851847188,0.9914757835233121
RAD_OPERA_HOURLY_RAINFALL_ACCUMULATION_202301291900_patch000,OPT_NORM_VIRTUAL_HOMOTOPY_CONST_INIT_LONG_LIGHT_JTOTAL,Homotopy Light Shrinkage (2000 iters),"(750,1500]",100191,0.3220335002566931,-0.013292263419429847,0.9864022637053199
RAD_OPERA_HOURLY_RAINFALL_ACCUMULATION_202301291900_patch000,OPT_NORM_VIRTUAL_HOMOTOPY_CONST_INIT_LONG_LIGHT_JTOTAL,Homotopy Light Shrinkage (2000 iters),"(1500,3125]",191182,0.4742155511614127,-0.039471914178389224,0.9729174856732832
RAD_OPERA_HOURLY_RAINFALL_ACCUMULATION_202301291900_patch000,OPT_NORM_VIRTUAL_HOMOTOPY_CONST_INIT_LONG_LIGHT_JTOTAL,Homotopy Light Shrinkage (2000 iters),"(3125,6000]",110001,0.5965331976447029,-0.1186829920789363,0.9670408672964745
RAD_OPERA_HOURLY_RAINFALL_ACCUMULATION_202301291900_patch000,OPT_NORM_VIRTUAL_HOMOTOPY_CONST_INIT_LONG_LIGHT_JTOTAL,Homotopy Light Shrinkage (2000 iters),"(6000,9000]",9824,0.5419796271419419,0.17120425745614284,0.9016071308478699
RAD_OPERA_HOURLY_RAINFALL_ACCUMULATION_202301291900_patch000,OPT_NORM_VIRTUAL_HOMOTOPY_CONST_INIT_LONG_LIGHT_JTOTAL,Homotopy Light Shrinkage (2000 iters),>9000,654,0.5291648983647868,0.468296995130154,0.9260278953269949
RAD_OPERA_HOURLY_RAINFALL_ACCUMULATION_202301292200_patch002,OPT_NORM_VIRTUAL_HOMOTOPY_CONST_INIT_LONG_LIGHT_JTOTAL,Homotopy Light Shrinkage (2000 iters),≤125,3390,0.08881036560270614,0.0022675244329953266,0.9926736571232198
RAD_OPERA_HOURLY_RAINFALL_ACCUMULATION_202301292200_patch002,OPT_NORM_VIRTUAL_HOMOTOPY_CONST_INIT_LONG_LIGHT_JTOTAL,Homotopy Light Shrinkage (2000 iters),"(125,375]",13291,0.10317555088752439,0.004110782152373513,0.9914262988310176
RAD_OPERA_HOURLY_RAINFALL_ACCUMULATION_202301292200_patch002,OPT_NORM_VIRTUAL_HOMOTOPY_CONST_INIT_LONG_LIGHT_JTOTAL,Homotopy Light Shrinkage (2000 iters),"(375,750]",19563,0.14755686228235304,-0.0031109327968446682,0.98760948564205
RAD_OPERA_HOURLY_RAINFALL_ACCUMULATION_202301292200_patch002,OPT_NORM_VIRTUAL_HOMOTOPY_CONST_INIT_LONG_LIGHT_JTOTAL,Homotopy Light Shrinkage (2000 iters),"(750,1500]",36286,0.20622631912494596,-0.011918231539371974,0.979328063852586
RAD_OPERA_HOURLY_RAINFALL_ACCUMULATION_202301292200_patch002,OPT_NORM_VIRTUAL_HOMOTOPY_CONST_INIT_LONG_LIGHT_JTOTAL,Homotopy Light Shrinkage (2000 iters),"(1500,3125]",59850,0.31141071799751385,-0.0030051865095681914,0.9595396905646247
RAD_OPERA_HOURLY_RAINFALL_ACCUMULATION_202301292200_patch002,OPT_NORM_VIRTUAL_HOMOTOPY_CONST_INIT_LONG_LIGHT_JTOTAL,Homotopy Light Shrinkage (2000 iters),"(3125,6000]",31192,0.4033676164076812,0.08203591566191755,0.9590922802275718
RAD_OPERA_HOURLY_RAINFALL_ACCUMULATION_202301292200_patch002,OPT_NORM_VIRTUAL_HOMOTOPY_CONST_INIT_LONG_LIGHT_JTOTAL,Homotopy Light Shrinkage (2000 iters),"(6000,9000]",2828,0.5357225129819433,0.4377907619533647,0.9284939630508815
RAD_OPERA_HOURLY_RAINFALL_ACCUMULATION_202301292300_patch001,OPT_NORM_VIRTUAL_HOMOTOPY_CONST_INIT_LONG_LIGHT_JTOTAL,Homotopy Light Shrinkage (2000 iters),≤125,3907,0.17835510017411607,0.002822012937309982,0.9913928897701908
RAD_OPERA_HOURLY_RAINFALL_ACCUMULATION_202301292300_patch001,OPT_NORM_VIRTUAL_HOMOTOPY_CONST_INIT_LONG_LIGHT_JTOTAL,Homotopy Light Shrinkage (2000 iters),"(125,375]",15106,0.20166413355478133,-0.0004816291885598202,0.9894747535779291
RAD_OPERA_HOURLY_RAINFALL_ACCUMULATION_202301292300_patch001,OPT_NORM_VIRTUAL_HOMOTOPY_CONST_INIT_LONG_LIGHT_JTOTAL,Homotopy Light Shrinkage (2000 iters),"(375,750]",22392,0.2514159297734868,0.006629130776097153,0.9836507493183463
RAD_OPERA_HOURLY_RAINFALL_ACCUMULATION_202301292300_patch001,OPT_NORM_VIRTUAL_HOMOTOPY_CONST_INIT_LONG_LIGHT_JTOTAL,Homotopy Light Shrinkage (2000 iters),"(750,1500]",41007,0.33806509875975854,-0.006492910811421255,0.97081757925417
RAD_OPERA_HOURLY_RAINFALL_ACCUMULATION_202301292300_patch001,OPT_NORM_VIRTUAL_HOMOTOPY_CONST_INIT_LONG_LIGHT_JTOTAL,Homotopy Light Shrinkage (2000 iters),"(1500,3125]",70023,0.4415471507839034,-0.02406760755916635,0.9391920393294177
RAD_OPERA_HOURLY_RAINFALL_ACCUMULATION_202301292300_patch001,OPT_NORM_VIRTUAL_HOMOTOPY_CONST_INIT_LONG_LIGHT_JTOTAL,Homotopy Light Shrinkage (2000 iters),"(3125,6000]",32501,0.49854478932107554,-0.014537775715675095,0.9112502823065974
RAD_OPERA_HOURLY_RAINFALL_ACCUMULATION_202301292300_patch001,OPT_NORM_VIRTUAL_HOMOTOPY_CONST_INIT_LONG_LIGHT_JTOTAL,Homotopy Light Shrinkage (2000 iters),"(6000,9000]",1432,0.8600302855959921,0.2673718252495014,0.9134616425078818
RAD_OPERA_HOURLY_RAINFALL_ACCUMULATION_202301292300_patch003,OPT_NORM_VIRTUAL_HOMOTOPY_CONST_INIT_LONG_LIGHT_JTOTAL,Homotopy Light Shrinkage (2000 iters),≤125,3610,0.05279679746892862,-0.001299867999850878,0.9946591377082116
RAD_OPERA_HOURLY_RAINFALL_ACCUMULATION_202301292300_patch003,OPT_NORM_VIRTUAL_HOMOTOPY_CONST_INIT_LONG_LIGHT_JTOTAL,Homotopy Light Shrinkage (2000 iters),"(125,375]",14108,0.06472763078296118,-0.000691990727975411,0.9927592041383783
RAD_OPERA_HOURLY_RAINFALL_ACCUMULATION_202301292300_patch003,OPT_NORM_VIRTUAL_HOMOTOPY_CONST_INIT_LONG_LIGHT_JTOTAL,Homotopy Light Shrinkage (2000 iters),"(375,750]",20775,0.08644050699564446,-0.00036779488610590123,0.9893854733733505
RAD_OPERA_HOURLY_RAINFALL_ACCUMULATION_202301292300_patch003,OPT_NORM_VIRTUAL_HOMOTOPY_CONST_INIT_LONG_LIGHT_JTOTAL,Homotopy Light Shrinkage (2000 iters),"(750,1500]",37991,0.11038211411384577,0.0006975564635100247,0.9845444027961823
RAD_OPERA_HOURLY_RAINFALL_ACCUMULATION_202301292300_patch003,OPT_NORM_VIRTUAL_HOMOTOPY_CONST_INIT_LONG_LIGHT_JTOTAL,Homotopy Light Shrinkage (2000 iters),"(1500,3125]",63127,0.14942397676267768,0.006996955675301303,0.9745235023482598
RAD_OPERA_HOURLY_RAINFALL_ACCUMULATION_202301292300_patch003,OPT_NORM_VIRTUAL_HOMOTOPY_CONST_INIT_LONG_LIGHT_JTOTAL,Homotopy Light Shrinkage (2000 iters),"(3125,6000]",30617,0.21303684482243326,-0.03440988889637461,0.9575022037355913
RAD_OPERA_HOURLY_RAINFALL_ACCUMULATION_202301292300_patch003,OPT_NORM_VIRTUAL_HOMOTOPY_CONST_INIT_LONG_LIGHT_JTOTAL,Homotopy Light Shrinkage (2000 iters),"(6000,9000]",2828,0.2585806099954078,0.11016392749977921,0.8119598688485127
RAD_OPERA_HOURLY_RAINFALL_ACCUMULATION_202301300000_patch001,OPT_NORM_VIRTUAL_HOMOTOPY_CONST_INIT_LONG_LIGHT_JTOTAL,Homotopy Light Shrinkage (2000 iters),≤125,4141,0.08676960812055627,-0.0006980028914760432,0.9882333025774763
RAD_OPERA_HOURLY_RAINFALL_ACCUMULATION_202301300000_patch001,OPT_NORM_VIRTUAL_HOMOTOPY_CONST_INIT_LONG_LIGHT_JTOTAL,Homotopy Light Shrinkage (2000 iters),"(125,375]",16335,0.10347072918306528,0.0001995356323013329,0.9863162931092909
RAD_OPERA_HOURLY_RAINFALL_ACCUMULATION_202301300000_patch001,OPT_NORM_VIRTUAL_HOMOTOPY_CONST_INIT_LONG_LIGHT_JTOTAL,Homotopy Light Shrinkage (2000 iters),"(375,750]",25337,0.1443577957669939,0.001148415067255457,0.9780866792060648
RAD_OPERA_HOURLY_RAINFALL_ACCUMULATION_202301300000_patch001,OPT_NORM_VIRTUAL_HOMOTOPY_CONST_INIT_LONG_LIGHT_JTOTAL,Homotopy Light Shrinkage (2000 iters),"(750,1500]",47734,0.19734816653683887,-0.00010447154602716959,0.9668456530411121
RAD_OPERA_HOURLY_RAINFALL_ACCUMULATION_202301300000_patch001,OPT_NORM_VIRTUAL_HOMOTOPY_CONST_INIT_LONG_LIGHT_JTOTAL,Homotopy Light Shrinkage (2000 iters),"(1500,3125]",78336,0.24980786134100963,0.017033120950537863,0.944784090387478
RAD_OPERA_HOURLY_RAINFALL_ACCUMULATION_202301300000_patch001,OPT_NORM_VIRTUAL_HOMOTOPY_CONST_INIT_LONG_LIGHT_JTOTAL,Homotopy Light Shrinkage (2000 iters),"(3125,6000]",34552,0.30909447455085143,0.03311094742774632,0.9014546602641547
RAD_OPERA_HOURLY_RAINFALL_ACCUMULATION_202301300000_patch001,OPT_NORM_VIRTUAL_HOMOTOPY_CONST_INIT_LONG_LIGHT_JTOTAL,Homotopy Light Shrinkage (2000 iters),"(6000,9000]",1437,0.5128862179936121,0.36875626289272107,0.7491836236292548
RAD_OPERA_HOURLY_RAINFALL_ACCUMULATION_202301300200_patch001,OPT_NORM_VIRTUAL_HOMOTOPY_CONST_INIT_LONG_LIGHT_JTOTAL,Homotopy Light Shrinkage (2000 iters),≤125,5782,0.08197310551922068,0.00021830754723774855,0.9937673613908384
RAD_OPERA_HOURLY_RAINFALL_ACCUMULATION_202301300200_patch001,OPT_NORM_VIRTUAL_HOMOTOPY_CONST_INIT_LONG_LIGHT_JTOTAL,Homotopy Light Shrinkage (2000 iters),"(125,375]",23121,0.09707695598093004,-0.001381125725355586,0.9910582760898027
RAD_OPERA_HOURLY_RAINFALL_ACCUMULATION_202301300200_patch001,OPT_NORM_VIRTUAL_HOMOTOPY_CONST_INIT_LONG_LIGHT_JTOTAL,Homotopy Light Shrinkage (2000 iters),"(375,750]",39508,0.12543144556092406,-0.0012099391444076756,0.9852714213517685
RAD_OPERA_HOURLY_RAINFALL_ACCUMULATION_202301300200_patch001,OPT_NORM_VIRTUAL_HOMOTOPY_CONST_INIT_LONG_LIGHT_JTOTAL,Homotopy Light Shrinkage (2000 iters),"(750,1500]",83743,0.16083013927840353,-0.003847722658839929,0.9758368335861581
RAD_OPERA_HOURLY_RAINFALL_ACCUMULATION_202301300200_patch001,OPT_NORM_VIRTUAL_HOMOTOPY_CONST_INIT_LONG_LIGHT_JTOTAL,Homotopy Light Shrinkage (2000 iters),"(1500,3125]",155901,0.21840252914900887,-0.02334051235169563,0.9593447647189969
RAD_OPERA_HOURLY_RAINFALL_ACCUMULATION_202301300200_patch001,OPT_NORM_VIRTUAL_HOMOTOPY_CONST_INIT_LONG_LIGHT_JTOTAL,Homotopy Light Shrinkage (2000 iters),"(3125,6000]",76905,0.26813054143940757,-0.040125910045034005,0.9473492692319775
RAD_OPERA_HOURLY_RAINFALL_ACCUMULATION_202301300200_patch001,OPT_NORM_VIRTUAL_HOMOTOPY_CONST_INIT_LONG_LIGHT_JTOTAL,Homotopy Light Shrinkage (2000 iters),"(6000,9000]",6563,0.27374424457422747,0.08212146044467691,0.9462804708838041
RAD_OPERA_HOURLY_RAINFALL_ACCUMULATION_202301300200_patch001,OPT_NORM_VIRTUAL_HOMOTOPY_CONST_INIT_LONG_LIGHT_JTOTAL,Homotopy Light Shrinkage (2000 iters),>9000,157,0.3133029743053261,0.31132766091899505,0.7998591875387938
RAD_OPERA_HOURLY_RAINFALL_ACCUMULATION_202301301000_patch000,OPT_NORM_VIRTUAL_HOMOTOPY_CONST_INIT_LONG_LIGHT_JTOTAL,Homotopy Light Shrinkage (2000 iters),≤125,6083,0.12235544590119178,0.003777038437666008,0.9914169108855452
RAD_OPERA_HOURLY_RAINFALL_ACCUMULATION_202301301000_patch000,OPT_NORM_VIRTUAL_HOMOTOPY_CONST_INIT_LONG_LIGHT_JTOTAL,Homotopy Light Shrinkage (2000 iters),"(125,375]",24156,0.1348819629833804,0.00038917264237193046,0.9906358360037234
RAD_OPERA_HOURLY_RAINFALL_ACCUMULATION_202301301000_patch000,OPT_NORM_VIRTUAL_HOMOTOPY_CONST_INIT_LONG_LIGHT_JTOTAL,Homotopy Light Shrinkage (2000 iters),"(375,750]",39430,0.17536329382042595,0.0025615666198633724,0.9857808398472665
RAD_OPERA_HOURLY_RAINFALL_ACCUMULATION_202301301000_patch000,OPT_NORM_VIRTUAL_HOMOTOPY_CONST_INIT_LONG_LIGHT_JTOTAL,Homotopy Light Shrinkage (2000 iters),"(750,1500]",77358,0.22709151659568733,0.011175236987144255,0.9779515156949103
RAD_OPERA_HOURLY_RAINFALL_ACCUMULATION_202301301000_patch000,OPT_NORM_VIRTUAL_HOMOTOPY_CONST_INIT_LONG_LIGHT_JTOTAL,Homotopy Light Shrinkage (2000 iters),"(1500,3125]",133480,0.30966714515057575,0.0590204029299647,0.9622274947297145
RAD_OPERA_HOURLY_RAINFALL_ACCUMULATION_202301301000_patch000,OPT_NORM_VIRTUAL_HOMOTOPY_CONST_INIT_LONG_LIGHT_JTOTAL,Homotopy Light Shrinkage (2000 iters),"(3125,6000]",80920,0.4878942167426889,0.1289272862501329,0.9259853632640701
RAD_OPERA_HOURLY_RAINFALL_ACCUMULATION_202301301000_patch000,OPT_NORM_VIRTUAL_HOMOTOPY_CONST_INIT_LONG_LIGHT_JTOTAL,Homotopy Light Shrinkage (2000 iters),"(6000,9000]",9842,0.6679681369595156,0.31668874150274,0.8599600548583921
RAD_OPERA_HOURLY_RAINFALL_ACCUMULATION_202301301000_patch000,OPT_NORM_VIRTUAL_HOMOTOPY_CONST_INIT_LONG_LIGHT_JTOTAL,Homotopy Light Shrinkage (2000 iters),>9000,443,0.4886297096161234,0.38350745383019375,0.8006805762794683
RAD_OPERA_HOURLY_RAINFALL_ACCUMULATION_202301302200_patch000,OPT_NORM_VIRTUAL_HOMOTOPY_CONST_INIT_LONG_LIGHT_JTOTAL,Homotopy Light Shrinkage (2000 iters),≤125,4949,0.3441921389183265,-0.0017552799854791148,0.9835860951899017
RAD_OPERA_HOURLY_RAINFALL_ACCUMULATION_202301302200_patch000,OPT_NORM_VIRTUAL_HOMOTOPY_CONST_INIT_LONG_LIGHT_JTOTAL,Homotopy Light Shrinkage (2000 iters),"(125,375]",18581,0.411517003077018,-0.006069946979387001,0.9784436040319471
RAD_OPERA_HOURLY_RAINFALL_ACCUMULATION_202301302200_patch000,OPT_NORM_VIRTUAL_HOMOTOPY_CONST_INIT_LONG_LIGHT_JTOTAL,Homotopy Light Shrinkage (2000 iters),"(375,750]",27724,0.5976786680061019,-0.014993977880898431,0.9632961342615668
RAD_OPERA_HOURLY_RAINFALL_ACCUMULATION_202301302200_patch000,OPT_NORM_VIRTUAL_HOMOTOPY_CONST_INIT_LONG_LIGHT_JTOTAL,Homotopy Light Shrinkage (2000 iters),"(750,1500]",51472,0.8499283993910206,-0.062399528101654035,0.9437644343907009
RAD_OPERA_HOURLY_RAINFALL_ACCUMULATION_202301302200_patch000,OPT_NORM_VIRTUAL_HOMOTOPY_CONST_INIT_LONG_LIGHT_JTOTAL,Homotopy Light Shrinkage (2000 iters),"(1500,3125]",89017,1.2989480798351547,-0.1320684931980308,0.8754849858984128
RAD_OPERA_HOURLY_RAINFALL_ACCUMULATION_202301302200_patch000,OPT_NORM_VIRTUAL_HOMOTOPY_CONST_INIT_LONG_LIGHT_JTOTAL,Homotopy Light Shrinkage (2000 iters),"(3125,6000]",45865,1.6436607151200109,-0.1452148822032464,0.722829353859416
RAD_OPERA_HOURLY_RAINFALL_ACCUMULATION_202301302200_patch000,OPT_NORM_VIRTUAL_HOMOTOPY_CONST_INIT_LONG_LIGHT_JTOTAL,Homotopy Light Shrinkage (2000 iters),"(6000,9000]",2008,1.7655282745063567,-0.493862086268832,0.6619775744014833
RAD_OPERA_HOURLY_RAINFALL_ACCUMULATION_202301302200_patch001,OPT_NORM_VIRTUAL_HOMOTOPY_CONST_INIT_LONG_LIGHT_JTOTAL,Homotopy Light Shrinkage (2000 iters),≤125,6108,0.19442366388074897,0.0031487265773746964,0.9854883930317714
RAD_OPERA_HOURLY_RAINFALL_ACCUMULATION_202301302200_patch001,OPT_NORM_VIRTUAL_HOMOTOPY_CONST_INIT_LONG_LIGHT_JTOTAL,Homotopy Light Shrinkage (2000 iters),"(125,375]",23986,0.2222878201127602,-4.2145550723152605e-05,0.9826939509410103
RAD_OPERA_HOURLY_RAINFALL_ACCUMULATION_202301302200_patch001,OPT_NORM_VIRTUAL_HOMOTOPY_CONST_INIT_LONG_LIGHT_JTOTAL,Homotopy Light Shrinkage (2000 iters),"(375,750]",39919,0.3083451703762332,0.00417077165528049,0.9712415887063656
RAD_OPERA_HOURLY_RAINFALL_ACCUMULATION_202301302200_patch001,OPT_NORM_VIRTUAL_HOMOTOPY_CONST_INIT_LONG_LIGHT_JTOTAL,Homotopy Light Shrinkage (2000 iters),"(750,1500]",80953,0.3820286102681042,0.023597751353893894,0.9573653174164153
RAD_OPERA_HOURLY_RAINFALL_ACCUMULATION_202301302200_patch001,OPT_NORM_VIRTUAL_HOMOTOPY_CONST_INIT_LONG_LIGHT_JTOTAL,Homotopy Light Shrinkage (2000 iters),"(1500,3125]",142104,0.5381363989986325,0.037239164488352024,0.9102963089781182
RAD_OPERA_HOURLY_RAINFALL_ACCUMULATION_202301302200_patch001,OPT_NORM_VIRTUAL_HOMOTOPY_CONST_INIT_LONG_LIGHT_JTOTAL,Homotopy Light Shrinkage (2000 iters),"(3125,6000]",70835,0.6711144494590309,0.11618208021983654,0.8250159327836287
RAD_OPERA_HOURLY_RAINFALL_ACCUMULATION_202301302200_patch001,OPT_NORM_VIRTUAL_HOMOTOPY_CONST_INIT_LONG_LIGHT_JTOTAL,Homotopy Light Shrinkage (2000 iters),"(6000,9000]",3393,0.5961129372370482,0.31158125802990944,0.8856370389151658
RAD_OPERA_HOURLY_RAINFALL_ACCUMULATION_202301302200_patch001,OPT_NORM_VIRTUAL_HOMOTOPY_CONST_INIT_LONG_LIGHT_JTOTAL,Homotopy Light Shrinkage (2000 iters),>9000,62,0.7162011071287482,0.7161714522348296,-0.3576681394270178
RAD_OPERA_HOURLY_RAINFALL_ACCUMULATION_202301302200_patch002,OPT_NORM_VIRTUAL_HOMOTOPY_CONST_INIT_LONG_LIGHT_JTOTAL,Homotopy Light Shrinkage (2000 iters),≤125,5246,0.5429986961409313,0.003256955265795036,0.9723758444385654
RAD_OPERA_HOURLY_RAINFALL_ACCUMULATION_202301302200_patch002,OPT_NORM_VIRTUAL_HOMOTOPY_CONST_INIT_LONG_LIGHT_JTOTAL,Homotopy Light Shrinkage (2000 iters),"(125,375]",20443,0.5748789620352948,-0.00512568175803353,0.9705696928556959
RAD_OPERA_HOURLY_RAINFALL_ACCUMULATION_202301302200_patch002,OPT_NORM_VIRTUAL_HOMOTOPY_CONST_INIT_LONG_LIGHT_JTOTAL,Homotopy Light Shrinkage (2000 iters),"(375,750]",33072,0.721042684437421,-0.019470147669007752,0.9504261419040364
RAD_OPERA_HOURLY_RAINFALL_ACCUMULATION_202301302200_patch002,OPT_NORM_VIRTUAL_HOMOTOPY_CONST_INIT_LONG_LIGHT_JTOTAL,Homotopy Light Shrinkage (2000 iters),"(750,1500]",64408,1.0055254112182668,-0.06986822424812492,0.9157436184671033
RAD_OPERA_HOURLY_RAINFALL_ACCUMULATION_202301302200_patch002,OPT_NORM_VIRTUAL_HOMOTOPY_CONST_INIT_LONG_LIGHT_JTOTAL,Homotopy Light Shrinkage (2000 iters),"(1500,3125]",110070,1.2099584054923567,-0.02163663106988172,0.8811188690859734
RAD_OPERA_HOURLY_RAINFALL_ACCUMULATION_202301302200_patch002,OPT_NORM_VIRTUAL_HOMOTOPY_CONST_INIT_LONG_LIGHT_JTOTAL,Homotopy Light Shrinkage (2000 iters),"(3125,6000]",59833,1.17816578494823,0.23067046310536204,0.814039270822021
RAD_OPERA_HOURLY_RAINFALL_ACCUMULATION_202301302200_patch002,OPT_NORM_VIRTUAL_HOMOTOPY_CONST_INIT_LONG_LIGHT_JTOTAL,Homotopy Light Shrinkage (2000 iters),"(6000,9000]",1840,1.3039380771380384,0.8368801899092353,0.669255429349378
RAD_OPERA_HOURLY_RAINFALL_ACCUMULATION_202301310000_patch001,OPT_NORM_VIRTUAL_HOMOTOPY_CONST_INIT_LONG_LIGHT_JTOTAL,Homotopy Light Shrinkage (2000 iters),≤125,4040,0.2525399905176886,0.00845922167367696,0.9766704299529492
RAD_OPERA_HOURLY_RAINFALL_ACCUMULATION_202301310000_patch001,OPT_NORM_VIRTUAL_HOMOTOPY_CONST_INIT_LONG_LIGHT_JTOTAL,Homotopy Light Shrinkage (2000 iters),"(125,375]",16430,0.2759018299950789,-0.00392441377859269,0.975065838591476
RAD_OPERA_HOURLY_RAINFALL_ACCUMULATION_202301310000_patch001,OPT_NORM_VIRTUAL_HOMOTOPY_CONST_INIT_LONG_LIGHT_JTOTAL,Homotopy Light Shrinkage (2000 iters),"(375,750]",26966,0.35660550183227235,-0.02230426891445517,0.9629128387498376
RAD_OPERA_HOURLY_RAINFALL_ACCUMULATION_202301310000_patch001,OPT_NORM_VIRTUAL_HOMOTOPY_CONST_INIT_LONG_LIGHT_JTOTAL,Homotopy Light Shrinkage (2000 iters),"(750,1500]",52894,0.44696361626006065,-0.03948688932315136,0.9502344186940245
RAD_OPERA_HOURLY_RAINFALL_ACCUMULATION_202301310000_patch001,OPT_NORM_VIRTUAL_HOMOTOPY_CONST_INIT_LONG_LIGHT_JTOTAL,Homotopy Light Shrinkage (2000 iters),"(1500,3125]",83733,0.5997461029367213,-0.0490315538571683,0.9176732617779402
RAD_OPERA_HOURLY_RAINFALL_ACCUMULATION_202301310000_patch001,OPT_NORM_VIRTUAL_HOMOTOPY_CONST_INIT_LONG_LIGHT_JTOTAL,Homotopy Light Shrinkage (2000 iters),"(3125,6000]",44649,0.7201209083327176,0.02772156189717656,0.8368655880725773
RAD_OPERA_HOURLY_RAINFALL_ACCUMULATION_202301310000_patch001,OPT_NORM_VIRTUAL_HOMOTOPY_CONST_INIT_LONG_LIGHT_JTOTAL,Homotopy Light Shrinkage (2000 iters),"(6000,9000]",1688,0.6463726658470341,0.0400166550730642,0.7375283033523615
RAD_OPERA_HOURLY_RAINFALL_ACCUMULATION_202301310200_patch000,OPT_NORM_VIRTUAL_HOMOTOPY_CONST_INIT_LONG_LIGHT_JTOTAL,Homotopy Light Shrinkage (2000 iters),≤125,3610,0.27502084167964036,-0.006830403889810609,0.9918377589498775
RAD_OPERA_HOURLY_RAINFALL_ACCUMULATION_202301310200_patch000,OPT_NORM_VIRTUAL_HOMOTOPY_CONST_INIT_LONG_LIGHT_JTOTAL,Homotopy Light Shrinkage (2000 iters),"(125,375]",14108,0.32540607054116005,0.0025993189757290056,0.9871639039842814
RAD_OPERA_HOURLY_RAINFALL_ACCUMULATION_202301310200_patch000,OPT_NORM_VIRTUAL_HOMOTOPY_CONST_INIT_LONG_LIGHT_JTOTAL,Homotopy Light Shrinkage (2000 iters),"(375,750]",20775,0.39263294063777304,0.02559035301351949,0.9761570091082483
RAD_OPERA_HOURLY_RAINFALL_ACCUMULATION_202301310200_patch000,OPT_NORM_VIRTUAL_HOMOTOPY_CONST_INIT_LONG_LIGHT_JTOTAL,Homotopy Light Shrinkage (2000 iters),"(750,1500]",37991,0.48417012476713284,0.023970485143068324,0.9571791593320983
RAD_OPERA_HOURLY_RAINFALL_ACCUMULATION_202301310200_patch000,OPT_NORM_VIRTUAL_HOMOTOPY_CONST_INIT_LONG_LIGHT_JTOTAL,Homotopy Light Shrinkage (2000 iters),"(1500,3125]",63127,0.6608733001400527,0.05048212706207075,0.9107440383008555
RAD_OPERA_HOURLY_RAINFALL_ACCUMULATION_202301310200_patch000,OPT_NORM_VIRTUAL_HOMOTOPY_CONST_INIT_LONG_LIGHT_JTOTAL,Homotopy Light Shrinkage (2000 iters),"(3125,6000]",30617,0.9366505065506963,0.15420962264720264,0.8305887298386132
RAD_OPERA_HOURLY_RAINFALL_ACCUMULATION_202301310200_patch000,OPT_NORM_VIRTUAL_HOMOTOPY_CONST_INIT_LONG_LIGHT_JTOTAL,Homotopy Light Shrinkage (2000 iters),"(6000,9000]",2828,1.28036814722665,1.1439330873555138,0.8974436888537937
RAD_OPERA_HOURLY_RAINFALL_ACCUMULATION_202301310900_patch000,OPT_NORM_VIRTUAL_HOMOTOPY_CONST_INIT_LONG_LIGHT_JTOTAL,Homotopy Light Shrinkage (2000 iters),≤125,4327,0.198744315316713,-0.007769678952871913,0.9924925181565804
RAD_OPERA_HOURLY_RAINFALL_ACCUMULATION_202301310900_patch000,OPT_NORM_VIRTUAL_HOMOTOPY_CONST_INIT_LONG_LIGHT_JTOTAL,Homotopy Light Shrinkage (2000 iters),"(125,375]",17469,0.23710685952568153,-0.001654005038418544,0.9885503680107872
RAD_OPERA_HOURLY_RAINFALL_ACCUMULATION_202301310900_patch000,OPT_NORM_VIRTUAL_HOMOTOPY_CONST_INIT_LONG_LIGHT_JTOTAL,Homotopy Light Shrinkage (2000 iters),"(375,750]",28304,0.29844493677465345,0.014171591394137614,0.9803003804549734
RAD_OPERA_HOURLY_RAINFALL_ACCUMULATION_202301310900_patch000,OPT_NORM_VIRTUAL_HOMOTOPY_CONST_INIT_LONG_LIGHT_JTOTAL,Homotopy Light Shrinkage (2000 iters),"(750,1500]",54744,0.3904141561841885,0.024499390398476224,0.9671974149233021
RAD_OPERA_HOURLY_RAINFALL_ACCUMULATION_202301310900_patch000,OPT_NORM_VIRTUAL_HOMOTOPY_CONST_INIT_LONG_LIGHT_JTOTAL,Homotopy Light Shrinkage (2000 iters),"(1500,3125]",84620,0.5882627857083934,0.0750352214390328,0.9304706641302505
RAD_OPERA_HOURLY_RAINFALL_ACCUMULATION_202301310900_patch000,OPT_NORM_VIRTUAL_HOMOTOPY_CONST_INIT_LONG_LIGHT_JTOTAL,Homotopy Light Shrinkage (2000 iters),"(3125,6000]",39893,0.7569681368636308,0.11185685422782196,0.8911186296597021
RAD_OPERA_HOURLY_RAINFALL_ACCUMULATION_202301310900_patch000,OPT_NORM_VIRTUAL_HOMOTOPY_CONST_INIT_LONG_LIGHT_JTOTAL,Homotopy Light Shrinkage (2000 iters),"(6000,9000]",4424,1.2387360740068023,0.6488711268625897,0.49895711707279733
RAD_OPERA_HOURLY_RAINFALL_ACCUMULATION_202301310900_patch000,OPT_NORM_VIRTUAL_HOMOTOPY_CONST_INIT_LONG_LIGHT_JTOTAL,Homotopy Light Shrinkage (2000 iters),>9000,1227,1.8489266396832824,1.6209922448930063,-0.6227662403764626
RAD_OPERA_HOURLY_RAINFALL_ACCUMULATION_202301311600_patch000,OPT_NORM_VIRTUAL_HOMOTOPY_CONST_INIT_LONG_LIGHT_JTOTAL,Homotopy Light Shrinkage (2000 iters),≤125,4960,0.13131772118614,0.002652427836531593,0.996087397227653
RAD_OPERA_HOURLY_RAINFALL_ACCUMULATION_202301311600_patch000,OPT_NORM_VIRTUAL_HOMOTOPY_CONST_INIT_LONG_LIGHT_JTOTAL,Homotopy Light Shrinkage (2000 iters),"(125,375]",18632,0.15594326928367175,0.003302643754583103,0.9940978603498976
RAD_OPERA_HOURLY_RAINFALL_ACCUMULATION_202301311600_patch000,OPT_NORM_VIRTUAL_HOMOTOPY_CONST_INIT_LONG_LIGHT_JTOTAL,Homotopy Light Shrinkage (2000 iters),"(375,750]",27830,0.19940694638844467,0.002722729804102054,0.9894468928878639
RAD_OPERA_HOURLY_RAINFALL_ACCUMULATION_202301311600_patch000,OPT_NORM_VIRTUAL_HOMOTOPY_CONST_INIT_LONG_LIGHT_JTOTAL,Homotopy Light Shrinkage (2000 iters),"(750,1500]",51558,0.24629867878732856,-0.011071096492301983,0.9817614933340089
RAD_OPERA_HOURLY_RAINFALL_ACCUMULATION_202301311600_patch000,OPT_NORM_VIRTUAL_HOMOTOPY_CONST_INIT_LONG_LIGHT_JTOTAL,Homotopy Light Shrinkage (2000 iters),"(1500,3125]",90058,0.30954519652579765,-0.00897397738085848,0.9669677568929967
RAD_OPERA_HOURLY_RAINFALL_ACCUMULATION_202301311600_patch000,OPT_NORM_VIRTUAL_HOMOTOPY_CONST_INIT_LONG_LIGHT_JTOTAL,Homotopy Light Shrinkage (2000 iters),"(3125,6000]",52277,0.4139270868066141,0.005296466260003152,0.9329545761236558
RAD_OPERA_HOURLY_RAINFALL_ACCUMULATION_202301311600_patch000,OPT_NORM_VIRTUAL_HOMOTOPY_CONST_INIT_LONG_LIGHT_JTOTAL,Homotopy Light Shrinkage (2000 iters),"(6000,9000]",10952,0.7647848628779919,-0.054657437481459605,0.7584430786337388
RAD_OPERA_HOURLY_RAINFALL_ACCUMULATION_202301311600_patch000,OPT_NORM_VIRTUAL_HOMOTOPY_CONST_INIT_LONG_LIGHT_JTOTAL,Homotopy Light Shrinkage (2000 iters),>9000,3317,0.734231053573284,0.3587591846484465,0.4588874132677522
RAD_OPERA_HOURLY_RAINFALL_ACCUMULATION_202301312000_patch001,OPT_NORM_VIRTUAL_HOMOTOPY_CONST_INIT_LONG_LIGHT_JTOTAL,Homotopy Light Shrinkage (2000 iters),≤125,4119,0.1495921797639379,-0.006162610128395301,0.987884172471035
RAD_OPERA_HOURLY_RAINFALL_ACCUMULATION_202301312000_patch001,OPT_NORM_VIRTUAL_HOMOTOPY_CONST_INIT_LONG_LIGHT_JTOTAL,Homotopy Light Shrinkage (2000 iters),"(125,375]",15923,0.172556226519321,-0.00031105644595253926,0.9809859932633866
RAD_OPERA_HOURLY_RAINFALL_ACCUMULATION_202301312000_patch001,OPT_NORM_VIRTUAL_HOMOTOPY_CONST_INIT_LONG_LIGHT_JTOTAL,Homotopy Light Shrinkage (2000 iters),"(375,750]",23477,0.2210821803911598,0.005998004000490669,0.9683215147095005
RAD_OPERA_HOURLY_RAINFALL_ACCUMULATION_202301312000_patch001,OPT_NORM_VIRTUAL_HOMOTOPY_CONST_INIT_LONG_LIGHT_JTOTAL,Homotopy Light Shrinkage (2000 iters),"(750,1500]",42558,0.3220010142566526,-0.028916309748501966,0.9399483286807806
RAD_OPERA_HOURLY_RAINFALL_ACCUMULATION_202301312000_patch001,OPT_NORM_VIRTUAL_HOMOTOPY_CONST_INIT_LONG_LIGHT_JTOTAL,Homotopy Light Shrinkage (2000 iters),"(1500,3125]",72310,0.5225205637961964,-0.10044496515457964,0.8628208183220613
RAD_OPERA_HOURLY_RAINFALL_ACCUMULATION_202301312000_patch001,OPT_NORM_VIRTUAL_HOMOTOPY_CONST_INIT_LONG_LIGHT_JTOTAL,Homotopy Light Shrinkage (2000 iters),"(3125,6000]",35394,0.7539186300459506,-0.19226566269204812,0.754374266235079
RAD_OPERA_HOURLY_RAINFALL_ACCUMULATION_202301312000_patch001,OPT_NORM_VIRTUAL_HOMOTOPY_CONST_INIT_LONG_LIGHT_JTOTAL,Homotopy Light Shrinkage (2000 iters),"(6000,9000]",4806,0.8470203972561015,0.19635249940345945,0.11887305447661561
RAD_OPERA_HOURLY_RAINFALL_ACCUMULATION_202301312000_patch001,OPT_NORM_VIRTUAL_HOMOTOPY_CONST_INIT_LONG_LIGHT_JTOTAL,Homotopy Light Shrinkage (2000 iters),>9000,1093,1.298459967996485,1.2618459195907468,-0.42538539723639057
