method,patch,pixels,rmse,mae,bias,correlation,vg,va,cov,crmse,tn,fp,fn,tp
IDW,RAD_OPERA_HOURLY_RAINFALL_ACCUMULATION_202301180600_patch000,215040,1.1230593715712007,0.8080145687735196,0.15757358562356483,0.795274108888307,3.27281592036694,1.5764590217814447,1.8064210124803757,1.111950051570498,8.835565476190476e-05,0.03238467261904762,1.8601190476190478e-05,0.9675083705357143
IDW,RAD_OPERA_HOURLY_RAINFALL_ACCUMULATION_202301180900_patch002,192000,1.4332071343105242,0.8635543252869763,-0.11342219038492166,0.7755186060776355,5.0953568524250965,2.7185413632061377,2.886340059532181,1.4287120411639538,0.103515625,0.024817708333333334,0.0030677083333333333,0.8685989583333333
IDW,RAD_OPERA_HOURLY_RAINFALL_ACCUMULATION_202301181200_patch003,204800,1.0335874830066494,0.7151537002355579,0.298821145899581,0.8576678112320937,3.702674165373345,2.723222503724304,2.7234438306531836,0.989448840411308,0.0509423828125,0.04271484375,0.00015625,0.9061865234375
IDW,RAD_OPERA_HOURLY_RAINFALL_ACCUMULATION_202301181300_patch002,207360,0.5976609949216708,0.3536643110468616,0.009539580601554961,0.8030230650611444,0.9771221110578717,0.48079048380820893,0.5504024668066866,0.5975848569472856,0.0,0.0,0.0,1.0
IDW,RAD_OPERA_HOURLY_RAINFALL_ACCUMULATION_202301181900_patch000,277760,0.5097288562934369,0.33541310753792414,-0.039742941212945526,0.9332862264379567,1.7626903229844384,1.1306330508909894,1.317539684156734,0.508177139944291,0.0442216301843318,0.013698876728110598,0.0,0.9420794930875576
IDW,RAD_OPERA_HOURLY_RAINFALL_ACCUMULATION_202301190000_patch000,276480,0.6525504939260607,0.48369803499878833,0.15107122865953931,0.9296130307012614,2.9394825701860237,2.348535398173263,2.4425091686824216,0.6348225192874328,0.0,0.0014576099537037038,3.6168981481481483e-06,0.9985387731481481
IDW,RAD_OPERA_HOURLY_RAINFALL_ACCUMULATION_202301190300_patch000,349440,0.9492805911236105,0.6801820858898522,-0.05952858777849802,0.8773394117646576,3.5943924164847436,1.95712188395098,2.3269621562573177,0.9474122586926396,0.0,0.0024210164835164836,0.0,0.9975789835164836
IDW,RAD_OPERA_HOURLY_RAINFALL_ACCUMULATION_202301190300_patch001,365568,0.8684559365217684,0.48318937327489964,-0.07172218310361775,0.8656435966161997,2.96750203921129,2.013130772955668,2.1157805850181024,0.8654892501532027,0.4150199142156863,0.03885733981092437,0.02539609593837535,0.5207266500350141
IDW,RAD_OPERA_HOURLY_RAINFALL_ACCUMULATION_202301190700_patch000,354816,0.5934844221330621,0.40324437175258987,0.0016590762405983349,0.928620410317897,2.4557176230552775,1.785520518400085,1.9445085673373603,0.5934821031679408,0.052049512987012984,0.014297551406926406,0.001995400432900433,0.9316575351731602
IDW,RAD_OPERA_HOURLY_RAINFALL_ACCUMULATION_202301190800_patch001,249600,1.1889044237434088,0.8386451170508726,0.053227357815306346,0.7194936474588657,2.885646768238029,1.1772163823829218,1.326101286722151,1.1877123293022804,0.0004607371794871795,0.00984375,0.0002724358974358974,0.989423076923077
IDW,RAD_OPERA_HOURLY_RAINFALL_ACCUMULATION_202301190800_patch002,253952,3.1360153085873974,1.7860580356660187,0.3736475765841952,0.8577956814635664,34.927763255891534,19.235099305716737,22.233941528700505,3.1136762041367225,0.038964056199596774,0.05243904359879032,0.006969821068548387,0.9016270791330645
IDW,RAD_OPERA_HOURLY_RAINFALL_ACCUMULATION_202301190900_patch001,235008,0.8398493020055503,0.6145870475182695,-0.03045808842906846,0.8526244917436168,2.3939472077044335,1.196471390084309,1.4429997214301427,0.839296821707587,0.0,0.0,0.0,1.0
IDW,RAD_OPERA_HOURLY_RAINFALL_ACCUMULATION_202301192000_patch000,349184,0.7727489350755745,0.5505855283780371,0.15489271371880128,0.9021677836223785,3.027299363914012,2.1631182121614922,2.308634206089122,0.7570661555618902,0.0314361482771261,0.032730594758064516,0.0006758614369501467,0.9351573955278593
IDW,RAD_OPERA_HOURLY_RAINFALL_ACCUMULATION_202301200400_patch000,261888,0.3036122191612479,0.20589325449134488,0.021436350809534026,0.9251032340972405,0.5942338314622407,0.4037343917121891,0.4531236803432208,0.30285452363798077,0.0,0.0,0.0,1.0
IDW,RAD_OPERA_HOURLY_RAINFALL_ACCUMULATION_202301200800_patch001,331520,0.5257069211322635,0.3715854587808001,0.03668805117604472,0.9191165344816143,1.6131469660545812,1.0210202358302458,1.1795727240287797,0.5244251651353774,0.0015021718146718147,0.02261402027027027,0.0,0.9758838079150579
IDW,RAD_OPERA_HOURLY_RAINFALL_ACCUMULATION_202301201300_patch000,166400,1.0832405405776748,0.7579009144452329,-0.17189940883455654,0.872920654117466,3.4980196346614756,1.154940303590162,1.7545496381291468,1.0695142177611963,0.0005649038461538462,0.012986778846153846,1.201923076923077e-05,0.9864362980769231
IDW,RAD_OPERA_HOURLY_RAINFALL_ACCUMULATION_202301201600_patch002,160000,0.525854807512051,0.3848821986649185,-0.011747014670446514,0.8866206616187433,1.112326954311246,0.5461116884173619,0.6910266782493696,0.5257235834826782,0.0,0.0,0.0,1.0
IDW,RAD_OPERA_HOURLY_RAINFALL_ACCUMULATION_202301210300_patch000,269824,3.407655772658238,1.5589023036494143,-0.149388922071744,0.7792411490508888,27.544654792083577,10.315553621144195,13.135203799167261,3.4043796519914244,0.04317999881404175,0.11763964658444023,0.002931540559772296,0.8362488140417458
IDW,RAD_OPERA_HOURLY_RAINFALL_ACCUMULATION_202301210800_patch002,350208,2.835242909427348,1.2417278053941943,-0.2918814114744293,0.8780995800963062,27.8696627274206,11.434460075360718,15.675357602843787,2.820178646308377,0.24599952028508773,0.09935524031432749,0.0010622258771929825,0.6535830135233918
IDW,RAD_OPERA_HOURLY_RAINFALL_ACCUMULATION_202301210900_patch000,397824,3.4543581088922273,1.5662139034164102,-0.14128328287143266,0.8759060682482253,47.7649992717249,26.654554875186395,31.253462584230377,3.4514676557155437,0.31996561293436293,0.0761517656048906,0.0026795768983268985,0.6012030445624196
IDW,RAD_OPERA_HOURLY_RAINFALL_ACCUMULATION_202301211500_patch000,206336,1.0398293205822535,0.775827885241272,-0.011943405837995733,0.8233856235036477,3.212561743840583,1.5877774979203496,1.8596184353806966,1.0397607277636234,0.02248759305210918,0.02903031947890819,0.00036833126550868487,0.9481137562034739
IDW,RAD_OPERA_HOURLY_RAINFALL_ACCUMULATION_202301211800_patch000,179200,0.908592956206297,0.6311412589695828,-0.1584472041823912,0.7981361758130625,2.0261617128539067,0.7764735108079401,1.0010997900536827,0.8946706900052562,0.0790234375,0.09776227678571428,0.006116071428571428,0.8170982142857143
IDW,RAD_OPERA_HOURLY_RAINFALL_ACCUMULATION_202301211900_patch000,304384,1.0399157040594822,0.7183264500303094,-0.19780035062933343,0.8282001013429366,3.035391824603617,1.3103614426109065,1.6517267871870411,1.0209307972827744,0.05953006728343146,0.053301093355761144,0.010526177460050462,0.8766426619007569
IDW,RAD_OPERA_HOURLY_RAINFALL_ACCUMULATION_202301211900_patch001,268800,1.1473437507264745,0.8263035372101958,-0.26841821480782063,0.8053088667638343,3.188012180101132,1.1793489125253784,1.5615058741680166,1.1155040763217665,0.028962053571428573,0.05167410714285714,0.011930803571428571,0.9074330357142857
IDW,RAD_OPERA_HOURLY_RAINFALL_ACCUMULATION_202301212300_patch000,221184,0.9520132465968325,0.6909598740022813,0.09055055741474563,0.7980368562088024,2.4329008468384385,1.865432964607396,1.7001019965990576,0.9476971131367449,0.023338035300925927,0.03688331886574074,0.002093279803240741,0.9376853660300926
IDW,RAD_OPERA_HOURLY_RAINFALL_ACCUMULATION_202301220000_patch001,286720,1.0790311024208445,0.7683237577928705,0.06799308909569535,0.8631800998739707,4.548990748463364,3.3619091559559595,3.375607422296278,1.0768867441967924,0.024434988839285715,0.05995047433035714,0.001171875,0.9144426618303572
IDW,RAD_OPERA_HOURLY_RAINFALL_ACCUMULATION_202301220100_patch001,193024,1.1060367633746038,0.7293995466198391,-0.0008399276153863202,0.9157136541797496,6.972695999177497,4.434637013122439,5.092008197921082,1.1060364444527901,0.1551620523872679,0.03882936836870027,0.0010568633952254642,0.8049517158488063
IDW,RAD_OPERA_HOURLY_RAINFALL_ACCUMULATION_202301221200_patch000,354816,1.0814450004447087,0.7630029182357752,0.1470017001210644,0.9016952192936554,6.103874386331829,4.6016408781547735,4.7788007376691155,1.071407387107431,0.013905799062049062,0.0233332205988456,0.000656678391053391,0.962104301948052
IDW,RAD_OPERA_HOURLY_RAINFALL_ACCUMULATION_202301222100_patch000,186368,1.2781153473629618,0.8587151571334478,-0.29592286300813914,0.918321991460275,7.8880033876569415,4.089754584601849,5.2158747359724895,1.2433859016065008,0.2221465058379121,0.06615406078296704,0.0018511761675824175,0.7098482572115384
IDW,RAD_OPERA_HOURLY_RAINFALL_ACCUMULATION_202301230100_patch000,238080,0.9515225832282214,0.6658503223855221,0.0841743472547705,0.8847107715882829,4.089612109187757,2.8584300920937777,3.0248661478119976,0.9477921215422402,0.2282090053763441,0.06773353494623656,0.002053931451612903,0.7020035282258065
IDW,RAD_OPERA_HOURLY_RAINFALL_ACCUMULATION_202301230600_patch003,268800,0.6745091860784845,0.4414997035371406,-0.11653715079295493,0.9194929876599125,2.3542986389185776,1.282190239934888,1.597553572132073,0.6643656633129981,6.696428571428572e-05,0.014869791666666667,0.0,0.985063244047619
IDW,RAD_OPERA_HOURLY_RAINFALL_ACCUMULATION_202301231200_patch001,312576,0.5297621352282865,0.39072386414892246,0.08370299849738078,0.8844834358602616,1.183047162880077,0.6974387461491132,0.8034220905325047,0.5231077594188226,0.017278997747747746,0.027702062858312858,0.001708384520884521,0.9533105548730548
IDW,RAD_OPERA_HOURLY_RAINFALL_ACCUMULATION_202301231200_patch002,329728,0.767675234918053,0.5247215820805955,0.18980356783239874,0.9260155334892125,3.8563686164218782,3.534415683628921,3.4187422140531103,0.7438412948637496,0.0005671341226708075,0.012316212150621118,6.065605590062111e-06,0.987110588121118
IDW,RAD_OPERA_HOURLY_RAINFALL_ACCUMULATION_202301231200_patch003,272384,3.222778177315659,1.8733616770477222,0.7401714359948331,0.7636020093314192,20.630063442778834,20.98323859007062,15.88742830366503,3.1366296283621673,0.01912373707706767,0.13019854323308272,0.0008407248590225564,0.8498369948308271
IDW,RAD_OPERA_HOURLY_RAINFALL_ACCUMULATION_202301231300_patch001,306176,4.856074568767018,2.2448244862440268,-0.3220651288390446,0.80702450120941,56.56465310379236,17.076109897626537,25.081514365603613,4.845382778502817,0.24658693039297658,0.13737196906354515,0.009876672240802676,0.6061644283026756
IDW,RAD_OPERA_HOURLY_RAINFALL_ACCUMULATION_202301231400_patch002,335872,0.4468121111435978,0.2997906496295799,-0.06286120635869759,0.8937722895415515,0.9476010305382226,0.638257232298766,0.6950843657186303,0.44236809491613205,0.0,0.0,0.0,1.0
IDW,RAD_OPERA_HOURLY_RAINFALL_ACCUMULATION_202301231400_patch003,341504,0.44298209324526944,0.33493664308695115,0.022743684312728732,0.8970218956722691,0.9899112606603819,0.7126124251323972,0.7534039130164679,0.4423978523454239,0.0006471373688155922,0.01453277267616192,4.97797976011994e-05,0.9847703101574213
IDW,RAD_OPERA_HOURLY_RAINFALL_ACCUMULATION_202301231600_patch001,301568,0.8951034254606194,0.6219969326256678,-0.03143759866672804,0.9202690067290058,4.5205301553478,2.6498576304379116,3.185082983062154,0.8945511833659405,0.0010047485144312393,0.015117651740237692,1.9896010186757217e-05,0.9838577037351444
IDW,RAD_OPERA_HOURLY_RAINFALL_ACCUMULATION_202301231700_patch000,291840,0.8530039720789748,0.604062522439952,0.09152939153596219,0.9157461616391216,4.0132486157959875,2.456102388672276,2.8750564288003493,0.8480790923419612,0.04677905701754386,0.044270833333333336,0.0009560032894736843,0.9079941063596492
IDW,RAD_OPERA_HOURLY_RAINFALL_ACCUMULATION_202301231900_patch000,330240,0.8432421849353716,0.5942284324660003,0.08503547163267101,0.9314212601549744,4.667671273419754,2.957672595324466,3.4607587588627156,0.8389435922747062,0.18733345445736435,0.06927386143410853,0.003633720930232558,0.7397589631782946
IDW,RAD_OPERA_HOURLY_RAINFALL_ACCUMULATION_202301240500_patch000,494592,5.306584639583147,2.2540686624356003,0.8965187264649862,0.8144274138822157,78.37198171882613,67.13568857887142,59.07578779377007,5.230305412703679,0.10886953286749483,0.04960250064699793,0.004955599767080745,0.8365723667184265
IDW,RAD_OPERA_HOURLY_RAINFALL_ACCUMULATION_202301240700_patch000,193024,0.6205528365557909,0.45350265840209886,-0.07513866132166637,0.9056493461529542,1.6698463359283904,0.7900952085120324,1.0402507699540986,0.6159870165289411,0.0,0.006538047082228117,0.0,0.9934619529177718
IDW,RAD_OPERA_HOURLY_RAINFALL_ACCUMULATION_202301241500_patch000,433152,1.3721736686840356,0.8285694010862336,-0.10971413684709325,0.8293003660793268,5.877598213343384,3.3203267570138806,3.6635507925757813,1.3677804594326175,0.14642204122340424,0.05685763888888889,0.013376366725768321,0.7833439531619385
IDW,RAD_OPERA_HOURLY_RAINFALL_ACCUMULATION_202301241500_patch001,235008,1.7230407926538283,1.1166795217704681,-0.2552068864888447,0.8578065177200377,9.556716264897508,4.145530772873345,5.399254009766526,1.7040360965184402,0.0073188997821350766,0.034858387799564274,2.5531045751633988e-05,0.957797181372549
IDW,RAD_OPERA_HOURLY_RAINFALL_ACCUMULATION_202301241700_patch000,229376,0.9696858912065306,0.7243404453413195,0.12319405450691827,0.7148964252433035,1.8780420824092592,0.8040083460424103,0.87846823795626,0.9618284423633717,0.008601597377232142,0.03575788225446429,0.00040980747767857144,0.955230712890625
IDW,RAD_OPERA_HOURLY_RAINFALL_ACCUMULATION_202301241700_patch002,186368,1.158282965933715,0.7912621412522705,-0.07135341216783489,0.8612701223421769,4.992635297369451,2.9132142746830034,3.284660726154122,1.1560830937887687,0.054274338942307696,0.020953167925824176,0.01459478021978022,0.9101777129120879
IDW,RAD_OPERA_HOURLY_RAINFALL_ACCUMULATION_202301241900_patch001,185600,0.7760236894747811,0.5543173828044232,-0.029816036333795638,0.8927781759139904,2.932313169231306,2.1023001436488227,2.216644771138368,0.7754506886987679,0.014563577586206897,0.030264008620689654,2.1551724137931033e-05,0.9551508620689655
IDW,RAD_OPERA_HOURLY_RAINFALL_ACCUMULATION_202301242200_patch001,329728,1.4062456830126067,0.8570911949310165,-0.003942714249151101,0.815537744664633,5.744040852233052,2.9671347598460582,3.366832118041584,1.4062401558752127,0.2334287655279503,0.0725689052795031,0.01536417895962733,0.6786381502329193
IDW,RAD_OPERA_HOURLY_RAINFALL_ACCUMULATION_202301250200_patch000,236544,0.5634851336019872,0.3982533751747854,0.007873622702997332,0.9109962088984181,1.8605524761184593,1.6236785171247574,1.5833887456936182,0.5634301215376936,0.13592397186147187,0.044921875,4.22754329004329e-05,0.8191118777056277
IDW,RAD_OPERA_HOURLY_RAINFALL_ACCUMULATION_202301250200_patch001,461824,0.8940165783735414,0.5463548076965631,0.06612358269685398,0.9427641186239515,7.102443023451587,5.957853255080497,6.1327014821570085,0.8915678965833543,0.3942714107538803,0.09412243625277161,0.001831866685144124,0.509774286308204
IDW,RAD_OPERA_HOURLY_RAINFALL_ACCUMULATION_202301250300_patch000,258048,0.383574073349908,0.2821431715218794,0.03429006587017313,0.9107320904337309,0.8463977065576301,0.6368863956774629,0.6686654205531166,0.3820382979870733,0.0,0.0,0.0,1.0
IDW,RAD_OPERA_HOURLY_RAINFALL_ACCUMULATION_202301250500_patch000,376832,1.4931154048175679,0.9485564432552367,-0.1415384899020034,0.8240417410944642,6.413795965297926,2.8851406404089137,3.5447880688635247,1.486391761272845,0.05491306470788043,0.050123131793478264,0.0020539656929347825,0.8929098378057065
IDW,RAD_OPERA_HOURLY_RAINFALL_ACCUMULATION_202301251000_patch001,232960,0.4870324217399299,0.3499650963746235,0.05944745317984158,0.9523237809361776,2.4969475841948108,2.1592855509739652,2.2112832775162423,0.4833907116777188,0.18138307005494506,0.04241500686813187,0.0012062156593406594,0.7749957074175824
IDW,RAD_OPERA_HOURLY_RAINFALL_ACCUMULATION_202301251300_patch000,200448,0.49429887083616375,0.3744913588221887,0.042173317067856514,0.9486323199694427,1.6508663943650703,0.8851417892312551,1.1467276992794626,0.49249648225890963,0.026435783844189018,0.028246727330779056,0.0,0.945317488825032
IDW,RAD_OPERA_HOURLY_RAINFALL_ACCUMULATION_202301251600_patch002,199680,0.6701922540887602,0.47016925319241887,-0.06538896493702183,0.8980890153297458,2.155910080952638,1.3265956134801493,1.5188118768638748,0.666994708153699,0.14157151442307692,0.03197616185897436,0.012655248397435898,0.8137970753205128
IDW,RAD_OPERA_HOURLY_RAINFALL_ACCUMULATION_202301252100_patch000,312576,0.42242774579721054,0.2927153885895981,0.08864509414982151,0.952082912178211,1.77909480623783,1.452765283645044,1.530636421090196,0.41302209105867693,0.05759559275184275,0.019576039107289108,0.0024378071253071255,0.920390561015561
IDW,RAD_OPERA_HOURLY_RAINFALL_ACCUMULATION_202301252200_patch000,186368,0.6098599755266448,0.40064960528300386,-0.10476758151552142,0.9229741375992493,2.046232767315117,1.1658090207981449,1.4255444222502565,0.6007935948499687,0.015705485920329672,0.06568187671703296,1.6097184065934066e-05,0.9185965401785714
IDW,RAD_OPERA_HOURLY_RAINFALL_ACCUMULATION_202301260000_patch000,199680,6.932094954129066,3.3327703181972805,1.33909725989235,0.7221661341191355,90.73277864923094,73.38143794871083,58.92672880816565,6.801526224430107,0.26829927884615384,0.19274338942307692,0.0005258413461538461,0.5384314903846154
IDW,RAD_OPERA_HOURLY_RAINFALL_ACCUMULATION_202301260200_patch000,230144,1.1295080443557561,0.7676466969689512,0.06144023910477805,0.9013500524773432,6.466627323160726,4.198519124350782,4.696566464114197,1.1278357678683153,0.17793207730812013,0.07683015850945495,0.0047578907119021135,0.7404798734705228
IDW,RAD_OPERA_HOURLY_RAINFALL_ACCUMULATION_202301260200_patch001,237568,0.6413766488922065,0.45405233811558493,-0.09942147192110685,0.8780042691800913,1.6971454088925977,1.063679717348415,1.1796728747878877,0.633624002595575,0.008490200700431034,0.03414601293103448,0.00024834994612068964,0.9571154364224138
IDW,RAD_OPERA_HOURLY_RAINFALL_ACCUMULATION_202301260600_patch000,166400,5.575976691599442,3.199857545846089,1.5418674927752634,0.7488385734083656,62.75137105092863,49.068921614283106,41.553065982614264,5.358559573241972,0.07872596153846154,0.12521033653846153,0.0017247596153846154,0.7943389423076923
IDW,RAD_OPERA_HOURLY_RAINFALL_ACCUMULATION_202301260800_patch001,311808,0.7274199630211565,0.5083986922166381,-0.06950879106260813,0.7831388837215337,1.337778001060567,0.6759159758821819,0.7446928231880168,0.7240913827457935,1.6035509031198687e-05,0.00524361145320197,0.0,0.9947403530377669
IDW,RAD_OPERA_HOURLY_RAINFALL_ACCUMULATION_202301260900_patch000,185600,0.8536198604920701,0.638600039515837,0.2879065267879773,0.8332894309916727,2.061711139194065,1.147807564491079,1.2818710028128797,0.8036023258175555,0.0,0.003701508620689655,0.0,0.9962984913793104
IDW,RAD_OPERA_HOURLY_RAINFALL_ACCUMULATION_202301260900_patch001,272384,0.7024684987216807,0.5068708425157425,-0.05673141219624523,0.876296240422479,1.83210938914287,0.867058470693048,1.1044621606347031,0.7001739345094986,0.011256167763157895,0.034421992481203006,1.835643796992481e-05,0.9543034833176691
IDW,RAD_OPERA_HOURLY_RAINFALL_ACCUMULATION_202301270400_patch000,224000,1.1698679300113382,0.7608338613246551,-0.040136687549311725,0.8312456824978609,4.275618214095756,2.265259437478939,2.5869488157965566,1.169179207812721,0.12686160714285713,0.09180357142857143,0.004084821428571429,0.77725
IDW,RAD_OPERA_HOURLY_RAINFALL_ACCUMULATION_202301270700_patch000,385280,2.185928138087937,1.159282958426011,-0.14547628993227182,0.8876481370520021,18.550969446440156,8.503543778805211,11.148697375646615,2.1810819503063468,0.2198530938538206,0.10953073089700997,0.007109115448504983,0.6635070598006645
IDW,RAD_OPERA_HOURLY_RAINFALL_ACCUMULATION_202301270800_patch000,166400,0.312900854678929,0.2003566163097723,0.032713294262066483,0.8414167348863318,0.29533724061420197,0.1255603517051991,0.16203040354103668,0.311186094222296,0.0,0.0,0.0,1.0
IDW,RAD_OPERA_HOURLY_RAINFALL_ACCUMULATION_202301270900_patch000,312576,1.1685781850403913,0.8553064890148587,0.07364619633959855,0.8212843926719773,4.1737425036185964,2.6813048216416866,2.7474480564716397,1.1662552089131284,0.014415694103194104,0.07331976863226863,0.003938242219492219,0.908326295045045
IDW,RAD_OPERA_HOURLY_RAINFALL_ACCUMULATION_202301271000_patch001,261888,2.767393988513654,1.4049691364835297,-0.29679518956884454,0.8584278913292093,24.143236716831044,9.698264409680023,13.135559511700379,2.7514327364321125,0.09086326979472141,0.10062316715542521,0.005376344086021506,0.8031372189638318
IDW,RAD_OPERA_HOURLY_RAINFALL_ACCUMULATION_202301271800_patch000,312576,0.27788739703929366,0.18999182877975937,0.007763133446642493,0.9357749458627768,0.542592791772456,0.34903948762733006,0.40723557010371125,0.2777789394327144,0.0,0.0,6.398443898443899e-06,0.9999936015561015
IDW,RAD_OPERA_HOURLY_RAINFALL_ACCUMULATION_202301272100_patch001,222208,2.8456314788384596,1.5396707515534356,-0.12437389593473955,0.8399489658663764,25.901361316404063,12.96408589505041,15.39164878204405,2.84291217721659,0.18124909994239632,0.11100860455069124,0.0017641129032258064,0.7059781826036866
IDW,RAD_OPERA_HOURLY_RAINFALL_ACCUMULATION_202301272300_patch000,236800,0.7324055291534538,0.52038968722465,-0.0854603071813157,0.8990226593951817,2.4631703250810824,1.3751838126141311,1.654619871332094,0.7274024986422756,0.042402871621621624,0.015460304054054054,0.0007643581081081081,0.9413724662162162
IDW,RAD_OPERA_HOURLY_RAINFALL_ACCUMULATION_202301272300_patch002,322560,1.900015569466442,1.2237121611712538,0.03295861583984723,0.8722540613424569,14.613834454836178,8.98322304014989,9.994042300564631,1.8997296896813527,0.0020833333333333333,0.017872643849206348,0.0031343005952380954,0.9769097222222223
IDW,RAD_OPERA_HOURLY_RAINFALL_ACCUMULATION_202301280000_patch001,207360,0.8862999929089302,0.6273820107774722,0.05568063353902637,0.912669803927077,3.999393506497799,2.2111106661471873,2.7140384140829616,0.8845492323658772,0.015046296296296295,0.04972993827160494,0.00024112654320987653,0.9349826388888889
IDW,RAD_OPERA_HOURLY_RAINFALL_ACCUMULATION_202301280700_patch000,286720,2.824454413312724,1.5321109558336263,0.12804363231767577,0.854309965088043,29.03443330398368,18.153942288269022,19.61361401557404,2.821550559728572,0.018240792410714284,0.019670758928571428,0.005130440848214286,0.9569580078125
IDW,RAD_OPERA_HOURLY_RAINFALL_ACCUMULATION_202301280800_patch000,198400,2.740971658915373,1.5792984971461157,0.8815346278475538,0.8762755759827064,27.863142115830293,26.448489713072405,23.787904747009865,2.5953462841946484,0.0,0.0,1.0080645161290323e-05,0.9999899193548387
IDW,RAD_OPERA_HOURLY_RAINFALL_ACCUMULATION_202301280900_patch000,236800,0.9489826829553262,0.5940213238722816,0.03177397982548492,0.9107287857622146,5.237337492836444,4.021716190638545,4.179747568359925,0.9484506032235621,0.3074535472972973,0.026473817567567566,0.0055278716216216215,0.6605447635135135
IDW,RAD_OPERA_HOURLY_RAINFALL_ACCUMULATION_202301281000_patch001,211200,3.0709495628625287,1.626359335490545,-0.9488405593202843,0.924810160227502,34.8615290299946,12.913861434715301,19.62247882703779,2.9206904681315216,0.07690814393939394,0.0360748106060606,0.011619318181818182,0.8753977272727272
IDW,RAD_OPERA_HOURLY_RAINFALL_ACCUMULATION_202301281900_patch000,274688,0.6586288654040732,0.43518215749759526,0.0044237533886938634,0.9227509065316831,2.477361060786308,1.4300461691167439,1.73681740857682,0.6586140089228384,0.0,0.0007062558247903076,0.0,0.9992937441752097
IDW,RAD_OPERA_HOURLY_RAINFALL_ACCUMULATION_202301282100_patch000,239616,0.658679040562753,0.4908361583914271,0.09232723746138967,0.8187024431330919,1.2381901473932473,0.608947841772801,0.7109021147333158,0.6521761722873788,0.00034638755341880344,0.003889556623931624,3.7560096153846156e-05,0.9957264957264957
IDW,RAD_OPERA_HOURLY_RAINFALL_ACCUMULATION_202301282200_patch000,317440,4.968458211908017,2.4861646590092334,-0.15864435056011633,0.8352177989198977,76.73795213797683,37.340769099931244,44.70915613219826,4.9659247853256465,0.04254977318548387,0.08696131552419355,0.0003244707661290323,0.8701644405241935
IDW,RAD_OPERA_HOURLY_RAINFALL_ACCUMULATION_202301282200_patch001,450560,1.715811276960331,1.0551141438996328,0.1127571442215207,0.9599729402411483,36.905733997139116,31.834352802966052,32.90439631776696,1.7121022646358626,0.2211669921875,0.09627796519886364,0.007719282670454545,0.6748357599431818
IDW,RAD_OPERA_HOURLY_RAINFALL_ACCUMULATION_202301290800_patch000,303104,0.5620794427283996,0.3922413356118046,0.18009199048655983,0.725904141001842,0.5992703817547332,0.3127228974775032,0.3142465521658897,0.5324473447210128,0.0,0.0,0.0,1.0
IDW,RAD_OPERA_HOURLY_RAINFALL_ACCUMULATION_202301291100_patch000,166400,1.227713035694744,0.7675944040339583,-0.3517377684641486,0.90412688743335,4.830157755722127,1.6350291831008619,2.5408135492861628,1.1762482052061398,2.403846153846154e-05,0.0037860576923076923,0.0,0.9961899038461538
IDW,RAD_OPERA_HOURLY_RAINFALL_ACCUMULATION_202301291700_patch000,266240,0.32388923663908137,0.23716935420603616,0.049067920086515816,0.9456028099478849,0.9575140360368515,0.920301279964602,0.8876593695862117,0.3201508657321266,0.019606370192307692,0.016162109375,0.0028170072115384615,0.9614145132211539
IDW,RAD_OPERA_HOURLY_RAINFALL_ACCUMULATION_202301291900_patch000,495616,0.7239402053652176,0.5313286278835206,0.012190536159624187,0.9358100834068217,4.109712847038261,3.1752340889618615,3.3805030621138736,0.7238375589677386,0.0,0.006186240960743801,0.0,0.9938137590392562
IDW,RAD_OPERA_HOURLY_RAINFALL_ACCUMULATION_202301292200_patch002,166400,0.5405491071249053,0.40366287948706975,-0.0730217222439555,0.8935358829464319,1.160714470095825,0.536896704015567,0.7053750044086665,0.535594217009537,0.0010576923076923077,0.02057091346153846,0.0,0.9783713942307692
IDW,RAD_OPERA_HOURLY_RAINFALL_ACCUMULATION_202301292300_patch001,186368,0.595702084109057,0.43526962192781565,-0.0015841534557614148,0.8934067986513651,1.717612539117084,1.1670713134994284,1.2649126945734048,0.5956999777318299,0.0,0.0,0.0,1.0
IDW,RAD_OPERA_HOURLY_RAINFALL_ACCUMULATION_202301292300_patch003,173056,0.24740626859689058,0.1871502269679383,-0.02353698804770657,0.9343958133799285,0.402126237331252,0.24446011692249198,0.2929652411595326,0.2462841284668561,0.0,0.0,0.0,1.0
IDW,RAD_OPERA_HOURLY_RAINFALL_ACCUMULATION_202301300000_patch001,207872,0.3189416710499194,0.23504810195801587,-0.0210485699772376,0.9116294481095875,0.5407175109944128,0.32566602347106827,0.3825513936157263,0.31824636248357707,0.0,0.0,0.0,1.0
IDW,RAD_OPERA_HOURLY_RAINFALL_ACCUMULATION_202301300200_patch001,391680,0.32623140487629315,0.2275660895511167,-0.03335896325084606,0.9064817641841703,0.5704246107106009,0.39003562473908726,0.4275730631756497,0.32452135384037306,0.0,0.0,0.0,1.0
IDW,RAD_OPERA_HOURLY_RAINFALL_ACCUMULATION_202301301000_patch000,371712,0.5200134739679022,0.37169663303179973,0.051411195580842554,0.9039499881802622,1.2637963729443076,0.6802194598861839,0.8381224653766884,0.517465846290472,0.0,0.004672972623966942,0.0,0.9953270273760331
IDW,RAD_OPERA_HOURLY_RAINFALL_ACCUMULATION_202301302200_patch000,239616,1.5113381213097652,1.0343930825233536,-0.09831355017624278,0.7968261865671603,5.948336024655221,2.632730274383325,3.1532944681313357,1.508137050395578,0.05106503739316239,0.06233306623931624,0.0028128338675213675,0.8837890625
IDW,RAD_OPERA_HOURLY_RAINFALL_ACCUMULATION_202301302200_patch001,367360,0.660777747541284,0.4901262019922702,-0.011724196983066685,0.8567792868897309,1.6065802750773213,0.9796702427013123,1.0748803714638993,0.6606737279859365,0.0,0.010776894599303135,5.444250871080139e-06,0.9892176611498258
IDW,RAD_OPERA_HOURLY_RAINFALL_ACCUMULATION_202301302200_patch002,294912,1.5835624462995925,0.9772901292141832,0.15836502816322293,0.7506212630560438,5.651092091182291,3.643908767839942,3.4062051599185112,1.5756238571388832,0.21495225694444445,0.1261223687065972,0.004604763454861111,0.6543206108940972
IDW,RAD_OPERA_HOURLY_RAINFALL_ACCUMULATION_202301310000_patch001,230400,0.8536685146034986,0.6286231733519537,-0.10015761944803155,0.7981496918956577,1.8866958681376096,0.8319577650948317,0.9999676245702974,0.8477726016402316,0.00011284722222222222,0.020911458333333334,0.0,0.9789756944444444
IDW,RAD_OPERA_HOURLY_RAINFALL_ACCUMULATION_202301310200_patch000,173056,1.0220481840977926,0.7836238849028454,0.2700539890703602,0.8109614535210132,2.832819424185654,1.7471055331265253,1.8041358118536988,0.9857247757892572,0.006107849482248521,0.014920025887573964,5.7784763313609464e-05,0.9789143398668639
IDW,RAD_OPERA_HOURLY_RAINFALL_ACCUMULATION_202301310900_patch000,235008,0.8066937073537428,0.6264091036462556,0.06945376700304082,0.8605790761689915,2.355802869611127,1.2865242047967687,1.4981980813373412,0.8036982715753551,0.03486689814814815,0.05915968818082789,0.0003829656862745098,0.9055904479847494
IDW,RAD_OPERA_HOURLY_RAINFALL_ACCUMULATION_202301311600_patch000,259584,0.5054939587665274,0.35884468641563333,0.020704326280130945,0.9141699113254648,1.5512759544307506,1.3312617032512086,1.313721092229609,0.505069770648315,0.0038908407297830374,0.023645525147928993,0.0001348311143984221,0.9723288030078896
IDW,RAD_OPERA_HOURLY_RAINFALL_ACCUMULATION_202301312000_patch001,199680,0.638892130710883,0.4415025172716317,-0.09752709357253013,0.7625447701566174,0.9150624447126362,0.3650135470772343,0.4407021855431417,0.6314044826445145,0.0006510416666666666,0.007962740384615384,2.0032051282051282e-05,0.9913661858974359
ILDW,RAD_OPERA_HOURLY_RAINFALL_ACCUMULATION_202301180600_patch000,215040,1.1048605589599985,0.7778062078181566,0.15822089498168163,0.7984001791409477,3.27281592036694,1.8197604742405258,1.9484466957354352,1.0934729091918993,0.0006742931547619048,0.03179873511904762,0.00019066220238095238,0.9673363095238096
ILDW,RAD_OPERA_HOURLY_RAINFALL_ACCUMULATION_202301180900_patch002,192000,1.3737278314104178,0.817070081490745,-0.10431374403632195,0.7959201107584812,5.0953568524250965,2.9006380863221954,3.0598740705752983,1.3697615842170103,0.109109375,0.019223958333333332,0.005130208333333333,0.8665364583333334
ILDW,RAD_OPERA_HOURLY_RAINFALL_ACCUMULATION_202301181200_patch003,204800,0.9726431962839919,0.6687439236849342,0.26810093044666733,0.8740700689646328,3.702674165373345,2.7689864644719386,2.7987519757370563,0.9349634636557574,0.0513818359375,0.042275390625,0.0005029296875,0.90583984375
ILDW,RAD_OPERA_HOURLY_RAINFALL_ACCUMULATION_202301181300_patch002,207360,0.5632257174074803,0.3297352889363573,0.01372157225651386,0.8273722125267094,0.9771221110578717,0.5242668013734415,0.5921769926136666,0.5630585468705541,0.0,0.0,0.0,1.0
ILDW,RAD_OPERA_HOURLY_RAINFALL_ACCUMULATION_202301181900_patch000,277760,0.4766819865061665,0.3110905338710409,-0.03287252757932719,0.9399182716478487,1.7626903229844384,1.218882630150074,1.3777139199722503,0.4755471724130126,0.04890552995391705,0.009014976958525345,0.0009216589861751152,0.9411578341013825
ILDW,RAD_OPERA_HOURLY_RAINFALL_ACCUMULATION_202301190000_patch000,276480,0.6333243816790202,0.46551484769074447,0.15092861481128692,0.933979871608511,2.9394825701860237,2.3916807233748685,2.4764214839503165,0.6150774956542138,0.0,0.0014576099537037038,0.0,0.9985423900462963
ILDW,RAD_OPERA_HOURLY_RAINFALL_ACCUMULATION_202301190300_patch000,349440,0.9062375007898906,0.6475249497332711,-0.0397581953463882,0.8852760578958956,3.5943924164847436,2.1691193493229686,2.4719130360335035,0.9053649505810933,0.0,0.0024210164835164836,0.0,0.9975789835164836
ILDW,RAD_OPERA_HOURLY_RAINFALL_ACCUMULATION_202301190300_patch001,365568,0.8581480544200549,0.47082936732295944,-0.04842094659748988,0.8678065657882783,2.96750203921129,2.125798781010531,2.1796136624931464,0.8567808910307982,0.41301481530112044,0.0408624387254902,0.022149094012605043,0.5239736519607843
ILDW,RAD_OPERA_HOURLY_RAINFALL_ACCUMULATION_202301190700_patch000,354816,0.5873844620170563,0.39649881139333226,0.007308446873245022,0.9292896951512846,2.4557176230552775,1.8400451528864028,1.9753978415591564,0.5873389931065088,0.05031340187590187,0.01603366251803752,0.0017248376623376623,0.9319280979437229
ILDW,RAD_OPERA_HOURLY_RAINFALL_ACCUMULATION_202301190800_patch001,249600,1.1045996249073378,0.7750540492892954,0.07811533852370137,0.7666683484323394,2.885646768238029,1.3127930742553506,1.4922007586303103,1.1018340733671101,0.0017267628205128204,0.008577724358974359,0.00025240384615384616,0.9894431089743589
ILDW,RAD_OPERA_HOURLY_RAINFALL_ACCUMULATION_202301190800_patch002,253952,2.975221151699563,1.6552544494520187,0.30597382117737,0.8706862900161396,34.927763255891534,21.065872206843146,23.617657270230048,2.9594460499009934,0.038719915574596774,0.05268318422379032,0.007103704637096774,0.9014931955645161
ILDW,RAD_OPERA_HOURLY_RAINFALL_ACCUMULATION_202301190900_patch001,235008,0.808869447266056,0.5919806611555197,-0.007667701733536442,0.8637451883509788,2.3939472077044335,1.2572860571678217,1.4985111379008171,0.8088331033474214,0.0,0.0,0.0,1.0
ILDW,RAD_OPERA_HOURLY_RAINFALL_ACCUMULATION_202301192000_patch000,349184,0.7342513870858359,0.5192537418255172,0.1567632117357215,0.9123356971589309,3.027299363914012,2.260398246292384,2.3865736076613104,0.7173216815932553,0.03942906891495601,0.024737674120234605,0.0013459952346041057,0.9344872617302052
ILDW,RAD_OPERA_HOURLY_RAINFALL_ACCUMULATION_202301200400_patch000,261888,0.2930800358140974,0.19522604691326267,0.022300116088500077,0.9291942471523046,0.5942338314622407,0.42414640536743387,0.4664908123072213,0.2922304094635465,0.0,0.0,0.0,1.0
ILDW,RAD_OPERA_HOURLY_RAINFALL_ACCUMULATION_202301200800_patch001,331520,0.49987001535465975,0.3498789361735444,0.036643207883234906,0.924584983555454,1.6131469660545812,1.111655061128782,1.2381373598083347,0.4985251323320559,0.003272804054054054,0.020843388030888033,0.00046151061776061777,0.9754222972972973
ILDW,RAD_OPERA_HOURLY_RAINFALL_ACCUMULATION_202301201300_patch000,166400,1.009489723365397,0.6985975701254885,-0.1378938586266808,0.876079242957031,3.4980196346614756,1.4551764816657469,1.976570665496915,1.0000273922915266,0.002512019230769231,0.011039663461538462,0.0,0.9864483173076923
ILDW,RAD_OPERA_HOURLY_RAINFALL_ACCUMULATION_202301201600_patch002,160000,0.4654277482693755,0.3359465354094493,0.008039587676825851,0.9074307257387537,1.112326954311246,0.6643384147289434,0.7800535075755508,0.4653583069948228,0.0,0.0,0.0,1.0
ILDW,RAD_OPERA_HOURLY_RAINFALL_ACCUMULATION_202301210300_patch000,269824,3.4216990392239826,1.5148822911168756,-0.16323037874362697,0.771440462206684,27.544654792083577,11.031372248197245,13.447323440899641,3.4178034113274474,0.05141870256166983,0.10940094283681215,0.003750592979127135,0.8354297616223909
ILDW,RAD_OPERA_HOURLY_RAINFALL_ACCUMULATION_202301210800_patch002,350208,2.6177002847345707,1.1687081272236721,-0.17409668634322134,0.8872926688917001,27.8696627274206,13.978171712245636,17.51289465758124,2.6119045014134348,0.2515961942616959,0.0937585663377193,0.0019331368786549708,0.6527121025219298
ILDW,RAD_OPERA_HOURLY_RAINFALL_ACCUMULATION_202301210900_patch000,397824,3.0837950354360086,1.3913762782772396,-0.09405797867184665,0.9018441697170373,47.7649992717249,29.903855368105823,34.08395486130139,3.0823602834886032,0.3244877131595882,0.07162966537966538,0.0031295246138996137,0.6007530968468469
ILDW,RAD_OPERA_HOURLY_RAINFALL_ACCUMULATION_202301211500_patch000,206336,0.9977555251184008,0.735287963162045,0.004216329511928314,0.8379143927051537,3.212561743840583,1.7048216794607973,1.9609425564158187,0.9977466163659703,0.022758995037220845,0.028758917493796526,0.0015702543424317619,0.9469118331265509
ILDW,RAD_OPERA_HOURLY_RAINFALL_ACCUMULATION_202301211800_patch000,179200,0.8682401101762687,0.5985181281214542,-0.14105009827817674,0.8125574663072704,2.0261617128539067,0.8895909613612951,1.0909034577602927,0.8567063433257722,0.09343191964285714,0.08335379464285714,0.010005580357142857,0.8132087053571428
ILDW,RAD_OPERA_HOURLY_RAINFALL_ACCUMULATION_202301211900_patch000,304384,0.9826007361449952,0.6770336039036609,-0.1681312685639723,0.8441708879414941,3.035391824603617,1.4784500727058174,1.7883029070528391,0.9681095409114384,0.057893976030277544,0.05493718460891506,0.009008357863751051,0.8781604814970564
ILDW,RAD_OPERA_HOURLY_RAINFALL_ACCUMULATION_202301211900_patch001,268800,1.0752824940089398,0.7661126694403114,-0.22189512012745147,0.8225396652021244,3.188012180101132,1.4235917706768833,1.7523044765961528,1.0521382977468834,0.03472098214285714,0.04591517857142857,0.012425595238095237,0.906938244047619
ILDW,RAD_OPERA_HOURLY_RAINFALL_ACCUMULATION_202301212300_patch000,221184,0.8945987370410688,0.6433459064707351,0.08845842272850533,0.8231981668126106,2.4329008468384385,1.890155732992336,1.7652872860334572,0.8902145852342906,0.03293185763888889,0.027289496527777776,0.00340892650462963,0.9363697193287037
ILDW,RAD_OPERA_HOURLY_RAINFALL_ACCUMULATION_202301220000_patch001,286720,1.036391865229846,0.732595720261037,0.07033798201286705,0.8747982326758895,4.548990748463364,3.3437296959469864,3.4117798889046966,1.0340022565744027,0.029690987723214286,0.054694475446428574,0.0017229352678571428,0.9138916015625
ILDW,RAD_OPERA_HOURLY_RAINFALL_ACCUMULATION_202301220100_patch001,193024,1.059378564731059,0.688261292547083,0.025467720052378812,0.9212529311933876,6.972695999177497,4.727829927000685,5.289445793765605,1.0590723953757701,0.1635444297082228,0.03044699104774536,0.001818426724137931,0.8041901525198939
ILDW,RAD_OPERA_HOURLY_RAINFALL_ACCUMULATION_202301221200_patch000,354816,1.0364512732953333,0.7236895673988529,0.14835829424502603,0.9099053813154068,6.103874386331829,4.858784183761541,4.955218755824572,1.0257782696295645,0.015159970238095238,0.022079049422799424,0.00044530122655122656,0.9623156791125541
ILDW,RAD_OPERA_HOURLY_RAINFALL_ACCUMULATION_202301222100_patch000,186368,1.169096062464308,0.773103005450187,-0.22211153086571545,0.9263887523390585,7.8880033876569415,4.6476135896660855,5.609082453098495,1.1478031499895953,0.22882147149725274,0.059479095123626376,0.004217462225274725,0.7074819711538461
ILDW,RAD_OPERA_HOURLY_RAINFALL_ACCUMULATION_202301230100_patch000,238080,0.9162568966526526,0.636655336407209,0.10723578393378937,0.8936628695169293,4.089612109187757,3.0277303060123484,3.1446576139462254,0.9099599921467182,0.22985551075268817,0.06608702956989247,0.0024739583333333332,0.701583501344086
ILDW,RAD_OPERA_HOURLY_RAINFALL_ACCUMULATION_202301230600_patch003,268800,0.6094189133906928,0.40263916630523355,-0.06802101455725307,0.9289414429700041,2.3542986389185776,1.4772530762248726,1.732393580783278,0.6056108928816379,0.0004055059523809524,0.01453125,0.00011904761904761905,0.9849441964285715
ILDW,RAD_OPERA_HOURLY_RAINFALL_ACCUMULATION_202301231200_patch001,312576,0.49591179235300753,0.36051900868485864,0.06091913177424421,0.8974487471224865,1.183047162880077,0.7508774032802519,0.8458536004908422,0.49215583424220904,0.02194346334971335,0.023037597256347256,0.0025305845618345617,0.9524883548321048
ILDW,RAD_OPERA_HOURLY_RAINFALL_ACCUMULATION_202301231200_patch002,329728,0.7250624870417998,0.4878112735291603,0.15119694473366685,0.9326549381715756,3.8563686164218782,3.4671018399591107,3.4103076811812723,0.7091227637147495,0.0008036927406832299,0.012079653532608696,3.0328027950310557e-06,0.9871136209239131
ILDW,RAD_OPERA_HOURLY_RAINFALL_ACCUMULATION_202301231200_patch003,272384,3.0173020798251406,1.74443998985849,0.6451162642327998,0.7900590796223633,20.630063442778834,20.75203027480792,16.34707843552366,2.9475306353860744,0.02392578125,0.12539649906015038,0.0008333822838345865,0.8498443374060151
ILDW,RAD_OPERA_HOURLY_RAINFALL_ACCUMULATION_202301231300_patch001,306176,4.441312198210544,2.061955929898223,-0.18776662314785963,0.8312823487002278,56.56465310379236,22.698897953280504,29.786776659933718,4.437341291494877,0.25444515572742477,0.129513743729097,0.012754102215719064,0.6032869983277592
ILDW,RAD_OPERA_HOURLY_RAINFALL_ACCUMULATION_202301231400_patch002,335872,0.4211077035762768,0.2818864061634713,-0.04956262859382364,0.9061176533500725,0.9476010305382226,0.6548831633036554,0.713804474991861,0.4181808745724224,0.0,0.0,0.0,1.0
ILDW,RAD_OPERA_HOURLY_RAINFALL_ACCUMULATION_202301231400_patch003,341504,0.41918712889488974,0.31310605957652476,0.02744114993066658,0.9077113970733949,0.9899112606603819,0.7691715962864746,0.7920590123126164,0.4182879777397667,0.0017305800224887557,0.013449330022488756,0.00022254497751124437,0.9845975449775113
ILDW,RAD_OPERA_HOURLY_RAINFALL_ACCUMULATION_202301231600_patch001,301568,0.829391165650177,0.5674025803373258,0.0014591862399246256,0.9293691195872225,4.5205301553478,2.916964576987695,3.374803577950709,0.8293898820422616,0.0020227610356536503,0.01409963921901528,0.0003912882003395586,0.9834863115449916
ILDW,RAD_OPERA_HOURLY_RAINFALL_ACCUMULATION_202301231700_patch000,291840,0.8327108938218124,0.5824736574729118,0.0794143023227748,0.9191339618643873,4.0132486157959875,2.521068172757104,2.923607993638491,0.8289154367461791,0.0449390076754386,0.0461108826754386,0.0013945997807017544,0.907555509868421
ILDW,RAD_OPERA_HOURLY_RAINFALL_ACCUMULATION_202301231900_patch000,330240,0.7944769527986466,0.5566058478095535,0.11003060254671372,0.9377615976343181,4.667671273419754,3.2007101976303347,3.6246472880093292,0.7868207515256763,0.19229651162790698,0.06431080426356589,0.004666303294573643,0.7387263808139535
ILDW,RAD_OPERA_HOURLY_RAINFALL_ACCUMULATION_202301240500_patch000,494592,4.793102907435408,2.0307158617153616,0.7279481416261606,0.8473828856347223,78.37198171882613,65.4682395231277,60.69814712879253,4.737502188323376,0.1110066479037267,0.04746538561076605,0.005442870082815735,0.8360850964026915
ILDW,RAD_OPERA_HOURLY_RAINFALL_ACCUMULATION_202301240700_patch000,193024,0.5554207678219366,0.40613170268611143,-0.041290032086127956,0.918203687056118,1.6698463359283904,0.9504320562760902,1.156745514813122,0.5538838890762541,0.0,0.006538047082228117,0.0,0.9934619529177718
ILDW,RAD_OPERA_HOURLY_RAINFALL_ACCUMULATION_202301241500_patch000,433152,1.3229606459528613,0.7928926093344603,-0.09792453136273892,0.8421714715492644,5.877598213343384,3.4729375878721593,3.804950072159072,1.319331518950942,0.1473870604314421,0.05589261968085106,0.012339779107565011,0.7843805407801419
ILDW,RAD_OPERA_HOURLY_RAINFALL_ACCUMULATION_202301241500_patch001,235008,1.6239280460967924,1.0705602250479935,-0.17296803835536173,0.8667374445451992,9.556716264897508,4.840063145639852,5.8947775269650595,1.6146901735649608,0.009472017973856208,0.03270526960784314,0.0013276143790849674,0.9564950980392157
ILDW,RAD_OPERA_HOURLY_RAINFALL_ACCUMULATION_202301241700_patch000,229376,0.9339706094405942,0.6870094013938254,0.10672501059178818,0.7376412021801299,1.8780420824092592,0.8874335768182585,0.9522823939072502,0.9278528285310217,0.010698590959821428,0.033660888671875,0.0016915457589285715,0.953948974609375
ILDW,RAD_OPERA_HOURLY_RAINFALL_ACCUMULATION_202301241700_patch002,186368,1.0790858419395382,0.7360454688727113,-0.030553755931794574,0.8789177681818238,4.992635297369451,3.2313217025739704,3.5302321388353,1.0786531983324492,0.05528309581043956,0.019944411057692308,0.01535134787087912,0.909421145260989
ILDW,RAD_OPERA_HOURLY_RAINFALL_ACCUMULATION_202301241900_patch001,185600,0.7396725971048181,0.5246521519736684,-0.026271884392813086,0.9034948481653492,2.932313169231306,2.1287042804744893,2.257296055353779,0.739205884039242,0.015845905172413792,0.02898168103448276,0.0003286637931034483,0.95484375
ILDW,RAD_OPERA_HOURLY_RAINFALL_ACCUMULATION_202301242200_patch001,329728,1.3691749101112436,0.8383038307118792,0.060347043444631175,0.8227131168562802,5.744040852233052,3.422167630699529,3.6476051570534787,1.367844351096141,0.23460852581521738,0.07138914499223603,0.01419048427795031,0.6798118449145962
ILDW,RAD_OPERA_HOURLY_RAINFALL_ACCUMULATION_202301250200_patch000,236544,0.520314867099057,0.3630860982018494,0.01518670042788784,0.9247418865299369,1.8605524761184593,1.671468456156953,1.6307620036104944,0.5200931888175647,0.138769108495671,0.042076738365800864,0.00015641910173160172,0.8189977340367965
ILDW,RAD_OPERA_HOURLY_RAINFALL_ACCUMULATION_202301250200_patch001,461824,0.8585643019285637,0.5284912154051067,0.060670157714821225,0.947536931067876,7.102443023451587,5.9393874403749445,6.154189335658796,0.8564180010420968,0.4017785996396896,0.0866152473669623,0.003341099639689579,0.5082650533536586
ILDW,RAD_OPERA_HOURLY_RAINFALL_ACCUMULATION_202301250300_patch000,258048,0.36262020957597585,0.26594470974481726,0.03596794414889383,0.9213764961891081,0.8463977065576301,0.6388943668354815,0.6775461750032425,0.3608319877541717,0.0,0.0,0.0,1.0
ILDW,RAD_OPERA_HOURLY_RAINFALL_ACCUMULATION_202301250500_patch000,376832,1.4266109507918097,0.916371356233029,-0.09789900859702019,0.832131609000135,6.413795965297926,3.52364374307116,3.955902559667127,1.4232479014686201,0.05624787703804348,0.048788319463315216,0.002056619395380435,0.8929071841032609
ILDW,RAD_OPERA_HOURLY_RAINFALL_ACCUMULATION_202301251000_patch001,232960,0.45231330930632635,0.3206193441009599,0.054358329145988545,0.9588782764033512,2.4969475841948108,2.2287344050300426,2.2620247436983787,0.44903507861646713,0.1834220467032967,0.04037603021978022,0.0019059065934065934,0.7742960164835165
ILDW,RAD_OPERA_HOURLY_RAINFALL_ACCUMULATION_202301251300_patch000,200448,0.47857876275738465,0.3529825474866284,0.055235650237855836,0.9463402291369488,1.6508663943650703,0.9691682737331545,1.1970240064965174,0.47538053715438366,0.027827666028097064,0.02685484514687101,0.0,0.945317488825032
ILDW,RAD_OPERA_HOURLY_RAINFALL_ACCUMULATION_202301251600_patch002,199680,0.6263992222799449,0.435556113787668,-0.029434967598007192,0.9085671499348844,2.155910080952638,1.4650545678318279,1.6147275402145207,0.6257072545171776,0.1427333733974359,0.030814302884615386,0.012905649038461538,0.8135466746794872
ILDW,RAD_OPERA_HOURLY_RAINFALL_ACCUMULATION_202301252100_patch000,312576,0.39393508285757567,0.27531234158363876,0.09215421030088294,0.9588483977523615,1.77909480623783,1.4924682254019062,1.5624352903049554,0.38300450523437146,0.056530251842751844,0.020641380016380016,0.0016635954135954137,0.9211647727272727
ILDW,RAD_OPERA_HOURLY_RAINFALL_ACCUMULATION_202301252200_patch000,186368,0.5482324308034396,0.3636825569443264,-0.05249108746419902,0.9334069707098286,2.046232767315117,1.3222113116220091,1.5353202975078262,0.5457137380728784,0.02034147493131868,0.06104588770604396,0.00026292067307692306,0.9183497166895604
ILDW,RAD_OPERA_HOURLY_RAINFALL_ACCUMULATION_202301260000_patch000,199680,7.061692753215281,3.2624646895621447,1.3403706630422965,0.7156095172584123,90.73277864923094,76.84890113232467,59.755384377543415,6.933318904137381,0.2710536858974359,0.18998898237179487,0.00218349358974359,0.5367738381410256
ILDW,RAD_OPERA_HOURLY_RAINFALL_ACCUMULATION_202301260200_patch000,230144,1.0387717416093525,0.692544177125099,0.07681620172946058,0.916343867675682,6.466627323160726,4.576556929143572,4.985019124993155,1.0359276047668518,0.1784578350945495,0.07630440072302558,0.005005561735261402,0.7402322024471635
ILDW,RAD_OPERA_HOURLY_RAINFALL_ACCUMULATION_202301260200_patch001,237568,0.600277770874244,0.42251895792962335,-0.07560791659592295,0.8918503857732054,1.6971454088925977,1.1577121757094755,1.250120369724149,0.5954971411801868,0.01368029364224138,0.028955919989224137,0.0015321928879310344,0.9558315934806034
ILDW,RAD_OPERA_HOURLY_RAINFALL_ACCUMULATION_202301260600_patch000,166400,5.264825518558434,2.9948885756313333,1.3890185925703125,0.7786088885835872,62.75137105092863,51.93810457570012,44.450230268135336,5.078288598569214,0.08727163461538462,0.11666466346153846,0.0025721153846153845,0.7934915865384615
ILDW,RAD_OPERA_HOURLY_RAINFALL_ACCUMULATION_202301260800_patch001,311808,0.689410364736843,0.47975502989949337,-0.0706674452675255,0.8089973409341309,1.337778001060567,0.7156006325731752,0.791542935223897,0.6857789462982574,0.00010583435960591134,0.005153812602627258,3.207101806239737e-06,0.9947371459359606
ILDW,RAD_OPERA_HOURLY_RAINFALL_ACCUMULATION_202301260900_patch000,185600,0.820186268486091,0.6030439931648336,0.2467803549958676,0.8408453225110067,2.061711139194065,1.2526373878138246,1.351271777803319,0.782179628602824,0.0,0.003701508620689655,0.0,0.9962984913793104
ILDW,RAD_OPERA_HOURLY_RAINFALL_ACCUMULATION_202301260900_patch001,272384,0.6794503009930339,0.47977662437687757,-0.0457751077487848,0.881493709311465,1.83210938914287,0.9354724094191479,1.1540122237659531,0.6779065946206096,0.014439174107142858,0.031238986137218046,0.00034510103383458645,0.9539767387218046
ILDW,RAD_OPERA_HOURLY_RAINFALL_ACCUMULATION_202301270400_patch000,224000,1.0860731999277604,0.7108677895746182,-0.02118168641946411,0.8543814958849573,4.275618214095756,2.5919841463288784,2.844248014331441,1.0858666270595816,0.13634375,0.08232142857142857,0.0071339285714285714,0.7742008928571429
ILDW,RAD_OPERA_HOURLY_RAINFALL_ACCUMULATION_202301270700_patch000,385280,2.1151523853700667,1.107233103956813,-0.09050937814342472,0.8884745367818712,18.550969446440156,9.482316763127054,11.78380427188122,2.113215006998761,0.22368666943521595,0.10569715531561462,0.007246677740863787,0.6633694975083056
ILDW,RAD_OPERA_HOURLY_RAINFALL_ACCUMULATION_202301270800_patch000,166400,0.294049126210543,0.1871196709596093,0.04671860136539938,0.8589356247081333,0.29533724061420197,0.14753845742240138,0.1792967185624793,0.29031407287908856,0.0,0.0,0.0,1.0
ILDW,RAD_OPERA_HOURLY_RAINFALL_ACCUMULATION_202301270900_patch000,312576,1.1154157238630895,0.811752339658917,0.06692956154363827,0.8388936824756049,4.1737425036185964,2.7474048340751196,2.84073733343056,1.1134058877303445,0.018427518427518427,0.0693079443079443,0.0025465806715806714,0.9097179565929566
ILDW,RAD_OPERA_HOURLY_RAINFALL_ACCUMULATION_202301271000_patch001,261888,2.6150662818097734,1.3424698371680186,-0.18789716799035272,0.8598919809551808,24.143236716831044,12.317895066503054,14.828932735407248,2.6083071737277415,0.10144794721407624,0.09003848973607038,0.007075543743890518,0.8014380193059628
ILDW,RAD_OPERA_HOURLY_RAINFALL_ACCUMULATION_202301271800_patch000,312576,0.26132216187429563,0.17924999056651766,0.005228310884135038,0.9424074250458963,0.542592791772456,0.3687162136686287,0.42152353419456523,0.2612698548473482,0.0,0.0,0.0,1.0
ILDW,RAD_OPERA_HOURLY_RAINFALL_ACCUMULATION_202301272100_patch001,222208,2.7140087918873865,1.467200278774802,-0.006034676070638901,0.8510815228630403,25.901361316404063,14.870462872740854,16.703008442009082,2.714002082741786,0.19556901641705068,0.09668868807603687,0.004239271313364055,0.7035030241935484
ILDW,RAD_OPERA_HOURLY_RAINFALL_ACCUMULATION_202301272300_patch000,236800,0.6906009063484542,0.4828558359119299,-0.06461728317734965,0.9060371351026777,2.4631703250810824,1.5480119358214306,1.7692140211692144,0.6875712461731399,0.044168074324324326,0.013695101351351352,0.0013386824324324324,0.9407981418918919
ILDW,RAD_OPERA_HOURLY_RAINFALL_ACCUMULATION_202301272300_patch002,322560,1.7800581077336006,1.1503933341731443,0.07241233502366382,0.8886306503869482,14.613834454836178,9.596397427767872,10.523434280979751,1.7785846397190512,0.004244171626984127,0.015711805555555555,0.002545262896825397,0.977498759920635
ILDW,RAD_OPERA_HOURLY_RAINFALL_ACCUMULATION_202301280000_patch001,207360,0.8220010530943399,0.5819860497697933,0.0715573725755901,0.9219167356441712,3.999393506497799,2.4913618975914176,2.910095065185467,0.8188805002674578,0.02156153549382716,0.043214699074074076,0.0006847993827160494,0.9345389660493827
ILDW,RAD_OPERA_HOURLY_RAINFALL_ACCUMULATION_202301280700_patch000,286720,2.651655538402115,1.4222772155403578,0.18708973195494882,0.8723100867469504,29.03443330398368,19.94596586964808,20.992062323548055,2.6450471690568462,0.02014857700892857,0.017762974330357142,0.004094587053571429,0.9579938616071428
ILDW,RAD_OPERA_HOURLY_RAINFALL_ACCUMULATION_202301280800_patch000,198400,2.5196702538898905,1.4398624810921667,0.7634945962104797,0.8940620959393398,27.863142115830293,26.39571821941488,24.24652307267511,2.401210984044289,0.0,0.0,0.0,1.0
ILDW,RAD_OPERA_HOURLY_RAINFALL_ACCUMULATION_202301280900_patch000,236800,0.9250713120288904,0.5771831475217089,0.05185699639369691,0.9152279261248149,5.237337492836444,4.170285721519863,4.277277715046216,0.9236166868695459,0.30779983108108105,0.026127533783783782,0.006651182432432432,0.6594214527027027
ILDW,RAD_OPERA_HOURLY_RAINFALL_ACCUMULATION_202301281000_patch001,211200,2.9364166561480554,1.5339366664543992,-0.7970599453285878,0.9155983018136102,34.8615290299946,14.998452233325523,20.936371520631802,2.8261702393975696,0.07524147727272727,0.037741477272727274,0.007627840909090909,0.8793892045454546
ILDW,RAD_OPERA_HOURLY_RAINFALL_ACCUMULATION_202301281900_patch000,274688,0.623933723813222,0.41228463574186347,0.03299697524752391,0.926152722384528,2.477361060786308,1.6090008622908247,1.8490787158705926,0.6230605840012257,0.0,0.0007062558247903076,0.0,0.9992937441752097
ILDW,RAD_OPERA_HOURLY_RAINFALL_ACCUMULATION_202301282100_patch000,239616,0.6223685478385222,0.4592927743797537,0.09039455957485053,0.8387096320365338,1.2381901473932473,0.6787713727712077,0.7688950436132775,0.6157689769206467,0.0005300146901709401,0.003705929487179487,0.00047993456196581194,0.9952841212606838
ILDW,RAD_OPERA_HOURLY_RAINFALL_ACCUMULATION_202301282200_patch000,317440,4.7829367136028305,2.3787445011638217,-0.15270158764487288,0.8481339516813589,76.73795213797683,39.4740961173497,46.67944121193298,4.7804984919420885,0.05507182459677419,0.07443926411290322,0.0040102066532258064,0.8664787046370968
ILDW,RAD_OPERA_HOURLY_RAINFALL_ACCUMULATION_202301282200_patch001,450560,1.7257280994949231,1.054318090423925,0.11754165987790476,0.9593476800005978,36.905733997139116,32.15874414241301,33.05007835398631,1.721720485903419,0.22945001775568183,0.08799493963068182,0.00984774502840909,0.6727072975852273
ILDW,RAD_OPERA_HOURLY_RAINFALL_ACCUMULATION_202301290800_patch000,303104,0.5306153408713994,0.3656827287091407,0.15878956071811307,0.7565041107455598,0.5992703817547332,0.3366128232693606,0.3397723448245369,0.5062988399898029,0.0,0.0,0.0,1.0
ILDW,RAD_OPERA_HOURLY_RAINFALL_ACCUMULATION_202301291100_patch000,166400,1.118435946155963,0.7089945332691627,-0.26696297267978586,0.9015238648682712,4.830157755722127,2.122202219841921,2.886365119346146,1.0861076083297436,0.00016225961538461538,0.0036478365384615386,6.610576923076923e-05,0.9961237980769231
ILDW,RAD_OPERA_HOURLY_RAINFALL_ACCUMULATION_202301291700_patch000,266240,0.3057941924558556,0.22263907742710845,0.04886555970409295,0.9516133276561897,0.9575140360368515,0.9171472199541243,0.8917695053882205,0.301864614048309,0.02072941706730769,0.0150390625,0.003917518028846154,0.9603140024038461
ILDW,RAD_OPERA_HOURLY_RAINFALL_ACCUMULATION_202301291900_patch000,495616,0.6861776612317504,0.5014024386113368,0.023066459460968147,0.9430762890536785,4.109712847038261,3.1911120976242087,3.4152586117205295,0.6857898520840114,0.0,0.006186240960743801,0.0,0.9938137590392562
ILDW,RAD_OPERA_HOURLY_RAINFALL_ACCUMULATION_202301292200_patch002,166400,0.49645654919339505,0.36582506169558243,-0.04831961795240997,0.9060771570415187,1.160714470095825,0.6170875855754939,0.7668338679566861,0.49409950390376534,0.004158653846153846,0.01746995192307692,0.00041466346153846154,0.9779567307692307
ILDW,RAD_OPERA_HOURLY_RAINFALL_ACCUMULATION_202301292300_patch001,186368,0.5654349427187035,0.40926666864835237,0.009291932190137325,0.9039646700126232,1.717612539117084,1.2323061932777448,1.3151441989756756,0.5653585892541807,0.0,0.0,0.0,1.0
ILDW,RAD_OPERA_HOURLY_RAINFALL_ACCUMULATION_202301292300_patch003,173056,0.228943918453388,0.1717996269522948,-0.023014677387925554,0.9421567413921788,0.402126237331252,0.26577752305637986,0.30800905898305536,0.22778420143091854,0.0,0.0,0.0,1.0
ILDW,RAD_OPERA_HOURLY_RAINFALL_ACCUMULATION_202301300000_patch001,207872,0.30201370722942056,0.22056897025712044,-0.02099506460063831,0.918946709604881,0.5407175109944128,0.35291199457613903,0.40142900947683924,0.30128306725880427,0.0,0.0,0.0,1.0
ILDW,RAD_OPERA_HOURLY_RAINFALL_ACCUMULATION_202301300200_patch001,391680,0.3132904023636089,0.22019449525000478,-0.025894021397358538,0.9127875961498024,0.5704246107106009,0.41113803928439546,0.4420411370629856,0.3122184745799408,0.0,0.0,0.0,1.0
ILDW,RAD_OPERA_HOURLY_RAINFALL_ACCUMULATION_202301301000_patch000,371712,0.5056579386797176,0.35431340701171615,0.06167940899468162,0.9047421194493924,1.2637963729443076,0.7513978492650002,0.8816543103767099,0.5018820593086466,0.0,0.004672972623966942,0.0,0.9953270273760331
ILDW,RAD_OPERA_HOURLY_RAINFALL_ACCUMULATION_202301302200_patch000,239616,1.456055706026204,0.9750302997610152,-0.09682220530328084,0.8115729520934233,5.948336024655221,2.876602491237523,3.357107418140534,1.4528329840734193,0.055250901442307696,0.058147202190170943,0.004573985042735043,0.8820279113247863
ILDW,RAD_OPERA_HOURLY_RAINFALL_ACCUMULATION_202301302200_patch001,367360,0.6348873628738528,0.46604585206009147,-0.007224894819189406,0.867081199731322,1.6065802750773213,1.0676536293502363,1.1356020699978953,0.6348462525933085,0.0,0.010776894599303135,0.0,0.9892231054006969
ILDW,RAD_OPERA_HOURLY_RAINFALL_ACCUMULATION_202301302200_patch002,294912,1.4751220014607525,0.9124603696784526,0.1373205337539609,0.7866103143838608,5.651092091182291,3.6930018771281374,3.593482989053663,1.468716443090055,0.22446695963541666,0.116607666015625,0.008456759982638888,0.6504686143663194
ILDW,RAD_OPERA_HOURLY_RAINFALL_ACCUMULATION_202301310000_patch001,230400,0.8067722532900407,0.5788393621828455,-0.07433639285973995,0.8175782832153012,1.8866958681376096,0.9649485183151972,1.1031444085387574,0.8033402575343104,0.00017361111111111112,0.020850694444444446,0.0,0.9789756944444444
ILDW,RAD_OPERA_HOURLY_RAINFALL_ACCUMULATION_202301310200_patch000,173056,0.970434993696025,0.7275853711758166,0.24866577121081518,0.8303474934439812,2.832819424185654,1.9088959780392274,1.9309029955034733,0.9380348667389367,0.007783607618343195,0.01324426775147929,0.00043916420118343197,0.9785329604289941
ILDW,RAD_OPERA_HOURLY_RAINFALL_ACCUMULATION_202301310900_patch000,235008,0.7542290293555731,0.5769622375938952,0.06268057305460366,0.8769277788898215,2.355802869611127,1.4446195872811427,1.6177449412040366,0.7516199667945207,0.03808380991285403,0.055942776416122005,0.0009957107843137254,0.9049777028867102
ILDW,RAD_OPERA_HOURLY_RAINFALL_ACCUMULATION_202301311600_patch000,259584,0.48380592710564935,0.3423536636036722,0.027669943140746115,0.9217672154905224,1.5512759544307506,1.338096399466814,1.3280349022742097,0.4830140260376968,0.004472540680473373,0.02306382519723866,0.0008475098619329388,0.971616124260355
ILDW,RAD_OPERA_HOURLY_RAINFALL_ACCUMULATION_202301312000_patch001,199680,0.6309378126654078,0.426230887240784,-0.10284510290393988,0.7659644941487442,0.9150624447126362,0.40477169725741136,0.46616436685518015,0.6224993239029961,0.000836338141025641,0.00777744391025641,0.0002403846153846154,0.9911458333333333
Solver(ILDW),RAD_OPERA_HOURLY_RAINFALL_ACCUMULATION_202301180600_patch000,215040,0.7771612977871084,0.5197278773486946,0.02605610798650776,0.9072105226027473,3.27281592036694,2.208024624493486,2.4387698914228437,0.7767243796963874,0.00361328125,0.028859747023809525,0.00023716517857142857,0.9672898065476191
Solver(ILDW),RAD_OPERA_HOURLY_RAINFALL_ACCUMULATION_202301180900_patch002,192000,1.3624447647383613,0.8024608073436903,-0.10435896562373319,0.799789976566673,5.0953568524250965,2.919978270921342,3.0849850900447624,1.3584421015475459,0.110296875,0.018036458333333335,0.004942708333333334,0.8667239583333334
Solver(ILDW),RAD_OPERA_HOURLY_RAINFALL_ACCUMULATION_202301181200_patch003,204800,0.7202875676393771,0.4595430133264297,0.10498005228641163,0.9289310327753534,3.702674165373345,3.1441825383257322,3.1695316674906424,0.7125962171649471,0.066259765625,0.0273974609375,0.0010009765625,0.905341796875
Solver(ILDW),RAD_OPERA_HOURLY_RAINFALL_ACCUMULATION_202301181300_patch002,207360,0.4288125201692075,0.23882821319038394,-0.0005938550842534981,0.905572763897548,0.9771221110578717,0.6486452035893449,0.7209437449286054,0.428812108959164,0.0,0.0,0.0,1.0
Solver(ILDW),RAD_OPERA_HOURLY_RAINFALL_ACCUMULATION_202301181900_patch000,277760,0.31149691635774124,0.19485781151422596,-0.009044454181899449,0.9738030179548349,1.7626903229844384,1.4803574374105024,1.5730496168230037,0.31136558375795664,0.05303139400921659,0.004889112903225807,0.00048963133640553,0.9415898617511521
Solver(ILDW),RAD_OPERA_HOURLY_RAINFALL_ACCUMULATION_202301190000_patch000,276480,0.39040883106065377,0.27396173324453194,0.06211486606712074,0.9747569379602812,2.9394825701860237,2.6443592752018024,2.717640523302108,0.38543585560195326,2.8935185185185186e-05,0.0014286747685185186,2.8935185185185186e-05,0.9985134548611111
Solver(ILDW),RAD_OPERA_HOURLY_RAINFALL_ACCUMULATION_202301190300_patch000,349440,0.6888055034647441,0.4796484192089611,-0.012672863961726209,0.9340607337954264,3.5943924164847436,2.7053313387363933,2.912715667549405,0.6886889138953285,0.0,0.0024210164835164836,0.0,0.9975789835164836
Solver(ILDW),RAD_OPERA_HOURLY_RAINFALL_ACCUMULATION_202301190300_patch001,365568,0.8511976473511313,0.46568146239829,-0.04803773460307824,0.8701369678657569,2.96750203921129,2.1308032585536076,2.188037743427296,0.849841050379602,0.41304764093137253,0.040829613095238096,0.021344866071428572,0.5247778799019608
Solver(ILDW),RAD_OPERA_HOURLY_RAINFALL_ACCUMULATION_202301190700_patch000,354816,0.4287457695675655,0.28312146968587193,0.01987837097940126,0.962403920560835,2.4557176230552775,2.1337687100665383,2.2030292739162634,0.428284701208541,0.05237362463924964,0.013973439754689754,0.0011188897907647908,0.9325340458152959
Solver(ILDW),RAD_OPERA_HOURLY_RAINFALL_ACCUMULATION_202301190800_patch001,249600,0.8325502115872279,0.5402197528624376,0.027698605060711718,0.8769475156731076,2.885646768238029,1.7656264601503566,1.9794502931483788,0.8320893233851933,0.0035496794871794873,0.006754807692307692,0.00046474358974358973,0.9892307692307692
Solver(ILDW),RAD_OPERA_HOURLY_RAINFALL_ACCUMULATION_202301190800_patch002,253952,2.7813171987502128,1.5287259569483902,0.30862314067577334,0.8887549589866273,34.927763255891534,22.12099181828516,24.704138978536772,2.764141298324518,0.040306829637096774,0.05109627016129032,0.0077534337197580645,0.9008434664818549
Solver(ILDW),RAD_OPERA_HOURLY_RAINFALL_ACCUMULATION_202301190900_patch001,235008,0.623043563616284,0.4275511781926508,-0.0019169922579234072,0.9208284592747945,2.3939472077044335,1.6114639286961723,1.8086157645481222,0.6230406144902285,0.0,0.0,0.0,1.0
Solver(ILDW),RAD_OPERA_HOURLY_RAINFALL_ACCUMULATION_202301192000_patch000,349184,0.5131082553162835,0.3464083651153402,0.07811568372635307,0.9574838785051004,3.027299363914012,2.5395783420647264,2.654849842174526,0.5071272243034136,0.04687213618035191,0.01729460685483871,0.0020648139662756597,0.9337684429985337
Solver(ILDW),RAD_OPERA_HOURLY_RAINFALL_ACCUMULATION_202301200400_patch000,261888,0.18004608647804687,0.1225115554967125,0.02078837600972718,0.9746393752036963,0.5942338314622407,0.49580169129690704,0.5290255430401046,0.17884193210468996,0.0,0.0,0.0,1.0
Solver(ILDW),RAD_OPERA_HOURLY_RAINFALL_ACCUMULATION_202301200800_patch001,331520,0.35508094502332554,0.23960793342648878,0.02060021630500686,0.9609668244079798,1.6131469660545812,1.3777937806802891,1.4326413190640128,0.35448287491336566,0.006759773166023166,0.01735641891891892,0.000702823359073359,0.9751809845559846
Solver(ILDW),RAD_OPERA_HOURLY_RAINFALL_ACCUMULATION_202301201300_patch000,166400,0.6964627401035811,0.468501455958467,-0.014729642755387781,0.9326246186233775,3.4980196346614756,2.4741240661484243,2.743650157416506,0.6963069624647503,0.005600961538461538,0.007950721153846154,0.0,0.9864483173076923
Solver(ILDW),RAD_OPERA_HOURLY_RAINFALL_ACCUMULATION_202301201600_patch002,160000,0.2968028999924631,0.20725197642222046,0.02888003246858716,0.9612075575371763,1.112326954311246,0.9263149321173001,0.9756919906299983,0.29539449075524316,0.0,0.0,0.0,1.0
Solver(ILDW),RAD_OPERA_HOURLY_RAINFALL_ACCUMULATION_202301210300_patch000,269824,3.4214314668964563,1.514547129313698,-0.16337098454869547,0.7714687780763991,27.544654792083577,11.035436293408784,13.450293940707764,3.4175288153981715,0.051470588235294115,0.10934905716318785,0.0038395398481973434,0.8353408147533207
Solver(ILDW),RAD_OPERA_HOURLY_RAINFALL_ACCUMULATION_202301210800_patch002,350208,2.6054539866682744,1.1609864492789106,-0.17336827432613128,0.8887106383338914,27.8696627274206,14.00860907614717,17.559968942732493,2.5996795798911037,0.25180178636695905,0.09355297423245613,0.0018988715277777778,0.652746367872807
Solver(ILDW),RAD_OPERA_HOURLY_RAINFALL_ACCUMULATION_202301210900_patch000,397824,3.071001503119663,1.3812087659100905,-0.09307417524409155,0.9027601461547554,47.7649992717249,29.97028972467751,34.156450783168275,3.069590759379149,0.32497536599099097,0.07114201254826255,0.003101874195624196,0.6007807472651223
Solver(ILDW),RAD_OPERA_HOURLY_RAINFALL_ACCUMULATION_202301211500_patch000,206336,0.7027148926623803,0.49143328152129845,0.09505821627002295,0.9240557274298311,3.212561743840583,2.3480959291572487,2.537942758554385,0.6962558121043315,0.0321223635235732,0.01939554900744417,0.0007366625310173697,0.9477454249379652
Solver(ILDW),RAD_OPERA_HOURLY_RAINFALL_ACCUMULATION_202301211800_patch000,179200,0.8563235510238997,0.5843440053915169,-0.13842268925680062,0.8183309084972709,2.0261617128539067,0.9084694089256773,1.1102509693212437,0.8450616445781316,0.0962109375,0.08057477678571429,0.009575892857142857,0.8136383928571429
Solver(ILDW),RAD_OPERA_HOURLY_RAINFALL_ACCUMULATION_202301211900_patch000,304384,0.9811012978082994,0.6750799479171345,-0.16788864614009025,0.8447796941532434,3.035391824603617,1.479799027310319,1.7904088464277792,0.9666297942120224,0.05800567703952902,0.054825483599663584,0.009044496425567703,0.8781243429352397
Solver(ILDW),RAD_OPERA_HOURLY_RAINFALL_ACCUMULATION_202301211900_patch001,268800,1.0325050023850344,0.7166153241758304,-0.20797847497412714,0.8364420660989325,3.188012180101132,1.5327335120071304,1.8489670791053534,1.0113414526743951,0.03545758928571428,0.04517857142857143,0.009929315476190477,0.9094345238095238
Solver(ILDW),RAD_OPERA_HOURLY_RAINFALL_ACCUMULATION_202301212300_patch000,221184,0.5630622555134984,0.3787230563272412,-0.035703016611309805,0.9351982938913437,2.4329008468384385,1.8371394326145198,1.9771379406320788,0.5619291754205336,0.041323061342592594,0.018898292824074073,0.0006510416666666666,0.9391276041666666
Solver(ILDW),RAD_OPERA_HOURLY_RAINFALL_ACCUMULATION_202301220000_patch001,286720,0.7796098946574842,0.5283842465601845,0.054087527104909904,0.9320293752899614,4.548990748463364,3.615088537008202,3.7796065791060185,0.7777313978871685,0.04515555245535714,0.039229910714285714,0.0019008091517857143,0.9137137276785714
Solver(ILDW),RAD_OPERA_HOURLY_RAINFALL_ACCUMULATION_202301220100_patch001,193024,0.8193789057003016,0.49915291602765643,0.05637382210011491,0.9529799572135186,6.972695999177497,5.5195529876335705,5.9120226017613104,0.8174373268260073,0.17425812334217505,0.019733297413793104,0.006237566312997348,0.7997710129310345
Solver(ILDW),RAD_OPERA_HOURLY_RAINFALL_ACCUMULATION_202301221200_patch000,354816,0.7537991224265319,0.4991408301834276,0.06838002407409803,0.9531431536230767,6.103874386331829,5.219760568732488,5.380048832892841,0.7506912076737248,0.01775850018037518,0.01948051948051948,5.636724386724387e-05,0.9627046130952381
Solver(ILDW),RAD_OPERA_HOURLY_RAINFALL_ACCUMULATION_202301222100_patch000,186368,1.1672690022693173,0.7708972424559731,-0.22210185754721956,0.9267136081969485,7.8880033876569415,4.649208812252372,5.6120122556882155,1.1459440163170633,0.22921316964285715,0.059087396978021976,0.003992101648351648,0.7077073317307693
Solver(ILDW),RAD_OPERA_HOURLY_RAINFALL_ACCUMULATION_202301230100_patch000,238080,0.9118290897271151,0.6318972155695659,0.10675662720910908,0.8947983909726506,4.089612109187757,3.0277412431953925,3.148659020481818,0.9055580110735671,0.22985131048387097,0.06609122983870967,0.0025117607526881722,0.7015456989247312
Solver(ILDW),RAD_OPERA_HOURLY_RAINFALL_ACCUMULATION_202301230600_patch003,268800,0.4784136672488913,0.2849582828856295,0.02036292415821836,0.9511009062077957,2.3542986389185776,1.952471351209883,2.0391525008991005,0.4779801129024716,0.0007514880952380952,0.014185267857142856,0.00013392857142857144,0.9849293154761904
Solver(ILDW),RAD_OPERA_HOURLY_RAINFALL_ACCUMULATION_202301231200_patch001,312576,0.36998573643428134,0.25100594207404886,0.0202543537337158,0.9431105153274265,1.183047162880077,0.9030503242923038,0.974809140426367,0.3694309222569857,0.025920096232596234,0.019060964373464374,0.0029976709664209663,0.9520212684275184
Solver(ILDW),RAD_OPERA_HOURLY_RAINFALL_ACCUMULATION_202301231200_patch002,329728,0.46569975100409816,0.3012020924389442,0.025006168335477346,0.9721094079219718,3.8563686164218782,3.40279422412481,3.521455945458116,0.46502790199132865,0.005465110636645963,0.007418235636645963,0.0006611510093167701,0.9864555027173914
Solver(ILDW),RAD_OPERA_HOURLY_RAINFALL_ACCUMULATION_202301231200_patch003,272384,2.3125867608015143,1.3477635888147188,0.4708318077244893,0.870080270918433,20.630063442778834,18.401547832582686,16.952618170146096,2.2641499365256994,0.04590578007518797,0.1034165002349624,0.002863604323308271,0.8478141153665414
Solver(ILDW),RAD_OPERA_HOURLY_RAINFALL_ACCUMULATION_202301231300_patch001,306176,4.437991700541531,2.058862010281503,-0.18801665917645968,0.8316765008908198,56.56465310379236,22.703152485776148,29.803692759810435,4.434007224841613,0.25441576086956524,0.1295431385869565,0.012770432692307692,0.6032706678511706
Solver(ILDW),RAD_OPERA_HOURLY_RAINFALL_ACCUMULATION_202301231400_patch002,335872,0.3161928295666269,0.20627735033858477,-0.03027324512368068,0.9497126183791907,0.9476010305382226,0.7158087232545041,0.7821741588468476,0.31474026767960833,0.0,0.0,0.0,1.0
Solver(ILDW),RAD_OPERA_HOURLY_RAINFALL_ACCUMULATION_202301231400_patch003,341504,0.32721688332371274,0.22691006396374927,0.03273285869851072,0.9449467599713561,0.9899112606603819,0.8877208224620383,0.8858163172144563,0.3255755652586778,0.0062693262743628185,0.008910583770614693,0.0012532796101949026,0.9835668103448276
Solver(ILDW),RAD_OPERA_HOURLY_RAINFALL_ACCUMULATION_202301231600_patch001,301568,0.5015789060932865,0.3336126237021797,0.06141288233118476,0.97309885097487,4.5205301553478,3.921451633933144,4.097085966179716,0.497805039068021,0.013247426782682512,0.0028749734719864177,0.001800588921901528,0.9820770108234296
Solver(ILDW),RAD_OPERA_HOURLY_RAINFALL_ACCUMULATION_202301231700_patch000,291840,0.5177763028742871,0.34276168312256533,0.037779479080570146,0.9685716897345752,4.0132486157959875,3.2573518683149834,3.501967736666202,0.5163961761850743,0.053142132675438596,0.037907757675438594,0.002422560307017544,0.9065275493421052
Solver(ILDW),RAD_OPERA_HOURLY_RAINFALL_ACCUMULATION_202301231900_patch000,330240,0.4979259067820176,0.343498889935262,0.08887316820322484,0.9755797639118051,4.667671273419754,3.9437344944632065,4.185686999632372,0.4899303711939236,0.1999576065891473,0.05664970930232558,0.0042090600775193795,0.7391836240310078
Solver(ILDW),RAD_OPERA_HOURLY_RAINFALL_ACCUMULATION_202301240500_patch000,494592,4.766624296559529,2.0236113214987945,0.7280624499782309,0.8492177646948823,78.37198171882613,65.60241359373428,60.89188152953855,4.710693394128228,0.11094599184782608,0.047526041666666664,0.005426695134575569,0.8361012713509317
Solver(ILDW),RAD_OPERA_HOURLY_RAINFALL_ACCUMULATION_202301240700_patch000,193024,0.32662184472126576,0.2281685779471783,0.0008953247722349469,0.9694154618247746,1.6698463359283904,1.3796858619886967,1.4714255850372058,0.3266206176019433,0.0045797413793103444,0.0019583057029177718,6.734913793103448e-05,0.9933946037798409
Solver(ILDW),RAD_OPERA_HOURLY_RAINFALL_ACCUMULATION_202301241500_patch000,433152,1.3212822156897581,0.7908233573478606,-0.09809710803209885,0.8426621193028507,5.877598213343384,3.4733376678028836,3.807386115126246,1.3176356290317042,0.14751172798463358,0.05576795212765957,0.012129691193853428,0.7845906286938534
Solver(ILDW),RAD_OPERA_HOURLY_RAINFALL_ACCUMULATION_202301241500_patch001,235008,1.1188976724696793,0.7461563118669369,-0.04297437555677507,0.9358130256620519,9.556716264897508,6.98395039741734,7.64529072890564,1.1180720927129748,0.012820840141612201,0.029356447440087145,0.0008169934640522876,0.9570057189542484
Solver(ILDW),RAD_OPERA_HOURLY_RAINFALL_ACCUMULATION_202301241700_patch000,229376,0.9309176117371816,0.6835273660282325,0.10654719384221144,0.7397912268369652,1.8780420824092592,0.8888096291438743,0.9557982081131627,0.924800138044328,0.01092529296875,0.03343418666294643,0.001708984375,0.9539315359933036
Solver(ILDW),RAD_OPERA_HOURLY_RAINFALL_ACCUMULATION_202301241700_patch002,186368,1.0615218185633255,0.7172385634337699,-0.026974660256425285,0.883174945610355,4.992635297369451,3.264951651768387,3.5657430050738994,1.0611790324869974,0.05556747939560439,0.019660027472527472,0.01535134787087912,0.909421145260989
Solver(ILDW),RAD_OPERA_HOURLY_RAINFALL_ACCUMULATION_202301241900_patch001,185600,0.5145326728415647,0.36355984741524827,0.06174342024115974,0.9563731456320773,2.932313169231306,2.354561464613641,2.5129715061832694,0.5108146645099455,0.017936422413793104,0.026891163793103447,0.0004418103448275862,0.9547306034482759
Solver(ILDW),RAD_OPERA_HOURLY_RAINFALL_ACCUMULATION_202301242200_patch001,329728,1.3663863261525588,0.8356114530236864,0.06050660428620083,0.823544762729564,5.744040852233052,3.4262677521682114,3.6534790306334117,1.3650459857215216,0.23463278823757763,0.07136488256987578,0.014193517080745342,0.6798088121118012
Solver(ILDW),RAD_OPERA_HOURLY_RAINFALL_ACCUMULATION_202301250200_patch000,236544,0.35327927318887187,0.2395392438901467,0.004388315529023041,0.9658833511816503,1.8605524761184593,1.7383204107287555,1.73704294964777,0.353252017052522,0.16080729166666666,0.020038555194805196,0.001035748106060606,0.8181184050324676
Solver(ILDW),RAD_OPERA_HOURLY_RAINFALL_ACCUMULATION_202301250200_patch001,461824,0.8534835560076196,0.5241838519669174,0.06043423522027773,0.9481965377820738,7.102443023451587,5.942153711623909,6.159907425743372,0.8513412262945755,0.4025342987804878,0.08585954822616408,0.003289131790465632,0.5083170212028825
Solver(ILDW),RAD_OPERA_HOURLY_RAINFALL_ACCUMULATION_202301250300_patch000,258048,0.24246746132628602,0.1718131384684331,0.016077022132184725,0.9660674139785422,0.8463977065576301,0.7112081602881466,0.7495369338422008,0.2419338735303001,0.0,0.0,0.0,1.0
Solver(ILDW),RAD_OPERA_HOURLY_RAINFALL_ACCUMULATION_202301250500_patch000,376832,1.1729619490994887,0.7235073636521797,-0.00048539453366728316,0.8863079430207474,6.413795965297926,4.954887113268959,4.996421790069734,1.1729618486666213,0.06883704144021739,0.036199155061141304,0.002290145210597826,0.8926736582880435
Solver(ILDW),RAD_OPERA_HOURLY_RAINFALL_ACCUMULATION_202301251000_patch001,232960,0.3793640178011131,0.257097540882451,0.049002300957186405,0.9713535597364754,2.4969475841948108,2.2872871245365296,2.3213594381141176,0.37618590152091635,0.19406335851648351,0.029734718406593405,0.0019445398351648352,0.7742573832417582
Solver(ILDW),RAD_OPERA_HOURLY_RAINFALL_ACCUMULATION_202301251300_patch000,200448,0.2828622592414518,0.20198905814200904,0.03607327343854136,0.9772500534958091,1.6508663943650703,1.4135354473517585,1.4928460325351112,0.28055262723169516,0.039416706577266925,0.01526580459770115,0.00014467592592592592,0.945172812899106
Solver(ILDW),RAD_OPERA_HOURLY_RAINFALL_ACCUMULATION_202301251600_patch002,199680,0.4752259727052691,0.31495395139634197,0.015471374532853419,0.9476636352924429,2.155910080952638,1.7293099373347092,1.8298098282918067,0.4749740642432315,0.14714042467948718,0.026407251602564102,0.009149639423076924,0.8173026842948717
Solver(ILDW),RAD_OPERA_HOURLY_RAINFALL_ACCUMULATION_202301252100_patch000,312576,0.24384739033988675,0.16650022377150764,0.044629234124162295,0.9840422135746539,1.77909480623783,1.635198278068701,1.6784116515347334,0.23972855740829838,0.05955991502866503,0.01761171683046683,0.0033751791564291564,0.919453188984439
Solver(ILDW),RAD_OPERA_HOURLY_RAINFALL_ACCUMULATION_202301252200_patch000,186368,0.32803727010343886,0.22293023759961975,0.037981044686483195,0.9753150159799429,2.046232767315117,1.7297917149865527,1.8349292957401149,0.32583107712653786,0.04139659168956044,0.0399907709478022,0.0011107057005494505,0.9175019316620879
Solver(ILDW),RAD_OPERA_HOURLY_RAINFALL_ACCUMULATION_202301260000_patch000,199680,6.9757303099546695,3.2353386507208497,1.331765153584035,0.7228347929235222,90.73277864923094,76.9557891011711,60.40067640874124,6.847423963281342,0.2710236378205128,0.19001903044871796,0.002594150641025641,0.5363631810897436
Solver(ILDW),RAD_OPERA_HOURLY_RAINFALL_ACCUMULATION_202301260200_patch000,230144,0.5658450219309443,0.35774982842654973,0.10409290746218904,0.9762709673237242,6.466627323160726,5.781900477695401,5.969591272698014,0.556188147536514,0.21849363876529476,0.03626859705228031,0.00784291573971079,0.7373948484427141
Solver(ILDW),RAD_OPERA_HOURLY_RAINFALL_ACCUMULATION_202301260200_patch001,237568,0.405311330962886,0.2820458709436558,-0.004734551053278947,0.9510940185271543,1.6971454088925977,1.4183382323391551,1.4756143910992614,0.4052836772351312,0.0364990234375,0.006137190193965517,0.00695379849137931,0.9504099878771551
Solver(ILDW),RAD_OPERA_HOURLY_RAINFALL_ACCUMULATION_202301260600_patch000,166400,4.9651920732163175,2.8295914798463095,1.363865814835658,0.8065920256000114,62.75137105092863,53.592013928924736,46.775191308400274,4.774201751398114,0.090625,0.11331129807692308,0.0025,0.7935637019230769
Solver(ILDW),RAD_OPERA_HOURLY_RAINFALL_ACCUMULATION_202301260800_patch001,311808,0.5035098898199761,0.3315493485112841,-0.04893834543165813,0.9072348570979595,1.337778001060567,0.8633355525696631,0.9749931530686469,0.5011259796627353,0.0005355860016420361,0.004724060960591133,1.6035509031198687e-05,0.9947243175287356
Solver(ILDW),RAD_OPERA_HOURLY_RAINFALL_ACCUMULATION_202301260900_patch000,185600,0.5898206283549976,0.40603094704417064,0.06507465953039455,0.9140651871899315,2.061711139194065,1.5503841396707487,1.6342208082723633,0.586219807171412,0.0005172413793103448,0.0031842672413793104,0.0007543103448275862,0.9955441810344827
Solver(ILDW),RAD_OPERA_HOURLY_RAINFALL_ACCUMULATION_202301260900_patch001,272384,0.4831729257570189,0.3284547321589863,0.011071695532466817,0.9392613631526058,1.83210938914287,1.297160937224754,1.4479684163124948,0.4830460575790202,0.027501615366541353,0.01817654487781955,0.0013253348214285715,0.9529965049342105
Solver(ILDW),RAD_OPERA_HOURLY_RAINFALL_ACCUMULATION_202301270400_patch000,224000,1.0779974313091285,0.7006566285599815,-0.022192727393833662,0.8569646748866264,4.275618214095756,2.5951895434561147,2.854610906395984,1.0777689663188035,0.13714732142857142,0.08151785714285714,0.006866071428571429,0.77446875
Solver(ILDW),RAD_OPERA_HOURLY_RAINFALL_ACCUMULATION_202301270700_patch000,385280,2.1081791764402182,1.1007763006903757,-0.09035216798607758,0.8894816128535703,18.550969446440156,9.493426617407057,11.804070069065421,2.106242133686527,0.22400591777408638,0.10537790697674419,0.007314161129568107,0.6633020141196013
Solver(ILDW),RAD_OPERA_HOURLY_RAINFALL_ACCUMULATION_202301270800_patch000,166400,0.21249534185158037,0.13316837829036207,0.036841320290874974,0.9278461657097489,0.29533724061420197,0.20442195568383428,0.22798110443509556,0.20927729792752287,0.0,0.0,0.0,1.0
Solver(ILDW),RAD_OPERA_HOURLY_RAINFALL_ACCUMULATION_202301270900_patch000,312576,0.8835912400281165,0.6273959556179582,0.032807558502094936,0.9041170227427856,4.1737425036185964,2.9386386792367083,3.166362019647875,0.8829819610612418,0.027177390458640458,0.06055807227682228,0.005509060196560197,0.9067554770679771
Solver(ILDW),RAD_OPERA_HOURLY_RAINFALL_ACCUMULATION_202301271000_patch001,261888,2.363059140523286,1.1433628217104395,-0.10057799149750322,0.8841325548525354,24.143236716831044,14.391313658969182,16.480308903281625,2.360917738769604,0.11953583211143695,0.07195060483870967,0.007560483870967742,0.8009530791788856
Solver(ILDW),RAD_OPERA_HOURLY_RAINFALL_ACCUMULATION_202301271800_patch000,312576,0.17853637467597422,0.12194154703994202,0.014070367371170713,0.9721567433916964,0.542592791772456,0.4525361778915825,0.4817258539097792,0.17798107159043666,0.0,0.0,0.0,1.0
Solver(ILDW),RAD_OPERA_HOURLY_RAINFALL_ACCUMULATION_202301272100_patch001,222208,2.711621503788562,1.4653028701689987,-0.00653770170522299,0.8514067099768229,25.901361316404063,14.872039024722808,16.71027595143096,2.7116136225990894,0.19565902217741934,0.0965986823156682,0.0042617727534562215,0.7034805227534562
Solver(ILDW),RAD_OPERA_HOURLY_RAINFALL_ACCUMULATION_202301272300_patch000,236800,0.47289092048942083,0.31540421273065355,0.04079312973171221,0.9544494637052723,2.4631703250810824,2.091608496847044,2.166408539340052,0.47112816010935227,0.05297297297297297,0.004890202702702703,0.001879222972972973,0.9402576013513514
Solver(ILDW),RAD_OPERA_HOURLY_RAINFALL_ACCUMULATION_202301272300_patch002,322560,1.2429482748161766,0.7945984966827497,0.09021132183298174,0.947482893716427,14.613834454836178,11.674336877234484,12.375694500394504,1.2396702510271254,0.0028118799603174603,0.017144097222222224,0.0011222718253968253,0.9789217509920635
Solver(ILDW),RAD_OPERA_HOURLY_RAINFALL_ACCUMULATION_202301280000_patch001,207360,0.5540570703730121,0.37020043048685713,0.03763257892195848,0.9620203321174163,3.999393506497799,3.3747806338292667,3.5343055570465287,0.5527775558341778,0.02960551697530864,0.03517071759259259,0.0020592206790123455,0.9331645447530864
Solver(ILDW),RAD_OPERA_HOURLY_RAINFALL_ACCUMULATION_202301280700_patch000,286720,2.4174990977990647,1.247517791384972,0.19082885367919541,0.8952951572515867,29.03443330398368,21.247114024895122,22.236830546208015,2.4099556503103483,0.020814732142857142,0.01709681919642857,0.00341796875,0.9586704799107143
Solver(ILDW),RAD_OPERA_HOURLY_RAINFALL_ACCUMULATION_202301280800_patch000,198400,1.17584599204594,0.684453968805291,0.09387678912390143,0.9754849732487173,27.863142115830293,24.929031511223265,25.70918634078963,1.1720925498757715,0.0,0.0,0.0,1.0
Solver(ILDW),RAD_OPERA_HOURLY_RAINFALL_ACCUMULATION_202301280900_patch000,236800,0.9230644653114666,0.5753742711398937,0.05182025587381813,0.915620121089948,5.237337492836444,4.171797277435638,4.279886051035084,0.9216087392174164,0.3078547297297297,0.026072635135135136,0.006714527027027027,0.6593581081081081
Solver(ILDW),RAD_OPERA_HOURLY_RAINFALL_ACCUMULATION_202301281000_patch001,211200,2.9315774772458982,1.528839567448479,-0.7969931937967045,0.9161181960093641,34.8615290299946,15.009838171474032,20.956209423665737,2.821160816780418,0.07521780303030302,0.037765151515151515,0.007518939393939394,0.8794981060606061
Solver(ILDW),RAD_OPERA_HOURLY_RAINFALL_ACCUMULATION_202301281900_patch000,274688,0.37236062200646775,0.2481226316653843,0.058482573028173876,0.9740170500715243,2.477361060786308,2.0813804009958123,2.2117546201545366,0.3677393390338432,0.0,0.0007062558247903076,0.0,0.9992937441752097
Solver(ILDW),RAD_OPERA_HOURLY_RAINFALL_ACCUMULATION_202301282100_patch000,239616,0.4405730939709578,0.30787665283407806,0.06153312964273532,0.9211866813313355,1.2381901473932473,0.944340189128707,0.9961060057172207,0.4362548854597651,0.0015691773504273505,0.002666766826923077,0.0012520032051282052,0.9945120526175214
Solver(ILDW),RAD_OPERA_HOURLY_RAINFALL_ACCUMULATION_202301282200_patch000,317440,4.778347854150824,2.3739004597299065,-0.15299345599537076,0.8485053428557466,76.73795213797683,39.4909527191739,46.70985181973018,4.7758979488354205,0.055500252016129036,0.07401083669354838,0.003997605846774194,0.8664913054435484
Solver(ILDW),RAD_OPERA_HOURLY_RAINFALL_ACCUMULATION_202301282200_patch001,450560,1.7022414096438985,1.038306383189733,0.11627784249167464,0.9604993142555663,36.905733997139116,32.18895182684666,33.10529027196692,1.6982653738600244,0.2308993252840909,0.08654563210227273,0.009257368607954546,0.6732976740056819
Solver(ILDW),RAD_OPERA_HOURLY_RAINFALL_ACCUMULATION_202301290800_patch000,303104,0.4107737345488851,0.2693262569436401,0.0844264332876805,0.8555710842557591,0.5992703817547332,0.3977005271449194,0.4176818352710469,0.4020040277877309,0.0,0.0,0.0,1.0
Solver(ILDW),RAD_OPERA_HOURLY_RAINFALL_ACCUMULATION_202301291100_patch000,166400,0.6412034380553246,0.4149018106559435,0.010794729750889999,0.9597205992960274,4.830157755722127,3.7510199245398095,4.0850761787391825,0.6411125663903132,0.00024639423076923075,0.003563701923076923,0.0003545673076923077,0.9958353365384616
Solver(ILDW),RAD_OPERA_HOURLY_RAINFALL_ACCUMULATION_202301291700_patch000,266240,0.19205575318247642,0.13334757658326102,0.01890601984744605,0.9808851312100172,0.9575140360368515,0.8898525477303644,0.9054193045115997,0.19112293097380093,0.023865685096153846,0.011902794471153846,0.003076171875,0.9611553485576924
Solver(ILDW),RAD_OPERA_HOURLY_RAINFALL_ACCUMULATION_202301291900_patch000,495616,0.46950086557204684,0.32579456016387404,-0.016377243611248198,0.9748735252319395,4.109712847038261,3.4184283939529556,3.653989196163309,0.46921514112888457,0.0,0.006186240960743801,0.0,0.9938137590392562
Solver(ILDW),RAD_OPERA_HOURLY_RAINFALL_ACCUMULATION_202301292200_patch002,166400,0.29762268163263805,0.20586177135083394,0.02627345342278624,0.9638353513219619,1.160714470095825,0.9303664794843813,1.0015959916563815,0.29646073309536847,0.017716346153846155,0.003912259615384615,0.003245192307692308,0.975126201923077
Solver(ILDW),RAD_OPERA_HOURLY_RAINFALL_ACCUMULATION_202301292300_patch001,186368,0.408175094005235,0.2860207600841442,-0.005866502178832889,0.9517427188289977,1.717612539117084,1.3878400637793564,1.469440055689036,0.40813293363604974,0.0,0.0,0.0,1.0
Solver(ILDW),RAD_OPERA_HOURLY_RAINFALL_ACCUMULATION_202301292300_patch003,173056,0.15070941383443073,0.10722335681495582,-0.001940097178321486,0.9725850233037309,0.402126237331252,0.3430603084500692,0.3612384911700324,0.1506969257856854,0.0,0.0,0.0,1.0
Solver(ILDW),RAD_OPERA_HOURLY_RAINFALL_ACCUMULATION_202301300000_patch001,207872,0.2304293898824292,0.16103143017656477,0.013496635931319204,0.9502771172393193,0.5407175109944128,0.45813348394198566,0.4729677251981361,0.23003378999643942,0.0,0.0,0.0,1.0
Solver(ILDW),RAD_OPERA_HOURLY_RAINFALL_ACCUMULATION_202301300200_patch001,391680,0.21085560128691275,0.14929310895663875,-0.012741885667064173,0.9620713976398727,0.5704246107106009,0.4673578482447928,0.49674236500584035,0.2104702566723217,0.0,0.0,0.0,1.0
Solver(ILDW),RAD_OPERA_HOURLY_RAINFALL_ACCUMULATION_202301301000_patch000,371712,0.35695789853663035,0.23676491509217104,0.07003092079405164,0.9527306816422203,1.2637963729443076,0.9890129956735196,1.0651473785787013,0.35002087289249567,0.0,0.004672972623966942,0.0,0.9953270273760331
Solver(ILDW),RAD_OPERA_HOURLY_RAINFALL_ACCUMULATION_202301302200_patch000,239616,1.1750206858722472,0.733993747918178,-0.08382876430623912,0.881092889588046,5.948336024655221,3.7682159266959268,4.171452800424286,1.1720265997419066,0.0767269297542735,0.03667117387820513,0.006844284188034188,0.8797576121794872
Solver(ILDW),RAD_OPERA_HOURLY_RAINFALL_ACCUMULATION_202301302200_patch001,367360,0.50687356630912,0.35856524559588376,0.04886836165692377,0.918387741077751,1.6065802750773213,1.2305281213458437,1.2912878504856355,0.504512334291139,0.00044370644599303133,0.010333188153310104,0.0003076001742160279,0.9889155052264809
Solver(ILDW),RAD_OPERA_HOURLY_RAINFALL_ACCUMULATION_202301302200_patch002,294912,1.0830648578290558,0.6412432566323673,0.03816286234270865,0.8918711475446246,5.651092091182291,3.9818141795334765,4.230666594256842,1.0823922958900272,0.2554083930121528,0.0856662326388889,0.011182996961805556,0.6477423773871528
Solver(ILDW),RAD_OPERA_HOURLY_RAINFALL_ACCUMULATION_202301310000_patch001,230400,0.5523193990766332,0.3814440175508476,-0.022137638957256196,0.9194750329180391,1.8866958681376096,1.3205995304577023,1.4513643775287703,0.5518755688900998,0.0005598958333333334,0.020464409722222222,1.736111111111111e-05,0.9789583333333334
Solver(ILDW),RAD_OPERA_HOURLY_RAINFALL_ACCUMULATION_202301310200_patch000,173056,0.6798531669807676,0.4673441637980066,0.09034409948446259,0.9176140682085042,2.832819424185654,2.1428011804891667,2.2607911661663493,0.6738236210924348,0.009372688609467456,0.01165518676035503,0.0003813794378698225,0.9785907451923077
Solver(ILDW),RAD_OPERA_HOURLY_RAINFALL_ACCUMULATION_202301310900_patch000,235008,0.7522934362052828,0.5743643209330808,0.06253706450535162,0.8776728574973822,2.355802869611127,1.4458557389160203,1.619812039403271,0.7496896222575081,0.03818167892156863,0.055844907407407406,0.0007404003267973856,0.9052330133442266
Solver(ILDW),RAD_OPERA_HOURLY_RAINFALL_ACCUMULATION_202301311600_patch000,259584,0.36040336455326744,0.241360875636916,0.0008768023524885259,0.9574680317415325,1.5512759544307506,1.3580531253293622,1.389719631680581,0.36040229799343687,0.010732556706114399,0.016803809171597635,0.000835952909270217,0.9716276812130178
Solver(ILDW),RAD_OPERA_HOURLY_RAINFALL_ACCUMULATION_202301312000_patch001,199680,0.5134025074650975,0.3185638572734136,-0.07382123766389365,0.8583507132634703,0.9150624447126362,0.4757178952429528,0.5663238902071843,0.5080674753821783,0.002173477564102564,0.006440304487179487,0.0006310096153846154,0.9907552083333333
Convex,RAD_OPERA_HOURLY_RAINFALL_ACCUMULATION_202301180600_patch000,215040,0.7632532909491793,0.5043261793435141,-0.007053979054243038,0.910592500685322,3.27281592036694,2.2327758283387538,2.461542960590719,0.7632206938522138,0.0040504092261904765,0.028422619047619047,0.0003162202380952381,0.9672107514880952
Convex,RAD_OPERA_HOURLY_RAINFALL_ACCUMULATION_202301180900_patch002,192000,1.0077997481502392,0.5604242664898258,-0.12747665158554006,0.9026061176807542,5.0953568524250965,3.2487702237108436,3.672358520231857,0.9997049743160352,0.12120833333333333,0.007125,0.0027395833333333335,0.8689270833333333
Convex,RAD_OPERA_HOURLY_RAINFALL_ACCUMULATION_202301181200_patch003,204800,0.7206639331764334,0.46119282667143663,0.08672799501573544,0.9283710708565128,3.702674165373345,3.2626294064897046,3.226734406200586,0.7154262781460277,0.067685546875,0.0259716796875,0.0012890625,0.9050537109375
Convex,RAD_OPERA_HOURLY_RAINFALL_ACCUMULATION_202301181300_patch002,207360,0.42221580734778086,0.23512994009070098,-0.006634496399028985,0.9088680011281978,0.9771221110578717,0.6522504388652234,0.7255751892456128,0.4221636784848617,0.0,0.0,0.0,1.0
Convex,RAD_OPERA_HOURLY_RAINFALL_ACCUMULATION_202301181900_patch000,277760,0.3047463075980133,0.18856471080787926,-0.01345594805646001,0.9746625224790075,1.7626903229844384,1.5054479721994976,1.5877245228637056,0.3044490917321397,0.05322220622119816,0.00469830069124424,0.0005004320276497696,0.9415790610599079
Convex,RAD_OPERA_HOURLY_RAINFALL_ACCUMULATION_202301190000_patch000,276480,0.38161386023724314,0.2658746335235062,0.05107546742397567,0.9756828869579016,2.9394825701860237,2.658151914828913,2.727307025031172,0.37818042645355476,3.616898148148148e-05,0.0014214409722222222,2.5318287037037036e-05,0.9985170717592593
Convex,RAD_OPERA_HOURLY_RAINFALL_ACCUMULATION_202301190300_patch000,349440,0.6802971481924155,0.47462555796672135,-0.024966742483823946,0.9356763078119039,3.5943924164847436,2.732167415971378,2.932189480423821,0.6798388570892957,0.0,0.0024210164835164836,0.0,0.9975789835164836
Convex,RAD_OPERA_HOURLY_RAINFALL_ACCUMULATION_202301190300_patch001,365568,0.6801696766716726,0.3615300317040422,0.02660473517826746,0.9188900876781301,2.96750203921129,2.5297995455180367,2.5176893037997923,0.6796491573817641,0.4194705225840336,0.034406731442577033,0.017720369397759103,0.5284023765756303
Convex,RAD_OPERA_HOURLY_RAINFALL_ACCUMULATION_202301190700_patch000,354816,0.4386765435812497,0.28667199171443186,0.02088771771474244,0.9604014148992593,2.4557176230552775,2.1552146137776615,2.209465711847939,0.4381789738646314,0.051843772546897544,0.014503291847041848,0.001121708152958153,0.9325312274531025
Convex,RAD_OPERA_HOURLY_RAINFALL_ACCUMULATION_202301190800_patch001,249600,0.8686692348306257,0.5575372956210198,-3.504760414123153e-05,0.860447008284283,2.885646768238029,1.9273453025207454,2.0292029162229426,0.8686692341236049,0.003421474358974359,0.006883012820512821,0.0004927884615384615,0.9892027243589744
Convex,RAD_OPERA_HOURLY_RAINFALL_ACCUMULATION_202301190800_patch002,253952,2.243204901806805,1.1071528867173484,0.21617269909874742,0.9270899515370058,34.927763255891534,27.042676368616334,28.492601014426718,2.232764563417836,0.0574951171875,0.033907982610887094,0.009840442288306451,0.8987564579133065
Convex,RAD_OPERA_HOURLY_RAINFALL_ACCUMULATION_202301190900_patch001,235008,0.6170643511671882,0.42336673439609207,-0.007967768684141176,0.9217379610559727,2.3939472077044335,1.6446058928634548,1.8289240862121545,0.6170129075988434,0.0,0.0,0.0,1.0
Convex,RAD_OPERA_HOURLY_RAINFALL_ACCUMULATION_202301192000_patch000,349184,0.5018356487957736,0.3393409512139807,0.04347222061026399,0.9582579720641773,3.027299363914012,2.615850189121017,2.69660018429877,0.4999491818550037,0.04751076796187683,0.016655975073313782,0.00202758431085044,0.933805672653959
Convex,RAD_OPERA_HOURLY_RAINFALL_ACCUMULATION_202301200400_patch000,261888,0.16792671352399585,0.11599131037352765,0.012664501828834312,0.9775810546425026,0.5942338314622407,0.5075591898300511,0.5368770148919471,0.16744847418951786,0.0,0.0,0.0,1.0
Convex,RAD_OPERA_HOURLY_RAINFALL_ACCUMULATION_202301200800_patch001,331520,0.3493113797576734,0.23506608693420103,0.019338313262467034,0.9622382215718981,1.6131469660545812,1.3833436079846408,1.437423052185425,0.3487756724147661,0.006814068532818533,0.01730212355212355,0.0007661679536679536,0.97511763996139
Convex,RAD_OPERA_HOURLY_RAINFALL_ACCUMULATION_202301201300_patch000,166400,0.6829125589401466,0.4568095137950821,-0.028949486081882452,0.9349306262843671,3.4980196346614756,2.5284982711287975,2.780493207688249,0.6822986812340869,0.0050180288461538465,0.008533653846153845,0.0,0.9864483173076923
Convex,RAD_OPERA_HOURLY_RAINFALL_ACCUMULATION_202301201600_patch002,160000,0.29525457733245564,0.206916061219573,0.024186281497776508,0.9612655821978086,1.112326954311246,0.9372505436636724,0.9814936043759204,0.29426227964704776,0.0,0.0,0.0,1.0
Convex,RAD_OPERA_HOURLY_RAINFALL_ACCUMULATION_202301210300_patch000,269824,3.061389738507048,1.284297930467376,-0.10330405363770737,0.81509333118917,27.544654792083577,15.492613471994417,16.837916430269864,3.0596462873244463,0.07014572462049336,0.09067392077798861,0.009287535578747627,0.8298928190227703
Convex,RAD_OPERA_HOURLY_RAINFALL_ACCUMULATION_202301210800_patch002,350208,1.5907001770518139,0.6884261391292892,-0.04594242763710833,0.9573661643978902,27.8696627274206,21.19782703869631,23.269636709750717,1.5900365865650643,0.29433365314327486,0.05102110745614035,0.002804047880116959,0.6518411915204678
Convex,RAD_OPERA_HOURLY_RAINFALL_ACCUMULATION_202301210900_patch000,397824,1.7341705742652722,0.7668199736680777,0.03989064854113584,0.9701196711961116,47.7649992717249,39.24186598647483,42.000554470696606,1.7337117167529648,0.3599254946911197,0.03619188384813385,0.007199163449163449,0.596683458011583
Convex,RAD_OPERA_HOURLY_RAINFALL_ACCUMULATION_202301211500_patch000,206336,0.6914301260391871,0.47711856113157464,0.07947429795761041,0.9254163709983817,3.212561743840583,2.4229969520945565,2.581899620388214,0.686847475906195,0.03534041563275434,0.016177496898263026,0.0021518300248138957,0.9463302574441688
Convex,RAD_OPERA_HOURLY_RAINFALL_ACCUMULATION_202301211800_patch000,179200,0.6715492051162012,0.451159343253897,-0.020208307731032923,0.8859349771801635,2.0261617128539067,1.2991681623977938,1.4373799580304254,0.6712450813159448,0.1222265625,0.054559151785714285,0.008995535714285715,0.81421875
Convex,RAD_OPERA_HOURLY_RAINFALL_ACCUMULATION_202301211900_patch000,304384,0.6715763592885307,0.46166846115777993,-0.021925028456419693,0.9256421306210925,3.035391824603617,2.2098827662499834,2.3973702456855888,0.6712183694465035,0.07125210260723297,0.04157905803195963,0.004704583683767872,0.8824642556770396
Convex,RAD_OPERA_HOURLY_RAINFALL_ACCUMULATION_202301211900_patch001,268800,0.7843534573027069,0.5225762117446848,-0.09014319087189149,0.901897235719623,3.188012180101132,2.24882797410033,2.4148778015396597,0.7791563072465901,0.05427827380952381,0.026357886904761905,0.00857514880952381,0.9107886904761905
Convex,RAD_OPERA_HOURLY_RAINFALL_ACCUMULATION_202301212300_patch000,221184,0.5574227141022663,0.37431973131902785,-0.045195751408755314,0.9365116431933778,2.4329008468384385,1.8576656729137346,1.9909445467502196,0.555587460488207,0.04124620225694445,0.018975151909722224,0.0006465205439814815,0.9391321252893519
Convex,RAD_OPERA_HOURLY_RAINFALL_ACCUMULATION_202301220000_patch001,286720,0.7792112446716092,0.5280567044077914,0.06932767232741832,0.932039672081882,4.548990748463364,3.673623447189334,3.8101251789901784,0.776121019991303,0.04657854352678571,0.037806919642857144,0.0020821707589285714,0.9135323660714286
Convex,RAD_OPERA_HOURLY_RAINFALL_ACCUMULATION_202301220100_patch001,193024,0.8103870851866892,0.48395545462336603,0.0373141942524343,0.9536777207434343,6.972695999177497,5.580641462192903,5.9490012913128645,0.8095275651543127,0.1754341429045093,0.018557277851458887,0.006874792771883289,0.7991337864721485
Convex,RAD_OPERA_HOURLY_RAINFALL_ACCUMULATION_202301221200_patch000,354816,0.736157345089827,0.48761171695213024,0.03890994277082734,0.9549225358680455,6.103874386331829,5.331535121122831,5.447497927185693,0.7351283242286842,0.020751600829725828,0.016487418831168832,0.0008032332251082251,0.9619577471139971
Convex,RAD_OPERA_HOURLY_RAINFALL_ACCUMULATION_202301222100_patch000,186368,0.6002545673448294,0.39252088967503757,-0.04491871843818125,0.979293330909162,7.8880033876569415,6.570591018709362,7.050153276007053,0.5985715114772835,0.2504614526098901,0.03783911401098901,0.006497896634615385,0.7052015367445055
Convex,RAD_OPERA_HOURLY_RAINFALL_ACCUMULATION_202301230100_patch000,238080,0.6699927822193527,0.41981636103075415,0.04565079549670045,0.9443627474422042,4.089612109187757,3.398349206288744,3.5205774911899774,0.6684357359511438,0.2660954301075269,0.029847110215053763,0.006350806451612903,0.6977066532258065
Convex,RAD_OPERA_HOURLY_RAINFALL_ACCUMULATION_202301230600_patch003,268800,0.4772861132324058,0.2838526826571407,0.024229636157064565,0.9512057284961396,2.3542986389185776,1.9715447849656769,2.049314232634031,0.4766707024940732,0.0014211309523809524,0.013515625,0.00010416666666666667,0.9849590773809523
Convex,RAD_OPERA_HOURLY_RAINFALL_ACCUMULATION_202301231200_patch001,312576,0.36839996350964443,0.247143563453041,0.014108501407454397,0.9427927133198957,1.183047162880077,0.9253432982634917,0.9864354889208128,0.36812970988761995,0.029896729115479116,0.01508433149058149,0.0037526873464373465,0.951266252047502
Convex,RAD_OPERA_HOURLY_RAINFALL_ACCUMULATION_202301231200_patch002,329728,0.4628050639709735,0.3004609001659418,0.011491068278769065,0.9722284041870132,3.8563686164218782,3.4446448985277693,3.543478516181329,0.4626623851006147,0.005516668284161491,0.007366677989130435,0.0007096758540372671,0.9864069778726708
Convex,RAD_OPERA_HOURLY_RAINFALL_ACCUMULATION_202301231200_patch003,272384,2.070180531185107,1.2157733687557664,0.22192192066993824,0.8916983170640086,20.630063442778834,17.216528578795728,16.805096964375274,2.058251221990168,0.05984198778195489,0.08948029252819549,0.004115513392857143,0.8465622062969925
Convex,RAD_OPERA_HOURLY_RAINFALL_ACCUMULATION_202301231300_patch001,306176,2.735950005329534,1.198216736964689,0.11912141992011512,0.9335758680795593,56.56465310379236,43.12791277427026,46.110666679541865,2.733355541999411,0.3255741795568562,0.05838471989966555,0.019864391722408028,0.5961767088210702
Convex,RAD_OPERA_HOURLY_RAINFALL_ACCUMULATION_202301231400_patch002,335872,0.3076419691269088,0.20142282758663385,-0.02894033484158061,0.9521829273586866,0.9476010305382226,0.7289044660215633,0.7913497291861236,0.3062777141542281,0.0,0.0,0.0,1.0
Convex,RAD_OPERA_HOURLY_RAINFALL_ACCUMULATION_202301231400_patch003,341504,0.3223530252293485,0.2237710652613211,0.030377219439829063,0.9465528582178898,0.9899112606603819,0.8884067967830918,0.8876646800149283,0.320918521456175,0.006374742316341829,0.008805167728635682,0.0012884182908545728,0.9835316716641679
Convex,RAD_OPERA_HOURLY_RAINFALL_ACCUMULATION_202301231600_patch001,301568,0.479507330906436,0.31732212687255135,0.03906520525509798,0.9750694344833705,4.5205301553478,3.987651444099725,4.139890204658067,0.4779133709485343,0.013433122877758913,0.002689277376910017,0.0018569609507640068,0.982020638794567
Convex,RAD_OPERA_HOURLY_RAINFALL_ACCUMULATION_202301231700_patch000,291840,0.4983198257339619,0.3331656334556643,0.028154600356815777,0.9708993174354938,4.0132486157959875,3.2880010812305613,3.5268598649141367,0.4975238358091743,0.05995751096491228,0.031092379385964913,0.0025630482456140352,0.9063870614035088
Convex,RAD_OPERA_HOURLY_RAINFALL_ACCUMULATION_202301231900_patch000,330240,0.4628805438242591,0.3154364598434768,0.06064706949002512,0.9784742921411668,4.667671273419754,4.021535885966465,4.2393134142864515,0.4588903254736516,0.21522226259689922,0.04138505329457364,0.004263565891472868,0.7391291182170543
Convex,RAD_OPERA_HOURLY_RAINFALL_ACCUMULATION_202301240500_patch000,494592,3.1794103714574637,1.1448727009367063,0.09159111516121657,0.933408564843289,78.37198171882613,69.9435392336337,69.10762978735252,3.1780908384995556,0.12725033967391305,0.031221693840579712,0.008427148033126294,0.8331008184523809
Convex,RAD_OPERA_HOURLY_RAINFALL_ACCUMULATION_202301240700_patch000,193024,0.31957143137004673,0.22227117032123314,0.00019562892434841876,0.9704103254320158,1.6698463359283904,1.4040873460865357,1.485903910268851,0.31957137149191644,0.0045797413793103444,0.0019583057029177718,7.252984084880636e-05,0.9933894230769231
Convex,RAD_OPERA_HOURLY_RAINFALL_ACCUMULATION_202301241500_patch000,433152,0.9989576226450256,0.5950530835842112,-0.04249336225973665,0.9145317820094571,5.877598213343384,4.1283410911490375,4.504914329243978,0.998053428431797,0.1598861369680851,0.04339354314420804,0.013406379284869976,0.7833139406028369
Convex,RAD_OPERA_HOURLY_RAINFALL_ACCUMULATION_202301241500_patch001,235008,1.1095572964091782,0.7362481435433463,-0.053299188519644596,0.9371372777044296,9.556716264897508,6.985730402981763,7.65708503868064,1.1082764052879555,0.012799564270152506,0.029377723311546842,0.0008169934640522876,0.9570057189542484
Convex,RAD_OPERA_HOURLY_RAINFALL_ACCUMULATION_202301241700_patch000,229376,0.6992957017059079,0.4944646127449531,-0.010549093917006813,0.8627744484184534,1.8780420824092592,1.1845101115754202,1.2868244994713953,0.6992161289915217,0.02752685546875,0.016832624162946428,0.007577078683035714,0.9480634416852679
Convex,RAD_OPERA_HOURLY_RAINFALL_ACCUMULATION_202301241700_patch002,186368,0.7114589002135913,0.4588527663814428,0.03978344192448237,0.9488918282300166,4.992635297369451,4.140269393530735,4.314156823229206,0.710345721773401,0.05796595982142857,0.017261547046703296,0.01244848901098901,0.9123240041208791
Convex,RAD_OPERA_HOURLY_RAINFALL_ACCUMULATION_202301241900_patch001,185600,0.506909923915007,0.3577152659702275,0.06069349611338613,0.9573619696714792,2.932313169231306,2.392982289736155,2.536010744237204,0.503263321227618,0.018157327586206896,0.026670258620689655,0.0004579741379310345,0.9547144396551724
Convex,RAD_OPERA_HOURLY_RAINFALL_ACCUMULATION_202301242200_patch001,329728,1.1675151819040837,0.6541862493851714,0.018010939987233323,0.8739005779657602,5.744040852233052,4.0825831369977665,4.231928341606758,1.1673762486950392,0.2441102969720497,0.06188737383540373,0.006866265527950311,0.6871360636645962
Convex,RAD_OPERA_HOURLY_RAINFALL_ACCUMULATION_202301250200_patch000,236544,0.3455115752256991,0.23695852556692368,0.01055002985977607,0.9674181562750896,1.8605524761184593,1.7446315292103955,1.7429585299219765,0.3453504676193471,0.1622362012987013,0.018609645562770564,0.001094933712121212,0.8180592194264069
Convex,RAD_OPERA_HOURLY_RAINFALL_ACCUMULATION_202301250200_patch001,461824,0.5664876926037252,0.3212147291695734,-0.006538465792609376,0.9783171932856775,7.102443023451587,6.150224503390912,6.465900986252965,0.5664499574866005,0.4518474570399113,0.036546389966740575,0.007502858231707317,0.5041032947616408
Convex,RAD_OPERA_HOURLY_RAINFALL_ACCUMULATION_202301250300_patch000,258048,0.24289663109961004,0.1714945989441485,0.01460933299769374,0.9657107444064558,0.8463977065576301,0.7170528593080333,0.7523326125383806,0.24245688439164303,0.0,0.0,0.0,1.0
Convex,RAD_OPERA_HOURLY_RAINFALL_ACCUMULATION_202301250500_patch000,376832,1.168704954118387,0.7069222262202461,-0.04858269169730904,0.8873611072420643,6.413795965297926,5.053148434088828,5.051716703769225,1.1676947340158323,0.07732623556385869,0.0277099609375,0.005262291949728261,0.8897015115489131
Convex,RAD_OPERA_HOURLY_RAINFALL_ACCUMULATION_202301251000_patch001,232960,0.32369924565907354,0.21833199177879378,0.03984774171088394,0.9791224350304061,2.4969475841948108,2.3795025318435865,2.386628378458801,0.3212372318408872,0.2084478021978022,0.015350274725274725,0.0014938186813186812,0.7747081043956044
Convex,RAD_OPERA_HOURLY_RAINFALL_ACCUMULATION_202301251300_patch000,200448,0.26528133246938845,0.19289280197871456,0.02809736143234622,0.9796906771408738,1.6508663943650703,1.4450723557159137,1.5131770132218547,0.26378916512486694,0.04096324233716475,0.013719268837803321,0.000249441251596424,0.9450680475734355
Convex,RAD_OPERA_HOURLY_RAINFALL_ACCUMULATION_202301251600_patch002,199680,0.3926898519774761,0.2671038875624872,0.025372842838167934,0.9645897541719056,2.155910080952638,1.8399767641831977,1.9211626532217168,0.3918692877636645,0.1473908253205128,0.026156850961538462,0.009064503205128206,0.8173878205128206
Convex,RAD_OPERA_HOURLY_RAINFALL_ACCUMULATION_202301252100_patch000,312576,0.23089102641452725,0.15877163523193533,0.03613929294657464,0.985604097070995,1.77909480623783,1.6402291077271676,1.683659648190461,0.2280452095179278,0.061034756347256344,0.016136875511875513,0.0033175931613431612,0.9195107749795249
Convex,RAD_OPERA_HOURLY_RAINFALL_ACCUMULATION_202301252200_patch000,186368,0.320723972175902,0.21747183344532559,0.03704398950703562,0.9761521666089342,2.046232767315117,1.7562251060715852,1.8504831321085056,0.3185774774991028,0.0580571771978022,0.02333018543956044,0.0010087568681318682,0.9176038804945055
Convex,RAD_OPERA_HOURLY_RAINFALL_ACCUMULATION_202301260000_patch000,199680,4.257371611305673,1.6526864045205993,0.22592731254079937,0.8957772324694133,90.73277864923094,66.41169272421833,69.53515074362485,4.251372706103235,0.3657802483974359,0.09526241987179487,0.015474759615384616,0.5234825721153846
Convex,RAD_OPERA_HOURLY_RAINFALL_ACCUMULATION_202301260200_patch000,230144,0.502385040220335,0.319992309327167,0.07252500823028603,0.9811238868777296,6.466627323160726,5.866651837120362,6.043074154231351,0.4971225722278004,0.22575865545050056,0.029003580367074528,0.009919876251390434,0.7353178879310345
Convex,RAD_OPERA_HOURLY_RAINFALL_ACCUMULATION_202301260200_patch001,237568,0.39620877514201436,0.2764371601872348,-0.0014911100999346798,0.9533651787112497,1.6971454088925977,1.4237916942114741,1.4819789665069334,0.39620596927634133,0.036562163254310345,0.006074050377155173,0.007366311961206897,0.9499974744073276
Convex,RAD_OPERA_HOURLY_RAINFALL_ACCUMULATION_202301260600_patch000,166400,3.3013118246329616,1.9372151569149596,0.46252231648779674,0.9109022349906902,62.75137105092863,52.4928790725777,52.279758626647066,3.2687509648506685,0.11797475961538462,0.08596153846153846,0.005697115384615385,0.7903665865384616
Convex,RAD_OPERA_HOURLY_RAINFALL_ACCUMULATION_202301260800_patch001,311808,0.49862478720755254,0.32844643570262994,-0.04675402696033093,0.9089731969579445,1.337778001060567,0.8706957487695455,0.9810165052246714,0.4964279800542771,0.0004971007799671593,0.00476254618226601,2.244971264367816e-05,0.9947179033251231
Convex,RAD_OPERA_HOURLY_RAINFALL_ACCUMULATION_202301260900_patch000,185600,0.5704881386538367,0.39729425233050153,0.05305972573315275,0.9200984475645609,2.061711139194065,1.5414187002930135,1.6402442288186185,0.568015300718072,0.0005280172413793103,0.003173491379310345,0.0007920258620689655,0.9955064655172414
Convex,RAD_OPERA_HOURLY_RAINFALL_ACCUMULATION_202301260900_patch001,272384,0.465314089280435,0.3170645099484578,0.006071625929993238,0.9433659342380383,1.83210938914287,1.334231887802784,1.4749304699521038,0.4652744749515568,0.027666823308270676,0.018011336936090225,0.0012959645206766918,0.9530258752349624
Convex,RAD_OPERA_HOURLY_RAINFALL_ACCUMULATION_202301270400_patch000,224000,0.8099178156794297,0.5095947852053975,-0.02832182587541348,0.9215123841693664,4.275618214095756,3.2536548720504443,3.4370541719060896,0.8094224745669109,0.19470089285714287,0.023964285714285716,0.015861607142857143,0.7654732142857142
Convex,RAD_OPERA_HOURLY_RAINFALL_ACCUMULATION_202301270700_patch000,385280,1.4710468190100747,0.7414770249275713,0.03081768803446376,0.9433819634844296,18.550969446440156,13.794870419392021,15.091405426004155,1.4707239760824837,0.2757890365448505,0.053594788205980064,0.003467607973421927,0.6671485672757476
Convex,RAD_OPERA_HOURLY_RAINFALL_ACCUMULATION_202301270800_patch000,166400,0.21096862221064996,0.13278681725836716,0.0371669827759839,0.9285949923433754,0.29533724061420197,0.20711195161819204,0.22966140864180218,0.2076689070342252,0.0,0.0,0.0,1.0
Convex,RAD_OPERA_HOURLY_RAINFALL_ACCUMULATION_202301270900_patch000,312576,0.8631669150176898,0.6129891025243539,0.010137598315418148,0.9083148848485528,4.1737425036185964,3.0082219245177853,3.218505037927416,0.8631073816632268,0.03134597665847666,0.05638948607698608,0.0069775030712530715,0.9052870341932842
Convex,RAD_OPERA_HOURLY_RAINFALL_ACCUMULATION_202301271000_patch001,261888,2.1120429711009474,1.0163463488640592,-0.02075029527218956,0.9051236861746722,24.143236716831044,17.114327183878206,18.398634481843107,2.1119410354039325,0.13756262218963833,0.05392381476050831,0.00759103128054741,0.800922531769306
Convex,RAD_OPERA_HOURLY_RAINFALL_ACCUMULATION_202301271800_patch000,312576,0.17308022944672186,0.11931098199218365,0.009957764433493974,0.9738342703958295,0.542592791772456,0.45495691698592805,0.4838460500027835,0.1727935437243444,0.0,0.0,0.0,1.0
Convex,RAD_OPERA_HOURLY_RAINFALL_ACCUMULATION_202301272100_patch001,222208,1.6040655338122416,0.8365140191858648,0.08325882196869261,0.950912489121953,25.901361316404063,20.67406009702094,22.004663604048133,1.6019033071096198,0.23625162010368664,0.05600608438940092,0.005634360599078341,0.7021079349078341
Convex,RAD_OPERA_HOURLY_RAINFALL_ACCUMULATION_202301272300_patch000,236800,0.4471047831175604,0.29913884841910926,0.019304427979970225,0.9593766829910384,2.4631703250810824,2.093175716715557,2.1784080078248365,0.4466878397124404,0.05293074324324324,0.004932432432432432,0.001853885135135135,0.9402829391891891
Convex,RAD_OPERA_HOURLY_RAINFALL_ACCUMULATION_202301272300_patch002,322560,1.2121373057935076,0.773684799564459,0.06663349070632461,0.9498737757457067,14.613834454836178,11.83480701162306,12.491902320223302,1.2103044352610766,0.005660962301587301,0.01429501488095238,0.0047867063492063495,0.975257316468254
Convex,RAD_OPERA_HOURLY_RAINFALL_ACCUMULATION_202301280000_patch001,207360,0.5410830965774657,0.3588985854851076,0.02300508493452655,0.9635030067431944,3.999393506497799,3.4290810823928726,3.5681164527108282,0.5405938248528318,0.03252797067901234,0.03224826388888889,0.0020881558641975308,0.9331356095679012
Convex,RAD_OPERA_HOURLY_RAINFALL_ACCUMULATION_202301280700_patch000,286720,1.5375607407977199,0.8009975156398138,0.053815345555477866,0.9605589612388342,29.03443330398368,23.378706768903275,25.025971566330888,1.536618671051858,0.02860630580357143,0.009305245535714286,0.0021902901785714286,0.9598981584821429
Convex,RAD_OPERA_HOURLY_RAINFALL_ACCUMULATION_202301280800_patch000,198400,1.1385759751098308,0.6579562232715468,0.057668370745114744,0.9769318739094841,27.863142115830293,25.072755891693898,25.821434198705646,1.137114598496082,0.0,0.0,0.0,1.0
Convex,RAD_OPERA_HOURLY_RAINFALL_ACCUMULATION_202301280900_patch000,236800,0.7017144119118022,0.4225018851686785,0.06909734809994923,0.952862682386443,5.237337492836444,4.436785334807874,4.593247077637018,0.6983041403072738,0.30367398648648647,0.030253378378378378,0.0013597972972972973,0.6647128378378379
Convex,RAD_OPERA_HOURLY_RAINFALL_ACCUMULATION_202301281000_patch001,211200,1.6125237542539834,0.85457925208184,-0.19476934554527323,0.9685925446194423,34.8615290299946,25.817237391727673,29.058234330826522,1.600717888970204,0.08781723484848485,0.025165719696969697,0.005847537878787879,0.8811695075757576
Convex,RAD_OPERA_HOURLY_RAINFALL_ACCUMULATION_202301281900_patch000,274688,0.37105348308866015,0.24708292169185253,0.04964481589511533,0.973752747056548,2.477361060786308,2.1017346074377157,2.221939794328529,0.36771739089546296,0.0,0.0007062558247903076,0.0,0.9992937441752097
Convex,RAD_OPERA_HOURLY_RAINFALL_ACCUMULATION_202301282100_patch000,239616,0.444341388091653,0.3092266553168686,0.053563092725461864,0.9188176394359961,1.2381901473932473,0.9628870479784313,1.0032534655513892,0.4411011950436097,0.0016317775106837607,0.0026041666666666665,0.0012770432692307692,0.9944870125534188
Convex,RAD_OPERA_HOURLY_RAINFALL_ACCUMULATION_202301282200_patch000,317440,4.207194355907903,1.828840660081268,0.04319751292476558,0.8792416454258031,76.73795213797683,51.39613481227882,55.217734313497616,4.206972584087092,0.08800403225806451,0.0415070564516129,0.015161920362903225,0.8553269909274194
Convex,RAD_OPERA_HOURLY_RAINFALL_ACCUMULATION_202301282200_patch001,450560,1.2168803810959,0.7152215055267693,0.04172119332698048,0.9802186566227995,36.905733997139116,33.31664503378833,34.37166091350198,1.2161649575298061,0.28267489346590907,0.03477006392045454,0.011052911931818182,0.6715021306818182
Convex,RAD_OPERA_HOURLY_RAINFALL_ACCUMULATION_202301290800_patch000,303104,0.3936771752031787,0.2610850888036972,0.07114278929264008,0.8668405886760338,0.5992703817547332,0.4098967309662592,0.42962334545668757,0.387195585986743,0.0,0.0,0.0,1.0
Convex,RAD_OPERA_HOURLY_RAINFALL_ACCUMULATION_202301291100_patch000,166400,0.6435824543167793,0.4218871144946808,0.0215633591511645,0.9588595742758503,4.830157755722127,3.8059604741555595,4.11119241641558,0.6432211105417227,0.0002403846153846154,0.0035697115384615385,0.00036658653846153845,0.9958233173076924
Convex,RAD_OPERA_HOURLY_RAINFALL_ACCUMULATION_202301291700_patch000,266240,0.18514267339163326,0.130367848061052,0.016409425111263632,0.9822543548247976,0.9575140360368515,0.8894152213540897,0.9064603585564112,0.18441404577232945,0.02381310096153846,0.01195537860576923,0.002955979567307692,0.9612755408653846
Convex,RAD_OPERA_HOURLY_RAINFALL_ACCUMULATION_202301291900_patch000,495616,0.4500835310167564,0.3126672582861641,-0.0402155806129959,0.9766948248947299,4.109712847038261,3.5048799594924853,3.7068174572811374,0.4482832720149963,0.0,0.006186240960743801,0.0,0.9938137590392562
Convex,RAD_OPERA_HOURLY_RAINFALL_ACCUMULATION_202301292200_patch002,166400,0.2882338378456573,0.1979638634926568,0.0191818210715428,0.9658978279634403,1.160714470095825,0.9421819746631,1.0100928208696547,0.28759485916757277,0.01784855769230769,0.003780048076923077,0.003888221153846154,0.9744831730769231
Convex,RAD_OPERA_HOURLY_RAINFALL_ACCUMULATION_202301292300_patch001,186368,0.3985658843555245,0.2802077351294069,-0.009997577094959074,0.9540329823973305,1.717612539117084,1.4004907617199072,1.4796742441063295,0.3984404756351087,0.0,0.0,0.0,1.0
Convex,RAD_OPERA_HOURLY_RAINFALL_ACCUMULATION_202301292300_patch003,173056,0.1456496047715005,0.10475622078909445,-0.001747978434790499,0.9744185343111919,0.402126237331252,0.34564167001404217,0.36327857770190425,0.1456391154240021,0.0,0.0,0.0,1.0
Convex,RAD_OPERA_HOURLY_RAINFALL_ACCUMULATION_202301300000_patch001,207872,0.23166418991733315,0.1613553620959756,0.014687672704733505,0.9495500021423172,0.5407175109944128,0.4648419238909129,0.4760534328623764,0.23119811668907,0.0,0.0,0.0,1.0
Convex,RAD_OPERA_HOURLY_RAINFALL_ACCUMULATION_202301300200_patch001,391680,0.20529975165964456,0.145849008515045,-0.016672963893278412,0.9642021974943152,0.5704246107106009,0.4709560650322473,0.4997553377181615,0.20462160273667385,0.0,0.0,0.0,1.0
Convex,RAD_OPERA_HOURLY_RAINFALL_ACCUMULATION_202301301000_patch000,371712,0.3371596366509172,0.2295581494042877,0.06107670958081822,0.9574050626506391,1.2637963729443076,1.017379167404296,1.0856146421076225,0.3315814472092172,0.0,0.004672972623966942,0.0,0.9953270273760331
Convex,RAD_OPERA_HOURLY_RAINFALL_ACCUMULATION_202301302200_patch000,239616,1.1755761064729744,0.7274386503467187,-0.09631431207811002,0.8803428426422436,5.948336024655221,3.848480277099519,4.212056783177831,1.171623973550848,0.08700587606837606,0.026392227564102564,0.006472856570512821,0.8801290397970085
Convex,RAD_OPERA_HOURLY_RAINFALL_ACCUMULATION_202301302200_patch001,367360,0.49823724245729045,0.3514253748000309,0.04551461517574239,0.9213618443917246,1.6065802750773213,1.2305380259823964,1.2954747657414345,0.4961539776892341,0.0005362587108013937,0.010240635888501742,0.00036476480836236934,0.9888583405923345
Convex,RAD_OPERA_HOURLY_RAINFALL_ACCUMULATION_202301302200_patch002,294912,1.0686524286785546,0.6315733451305712,0.026187693051299272,0.8950805867659531,5.651092091182291,3.978693298395091,4.24422658576208,1.0683315113078076,0.2649943033854167,0.076080322265625,0.015333387586805556,0.6435919867621528
Convex,RAD_OPERA_HOURLY_RAINFALL_ACCUMULATION_202301310000_patch001,230400,0.5491347926625254,0.37961795881719845,-0.02374565478310098,0.9203497391268294,1.8866958681376096,1.3289393427734049,1.4573250232597887,0.5486211483268182,0.0005598958333333334,0.020464409722222222,1.736111111111111e-05,0.9789583333333334
Convex,RAD_OPERA_HOURLY_RAINFALL_ACCUMULATION_202301310200_patch000,173056,0.6491006261006558,0.4494156445676741,0.07290647279537633,0.9253438718479157,2.832819424185654,2.1417566745611287,2.2792799148589915,0.6449932317697609,0.009470922707100591,0.011556952662721894,0.00037560096153846156,0.978596523668639
Convex,RAD_OPERA_HOURLY_RAINFALL_ACCUMULATION_202301310900_patch000,235008,0.565305437160413,0.39364093365982783,0.07374629764031725,0.9325041867813519,2.355802869611127,1.818449086486342,1.9300601176149987,0.5604745497054004,0.05157271241830065,0.04245387391067538,0.0013488902505446622,0.9046245234204793
Convex,RAD_OPERA_HOURLY_RAINFALL_ACCUMULATION_202301311600_patch000,259584,0.3429825670023196,0.2343531569697448,-0.0011627592738346734,0.961833486621919,1.5512759544307506,1.344373999131771,1.3890071321520747,0.3429805960376939,0.010266426282051282,0.017269939595660748,0.0007858727810650888,0.9716777613412229
Convex,RAD_OPERA_HOURLY_RAINFALL_ACCUMULATION_202301312000_patch001,199680,0.5066092222003095,0.31380895697840083,-0.06390662152344026,0.8609721735594789,0.9150624447126362,0.4869647340187413,0.5747291654937576,0.502562282452496,0.0022786458333333335,0.006335136217948718,0.000641025641025641,0.9907451923076923
Homotopy,RAD_OPERA_HOURLY_RAINFALL_ACCUMULATION_202301180600_patch000,215040,0.7630201825496481,0.503959505980657,-0.007673663023160771,0.9106984995461941,3.27281592036694,2.230751600871048,2.4607133036820414,0.7629815947150399,0.003980654761904762,0.028492373511904763,0.0002883184523809524,0.9672386532738095
Homotopy,RAD_OPERA_HOURLY_RAINFALL_ACCUMULATION_202301180900_patch002,192000,1.0078347235049478,0.5603832775714508,-0.1279188819601648,0.9026528092792289,5.0953568524250965,3.2461873743380325,3.671088318611386,0.9996837447614901,0.12117708333333334,0.00715625,0.002734375,0.8689322916666666
Homotopy,RAD_OPERA_HOURLY_RAINFALL_ACCUMULATION_202301181200_patch003,204800,0.7198243270745891,0.4600801326354199,0.08575039303432971,0.9284829126279452,3.702674165373345,3.231760699083673,3.211820466257087,0.7146984902340588,0.06740234375,0.0262548828125,0.0012890625,0.9050537109375
Homotopy,RAD_OPERA_HOURLY_RAINFALL_ACCUMULATION_202301181300_patch002,207360,0.422162339931696,0.23510025491662048,-0.006562496173299021,0.9088988418189857,0.9771221110578717,0.652205580253809,0.7255748582055503,0.42211132998366707,0.0,0.0,0.0,1.0
Homotopy,RAD_OPERA_HOURLY_RAINFALL_ACCUMULATION_202301181900_patch000,277760,0.3047703440287534,0.18856645010836628,-0.013495138862110194,0.9746620528811071,1.7626903229844384,1.505227378420457,1.5876074287891992,0.3044714170927988,0.053186203917050694,0.004734302995391705,0.000496831797235023,0.9415826612903225
Homotopy,RAD_OPERA_HOURLY_RAINFALL_ACCUMULATION_202301190000_patch000,276480,0.38158784381884175,0.265845458153894,0.05094572458657678,0.9756861333086805,2.9394825701860237,2.657709526987079,2.727089140738221,0.37817167489998693,4.340277777777778e-05,0.001414207175925926,2.5318287037037036e-05,0.9985170717592593
Homotopy,RAD_OPERA_HOURLY_RAINFALL_ACCUMULATION_202301190300_patch000,349440,0.6804144498829224,0.47471159243215927,-0.025239623300969984,0.9356769949636375,3.5943924164847436,2.730121149910149,2.931093390684894,0.679946163328469,0.0,0.0024210164835164836,0.0,0.9975789835164836
Homotopy,RAD_OPERA_HOURLY_RAINFALL_ACCUMULATION_202301190300_patch001,365568,0.6801984450219241,0.3614718117623085,0.026425778617334528,0.9188811640591875,2.96750203921129,2.5297422772383116,2.5176363568074454,0.6796849290919368,0.4195170255602241,0.034360228466386554,0.01774498862044818,0.5283777573529411
Homotopy,RAD_OPERA_HOURLY_RAINFALL_ACCUMULATION_202301190700_patch000,354816,0.4328491420383865,0.2849283783076529,0.024081187990769488,0.9615642801490634,2.4557176230552775,2.150464458087059,2.2097018024970083,0.43217875485534973,0.05202132936507937,0.014325735028860028,0.001107616341991342,0.9325453192640693
Homotopy,RAD_OPERA_HOURLY_RAINFALL_ACCUMULATION_202301190800_patch001,249600,0.8685587802531158,0.557445355815789,-0.00025869418449031236,0.8605026970763894,2.885646768238029,1.9260135823892313,2.0286330313975807,0.8685587417279843,0.003421474358974359,0.006883012820512821,0.00048477564102564105,0.9892107371794872
Homotopy,RAD_OPERA_HOURLY_RAINFALL_ACCUMULATION_202301190800_patch002,253952,2.242368079536997,1.106984238315163,0.21625320425048328,0.9271611724438356,34.927763255891534,27.031724032724462,28.489019066419083,2.231916027940531,0.057396673387096774,0.03400642641129032,0.009978263608870967,0.8986186365927419
Homotopy,RAD_OPERA_HOURLY_RAINFALL_ACCUMULATION_202301190900_patch001,235008,0.6170538211452355,0.423328394125305,-0.008025079733014416,0.9217716648944592,2.3939472077044335,1.6435387148852703,1.8283974531522442,0.6170016339404744,0.0,0.0,0.0,1.0
Homotopy,RAD_OPERA_HOURLY_RAINFALL_ACCUMULATION_202301192000_patch000,349184,0.5018993614190457,0.3393883555052264,0.04316544062944252,0.9582651913400515,3.027299363914012,2.611658501555337,2.6944590758706184,0.5000397121510569,0.04749931268328446,0.016667430351906157,0.002021856671554252,0.9338114002932552
Homotopy,RAD_OPERA_HOURLY_RAINFALL_ACCUMULATION_202301200400_patch000,261888,0.16796629686692394,0.11600353327631688,0.012664988225477066,0.9775759656837198,0.5942338314622407,0.5074261386328826,0.5368038475693435,0.1674881337779968,0.0,0.0,0.0,1.0
Homotopy,RAD_OPERA_HOURLY_RAINFALL_ACCUMULATION_202301200800_patch001,331520,0.34929997306759736,0.23505088088457737,0.019108000206286755,0.9622351713818397,1.6131469660545812,1.383554286926713,1.4375279487340766,0.3487769423473129,0.006808035714285714,0.017308156370656372,0.0007450530888030888,0.9751387548262548
Homotopy,RAD_OPERA_HOURLY_RAINFALL_ACCUMULATION_202301201300_patch000,166400,0.6829972593973295,0.4571635522165049,-0.027206059188689465,0.9349513356958764,3.4980196346614756,2.525132274918177,2.778703411445983,0.6824551902415898,0.005060096153846154,0.008491586538461538,0.0,0.9864483173076923
Homotopy,RAD_OPERA_HOURLY_RAINFALL_ACCUMULATION_202301201600_patch002,160000,0.29528237093805026,0.20691096619591118,0.024102402111142875,0.9612644670802496,1.112326954311246,0.9368661451206822,0.9812911733163296,0.2942970485738331,0.0,0.0,0.0,1.0
Homotopy,RAD_OPERA_HOURLY_RAINFALL_ACCUMULATION_202301210300_patch000,269824,3.0613344500388124,1.2842675354896893,-0.10310148609282592,0.8150987585823332,27.544654792083577,15.493448119650383,16.83848210658704,3.059597800129927,0.07013090014231499,0.09068874525616698,0.009246768263757116,0.8299335863377609
Homotopy,RAD_OPERA_HOURLY_RAINFALL_ACCUMULATION_202301210800_patch002,350208,1.5909099989788371,0.6882835517840172,-0.04667465005784904,0.9574007469886486,27.8696627274206,21.17457124918513,23.25770893735645,1.5902251733301234,0.29431366502192985,0.05104109557748538,0.002801192434210526,0.6518440469663743
Homotopy,RAD_OPERA_HOURLY_RAINFALL_ACCUMULATION_202301210900_patch000,397824,1.7341376984846726,0.7668280920913462,0.03995096445579617,0.970120695723444,47.7649992717249,39.242294547057476,42.00082817051881,1.733677443397349,0.359915439993565,0.036201938545688546,0.007174026705276705,0.5967085947554698
Homotopy,RAD_OPERA_HOURLY_RAINFALL_ACCUMULATION_202301211500_patch000,206336,0.6912185821613067,0.4773635485425601,0.07917811814435612,0.9255508545604754,3.212561743840583,2.415412388525951,2.578230089217164,0.6866687366789066,0.0351659429280397,0.01635196960297767,0.00212759770471464,0.946354489764268
Homotopy,RAD_OPERA_HOURLY_RAINFALL_ACCUMULATION_202301211800_patch000,179200,0.6714811042097851,0.4510854884024643,-0.02027940640322844,0.8859649532776377,2.0261617128539067,1.299140642610531,1.4374133682388563,0.6711748050893485,0.12219866071428571,0.054587053571428575,0.008995535714285715,0.81421875
Homotopy,RAD_OPERA_HOURLY_RAINFALL_ACCUMULATION_202301211900_patch000,304384,0.6715716459183291,0.46166033116282496,-0.021922031914047357,0.9256450588563053,3.035391824603617,2.2097770750640855,2.397320499774745,0.6712137514370613,0.0712356759882254,0.0415954846509672,0.004701298359966358,0.882467541000841
Homotopy,RAD_OPERA_HOURLY_RAINFALL_ACCUMULATION_202301211900_patch001,268800,0.7842359651050924,0.5225096421687968,-0.09027892666045594,0.9019455374501487,3.188012180101132,2.248153784094482,2.414645099915131,0.7790223131370192,0.05425967261904762,0.026376488095238095,0.008545386904761905,0.9108184523809524
Homotopy,RAD_OPERA_HOURLY_RAINFALL_ACCUMULATION_202301212300_patch000,221184,0.557485041075455,0.374446768596196,-0.04476364756892845,0.9365328270186647,2.4329008468384385,1.8549160491930772,1.9895155545761452,0.5556849708955844,0.04121455439814815,0.019006799768518517,0.000660083912037037,0.9391185619212963
Homotopy,RAD_OPERA_HOURLY_RAINFALL_ACCUMULATION_202301220000_patch001,286720,0.7793128214623488,0.5280813581700887,0.06813057539224326,0.9320153460029483,4.548990748463364,3.670305495891481,3.8083047729812587,0.7763289885044411,0.0465576171875,0.03782784598214286,0.002054268973214286,0.9135602678571428
Homotopy,RAD_OPERA_HOURLY_RAINFALL_ACCUMULATION_202301220100_patch001,193024,0.810466856182468,0.48417965122902523,0.03654770914696425,0.9536843981891722,6.972695999177497,5.576575236684479,5.946875222967787,0.8096423839735679,0.17540305868700265,0.018588362068965518,0.006905876989389921,0.7991027022546419
Homotopy,RAD_OPERA_HOURLY_RAINFALL_ACCUMULATION_202301221200_patch000,354816,0.7361224901865008,0.4876177810886515,0.038727945004363745,0.9549342153102363,6.103874386331829,5.3271629133143215,5.4453304164060174,0.7351030314412489,0.020729053932178932,0.016509965728715728,0.0008004148629148629,0.9619605654761905
Homotopy,RAD_OPERA_HOURLY_RAINFALL_ACCUMULATION_202301222100_patch000,186368,0.6003312502740453,0.3924688780790239,-0.04462070180872929,0.9792926904015087,7.8880033876569415,6.569091616597616,7.049344200614431,0.5986706966485791,0.25047754979395603,0.03782301682692308,0.006471067994505495,0.7052283653846154
Homotopy,RAD_OPERA_HOURLY_RAINFALL_ACCUMULATION_202301230100_patch000,238080,0.6699307763280299,0.4197073976196164,0.04550930448894111,0.9443727635233702,4.089612109187757,3.398224303462798,3.520550132187073,0.6683832345865728,0.26636424731182795,0.02957829301075269,0.006350806451612903,0.6977066532258065
Homotopy,RAD_OPERA_HOURLY_RAINFALL_ACCUMULATION_202301230600_patch003,268800,0.47746813491288637,0.2839450579775231,0.02390097641031302,0.9511734268607654,2.3542986389185776,1.9702708444146846,2.0485824600747193,0.4768695452467308,0.0013988095238095237,0.013537946428571429,0.00010416666666666667,0.9849590773809523
Homotopy,RAD_OPERA_HOURLY_RAINFALL_ACCUMULATION_202301231200_patch001,312576,0.36873132459727725,0.24756296222287263,0.01464036771749135,0.9427548543623071,1.183047162880077,0.9230957929100363,0.985197253208877,0.36844056423303784,0.029967111998362,0.015013948607698608,0.0037558865683865682,0.9512630528255528
Homotopy,RAD_OPERA_HOURLY_RAINFALL_ACCUMULATION_202301231200_patch002,329728,0.4622296858043687,0.3000732008936296,0.012349939724609042,0.9723199112591349,3.8563686164218782,3.440714344677944,3.5417895998361093,0.46206467234317306,0.005507569875776398,0.007375776397515528,0.0007127086568322981,0.9864039450698758
Homotopy,RAD_OPERA_HOURLY_RAINFALL_ACCUMULATION_202301231200_patch003,272384,2.069880327307411,1.2155098340950103,0.2221244939189346,0.8917352270920914,20.630063442778834,17.218973399556624,16.806985781879984,2.057927423058328,0.05976856203007519,0.08955371828007519,0.0040714579417293235,0.8466062617481203
Homotopy,RAD_OPERA_HOURLY_RAINFALL_ACCUMULATION_202301231300_patch001,306176,2.7361498071140438,1.1981680006132853,0.11912363525632665,0.9335792374955145,56.56465310379236,43.107338286637145,46.09983303196798,2.733555436879511,0.3256166387959866,0.05834226066053512,0.019795803720735784,0.5962452968227425
Homotopy,RAD_OPERA_HOURLY_RAINFALL_ACCUMULATION_202301231400_patch002,335872,0.30764360884989755,0.20140665473995684,-0.02894084471016668,0.9521964674013573,0.9476010305382226,0.7286307035720586,0.7912123582683154,0.30627931300309974,0.0,0.0,0.0,1.0
Homotopy,RAD_OPERA_HOURLY_RAINFALL_ACCUMULATION_202301231400_patch003,341504,0.3225926753700063,0.22396168620374496,0.03031207353447046,0.9464682146795806,0.9899112606603819,0.8881224679921562,0.8874432581260595,0.3211653972650527,0.006368885869565217,0.008811024175412295,0.001282561844077961,0.9835375281109445
Homotopy,RAD_OPERA_HOURLY_RAINFALL_ACCUMULATION_202301231600_patch001,301568,0.4798805155879028,0.31764708557213595,0.03895114769752759,0.9750447960568207,4.5205301553478,3.9835463904053072,4.137654214209575,0.4782971015320465,0.013449702886247878,0.0026726973684210527,0.0018204849320882853,0.9820571148132428
Homotopy,RAD_OPERA_HOURLY_RAINFALL_ACCUMULATION_202301231700_patch000,291840,0.5005241459764566,0.3341919838488633,0.024458886771319893,0.9707258549635459,4.0132486157959875,3.2725902487245304,3.5179563404785745,0.49992617811369805,0.059457236842105264,0.03159265350877193,0.002559621710526316,0.9063904879385964
Homotopy,RAD_OPERA_HOURLY_RAINFALL_ACCUMULATION_202301231900_patch000,330240,0.4631581136550083,0.3156900327758617,0.06015127777470981,0.9784609761869634,4.667671273419754,4.017829724477251,4.237301867935234,0.45923551912557375,0.2150859980620155,0.041521317829457366,0.004254481589147287,0.7391382025193799
Homotopy,RAD_OPERA_HOURLY_RAINFALL_ACCUMULATION_202301240500_patch000,494592,3.1793285197893346,1.1448101213927542,0.0914675773180036,0.9334111930293183,78.37198171882613,69.93441822331249,69.1033182115466,3.178012510838404,0.127248317805383,0.031223715709109732,0.00841703869047619,0.833110927795031
Homotopy,RAD_OPERA_HOURLY_RAINFALL_ACCUMULATION_202301240700_patch000,193024,0.31977933226478,0.22247791530216107,-0.0004351442711877412,0.9704148205849605,1.6698463359283904,1.4015929204474356,1.4845903121913269,0.31977903620026726,0.004574560676392573,0.001963486405835544,7.252984084880636e-05,0.9933894230769231
Homotopy,RAD_OPERA_HOURLY_RAINFALL_ACCUMULATION_202301241500_patch000,433152,0.9989711694574603,0.5950568674386327,-0.04267550935422713,0.9145427370477746,5.877598213343384,4.127032673238715,4.5042543441367675,0.9980592158326894,0.15986997635933806,0.04340970375295508,0.013408687943262412,0.7833116319444444
Homotopy,RAD_OPERA_HOURLY_RAINFALL_ACCUMULATION_202301241500_patch001,235008,1.1097332269770477,0.7362777048210613,-0.054016979206451175,0.9371426366613694,9.556716264897508,6.981565353181001,7.654845808532104,1.1084177917258011,0.01278254357298475,0.029394744008714595,0.0008255038126361656,0.9569972086056645
Homotopy,RAD_OPERA_HOURLY_RAINFALL_ACCUMULATION_202301241700_patch000,229376,0.6999233873810768,0.49503259812987815,-0.012016842214274561,0.8625748684596904,1.8780420824092592,1.1816317385528912,1.284962738627976,0.6998202224187282,0.027557373046875,0.016802106584821428,0.007533482142857143,0.9481070382254464
Homotopy,RAD_OPERA_HOURLY_RAINFALL_ACCUMULATION_202301241700_patch002,186368,0.71147914543417,0.4588329272894221,0.03976883280428104,0.9488909464629889,4.992635297369451,4.139747113284141,4.313880698164235,0.7103668167398601,0.05796595982142857,0.017261547046703296,0.012427026098901098,0.912345467032967
Homotopy,RAD_OPERA_HOURLY_RAINFALL_ACCUMULATION_202301241900_patch001,185600,0.5073222897399668,0.3581312792268903,0.06074835470580528,0.9573157391273949,2.932313169231306,2.390206055628861,2.5344168408963132,0.5036720590498748,0.018130387931034483,0.026697198275862068,0.00044719827586206897,0.9547252155172414
Homotopy,RAD_OPERA_HOURLY_RAINFALL_ACCUMULATION_202301242200_patch001,329728,1.167538916057914,0.6541838783731664,0.017969551097369026,0.873899018923449,5.744040852233052,4.081442391737578,4.231329514113791,1.1674006234977983,0.24412242818322982,0.0618752426242236,0.006854134316770186,0.6871481948757764
Homotopy,RAD_OPERA_HOURLY_RAINFALL_ACCUMULATION_202301250200_patch000,236544,0.3455606839803722,0.23698435963286582,0.010410923689665038,0.9674078888999158,1.8605524761184593,1.7444805248925739,1.742864601015061,0.34540382015969456,0.1622362012987013,0.018609645562770564,0.0010907061688311688,0.818063446969697
Homotopy,RAD_OPERA_HOURLY_RAINFALL_ACCUMULATION_202301250200_patch001,461824,0.5664594378923246,0.3211048784688858,-0.006679958575894461,0.9783253539491422,7.102443023451587,6.14878495862543,6.465198154573152,0.5664200499017603,0.45182147311529935,0.03657237389135255,0.007489866269401331,0.5041162867239468
Homotopy,RAD_OPERA_HOURLY_RAINFALL_ACCUMULATION_202301250300_patch000,258048,0.2428998409586877,0.17148212329710885,0.014555691081489111,0.9657151155002034,0.8463977065576301,0.7168512672197347,0.7522302545912344,0.2424633262885256,0.0,0.0,0.0,1.0
Homotopy,RAD_OPERA_HOURLY_RAINFALL_ACCUMULATION_202301250500_patch000,376832,1.168427719964292,0.7068273418111185,-0.04896366039103035,0.8874213340098752,6.413795965297926,5.046761447466834,5.048865758011347,1.1674013434727861,0.07733950407608696,0.02769669242527174,0.005241062330163043,0.8897227411684783
Homotopy,RAD_OPERA_HOURLY_RAINFALL_ACCUMULATION_202301251000_patch001,232960,0.32370727773728664,0.21833559592380086,0.03978933135068754,0.979120446770395,2.4969475841948108,2.3794495633035804,2.3865969683638206,0.3212525653917024,0.20845209478021978,0.015345982142857142,0.0014852335164835164,0.7747166895604396
Homotopy,RAD_OPERA_HOURLY_RAINFALL_ACCUMULATION_202301251300_patch000,200448,0.26548899075146126,0.19305577476116284,0.02779156964261736,0.9796656331236496,1.6508663943650703,1.4440162704499624,1.512585315974002,0.2640303635323578,0.04096324233716475,0.013719268837803321,0.00025443007662835247,0.9450630587484036
Homotopy,RAD_OPERA_HOURLY_RAINFALL_ACCUMULATION_202301251600_patch002,199680,0.3927890083305427,0.26718193740086205,0.025364286771691752,0.9645761673271384,2.155910080952638,1.839429133221443,1.9208496780761135,0.391969205450957,0.1473908253205128,0.026156850961538462,0.009059495192307693,0.817392828525641
Homotopy,RAD_OPERA_HOURLY_RAINFALL_ACCUMULATION_202301252100_patch000,312576,0.2308919574838847,0.15877372575521448,0.03599924871920746,0.9856023235473808,1.77909480623783,1.6400603228081816,1.6835699894618092,0.22806830144145998,0.061050752457002457,0.016120879402129404,0.0033271908271908274,0.9195011773136773
Homotopy,RAD_OPERA_HOURLY_RAINFALL_ACCUMULATION_202301252200_patch000,186368,0.3218338312980642,0.21799093070540737,0.036561720683683956,0.976008952065905,2.046232767315117,1.7524226230486073,1.8482075674075427,0.31975030187419545,0.057815719436813184,0.023571643200549452,0.0009497338598901099,0.9176629035027473
Homotopy,RAD_OPERA_HOURLY_RAINFALL_ACCUMULATION_202301260000_patch000,199680,4.256841234056478,1.651987741688129,0.2254069195455537,0.8958020150115137,90.73277864923094,66.42090835465969,69.54189899565309,4.250869206713429,0.3657502003205128,0.09529246794871794,0.015384615384615385,0.5235727163461539
Homotopy,RAD_OPERA_HOURLY_RAINFALL_ACCUMULATION_202301260200_patch000,230144,0.5027402016332471,0.3200890829626581,0.07201701773831325,0.9810951831258512,6.466627323160726,5.864104380178863,6.041585221922635,0.4975552828523855,0.22597591073414905,0.028786325083426028,0.009950291991101224,0.7352874721913237
Homotopy,RAD_OPERA_HOURLY_RAINFALL_ACCUMULATION_202301260200_patch001,237568,0.3963745334413959,0.27656906454580293,-0.0018579396059819906,0.9533315262571375,1.6971454088925977,1.4231682934053016,1.481602191738297,0.3963701790262542,0.03653690732758621,0.00609930630387931,0.007353683997844827,0.9500101023706896
Homotopy,RAD_OPERA_HOURLY_RAINFALL_ACCUMULATION_202301260600_patch000,166400,3.3008091979879786,1.9368805289145894,0.4622470563540869,0.9109279074589399,62.75137105092863,52.46279820559608,52.26625011805533,3.2682822736743566,0.11794471153846153,0.08599158653846153,0.005643028846153846,0.7904206730769231
Homotopy,RAD_OPERA_HOURLY_RAINFALL_ACCUMULATION_202301260800_patch001,311808,0.4989376176050483,0.32858216523321426,-0.04706487756807956,0.9089369391764627,1.337778001060567,0.8690866839722539,0.980070520735959,0.49671283812772854,0.0005067220853858785,0.0047529248768472905,1.2828407224958949e-05,0.9947275246305419
Homotopy,RAD_OPERA_HOURLY_RAINFALL_ACCUMULATION_202301260900_patch000,185600,0.5706418309347873,0.39737620632292636,0.05286787779134666,0.9200508612085332,2.061711139194065,1.5410126081297293,1.6399433303066742,0.5681875453672366,0.0005118534482758621,0.0031896551724137933,0.00078125,0.9955172413793103
Homotopy,RAD_OPERA_HOURLY_RAINFALL_ACCUMULATION_202301260900_patch001,272384,0.4654149598843493,0.31710942872866454,0.0059913340511756315,0.9433630149776872,1.83210938914287,1.333420248879063,1.4744772246107476,0.4653763947606686,0.027630110432330827,0.018048049812030075,0.0012922932330827067,0.9530295465225563
Homotopy,RAD_OPERA_HOURLY_RAINFALL_ACCUMULATION_202301270400_patch000,224000,0.8100181127004442,0.5095183054707622,-0.028564227259831505,0.9214955297527022,4.275618214095756,3.2532476706043996,3.4367762284381587,0.8095143160091972,0.19475,0.02391517857142857,0.015901785714285716,0.7654330357142857
Homotopy,RAD_OPERA_HOURLY_RAINFALL_ACCUMULATION_202301270700_patch000,385280,1.471294527696615,0.741577309851076,0.03072903858636178,0.9433831619497811,18.550969446440156,13.786663979328244,15.08693505617542,1.4709735937186512,0.2757916320598007,0.053592192691029904,0.0034520348837209303,0.6671641403654485
Homotopy,RAD_OPERA_HOURLY_RAINFALL_ACCUMULATION_202301270800_patch000,166400,0.2109485884152351,0.13278020557804177,0.037110686833038926,0.9286397553781153,0.29533724061420197,0.2069482236841534,0.2295816802105975,0.20765862341150285,0.0,0.0,0.0,1.0
Homotopy,RAD_OPERA_HOURLY_RAINFALL_ACCUMULATION_202301270900_patch000,312576,0.8634414468778336,0.6131886779486779,0.009746239170670372,0.9082794119520838,4.1737425036185964,3.0049376427748555,3.216622001692468,0.8633864389764963,0.03137796887796888,0.056357493857493855,0.006919917076167076,0.9053446201883701
Homotopy,RAD_OPERA_HOURLY_RAINFALL_ACCUMULATION_202301271000_patch001,261888,2.1120168181933847,1.016311444123784,-0.020872336907961673,0.9051357214327279,24.143236716831044,17.1093530174391,18.39620517419322,2.111913678606138,0.13757025904203324,0.05391617790811339,0.0076139418377321605,0.8008996212121212
Homotopy,RAD_OPERA_HOURLY_RAINFALL_ACCUMULATION_202301271800_patch000,312576,0.17307827337743595,0.11931319760477489,0.009923600147033597,0.9738409559521709,0.542592791772456,0.4548523735884595,0.48379377724273964,0.1727935498664121,0.0,0.0,0.0,1.0
Homotopy,RAD_OPERA_HOURLY_RAINFALL_ACCUMULATION_202301272100_patch001,222208,1.604439562066621,0.8368529526883024,0.083154128351465,0.950903420525637,25.901361316404063,20.661693211011293,21.997871414076357,1.6022832768467123,0.23621561779953917,0.05604208669354839,0.005611859158986175,0.7021304363479263
Homotopy,RAD_OPERA_HOURLY_RAINFALL_ACCUMULATION_202301272300_patch000,236800,0.44709299153836957,0.29914355462597925,0.01936414281836069,0.959382100701499,2.4631703250810824,2.092887441263664,2.178270296644554,0.44667345237392236,0.05293918918918919,0.0049239864864864865,0.0018496621621621621,0.9402871621621621
Homotopy,RAD_OPERA_HOURLY_RAINFALL_ACCUMULATION_202301272300_patch002,322560,1.2125449216027344,0.7737158778093992,0.06659531555922021,0.9498495418205792,14.613834454836178,11.828408181512302,12.488206192749166,1.2107147685768722,0.005617559523809524,0.014338417658730158,0.004761904761904762,0.9752821180555555
Homotopy,RAD_OPERA_HOURLY_RAINFALL_ACCUMULATION_202301280000_patch001,207360,0.5412375737034277,0.35896757255167483,0.022799858603954178,0.9634886393857303,3.999393506497799,3.427355081677814,3.5671651552698003,0.5407571336894346,0.032489390432098766,0.03228684413580247,0.0021412037037037038,0.9330825617283951
Homotopy,RAD_OPERA_HOURLY_RAINFALL_ACCUMULATION_202301280700_patch000,286720,1.5391234036161145,0.8013977702827173,0.05255915932715956,0.9605029041755252,29.03443330398368,23.350138632857533,25.009216775255773,1.5382257267155803,0.028553989955357142,0.009357561383928572,0.002207728794642857,0.9598807198660714
Homotopy,RAD_OPERA_HOURLY_RAINFALL_ACCUMULATION_202301280800_patch000,198400,1.137629989246373,0.6575191867264408,0.05740574699405941,0.9769920313207651,27.863142115830293,25.037850356868848,25.805042950027193,1.1361806954198603,0.0,0.0,0.0,1.0
Homotopy,RAD_OPERA_HOURLY_RAINFALL_ACCUMULATION_202301280900_patch000,236800,0.7016681781843058,0.42246138607897815,0.06906956053410697,0.9528690831110607,5.237337492836444,4.436766489346341,4.59326817704934,0.6982604299859102,0.3036908783783784,0.030236486486486486,0.0013640202702702702,0.6647086148648649
Homotopy,RAD_OPERA_HOURLY_RAINFALL_ACCUMULATION_202301281000_patch001,211200,1.6124872099822236,0.8545117462630881,-0.19491697606275393,0.9686000079598399,34.8615290299946,25.815067880680594,29.057237267938195,1.6006631047159199,0.08783143939393939,0.02515151515151515,0.005842803030303031,0.8811742424242425
Homotopy,RAD_OPERA_HOURLY_RAINFALL_ACCUMULATION_202301281900_patch000,274688,0.37103912129631184,0.24705744840567959,0.04959045276829135,0.973755687901065,2.477361060786308,2.1015920213616703,2.2218711328107017,0.36771023445992784,0.0,0.0007062558247903076,0.0,0.9992937441752097
Homotopy,RAD_OPERA_HOURLY_RAINFALL_ACCUMULATION_202301282100_patch000,239616,0.4443133090339926,0.3092223308951688,0.05348835637873314,0.918839029248816,1.2381901473932473,0.9621808160900315,1.0029088255833205,0.4410819791338542,0.0016067374465811965,0.002629206730769231,0.0012728699252136752,0.9944911858974359
Homotopy,RAD_OPERA_HOURLY_RAINFALL_ACCUMULATION_202301282200_patch000,317440,4.207428092375727,1.8288098176013634,0.042922081277191985,0.8792315023043913,76.73795213797683,51.38650339718241,55.21192334385399,4.207209151854859,0.08797568044354839,0.04153540826612903,0.01516507056451613,0.8553238407258065
Homotopy,RAD_OPERA_HOURLY_RAINFALL_ACCUMULATION_202301282200_patch001,450560,1.216839416739941,0.7151717062702979,0.04157079468696342,0.9802210472325902,36.905733997139116,33.314105118331184,34.370434540154605,1.2161291194445984,0.2826726740056818,0.03477228338068182,0.011048473011363637,0.6715065696022727
Homotopy,RAD_OPERA_HOURLY_RAINFALL_ACCUMULATION_202301290800_patch000,303104,0.3938935134359368,0.2612713922674113,0.0714502329127926,0.8667480097530413,0.5992703817547332,0.40917933029804016,0.4292013739545796,0.38735896032441824,0.0,0.0,0.0,1.0
Homotopy,RAD_OPERA_HOURLY_RAINFALL_ACCUMULATION_202301291100_patch000,166400,0.6438260174863546,0.42166977597221444,0.02091388928095022,0.9588862493610152,4.830157755722127,3.798901169346754,4.107492187520699,0.6434862469606355,0.0002403846153846154,0.0035697115384615385,0.0003605769230769231,0.9958293269230769
Homotopy,RAD_OPERA_HOURLY_RAINFALL_ACCUMULATION_202301291700_patch000,266240,0.18514559222904065,0.13036723206325684,0.016406053507727426,0.982253752204134,0.9575140360368515,0.889411088239209,0.9064576962729584,0.18441727611626785,0.023816856971153846,0.011951622596153845,0.002967247596153846,0.9612642728365385
Homotopy,RAD_OPERA_HOURLY_RAINFALL_ACCUMULATION_202301291900_patch000,495616,0.4501033545353849,0.312558073084621,-0.03964469017703153,0.9767071149811011,4.109712847038261,3.5021700505565656,3.705430784645027,0.4483540211760943,0.0,0.006186240960743801,0.0,0.9938137590392562
Homotopy,RAD_OPERA_HOURLY_RAINFALL_ACCUMULATION_202301292200_patch002,166400,0.2882742342162906,0.1980008610817962,0.019147087313736287,0.9658973098221098,1.160714470095825,0.9418558518195685,1.0099174493775023,0.28763765949609055,0.017830528846153847,0.003798076923076923,0.00390625,0.9744651442307692
Homotopy,RAD_OPERA_HOURLY_RAINFALL_ACCUMULATION_202301292300_patch001,186368,0.39872971349602887,0.28028765856064497,-0.010135683498107367,0.9540169268200966,1.717612539117084,1.3991164309795232,1.478923158875978,0.3986008684695148,0.0,0.0,0.0,1.0
Homotopy,RAD_OPERA_HOURLY_RAINFALL_ACCUMULATION_202301292300_patch003,173056,0.14573326351588922,0.10482312515743088,-0.0017097492157426503,0.9743897851984529,0.402126237331252,0.34558147041899717,0.36323622344881923,0.14572323374332208,0.0,0.0,0.0,1.0
Homotopy,RAD_OPERA_HOURLY_RAINFALL_ACCUMULATION_202301300000_patch001,207872,0.23171144875420943,0.16138572935324638,0.0145894507218033,0.9495295301141707,0.5407175109944128,0.4646663775467461,0.475953272564874,0.23125168845094016,0.0,0.0,0.0,1.0
Homotopy,RAD_OPERA_HOURLY_RAINFALL_ACCUMULATION_202301300200_patch001,391680,0.20535305149991193,0.14588586319667085,-0.016691032497157508,0.9641900066077076,0.5704246107106009,0.4708148035564102,0.4996740645362534,0.20467360649215205,0.0,0.0,0.0,1.0
Homotopy,RAD_OPERA_HOURLY_RAINFALL_ACCUMULATION_202301301000_patch000,371712,0.33730633488744627,0.22960859665564806,0.060787536900092976,0.9573611535001916,1.2637963729443076,1.0168638838604007,1.0852899089459431,0.3317837230980777,0.0,0.004672972623966942,0.0,0.9953270273760331
Homotopy,RAD_OPERA_HOURLY_RAINFALL_ACCUMULATION_202301302200_patch000,239616,1.175644843135167,0.7274893598206933,-0.09664334109232818,0.8803640966141391,5.948336024655221,3.845297309820502,4.21041623633145,1.1716658490426455,0.08701422275641026,0.026383880876068376,0.006485376602564103,0.8801165197649573
Homotopy,RAD_OPERA_HOURLY_RAINFALL_ACCUMULATION_202301302200_patch001,367360,0.49858090352084145,0.35184586512655297,0.04550907295070997,0.9212379796725145,1.6065802750773213,1.2306377498837986,1.295353091663147,0.4964995887559481,0.0005144817073170732,0.010262412891986063,0.0003348214285714286,0.9888882839721255
Homotopy,RAD_OPERA_HOURLY_RAINFALL_ACCUMULATION_202301302200_patch002,294912,1.0704714969275286,0.6322222074748544,0.026205558778945814,0.8947110810162943,5.651092091182291,3.972903733789901,4.239386665274423,1.0701506877180182,0.2648857964409722,0.07618882921006945,0.015329996744791666,0.6435953776041666
Homotopy,RAD_OPERA_HOURLY_RAINFALL_ACCUMULATION_202301310000_patch001,230400,0.5491547555642072,0.37956326711367927,-0.023961155687667074,0.920362426824961,1.8866958681376096,1.3284035936165424,1.4570513265886282,0.548631760452214,0.000546875,0.020477430555555554,1.736111111111111e-05,0.9789583333333334
Homotopy,RAD_OPERA_HOURLY_RAINFALL_ACCUMULATION_202301310200_patch000,173056,0.6492308458558596,0.44950382393767946,0.07279481636968196,0.9253152430097571,2.832819424185654,2.1410672993865902,2.2788425588259122,0.6451368892881721,0.009442030325443787,0.011585845044378698,0.00038715791420118346,0.9785849667159763
Homotopy,RAD_OPERA_HOURLY_RAINFALL_ACCUMULATION_202301310900_patch000,235008,0.5654615296320472,0.3938458293526355,0.0738321393720806,0.9324829801040104,2.355802869611127,1.8172131648610133,1.9293602388912918,0.5606206887812438,0.05152590550108933,0.04250068082788671,0.0013233592047930283,0.9046500544662309
Homotopy,RAD_OPERA_HOURLY_RAINFALL_ACCUMULATION_202301311600_patch000,259584,0.34307397808637097,0.23432476291925733,-0.0013877521345944785,0.9618170728486447,1.5512759544307506,1.343931155222676,1.3887546405347027,0.3430711713100077,0.010266426282051282,0.017269939595660748,0.0007704635108481263,0.9716931706114399
Homotopy,RAD_OPERA_HOURLY_RAINFALL_ACCUMULATION_202301312000_patch001,199680,0.5067531464057468,0.31446144863446723,-0.06443059147971396,0.8612934533663316,0.9150624447126362,0.48418158826962404,0.5732982913542809,0.5026404781488438,0.0021584535256410258,0.006455328525641025,0.0005909455128205128,0.9907952724358975
GMZ,RAD_OPERA_HOURLY_RAINFALL_ACCUMULATION_202301180600_patch000,215040,1.1581399555755187,0.8339901846717891,0.18822924548114972,0.7771554295813509,3.27281592036694,1.7090942334245358,1.8380261229727068,1.1427414002503198,0.0003999255952380952,0.03207310267857143,0.00015345982142857143,0.967373511904762
GMZ,RAD_OPERA_HOURLY_RAINFALL_ACCUMULATION_202301180900_patch002,192000,1.4151787932684203,0.8621357835618043,-0.09025956764065059,0.7813822240378312,5.0953568524250965,2.764296008685142,2.932534316872126,1.4122974995963087,0.10763020833333334,0.020703125,0.006052083333333333,0.8656145833333333
GMZ,RAD_OPERA_HOURLY_RAINFALL_ACCUMULATION_202301181200_patch003,204800,0.9864151143942839,0.7007127337020986,0.29294282721522813,0.8728036324900516,3.702674165373345,2.5842728508867787,2.699873869185743,0.9419125638235415,0.0430078125,0.0506494140625,0.000244140625,0.9060986328125
GMZ,RAD_OPERA_HOURLY_RAINFALL_ACCUMULATION_202301181300_patch002,207360,0.5774100569168854,0.34295156065482907,0.023049796521375728,0.8221436071829444,0.9771221110578717,0.46975135123432576,0.5570011907915567,0.5769498077901439,0.0,0.0,0.0,1.0
GMZ,RAD_OPERA_HOURLY_RAINFALL_ACCUMULATION_202301181900_patch000,277760,0.48755427378063376,0.32171235608853427,-0.028373950617820585,0.9370621527223509,1.7626903229844384,1.200683806451201,1.3632350203137702,0.4867279412650343,0.04741143433179724,0.010509072580645162,0.0003204205069124424,0.9417590725806452
GMZ,RAD_OPERA_HOURLY_RAINFALL_ACCUMULATION_202301190000_patch000,276480,0.6513670522708819,0.48974334769796124,0.14750191815120353,0.9303955743404738,2.9394825701860237,2.2746660327721275,2.4058131910161893,0.634446389323616,1.0850694444444445e-05,0.0014467592592592592,0.0,0.9985423900462963
GMZ,RAD_OPERA_HOURLY_RAINFALL_ACCUMULATION_202301190300_patch000,349440,0.9158498847013059,0.6695605637242183,-0.015312582049967587,0.8842003385665277,3.5943924164847436,2.0832579199181116,2.4195519001322485,0.9157218661462433,0.0,0.0024210164835164836,0.0,0.9975789835164836
GMZ,RAD_OPERA_HOURLY_RAINFALL_ACCUMULATION_202301190300_patch001,365568,0.9053144443215149,0.502446650167968,-0.01531946498030925,0.8509116277970159,2.96750203921129,2.084929093896933,2.116535788009166,0.9051848192992912,0.40051919205182074,0.053358061974789914,0.01813342524509804,0.5279893207282913
GMZ,RAD_OPERA_HOURLY_RAINFALL_ACCUMULATION_202301190700_patch000,354816,0.618636024012128,0.4227859769493277,0.013038503325224346,0.9223165414441383,2.4557176230552775,1.741208282296564,1.907192688857635,0.618498607627028,0.050862982503607504,0.01548408189033189,0.001970035173160173,0.9316829004329005
GMZ,RAD_OPERA_HOURLY_RAINFALL_ACCUMULATION_202301190800_patch001,249600,1.1442938786586783,0.8110131635751695,0.11577182103333197,0.7524826891292308,2.885646768238029,1.1401618821695096,1.3649016421085953,1.138422314517046,0.0008894230769230769,0.009415064102564102,8.012820512820513e-05,0.9896153846153846
GMZ,RAD_OPERA_HOURLY_RAINFALL_ACCUMULATION_202301190800_patch002,253952,3.1467421965240088,1.7448228435187358,0.17792164430708957,0.8630671156151719,34.927763255891534,16.98300905289488,21.020220984457303,3.1417081882109623,0.040716355846774195,0.050686743951612906,0.006981634324596774,0.9016152658770161
GMZ,RAD_OPERA_HOURLY_RAINFALL_ACCUMULATION_202301190900_patch001,235008,0.8351914426997981,0.6346250160115333,0.024882709658049076,0.8634533235692676,2.3939472077044335,1.0809242918797435,1.3889729514325668,0.8348206973470671,0.0,0.0,0.0,1.0
GMZ,RAD_OPERA_HOURLY_RAINFALL_ACCUMULATION_202301192000_patch000,349184,0.7508227228961118,0.5453840542269854,0.1798073425333776,0.9100541830195472,3.027299363914012,2.181729374037628,2.3388123285817115,0.7289746777414262,0.04195782166422287,0.022208921370967742,0.0021192265395894427,0.9337140304252199
GMZ,RAD_OPERA_HOURLY_RAINFALL_ACCUMULATION_202301200400_patch000,261888,0.3112289264056379,0.20757156764178444,0.033038463209468,0.9217421009694505,0.5942338314622407,0.3975468240768422,0.44800437547936006,0.30947036139243217,0.0,0.0,0.0,1.0
GMZ,RAD_OPERA_HOURLY_RAINFALL_ACCUMULATION_202301200800_patch001,331520,0.5066076260992077,0.3546449242670519,0.04167125272023244,0.92370480654769,1.6131469660545812,1.078394274796299,1.2183132236661396,0.5048908728810625,0.001743484555984556,0.02237270752895753,0.0001870173745173745,0.9756967905405406
GMZ,RAD_OPERA_HOURLY_RAINFALL_ACCUMULATION_202301201300_patch000,166400,1.0445452310570191,0.7359609111515537,-0.09796339290362699,0.872033522103474,3.4980196346614756,1.2939189265423936,1.8552303239145482,1.0399413028506808,0.0015384615384615385,0.012013221153846154,0.0,0.9864483173076923
GMZ,RAD_OPERA_HOURLY_RAINFALL_ACCUMULATION_202301201600_patch002,160000,0.4805170148278712,0.3566218108662278,0.034255994159866486,0.9024063426161177,1.112326954311246,0.6390514204857147,0.7608276231968764,0.47929440681402463,0.0,0.0,0.0,1.0
GMZ,RAD_OPERA_HOURLY_RAINFALL_ACCUMULATION_202301210300_patch000,269824,3.435276835050811,1.5504606452912446,-0.1580833301108196,0.7758832792905377,27.544654792083577,10.050674383474758,12.909596290690274,3.431637596567824,0.04165307756166983,0.11916656783681215,0.0026165203984819733,0.836563834203036
GMZ,RAD_OPERA_HOURLY_RAINFALL_ACCUMULATION_202301210800_patch002,350208,2.722413241489391,1.25886449080738,-0.09221984275260171,0.8772225380854881,27.8696627274206,13.258741653235248,16.86268751130819,2.720850851854886,0.24594812225877194,0.09940663834064327,0.0015704952485380117,0.6530747441520468
GMZ,RAD_OPERA_HOURLY_RAINFALL_ACCUMULATION_202301210900_patch000,397824,3.041225791994316,1.4539486723441581,-0.05229106787176958,0.9096435418205567,47.7649992717249,27.92577326417722,33.22222628689492,3.040776210462106,0.31127584057271557,0.08484153796653797,0.0013875482625482626,0.6024950731981982
GMZ,RAD_OPERA_HOURLY_RAINFALL_ACCUMULATION_202301211500_patch000,206336,0.9989070501413082,0.7515837848005498,0.009055645362659829,0.8446933919891613,3.212561743840583,1.5273643666815837,1.8710964102065455,0.9988660020788954,0.02223073045905707,0.029287182071960297,0.0008481312034739454,0.9476339562655087
GMZ,RAD_OPERA_HOURLY_RAINFALL_ACCUMULATION_202301211800_patch000,179200,0.8793911489410753,0.6090621193675622,-0.14653892713840916,0.8167631822704674,2.0261617128539067,0.7823204025350166,1.0283134898599473,0.8670958053577635,0.0882421875,0.08854352678571428,0.007862723214285714,0.8153515625
GMZ,RAD_OPERA_HOURLY_RAINFALL_ACCUMULATION_202301211900_patch000,304384,1.0019400091427144,0.6992988997347412,-0.15188754837921567,0.8376063793992194,3.035391824603617,1.4052618508982146,1.7299198604667883,0.9903605174724275,0.05102764928511354,0.061803511354079056,0.0068794680403700586,0.8802893713204374
GMZ,RAD_OPERA_HOURLY_RAINFALL_ACCUMULATION_202301211900_patch001,268800,1.0889923069944185,0.7937386211797907,-0.19042242270159201,0.8189624402789556,3.188012180101132,1.3140033610630586,1.6761859977693543,1.0722143188866122,0.03334821428571429,0.047287946428571426,0.013404017857142857,0.9059598214285715
GMZ,RAD_OPERA_HOURLY_RAINFALL_ACCUMULATION_202301212300_patch000,221184,0.913614728739795,0.6623657422501521,0.10503503752179807,0.8150511024944229,2.4329008468384385,1.8351932757161133,1.7222173045457343,0.9075568926866698,0.030409071180555556,0.029812282986111112,0.001808449074074074,0.9379701967592593
GMZ,RAD_OPERA_HOURLY_RAINFALL_ACCUMULATION_202301220000_patch001,286720,1.0435305040233578,0.7574440760411099,0.08468404935353525,0.8743935125403324,4.548990748463364,3.101371017445667,3.28428862064835,1.0400887099725347,0.017159598214285716,0.06722586495535714,0.0005615234375,0.9150530133928572
GMZ,RAD_OPERA_HOURLY_RAINFALL_ACCUMULATION_202301220100_patch001,193024,1.1165875446263385,0.734348605657827,0.05542919037220365,0.9134526284737442,6.972695999177497,4.4679124517656055,5.098456550636873,1.1152108991887397,0.15321410809018568,0.040777312665782495,0.0016163793103448276,0.804392199933687
GMZ,RAD_OPERA_HOURLY_RAINFALL_ACCUMULATION_202301221200_patch000,354816,1.077853229801404,0.7636351685299971,0.18045491632977406,0.9034120059035955,6.103874386331829,4.614545736005811,4.794608257085954,1.062639924040939,0.013384402056277056,0.023854617604617604,0.000597492784992785,0.9621634875541125
GMZ,RAD_OPERA_HOURLY_RAINFALL_ACCUMULATION_202301222100_patch000,186368,1.183797728151386,0.807198155477473,-0.15798273678755959,0.9250338995223432,7.8880033876569415,4.452416611751668,5.482000741677557,1.1732086413138523,0.20884486607142858,0.07945570054945054,0.0022804344093406595,0.7094189989697802
GMZ,RAD_OPERA_HOURLY_RAINFALL_ACCUMULATION_202301230100_patch000,238080,0.9079774459141114,0.645943124572113,0.14948509657201584,0.89730911004726,4.089612109187757,3.0345641407248944,3.161049500860542,0.8955876552250864,0.2285954301075269,0.06734711021505377,0.001310483870967742,0.7027469758064516
GMZ,RAD_OPERA_HOURLY_RAINFALL_ACCUMULATION_202301230600_patch003,268800,0.610440650784008,0.41551366598585837,-0.04102648909762251,0.9285374464864289,2.3542986389185776,1.4619427349655512,1.7226433792811013,0.609060436510143,0.00017485119047619047,0.014761904761904763,6.324404761904761e-05,0.985
GMZ,RAD_OPERA_HOURLY_RAINFALL_ACCUMULATION_202301231200_patch001,312576,0.4985124408377408,0.3664885125803939,0.04926999288816619,0.896541999260984,1.183047162880077,0.734456288624729,0.8357081650170018,0.49607168985016886,0.020801341113841115,0.024179719492219493,0.002533783783783784,0.9524851556101556
GMZ,RAD_OPERA_HOURLY_RAINFALL_ACCUMULATION_202301231200_patch002,329728,0.7421343195264751,0.5070909096321813,0.13366885833323594,0.9285301419869024,3.8563686164218782,3.1914269559894146,3.2574497939401894,0.7299972496735269,0.0003912315605590062,0.01249211471273292,3.0328027950310557e-06,0.9871136209239131
GMZ,RAD_OPERA_HOURLY_RAINFALL_ACCUMULATION_202301231200_patch003,272384,2.8914717620264527,1.7385453037967737,0.5622423204491209,0.7913588626433544,20.630063442778834,17.408006323685015,14.99678862138575,2.8362814605910227,0.014615395911654136,0.13470688439849623,0.0004001703477443609,0.8502775493421053
GMZ,RAD_OPERA_HOURLY_RAINFALL_ACCUMULATION_202301231300_patch001,306176,4.336854901505234,2.0864560405511763,-0.1041939499279355,0.8492934561460885,56.56465310379236,21.585164255135673,29.676181650709825,4.335603078870157,0.2453327497909699,0.13862614966555184,0.013897235576923076,0.6021438649665551
GMZ,RAD_OPERA_HOURLY_RAINFALL_ACCUMULATION_202301231400_patch002,335872,0.43152819720256597,0.2938803491509958,-0.032684741094805035,0.9008566510307066,0.9476010305382226,0.6334671000321492,0.6979599189449548,0.4302886155599079,0.0,0.0,0.0,1.0
GMZ,RAD_OPERA_HOURLY_RAINFALL_ACCUMULATION_202301231400_patch003,341504,0.43069618037156815,0.3276353643469315,0.04147541468864592,0.9030285674114086,0.9899112606603819,0.7487011142617572,0.7774166925795379,0.4286945179997794,0.0014699681409295353,0.013709941904047975,0.00014055472263868065,0.9846795352323838
GMZ,RAD_OPERA_HOURLY_RAINFALL_ACCUMULATION_202301231600_patch001,301568,0.8357805802705001,0.5880598784219296,0.03733737591333814,0.9301166672828516,4.5205301553478,2.8289521206015626,3.3261735886160815,0.8349461651610839,0.0011009125636672326,0.015021487691001699,0.0001956441001697793,0.9836819556451613
GMZ,RAD_OPERA_HOURLY_RAINFALL_ACCUMULATION_202301231700_patch000,291840,0.8691136003109546,0.6269539601226812,0.08255910725355249,0.9157667352755663,4.0132486157959875,2.300943321050312,2.782824746395667,0.8651834742151322,0.03896655701754386,0.052083333333333336,0.0005653782894736842,0.9083847313596491
GMZ,RAD_OPERA_HOURLY_RAINFALL_ACCUMULATION_202301231900_patch000,330240,0.8206553517488526,0.5886692103348984,0.14688946857802995,0.9350855865501289,4.667671273419754,3.1122883685419915,3.564030475793424,0.8074024339664185,0.18795421511627908,0.06865310077519379,0.0041212451550387596,0.7392714389534883
GMZ,RAD_OPERA_HOURLY_RAINFALL_ACCUMULATION_202301240500_patch000,494592,4.961294437707,2.165904215869672,0.7849352356661606,0.8333493172483875,78.37198171882613,57.89052673074747,56.13209463807075,4.898807933919447,0.1076463024068323,0.050825731107660456,0.004923249870600414,0.8366047166149069
GMZ,RAD_OPERA_HOURLY_RAINFALL_ACCUMULATION_202301240700_patch000,193024,0.5696602541744619,0.4283769882633029,0.002127918997639752,0.9162011496923462,1.6698463359283904,0.8958822722654788,1.1206101655235088,0.5696562798274518,0.0,0.006538047082228117,0.0,0.9934619529177718
GMZ,RAD_OPERA_HOURLY_RAINFALL_ACCUMULATION_202301241500_patch000,433152,1.3501371993249356,0.8131037852132811,-0.09759133586773923,0.836222481158648,5.877598213343384,3.2883855295808795,3.6763186773798657,1.3466055057679405,0.13987468602245862,0.06340499408983452,0.010181183510638297,0.7865391363770685
GMZ,RAD_OPERA_HOURLY_RAINFALL_ACCUMULATION_202301241500_patch001,235008,1.6222693028270563,1.1035461146682406,-0.12267640173255329,0.8706595169032818,9.556716264897508,4.578698349754372,5.759353211649472,1.6176242429417707,0.0072508169934640525,0.034926470588235295,0.00047657952069716776,0.9573461328976035
GMZ,RAD_OPERA_HOURLY_RAINFALL_ACCUMULATION_202301241700_patch000,229376,0.9464368333671037,0.7076309187993522,0.12392829805769648,0.7331252571536695,1.8780420824092592,0.8034294219388182,0.9005435239268021,0.9382880455885992,0.006818498883928571,0.037540980747767856,0.00079345703125,0.9548470633370536
GMZ,RAD_OPERA_HOURLY_RAINFALL_ACCUMULATION_202301241700_patch002,186368,1.1158187857822066,0.7711637647483991,0.014171426414234335,0.8704049833890014,4.992635297369451,3.092950526644251,3.4203675453179185,1.1157287902433386,0.05419921875,0.021028288118131868,0.013205056662087912,0.9115674364697802
GMZ,RAD_OPERA_HOURLY_RAINFALL_ACCUMULATION_202301241900_patch001,185600,0.7334359634697507,0.531508506407094,-0.0358983986597962,0.9072443210603075,2.932313169231306,2.0158571339622795,2.2057653428545607,0.7325569039224624,0.011363146551724138,0.033464439655172415,0.00015625,0.9550161637931035
GMZ,RAD_OPERA_HOURLY_RAINFALL_ACCUMULATION_202301242200_patch001,329728,1.4140458168318737,0.8991482412423657,0.15002920081214058,0.8109785695403836,5.744040852233052,3.3854367468228355,3.576230394026248,1.4060642983176095,0.2229595302795031,0.0830381405279503,0.014054008152173914,0.6799483210403726
GMZ,RAD_OPERA_HOURLY_RAINFALL_ACCUMULATION_202301250200_patch000,236544,0.5097520648499032,0.36796955997304526,0.028371444555345533,0.9278409428632217,1.8605524761184593,1.639368722176375,1.6204394847711254,0.5089619128702882,0.13164569805194806,0.04920014880952381,0.00010991612554112555,0.819044237012987
GMZ,RAD_OPERA_HOURLY_RAINFALL_ACCUMULATION_202301250200_patch001,461824,0.8975300203607365,0.5616229098810949,0.06163913307305694,0.9434153378608263,7.102443023451587,5.618256358028516,5.959469313378678,0.8954109418154025,0.3867923711197339,0.10160147588691797,0.0019964315410199557,0.5096097214523282
GMZ,RAD_OPERA_HOURLY_RAINFALL_ACCUMULATION_202301250300_patch000,258048,0.3823854201156852,0.2849406607930474,0.04351329274944301,0.914597161289668,0.8463977065576301,0.5843506113105744,0.6432115574985271,0.37990156997721175,0.0,0.0,0.0,1.0
GMZ,RAD_OPERA_HOURLY_RAINFALL_ACCUMULATION_202301250500_patch000,376832,1.4477733256169054,0.9377628538226762,-0.10042719945199698,0.8304292214844942,6.413795965297926,3.220425943990654,3.774129964655259,1.444285975829601,0.053376570991847824,0.05165962550951087,0.002348526664402174,0.8926152768342391
GMZ,RAD_OPERA_HOURLY_RAINFALL_ACCUMULATION_202301251000_patch001,232960,0.4490857522556375,0.3237073666916322,0.06121076302446483,0.9597644504018469,2.4969475841948108,2.203213873091959,2.2511151009588977,0.444894656485077,0.18424622252747253,0.039551854395604394,0.001038804945054945,0.7751631181318681
GMZ,RAD_OPERA_HOURLY_RAINFALL_ACCUMULATION_202301251300_patch000,200448,0.4858884575591934,0.3654873375674107,0.06895011812083064,0.9479958652948524,1.6508663943650703,0.9309813360586625,1.1752571280116786,0.4809713862594901,0.027004509897828863,0.027678001277139208,9.977650063856961e-06,0.945307511174968
GMZ,RAD_OPERA_HOURLY_RAINFALL_ACCUMULATION_202301251600_patch002,199680,0.6378728944196419,0.4496163251387931,0.0033223965382851188,0.9044246286799273,2.155910080952638,1.4585793983066138,1.6038093440713592,0.6378642419171449,0.13912259615384615,0.03442508012820513,0.013496594551282052,0.8129557291666667
GMZ,RAD_OPERA_HOURLY_RAINFALL_ACCUMULATION_202301252100_patch000,312576,0.40627949840871347,0.29237352037962894,0.1025541697183172,0.957186384044646,1.77909480623783,1.446671520929245,1.5356103270332264,0.39312297452657535,0.05065328112203112,0.026518350737100738,0.0008126023751023751,0.9220157657657657
GMZ,RAD_OPERA_HOURLY_RAINFALL_ACCUMULATION_202301252200_patch000,186368,0.5353309425768392,0.3683249734228519,-0.012682796016043885,0.9366654652719062,2.046232767315117,1.3262615335466132,1.5430379680481539,0.5351806842230226,0.017942994505494504,0.06344436813186813,9.121737637362637e-05,0.9185214199862637
GMZ,RAD_OPERA_HOURLY_RAINFALL_ACCUMULATION_202301260000_patch000,199680,7.27009665162743,3.5289982460806124,1.5515078623790626,0.6946989573134447,90.73277864923094,72.05954942135274,56.17259969680168,7.102614214286196,0.25517828525641023,0.2058643830128205,0.0009715544871794872,0.5379857772435898
GMZ,RAD_OPERA_HOURLY_RAINFALL_ACCUMULATION_202301260200_patch000,230144,1.0119691589056325,0.6967958556179857,0.0924280918583569,0.9226629721976837,6.466627323160726,4.46866199455652,4.959875345652823,1.007739364325715,0.17610278781979977,0.0786594479977753,0.004957765572858732,0.7402799986095662
GMZ,RAD_OPERA_HOURLY_RAINFALL_ACCUMULATION_202301260200_patch001,237568,0.603311890477344,0.43315111181400434,-0.07758869559435855,0.8919796131007763,1.6971454088925977,1.1163860693459589,1.2277831233656218,0.5983019567971617,0.006541285021551724,0.03609492860991379,0.00045460668103448275,0.9569091796875
GMZ,RAD_OPERA_HOURLY_RAINFALL_ACCUMULATION_202301260600_patch000,166400,5.350128924344324,3.1085414227303003,1.3924738299968384,0.7662504249095495,62.75137105092863,48.3245217038324,42.195498307440666,5.165742554549123,0.07778245192307692,0.12615384615384614,0.001328125,0.794735576923077
GMZ,RAD_OPERA_HOURLY_RAINFALL_ACCUMULATION_202301260800_patch001,311808,0.7184900191057737,0.49943928583255803,-0.07534408485485064,0.7906798389759998,1.337778001060567,0.6708111659667911,0.7490189952976791,0.714528639336451,7.055623973727422e-05,0.005189090722495895,9.621305418719212e-06,0.9947307317323482
GMZ,RAD_OPERA_HOURLY_RAINFALL_ACCUMULATION_202301260900_patch000,185600,0.8418653240797446,0.6270311049428059,0.2615262402570974,0.8360338550655071,2.061711139194065,1.1239990199958025,1.2726844548224936,0.8002132525426459,0.0,0.003701508620689655,3.771551724137931e-05,0.996260775862069
GMZ,RAD_OPERA_HOURLY_RAINFALL_ACCUMULATION_202301260900_patch001,272384,0.7065129444175455,0.5049250648494945,-0.050704080563985746,0.8739239634599861,1.83210938914287,0.8657065099612351,1.100613131130197,0.7046911641589602,0.00975093984962406,0.03592722039473684,8.076832706766917e-05,0.9542410714285714
GMZ,RAD_OPERA_HOURLY_RAINFALL_ACCUMULATION_202301270400_patch000,224000,1.1243262324766181,0.7436652806081637,0.006309914835018828,0.8423842890960219,4.275618214095756,2.534202420471609,2.772875486278762,1.1243085261661239,0.12997767857142858,0.0886875,0.006821428571428571,0.7745133928571428
GMZ,RAD_OPERA_HOURLY_RAINFALL_ACCUMULATION_202301270700_patch000,385280,2.131865735740526,1.1546567813179007,-0.019636245366062257,0.8884763524931661,18.550969446440156,9.170824883263352,11.588664198305546,2.1317753007980036,0.2001998546511628,0.12918397009966778,0.004895141196013289,0.6657210340531562
GMZ,RAD_OPERA_HOURLY_RAINFALL_ACCUMULATION_202301270800_patch000,166400,0.3135855540811251,0.20590288800426165,0.07782262376857364,0.8516400316404255,0.29533724061420197,0.12762095523517553,0.1653393284456181,0.3037754745830237,0.0,0.0,0.0,1.0
GMZ,RAD_OPERA_HOURLY_RAINFALL_ACCUMULATION_202301270900_patch000,312576,1.1327436168890863,0.8292015569695218,0.05001929560396361,0.833890682256293,4.1737425036185964,2.5851311675121282,2.739133749730236,1.1316387107510295,0.013695869164619165,0.07403959357084357,0.0015932125307125307,0.9106713247338247
GMZ,RAD_OPERA_HOURLY_RAINFALL_ACCUMULATION_202301271000_patch001,261888,2.5870540384205905,1.3786582551359134,-0.1046332535562425,0.8649529194291584,24.143236716831044,12.072818298453427,14.767077267662975,2.5849372294039403,0.08908006476050831,0.10240637218963831,0.006140029325513196,0.8023735337243402
GMZ,RAD_OPERA_HOURLY_RAINFALL_ACCUMULATION_202301271800_patch000,312576,0.27313360960576966,0.18803399045211872,-0.0012996559067600796,0.9377906980617793,0.542592791772456,0.35392132614284044,0.41095691916224775,0.27313051750179984,0.0,0.0,0.0,1.0
GMZ,RAD_OPERA_HOURLY_RAINFALL_ACCUMULATION_202301272100_patch001,222208,2.6989885014564345,1.5392288470643392,0.09624398443934808,0.8553351648889782,25.901361316404063,14.322367979659559,16.474226634805166,2.6972719600465376,0.18263518865207373,0.10962251584101383,0.0018406177995391705,0.7059016777073732
GMZ,RAD_OPERA_HOURLY_RAINFALL_ACCUMULATION_202301272300_patch000,236800,0.7092824719798887,0.5063049926585542,-0.05256019262908574,0.9023430304941205,2.4631703250810824,1.4628825554564693,1.7128669146644284,0.707332348481741,0.043944256756756755,0.013918918918918919,0.0010430743243243243,0.94109375
GMZ,RAD_OPERA_HOURLY_RAINFALL_ACCUMULATION_202301272300_patch002,322560,1.7613980196656729,1.1685236762899869,0.11274247452495123,0.8943866519917588,14.613834454836178,9.07004889351058,10.297035615113307,1.7577861411787683,0.0030598958333333333,0.016896081349206348,0.003252108134920635,0.9767919146825397
GMZ,RAD_OPERA_HOURLY_RAINFALL_ACCUMULATION_202301280000_patch001,207360,0.8554780614175694,0.6189263060676528,0.10666287729889368,0.9180983614338282,3.999393506497799,2.3483933872038714,2.813660574764293,0.8488025354421864,0.01905864197530864,0.045717592592592594,0.0002507716049382716,0.9349729938271605
GMZ,RAD_OPERA_HOURLY_RAINFALL_ACCUMULATION_202301280700_patch000,286720,2.6667287141118035,1.497335456600812,0.25194538834431374,0.8719293166724399,29.03443330398368,19.385104219882226,20.685785983952744,2.6548004738511755,0.01630859375,0.021602957589285713,0.0011125837053571428,0.9609758649553571
GMZ,RAD_OPERA_HOURLY_RAINFALL_ACCUMULATION_202301280800_patch000,198400,2.6185518898041207,1.521991453153442,0.8038079745744053,0.8845446739219438,27.863142115830293,25.544094960697358,23.598265168460166,2.492128957258698,0.0,0.0,0.0,1.0
GMZ,RAD_OPERA_HOURLY_RAINFALL_ACCUMULATION_202301280900_patch000,236800,0.9781431368751548,0.6286495191739346,0.09558499372152651,0.9055296149054973,5.237337492836444,4.011537154346595,4.150623570995908,0.9734616095107315,0.2989738175675676,0.0349535472972973,0.0037837837837837837,0.6622888513513514
GMZ,RAD_OPERA_HOURLY_RAINFALL_ACCUMULATION_202301281000_patch001,211200,2.942197439068251,1.5647962769829302,-0.7157616453277862,0.9250423025497541,34.8615290299946,13.669211148677682,20.193264570567422,2.853806412063971,0.06812026515151515,0.04486268939393939,0.004767992424242425,0.882249053030303
GMZ,RAD_OPERA_HOURLY_RAINFALL_ACCUMULATION_202301281900_patch000,274688,0.6613859986267758,0.44604126042570413,0.06968734056125131,0.9161769862521382,2.477361060786308,1.5771633849401023,1.8109746659906865,0.6577044273418248,0.0,0.0007062558247903076,0.0,0.9992937441752097
GMZ,RAD_OPERA_HOURLY_RAINFALL_ACCUMULATION_202301282100_patch000,239616,0.6485321708860978,0.4861832962805402,0.10570298710860696,0.8294934594117614,1.2381901473932473,0.5940767270688736,0.7114230096357843,0.6398600278112023,0.00037977430555555556,0.003856169871794872,0.00021284054487179487,0.9955512152777778
GMZ,RAD_OPERA_HOURLY_RAINFALL_ACCUMULATION_202301282200_patch000,317440,5.098291675976344,2.5426445851321753,-0.13395422900484172,0.828481051225637,76.73795213797683,34.529199002122525,42.646258431118994,5.096531592942537,0.04635206653225806,0.08315902217741936,0.0029895413306451615,0.8674993699596775
GMZ,RAD_OPERA_HOURLY_RAINFALL_ACCUMULATION_202301282200_patch001,450560,1.7445166869732625,1.0813386788419115,0.13139142384456545,0.9588216140472225,36.905733997139116,31.39361343961696,32.6366363359439,1.7395616588291043,0.2213711825284091,0.09607377485795454,0.009559215198863637,0.6729958274147727
GMZ,RAD_OPERA_HOURLY_RAINFALL_ACCUMULATION_202301290800_patch000,303104,0.5218519199125153,0.3698444916320604,0.15246169193956363,0.7672168279001857,0.5992703817547332,0.2952242634540996,0.3227048932007644,0.4990840197875543,0.0,0.0,0.0,1.0
GMZ,RAD_OPERA_HOURLY_RAINFALL_ACCUMULATION_202301291100_patch000,166400,1.1779380250036426,0.7678126004541461,-0.22125396965042293,0.8863076665461187,4.830157755722127,1.9535588007495321,2.722565942404124,1.1569722000391418,0.00010216346153846153,0.0037079326923076922,6.009615384615385e-05,0.9961298076923077
GMZ,RAD_OPERA_HOURLY_RAINFALL_ACCUMULATION_202301291700_patch000,266240,0.3166338298447743,0.23406168017510665,0.053675574046692986,0.9478448935931003,0.9575140360368515,0.8790773523316013,0.8696077367077626,0.3120511415664546,0.01888897235576923,0.016879507211538462,0.003136268028846154,0.9610952524038462
GMZ,RAD_OPERA_HOURLY_RAINFALL_ACCUMULATION_202301291900_patch000,495616,0.710020891545743,0.5289303982981212,0.05104762751825553,0.9402265319296027,4.109712847038261,3.056407179829006,3.332298110355549,0.7081834551556321,0.0,0.006186240960743801,0.0,0.9938137590392562
GMZ,RAD_OPERA_HOURLY_RAINFALL_ACCUMULATION_202301292200_patch002,166400,0.49521445772765205,0.3745089985247278,-0.02390060077117454,0.9106686344161476,1.160714470095825,0.5857794433283989,0.7509138964994773,0.49463736254479346,0.0028485576923076923,0.018780048076923076,0.00015625,0.9782151442307693
GMZ,RAD_OPERA_HOURLY_RAINFALL_ACCUMULATION_202301292300_patch001,186368,0.5770148821060936,0.4244930546488971,0.032292545512701325,0.901263291251367,1.717612539117084,1.1748057853175145,1.2802574793791894,0.5761105498740838,0.0,0.0,1.0731456043956045e-05,0.9999892685439561
GMZ,RAD_OPERA_HOURLY_RAINFALL_ACCUMULATION_202301292300_patch003,173056,0.23798039456140618,0.17971835482317242,-0.024608996501499048,0.9390558875330255,0.402126237331252,0.25325822660425373,0.299677699224357,0.23670459540700045,0.0,0.0,0.0,1.0
GMZ,RAD_OPERA_HOURLY_RAINFALL_ACCUMULATION_202301300000_patch001,207872,0.3181070459706923,0.2329596729578296,-0.023197317011693128,0.9111803812510882,0.5407175109944128,0.33161242315050143,0.38583797848262746,0.31726010965713786,0.0,0.0,0.0,1.0
GMZ,RAD_OPERA_HOURLY_RAINFALL_ACCUMULATION_202301300200_patch001,391680,0.3209443927235008,0.2295535958404113,-0.02019793944557453,0.9082950942496065,0.5704246107106009,0.40112410001086934,0.4344756821293304,0.32030820542535215,0.0,0.0,0.0,1.0
GMZ,RAD_OPERA_HOURLY_RAINFALL_ACCUMULATION_202301301000_patch000,371712,0.5272819039076492,0.37546079140286925,0.07710038139486157,0.8964244982239704,1.2637963729443076,0.7281844621063118,0.8599495488366886,0.5216145486633231,0.0,0.004672972623966942,0.0,0.9953270273760331
GMZ,RAD_OPERA_HOURLY_RAINFALL_ACCUMULATION_202301302200_patch000,239616,1.4852327775424048,1.0057345315969115,-0.071613415517196,0.8049095944919693,5.948336024655221,2.6802297699496997,3.2138889362003162,1.4835052821625843,0.054929553952991456,0.058468549679487176,0.002921340811965812,0.8836805555555556
GMZ,RAD_OPERA_HOURLY_RAINFALL_ACCUMULATION_202301302200_patch001,367360,0.6473868036938241,0.48057191474512634,-0.006791803093650509,0.8621094396391867,1.6065802750773213,1.0237858432813467,1.1056512866755124,0.6473511759529312,0.0,0.010776894599303135,1.9054878048780488e-05,0.989204050522648
GMZ,RAD_OPERA_HOURLY_RAINFALL_ACCUMULATION_202301302200_patch002,294912,1.4478841140542646,0.9304922269192026,0.15139314194400358,0.796121228228259,5.651092091182291,3.344321693380422,3.4609826301298434,1.4399474033113244,0.21361287434895834,0.12746175130208334,0.006686740451388889,0.6522386338975694
GMZ,RAD_OPERA_HOURLY_RAINFALL_ACCUMULATION_202301310000_patch001,230400,0.826535658200174,0.605866299734744,-0.04064027129947188,0.8083929333990199,1.8866958681376096,0.8906601074316299,1.0479232064720696,0.8255359244909336,8.246527777777778e-05,0.020941840277777776,8.680555555555556e-06,0.9789670138888888
GMZ,RAD_OPERA_HOURLY_RAINFALL_ACCUMULATION_202301310200_patch000,173056,1.0194561244187388,0.7763241475047077,0.28977006912837705,0.814230796752282,2.832819424185654,1.8124253597544189,1.844960343643931,0.9774068224911316,0.006662583210059172,0.014365292159763314,8.089866863905326e-05,0.9788912259615384
GMZ,RAD_OPERA_HOURLY_RAINFALL_ACCUMULATION_202301310900_patch000,235008,0.7716666433013699,0.6022375442803882,0.05489188452689477,0.8723414043316854,2.355802869611127,1.3631587815732782,1.5632526808936578,0.7697118223056534,0.03178615196078431,0.062240434368191724,0.00034041394335511985,0.9056329997276689
GMZ,RAD_OPERA_HOURLY_RAINFALL_ACCUMULATION_202301311600_patch000,259584,0.49618711348902894,0.3574949843459345,0.053366574737855145,0.9182747050289061,1.5512759544307506,1.2795125468902238,1.2937174205138255,0.4933088893313432,0.003956330128205128,0.023580035749506904,0.00044301651873767257,0.9720206176035503
GMZ,RAD_OPERA_HOURLY_RAINFALL_ACCUMULATION_202301312000_patch001,199680,0.6560504408863758,0.4510511947741864,-0.10582038626344324,0.7438779598681466,0.9150624447126362,0.37104820851794085,0.43345321319615665,0.6474598264280678,0.0005759214743589744,0.008037860576923076,0.0001953125,0.9911909054487179
Roy DCT (ILDW),RAD_OPERA_HOURLY_RAINFALL_ACCUMULATION_202301180600_patch000,215040,1.0762523889554425,0.7508135741922206,0.1520469446320458,0.8103558477081096,3.27281592036694,1.8454147098414042,1.991514849423994,1.0654580852198534,0.0008649553571428571,0.03160807291666667,0.0002883184523809524,0.9672386532738095
Roy DCT (ILDW),RAD_OPERA_HOURLY_RAINFALL_ACCUMULATION_202301180900_patch002,192000,1.3554194498421694,0.7999502756439096,-0.10307547543019287,0.8023133431374683,5.0953568524250965,2.909470234348443,3.089144877699125,1.3514944807047085,0.11032291666666667,0.018010416666666668,0.004734375,0.8669322916666666
Roy DCT (ILDW),RAD_OPERA_HOURLY_RAINFALL_ACCUMULATION_202301181200_patch003,204800,0.9421439516058574,0.6423139094057051,0.2552021245626788,0.8821283311589422,3.702674165373345,2.7712443590473645,2.8257057116272573,0.9069217723520563,0.0503369140625,0.0433203125,0.0005126953125,0.905830078125
Roy DCT (ILDW),RAD_OPERA_HOURLY_RAINFALL_ACCUMULATION_202301181300_patch002,207360,0.5494287138009044,0.32003517481061194,0.011089308995573414,0.837056286085255,0.9771221110578717,0.5346462602282375,0.6050097162555963,0.5493167927297662,0.0,0.0,0.0,1.0
Roy DCT (ILDW),RAD_OPERA_HOURLY_RAINFALL_ACCUMULATION_202301181900_patch000,277760,0.46490986001750617,0.2994860906478522,-0.032645344273552486,0.9432503914988216,1.7626903229844384,1.2287388738685465,1.3881768687071132,0.463762287641803,0.04940596198156682,0.008514544930875577,0.0004428283410138249,0.9416366647465437
Roy DCT (ILDW),RAD_OPERA_HOURLY_RAINFALL_ACCUMULATION_202301190000_patch000,276480,0.6155171918410332,0.4487808642837168,0.14679741177958283,0.9378853779728966,2.9394825701860237,2.399327781373123,2.4907492091062293,0.5977557472301599,7.2337962962962966e-06,0.0014503761574074074,2.8935185185185186e-05,0.9985134548611111
Roy DCT (ILDW),RAD_OPERA_HOURLY_RAINFALL_ACCUMULATION_202301190300_patch000,349440,0.8917301185238586,0.6323059257825735,-0.03975051956957222,0.8895858550186351,3.5943924164847436,2.1831825213760645,2.4919862186921424,0.8908437014855771,0.0,0.0024210164835164836,0.0,0.9975789835164836
Roy DCT (ILDW),RAD_OPERA_HOURLY_RAINFALL_ACCUMULATION_202301190300_patch001,365568,0.8386011954048282,0.4625840829288965,-0.04395452545403639,0.8743645784709239,2.96750203921129,2.120193775511924,2.193187925048348,0.8374484847598195,0.41228991596638653,0.04158733806022409,0.021383162640056023,0.5247395833333334
Roy DCT (ILDW),RAD_OPERA_HOURLY_RAINFALL_ACCUMULATION_202301190700_patch000,354816,0.5752411639818523,0.38623916192525826,0.007598627612600861,0.9323925741855538,2.4557176230552775,1.852399615574802,1.9886362905162391,0.5751909748923407,0.05079534181096681,0.015551722582972582,0.0018601190476190475,0.9317928165584416
Roy DCT (ILDW),RAD_OPERA_HOURLY_RAINFALL_ACCUMULATION_202301190800_patch001,249600,1.0857652930516497,0.7532603912390963,0.07407999955969266,0.7767818813000843,2.885646768238029,1.321278100724905,1.516763221851082,1.0832351661854276,0.0016746794871794872,0.008629807692307692,0.00016025641025641026,0.9895352564102564
Roy DCT (ILDW),RAD_OPERA_HOURLY_RAINFALL_ACCUMULATION_202301190800_patch002,253952,2.9116116612753085,1.6191086356548365,0.30260490329162515,0.8769948484525235,34.927763255891534,21.305144673417995,23.923497595365646,2.8958440459697115,0.03296685987903226,0.058436239919354836,0.005375031502016129,0.9032218686995968
Roy DCT (ILDW),RAD_OPERA_HOURLY_RAINFALL_ACCUMULATION_202301190900_patch001,235008,0.7935070904016367,0.5742714703744114,-0.012057545799943638,0.8700972084805986,2.3939472077044335,1.2707729468691418,1.5176060182333109,0.7934154763470103,0.0,0.0,0.0,1.0
Roy DCT (ILDW),RAD_OPERA_HOURLY_RAINFALL_ACCUMULATION_202301192000_patch000,349184,0.7170163585582325,0.5047456788004447,0.1547936057489996,0.9169201217988743,3.027299363914012,2.2672658416524154,2.4022069037535476,0.7001081331189712,0.0397584081744868,0.02440833486070381,0.001394680168621701,0.9344385767961877
Roy DCT (ILDW),RAD_OPERA_HOURLY_RAINFALL_ACCUMULATION_202301200400_patch000,261888,0.2858453550152771,0.18828547287130357,0.022200203067570628,0.9331459462867204,0.5942338314622407,0.42624126907018484,0.46963019128242856,0.28498196077571014,0.0,0.0,0.0,1.0
Roy DCT (ILDW),RAD_OPERA_HOURLY_RAINFALL_ACCUMULATION_202301200800_patch001,331520,0.4907265217724945,0.33960706990068407,0.034533375792816234,0.9276427052158174,1.6131469660545812,1.1178494057066675,1.2456882033169832,0.48950992342064187,0.0035503137065637067,0.02056587837837838,0.0003046573359073359,0.9755791505791506
Roy DCT (ILDW),RAD_OPERA_HOURLY_RAINFALL_ACCUMULATION_202301201300_patch000,166400,0.98960634142213,0.6781195100366998,-0.13218476008586894,0.880820366444848,3.4980196346614756,1.5025770418380195,2.0193743881577797,0.9807384463678044,0.002145432692307692,0.01140625,0.0,0.9864483173076923
Roy DCT (ILDW),RAD_OPERA_HOURLY_RAINFALL_ACCUMULATION_202301201600_patch002,160000,0.4532363002872102,0.3233447690493567,0.010146029783334665,0.912329921700445,1.112326954311246,0.6805740677338066,0.7937904100336893,0.4531227228661942,0.0,0.0,0.0,1.0
Roy DCT (ILDW),RAD_OPERA_HOURLY_RAINFALL_ACCUMULATION_202301210300_patch000,269824,3.3976177223700303,1.4988601982702194,-0.1634432152765112,0.7759958485343964,27.544654792083577,11.055642456875235,13.541602373107912,3.3936842078695224,0.051389053605313095,0.10943059179316889,0.004147147770398482,0.8350332068311196
Roy DCT (ILDW),RAD_OPERA_HOURLY_RAINFALL_ACCUMULATION_202301210800_patch002,350208,2.5752389844062686,1.1596580068804514,-0.1587442765391051,0.8919169657471525,27.8696627274206,14.106207293574855,17.684606969761774,2.570341627385727,0.2531067251461988,0.09224803545321637,0.003146701388888889,0.6514985380116959
Roy DCT (ILDW),RAD_OPERA_HOURLY_RAINFALL_ACCUMULATION_202301210900_patch000,397824,3.039322406058538,1.3719753579141671,-0.08535401349331107,0.9053496503005609,47.7649992717249,29.94404106291597,34.239422477145425,3.038123661135281,0.3230700008043758,0.07304737773487774,0.003994228603603604,0.5998883928571429
Roy DCT (ILDW),RAD_OPERA_HOURLY_RAINFALL_ACCUMULATION_202301211500_patch000,206336,0.975047044986467,0.7117361353310271,0.005779192064271402,0.8465049750085334,3.212561743840583,1.7341490405518538,1.9980137217582554,0.9750299179388937,0.022366431451612902,0.029151481079404466,0.0011728442928039702,0.9473092431761787
Roy DCT (ILDW),RAD_OPERA_HOURLY_RAINFALL_ACCUMULATION_202301211800_patch000,179200,0.8549134834841212,0.5854066248754654,-0.13726156242740858,0.8193131417645446,2.0261617128539067,0.9059190975262246,1.1100222413285947,0.8438224503548963,0.09529017857142857,0.08149553571428571,0.009073660714285715,0.814140625
Roy DCT (ILDW),RAD_OPERA_HOURLY_RAINFALL_ACCUMULATION_202301211900_patch000,304384,0.9693749134462856,0.6631968694999046,-0.16478907919967198,0.8492833054141232,3.035391824603617,1.4926719513795634,1.807765746893831,0.9552655558511035,0.05737818019343986,0.05545298044575273,0.008256018713204373,0.878912820647603
Roy DCT (ILDW),RAD_OPERA_HOURLY_RAINFALL_ACCUMULATION_202301211900_patch001,268800,1.0591440580514269,0.7472229755861712,-0.2174941013853067,0.8284255465999482,3.188012180101132,1.455521665114366,1.7845256968236283,1.0365724536028547,0.03453869047619047,0.04609747023809524,0.010952380952380953,0.9084114583333334
Roy DCT (ILDW),RAD_OPERA_HOURLY_RAINFALL_ACCUMULATION_202301212300_patch000,221184,0.8730511011762067,0.6221039457637271,0.08148537479991987,0.8316273652762253,2.4329008468384385,1.8764267984415386,1.7768746431606368,0.8692401043202642,0.03139015480324074,0.028831199363425927,0.0037887008101851853,0.9359899450231481
Roy DCT (ILDW),RAD_OPERA_HOURLY_RAINFALL_ACCUMULATION_202301220000_patch001,286720,1.0130738319085264,0.7106307401998065,0.06719398590254218,0.8808736981390927,4.548990748463364,3.342550961695451,3.4348690765012306,1.0108429933260428,0.03023158482142857,0.054153878348214286,0.002162388392857143,0.9134521484375
Roy DCT (ILDW),RAD_OPERA_HOURLY_RAINFALL_ACCUMULATION_202301220100_patch001,193024,1.0382415971946746,0.6694930115878457,0.028096529407859765,0.9248106644326771,6.972695999177497,4.757697070013205,5.32661843500506,1.0378613583617913,0.16446659482758622,0.029524825928381963,0.002217340848806366,0.8037912383952255
Roy DCT (ILDW),RAD_OPERA_HOURLY_RAINFALL_ACCUMULATION_202301221200_patch000,354816,1.0113469494938572,0.7004680949098148,0.1450523988445269,0.9144804087481093,6.103874386331829,4.884553721920874,4.993322827206361,1.0008908301308284,0.014740034271284272,0.022498985389610388,0.000496031746031746,0.9622649485930735
Roy DCT (ILDW),RAD_OPERA_HOURLY_RAINFALL_ACCUMULATION_202301222100_patch000,186368,1.1420186746992749,0.745910085119784,-0.2136492695040828,0.9303740922754923,7.8880033876569415,4.698535734900673,5.663989239777678,1.1218558922616846,0.23028631524725274,0.058014251373626376,0.003675523695054945,0.7080239096840659
Roy DCT (ILDW),RAD_OPERA_HOURLY_RAINFALL_ACCUMULATION_202301230100_patch000,238080,0.8961595386880717,0.618431898100612,0.10256618354173296,0.898768420752513,4.089612109187757,3.017039949932515,3.157034981172486,0.8902707996869835,0.23025453629032258,0.06568800403225807,0.0024193548387096775,0.7016381048387097
Roy DCT (ILDW),RAD_OPERA_HOURLY_RAINFALL_ACCUMULATION_202301230600_patch003,268800,0.5961926428003501,0.38846285686139537,-0.0660720598935314,0.9324679412587343,2.3542986389185776,1.491776300956141,1.7474973948220136,0.5925201686277788,0.000390625,0.014546130952380953,0.0001525297619047619,0.9849107142857143
Roy DCT (ILDW),RAD_OPERA_HOURLY_RAINFALL_ACCUMULATION_202301231200_patch001,312576,0.48592277893170316,0.34902530244101665,0.05759085643777864,0.9021827233704456,1.183047162880077,0.7546133104555401,0.8524281164980726,0.4824979174457358,0.02172911547911548,0.023251945126945128,0.0023162366912366913,0.9527027027027027
Roy DCT (ILDW),RAD_OPERA_HOURLY_RAINFALL_ACCUMULATION_202301231200_patch002,329728,0.7010376539922734,0.46956302428422714,0.14527271411731452,0.9370825621899126,3.8563686164218782,3.4555534040217637,3.4207861947978313,0.6858204071387634,0.002165421195652174,0.010717925077639752,0.0002911490683229814,0.9868255046583851
Roy DCT (ILDW),RAD_OPERA_HOURLY_RAINFALL_ACCUMULATION_202301231200_patch003,272384,2.968523255683686,1.7132564341720702,0.6404233838268424,0.7965447425361296,20.630063442778834,20.66636509118957,16.447220162492876,2.8986183275799955,0.0279788827537594,0.12134339755639098,0.0029553865131578946,0.8477223331766918
Roy DCT (ILDW),RAD_OPERA_HOURLY_RAINFALL_ACCUMULATION_202301231300_patch001,306176,4.391791282588644,2.0334374128014923,-0.17547938627028845,0.8364875055689952,56.56465310379236,22.88752419811883,30.097569823547694,4.388284135606513,0.25126397888795987,0.13269492056856189,0.012839020693979934,0.6032020798494984
Roy DCT (ILDW),RAD_OPERA_HOURLY_RAINFALL_ACCUMULATION_202301231400_patch002,335872,0.41459550367257086,0.2751249968407715,-0.04954715418130321,0.9095391894544647,0.9476010305382226,0.6554161045336,0.7167913119468879,0.41162423541143306,0.0,0.0,0.0,1.0
Roy DCT (ILDW),RAD_OPERA_HOURLY_RAINFALL_ACCUMULATION_202301231400_patch003,341504,0.4116279600083234,0.3047484243549557,0.026966494773229453,0.911220560841721,0.9899112606603819,0.7731955988651582,0.7971982369526405,0.4107436982112559,0.001742292916041979,0.013437617128935533,0.0002723247751124438,0.98454776517991
Roy DCT (ILDW),RAD_OPERA_HOURLY_RAINFALL_ACCUMULATION_202301231600_patch001,301568,0.8138395312752847,0.5504618709054452,0.0050748348439160935,0.932274499159842,4.5205301553478,2.9453488304165303,3.401784978523324,0.8138237086234845,0.0018470129456706283,0.014275387308998301,0.00048413624787775893,0.9833934634974533
Roy DCT (ILDW),RAD_OPERA_HOURLY_RAINFALL_ACCUMULATION_202301231700_patch000,291840,0.8104562721373583,0.5607529645773545,0.07742184190210301,0.9241527348457448,4.0132486157959875,2.5476279767333154,2.9550156825430167,0.8067497923416339,0.044942434210526315,0.046107456140350875,0.0012335526315789473,0.9077165570175438
Roy DCT (ILDW),RAD_OPERA_HOURLY_RAINFALL_ACCUMULATION_202301231900_patch000,330240,0.7714089456265464,0.5374205839664807,0.11120339233689581,0.9417420977938874,4.667671273419754,3.2427195880187476,3.6638426472565375,0.7633515356147692,0.19011325096899226,0.06649406492248063,0.003975896317829458,0.7394167877906976
Roy DCT (ILDW),RAD_OPERA_HOURLY_RAINFALL_ACCUMULATION_202301240500_patch000,494592,4.684785944329928,2.022241529984536,0.7273186510189124,0.854795002288115,78.37198171882613,66.0105546940631,61.482154744408966,4.627983029795084,0.1104000873447205,0.048071946169772256,0.007319164078674948,0.8342088024068323
Roy DCT (ILDW),RAD_OPERA_HOURLY_RAINFALL_ACCUMULATION_202301240700_patch000,193024,0.5401203721724276,0.39074411753321964,-0.040856678901806324,0.9235633690329305,1.6698463359283904,0.9651138373924752,1.1724497125480347,0.5385728810707018,0.00039373342175066315,0.006144313660477453,3.626492042440318e-05,0.9934256879973474
Roy DCT (ILDW),RAD_OPERA_HOURLY_RAINFALL_ACCUMULATION_202301241500_patch000,433152,1.305575422787479,0.7771014448341679,-0.0979639028002336,0.8471638831371923,5.877598213343384,3.478779650297233,3.8307238026528827,1.3018948722284955,0.14706384825650118,0.05621583185579196,0.011587156471631206,0.7851331634160756
Roy DCT (ILDW),RAD_OPERA_HOURLY_RAINFALL_ACCUMULATION_202301241500_patch001,235008,1.5968184599607154,1.0432031660473546,-0.17041360749846862,0.8717003678648018,9.556716264897508,4.9263092764573715,5.9811185724521065,1.5876990887604203,0.008935866013071895,0.03324142156862745,0.0012042143246187363,0.9566184980936819
Roy DCT (ILDW),RAD_OPERA_HOURLY_RAINFALL_ACCUMULATION_202301241700_patch000,229376,0.9165015821606962,0.6691788343802789,0.10344466665893517,0.7495646364960077,1.8780420824092592,0.89716062390459,0.9729641776354843,0.910645019226966,0.011330740792410714,0.03302873883928571,0.0016653878348214285,0.9539751325334821
Roy DCT (ILDW),RAD_OPERA_HOURLY_RAINFALL_ACCUMULATION_202301241700_patch002,186368,1.058578284307193,0.7176127141870314,-0.027054452174644982,0.8840889283135884,4.992635297369451,3.252907701564408,3.5628434791547847,1.0582325078281662,0.0551274896978022,0.020100017170329672,0.015168913118131868,0.9096035800137363
Roy DCT (ILDW),RAD_OPERA_HOURLY_RAINFALL_ACCUMULATION_202301241900_patch001,185600,0.7229336765038247,0.5058565660333562,-0.024427259433117892,0.9084255794073602,2.932313169231306,2.1249691432919913,2.2676229514516866,0.7225208714078258,0.016126077586206898,0.028701508620689656,0.00047952586206896554,0.9546928879310345
Roy DCT (ILDW),RAD_OPERA_HOURLY_RAINFALL_ACCUMULATION_202301242200_patch001,329728,1.352119758644208,0.82773226377221,0.06665102571541778,0.8278657810629696,5.744040852233052,3.443652193323309,3.6819537815346037,1.3504760207005357,0.23348032317546583,0.07251734763198758,0.01390236801242236,0.6800999611801242
Roy DCT (ILDW),RAD_OPERA_HOURLY_RAINFALL_ACCUMULATION_202301250200_patch000,236544,0.5081444640082304,0.3519743200618449,0.014344112791100979,0.9282798853593741,1.8605524761184593,1.6708099305892545,1.636678681988633,0.5079419678766935,0.13887056953463203,0.041975277326839824,0.0005326704545454545,0.8186214826839827
Roy DCT (ILDW),RAD_OPERA_HOURLY_RAINFALL_ACCUMULATION_202301250200_patch001,461824,0.8340913573594638,0.5141848883491835,0.06460387549152473,0.9508829092312377,7.102443023451587,5.902082658006855,6.156495474882607,0.831585673092814,0.40589055570953436,0.08250329129711752,0.003497003187361419,0.5081091498059866
Roy DCT (ILDW),RAD_OPERA_HOURLY_RAINFALL_ACCUMULATION_202301250300_patch000,258048,0.353643268318877,0.256644186087799,0.03512726421684596,0.9256778655686063,0.8463977065576301,0.6395687976008296,0.6810684338112813,0.35189435422566406,0.0,0.0,0.0,1.0
Roy DCT (ILDW),RAD_OPERA_HOURLY_RAINFALL_ACCUMULATION_202301250500_patch000,376832,1.4000888169539776,0.897289741680776,-0.09266859595489481,0.8391362198433926,6.413795965297926,3.5814744723514984,4.021804605483044,1.3970186923170844,0.05556587550951087,0.049470320991847824,0.0021893045176630435,0.8927744989809783
Roy DCT (ILDW),RAD_OPERA_HOURLY_RAINFALL_ACCUMULATION_202301251000_patch001,232960,0.44029397796615094,0.3094377975763293,0.05279295088346938,0.9611180880258884,2.4969475841948108,2.2283445344225083,2.2671102136235226,0.4371174800557317,0.18553828983516482,0.03825978708791209,0.002120535714285714,0.7740813873626373
Roy DCT (ILDW),RAD_OPERA_HOURLY_RAINFALL_ACCUMULATION_202301251300_patch000,200448,0.46672169994796586,0.3404486179813128,0.05446781967948657,0.9496241411761893,1.6508663943650703,0.9811238177048827,1.2085639051241357,0.46353252509579296,0.02766802362707535,0.02701448754789272,0.0,0.945317488825032
Roy DCT (ILDW),RAD_OPERA_HOURLY_RAINFALL_ACCUMULATION_202301251600_patch002,199680,0.615150117205957,0.42339477755880467,-0.028276058715299486,0.9120827294858207,2.155910080952638,1.4785642557993393,1.628432102774973,0.614499903337691,0.14358473557692308,0.029962940705128206,0.012364783653846153,0.8140875400641026
Roy DCT (ILDW),RAD_OPERA_HOURLY_RAINFALL_ACCUMULATION_202301252100_patch000,312576,0.38180791951584814,0.26581146879349193,0.09101547387223724,0.9615494608051054,1.77909480623783,1.5006566135989425,1.5711289744579702,0.37080112044171665,0.05662302927927928,0.02054860257985258,0.0020411036036036036,0.9207872645372646
Roy DCT (ILDW),RAD_OPERA_HOURLY_RAINFALL_ACCUMULATION_202301252200_patch000,186368,0.5325454362619297,0.35196485957421586,-0.048654574348211826,0.9376462399661358,2.046232767315117,1.3382931955354602,1.551644294386087,0.5303181819232708,0.019579541552197804,0.06180782108516483,0.0003595037774725275,0.9182531335851648
Roy DCT (ILDW),RAD_OPERA_HOURLY_RAINFALL_ACCUMULATION_202301260000_patch000,199680,6.906490966323199,3.2604163110608217,1.3369278620003657,0.7277394933819106,90.73277864923094,76.20873459704488,60.51463594328237,6.775857241686183,0.2512219551282051,0.20982071314102563,0.013035857371794872,0.5259214743589744
Roy DCT (ILDW),RAD_OPERA_HOURLY_RAINFALL_ACCUMULATION_202301260200_patch000,230144,1.0148576851751843,0.67005182559773,0.0775510483090403,0.9204947474115379,6.466627323160726,4.6209224686811226,5.031813917888273,1.0118902885517294,0.1809606159621802,0.07380161985539488,0.005852857341490545,0.7393849068409344
Roy DCT (ILDW),RAD_OPERA_HOURLY_RAINFALL_ACCUMULATION_202301260200_patch001,237568,0.5873810768786187,0.4085935305747991,-0.07563905641352636,0.8971329734707615,1.6971454088925977,1.1637522549617771,1.260801200617209,0.5824905686961439,0.014812601023706896,0.027823612607758622,0.002163591056034483,0.9552001953125
Roy DCT (ILDW),RAD_OPERA_HOURLY_RAINFALL_ACCUMULATION_202301260600_patch000,166400,5.174183268144151,2.9661666369980466,1.3826183384893864,0.7867578878467999,62.75137105092863,51.95263178118828,44.92173190485059,4.986034398438877,0.08368990384615385,0.12024639423076923,0.004314903846153846,0.7917487980769231
Roy DCT (ILDW),RAD_OPERA_HOURLY_RAINFALL_ACCUMULATION_202301260800_patch001,311808,0.6759915951543003,0.46710660836661366,-0.06937717123564709,0.817891335388671,1.337778001060567,0.7219655357421751,0.8037960459860736,0.672422073426055,0.00018601190476190475,0.005073635057471265,6.414203612479474e-06,0.9947339388341544
Roy DCT (ILDW),RAD_OPERA_HOURLY_RAINFALL_ACCUMULATION_202301260900_patch000,185600,0.7982329550613175,0.5806420330837542,0.23570020517377965,0.8497473951732316,2.061711139194065,1.2708658196898392,1.3754778475284712,0.7626409796404606,2.1551724137931033e-05,0.003679956896551724,3.771551724137931e-05,0.996260775862069
Roy DCT (ILDW),RAD_OPERA_HOURLY_RAINFALL_ACCUMULATION_202301260900_patch001,272384,0.6694498889326582,0.4667379032062902,-0.044112032670342895,0.885587067270133,1.83210938914287,0.946599332612949,1.1662457196950897,0.6679949718116439,0.016913621945488722,0.02876453829887218,0.0006681743421052632,0.9536536654135338
Roy DCT (ILDW),RAD_OPERA_HOURLY_RAINFALL_ACCUMULATION_202301270400_patch000,224000,1.0676114896079782,0.6897670985057767,-0.026876184960518808,0.8602622238057785,4.275618214095756,2.600450619862395,2.868498435266608,1.067273143775732,0.13971875,0.07894642857142857,0.006892857142857143,0.7744419642857143
Roy DCT (ILDW),RAD_OPERA_HOURLY_RAINFALL_ACCUMULATION_202301270700_patch000,385280,2.088458391944203,1.0869283730755774,-0.08563343761331256,0.891992842401997,18.550969446440156,9.555824387345277,11.876234232270372,2.086702031734453,0.22353872508305647,0.10584509966777408,0.006823608803986711,0.6637925664451827
Roy DCT (ILDW),RAD_OPERA_HOURLY_RAINFALL_ACCUMULATION_202301270800_patch000,166400,0.28858405375652507,0.18127182240099182,0.04682933732380221,0.8650876872281665,0.29533724061420197,0.15040964218358827,0.18232955677471388,0.2847591425193623,0.0,0.0,0.0,1.0
Roy DCT (ILDW),RAD_OPERA_HOURLY_RAINFALL_ACCUMULATION_202301270900_patch000,312576,1.0938858326696457,0.7912338914219883,0.06637578244352454,0.8458034874784013,4.1737425036185964,2.7644056181117267,2.8729838256549742,1.0918701710461616,0.019390484234234236,0.0683449785012285,0.0031928235053235053,0.9090717137592138
Roy DCT (ILDW),RAD_OPERA_HOURLY_RAINFALL_ACCUMULATION_202301271000_patch001,261888,2.5847333279764695,1.3137721872016344,-0.18048841057470838,0.8634648969385732,24.143236716831044,12.472788698152375,14.983877552291444,2.57842399740627,0.10275766739980449,0.08872876955034213,0.007350470430107527,0.8011630926197458
Roy DCT (ILDW),RAD_OPERA_HOURLY_RAINFALL_ACCUMULATION_202301271800_patch000,312576,0.25564716909595875,0.17361270222456748,0.005439812756026767,0.9450758111537046,0.542592791772456,0.37254207119644356,0.42490448973247136,0.2555892867550537,0.0,0.0,0.0,1.0
Roy DCT (ILDW),RAD_OPERA_HOURLY_RAINFALL_ACCUMULATION_202301272100_patch001,222208,2.669693571925392,1.4449198729221038,0.004638788713883555,0.8565304623190056,25.901361316404063,15.065238373493905,16.919678720139473,2.6696895418042574,0.1913792482718894,0.10087845622119816,0.006381408410138249,0.7013608870967742
Roy DCT (ILDW),RAD_OPERA_HOURLY_RAINFALL_ACCUMULATION_202301272300_patch000,236800,0.6774422873547464,0.466696697260821,-0.06160988986605514,0.9099603861399772,2.4631703250810824,1.56388404234983,1.7859610466318947,0.6746349191726762,0.045050675675675673,0.0128125,0.0015202702702702704,0.9406165540540541
Roy DCT (ILDW),RAD_OPERA_HOURLY_RAINFALL_ACCUMULATION_202301272300_patch002,322560,1.7467042469009353,1.1218824522321964,0.06775417472751394,0.8932994271710866,14.613834454836178,9.660053168062937,10.613751262475178,1.745389669371501,0.0039031498015873016,0.01605282738095238,0.002672371031746032,0.9773716517857143
Roy DCT (ILDW),RAD_OPERA_HOURLY_RAINFALL_ACCUMULATION_202301280000_patch001,207360,0.8005162943674782,0.5606713230102255,0.06948779906268741,0.9264544341711176,3.999393506497799,2.5262401716758953,2.944817947422216,0.7974946917248181,0.02210648148148148,0.04266975308641975,0.0016685956790123456,0.9335551697530864
Roy DCT (ILDW),RAD_OPERA_HOURLY_RAINFALL_ACCUMULATION_202301280700_patch000,286720,2.609290007093252,1.3937786802345389,0.18397795466270092,0.876826054676997,29.03443330398368,20.02289263547111,21.14138974306998,2.602795891597117,0.01978236607142857,0.018129185267857142,0.004248046875,0.9578404017857143
Roy DCT (ILDW),RAD_OPERA_HOURLY_RAINFALL_ACCUMULATION_202301280800_patch000,198400,2.4507568995145057,1.4080607262943035,0.745915420252359,0.8998332903433022,27.863142115830293,26.356185548984218,24.384754049233404,2.334484861023455,0.0,0.0,1.0080645161290323e-05,0.9999899193548387
Roy DCT (ILDW),RAD_OPERA_HOURLY_RAINFALL_ACCUMULATION_202301280900_patch000,236800,0.9051655265194256,0.5656815339493799,0.05683728387334081,0.9192096184227522,5.237337492836444,4.1623500247216825,4.291796681998519,0.9033792966196925,0.30733952702702705,0.026587837837837837,0.005962837837837838,0.6601097972972974
Roy DCT (ILDW),RAD_OPERA_HOURLY_RAINFALL_ACCUMULATION_202301281000_patch001,211200,2.9038442701285967,1.5013428345384168,-0.7887628202587433,0.9184673661309731,34.8615290299946,15.113804848811277,21.08258456013486,2.794667199960696,0.07583806818181818,0.037144886363636366,0.007840909090909091,0.8791761363636363
Roy DCT (ILDW),RAD_OPERA_HOURLY_RAINFALL_ACCUMULATION_202301281900_patch000,274688,0.6092909459430905,0.39918874454695,0.03511278856865628,0.9300455782717825,2.477361060786308,1.6266129557320743,1.866985733815612,0.6082783481985521,0.0,0.0007062558247903076,2.1842963653308482e-05,0.9992719012115564
Roy DCT (ILDW),RAD_OPERA_HOURLY_RAINFALL_ACCUMULATION_202301282100_patch000,239616,0.6022796820338294,0.44046614369676523,0.08787245873833995,0.8506580666301545,1.2381901473932473,0.6945427444581262,0.7888568227326621,0.5958349153801323,0.0006635616987179487,0.0035723824786324785,0.0005592280982905983,0.9952048277243589
Roy DCT (ILDW),RAD_OPERA_HOURLY_RAINFALL_ACCUMULATION_202301282200_patch000,317440,4.754052533978851,2.3494770664742424,-0.15918722270185037,0.850513400223057,76.73795213797683,39.55816677971326,46.860221996865455,4.751386631706497,0.055506552419354836,0.07400453629032258,0.005903477822580645,0.864585433467742
Roy DCT (ILDW),RAD_OPERA_HOURLY_RAINFALL_ACCUMULATION_202301282200_patch001,450560,1.6766332630291727,1.030339700743221,0.11700631223432978,0.9617979050902622,36.905733997139116,32.09679146444126,33.1025584199936,1.672545551425483,0.2302068536931818,0.08723810369318181,0.01031827059659091,0.6722367720170455
Roy DCT (ILDW),RAD_OPERA_HOURLY_RAINFALL_ACCUMULATION_202301290800_patch000,303104,0.5221647347583948,0.3560782333743138,0.1570892862600996,0.7657400450653792,0.5992703817547332,0.3398991671222311,0.34559529125468347,0.4979748651966255,0.0,0.0,0.0,1.0
Roy DCT (ILDW),RAD_OPERA_HOURLY_RAINFALL_ACCUMULATION_202301291100_patch000,166400,1.0960742020488345,0.6841298871985662,-0.2589350095317102,0.9057265865354167,4.830157755722127,2.1735259700307683,2.9346762042585466,1.0650499130255833,0.00017427884615384614,0.003635817307692308,7.211538461538462e-05,0.9961177884615384
Roy DCT (ILDW),RAD_OPERA_HOURLY_RAINFALL_ACCUMULATION_202301291700_patch000,266240,0.2976410825520085,0.21441501641667426,0.04668026744717693,0.9540896244673894,0.9575140360368515,0.9142781750306547,0.8926905222068574,0.29395776338411544,0.020872145432692307,0.014896334134615385,0.0030498798076923077,0.961181640625
Roy DCT (ILDW),RAD_OPERA_HOURLY_RAINFALL_ACCUMULATION_202301291900_patch000,495616,0.6696037194261355,0.4858203851440499,0.019704441471742985,0.9461756132039996,4.109712847038261,3.189475282281775,3.425603626632217,0.6693137351463821,0.0,0.006186240960743801,2.0176911157024794e-06,0.9938117413481405
Roy DCT (ILDW),RAD_OPERA_HOURLY_RAINFALL_ACCUMULATION_202301292200_patch002,166400,0.4879171793097568,0.356041524532317,-0.04627261242551915,0.9095043631144015,1.160714470095825,0.6270358529357882,0.7759141519133531,0.48571804496529375,0.0038521634615384616,0.01777644230769231,0.0004266826923076923,0.9779447115384615
Roy DCT (ILDW),RAD_OPERA_HOURLY_RAINFALL_ACCUMULATION_202301292300_patch001,186368,0.5512686482379315,0.39433114191326263,0.010111765376954107,0.909065837218663,1.717612539117084,1.2464473345086975,1.3301324994473718,0.5511759018054379,0.0,0.0,0.0,1.0
Roy DCT (ILDW),RAD_OPERA_HOURLY_RAINFALL_ACCUMULATION_202301292300_patch003,173056,0.2236208493677148,0.16603075275804655,-0.022938671688541627,0.9451774514488038,0.402126237331252,0.26847344119410577,0.3105597884561271,0.22244123181888625,0.0,0.0,0.0,1.0
Roy DCT (ILDW),RAD_OPERA_HOURLY_RAINFALL_ACCUMULATION_202301300000_patch001,207872,0.2948633120808224,0.21274854709468774,-0.02008264703631007,0.923116840186374,0.5407175109944128,0.3571282909933949,0.40565237094426004,0.2941786193782401,0.0,0.0,0.0,1.0
Roy DCT (ILDW),RAD_OPERA_HOURLY_RAINFALL_ACCUMULATION_202301300200_patch001,391680,0.30698305135620224,0.213799427278226,-0.025510484035980177,0.9167464057801695,0.5704246107106009,0.41187221145299685,0.4443545065696915,0.3059212464413263,0.0,0.0,0.0,1.0
Roy DCT (ILDW),RAD_OPERA_HOURLY_RAINFALL_ACCUMULATION_202301301000_patch000,371712,0.4969693305562145,0.3442214316227682,0.06257779535307853,0.908459443055046,1.2637963729443076,0.7604337549458563,0.8905837964239617,0.4930137270322605,0.0,0.004672972623966942,0.0,0.9953270273760331
Roy DCT (ILDW),RAD_OPERA_HOURLY_RAINFALL_ACCUMULATION_202301302200_patch000,239616,1.4385943211025984,0.955639571789215,-0.0961501750300997,0.8169264025098733,5.948336024655221,2.912401245331388,3.400214252718141,1.4353775686384147,0.05371928418803419,0.05967881944444445,0.003964676816239316,0.882637219551282
Roy DCT (ILDW),RAD_OPERA_HOURLY_RAINFALL_ACCUMULATION_202301302200_patch001,367360,0.6244890680564195,0.4553667432072647,-0.004468586461281726,0.8719430331370792,1.6065802750773213,1.0724514618210714,1.1445325545206897,0.6244730801700049,9.255226480836238e-05,0.010684342334494773,0.00017149390243902438,0.9890516114982578
Roy DCT (ILDW),RAD_OPERA_HOURLY_RAINFALL_ACCUMULATION_202301302200_patch002,294912,1.4501560107203988,0.8974169688349741,0.1366613225140711,0.7946641949448479,5.651092091182291,3.7306571925630316,3.6487365726940584,1.4437022332729164,0.22266981336805555,0.1184048122829861,0.007283528645833333,0.651641845703125
Roy DCT (ILDW),RAD_OPERA_HOURLY_RAINFALL_ACCUMULATION_202301310000_patch001,230400,0.793042283298144,0.5637663281215163,-0.07209370220438138,0.8245914659007231,1.8866958681376096,0.9833207128905385,1.123149009913474,0.789758546140021,0.0003255208333333333,0.02069878472222222,0.0,0.9789756944444444
Roy DCT (ILDW),RAD_OPERA_HOURLY_RAINFALL_ACCUMULATION_202301310200_patch000,173056,0.9446375931208449,0.7021872801505166,0.23834404716537655,0.8398301360376919,2.832819424185654,1.921766902399377,1.9595270145335297,0.9140745579644867,0.007517797707100591,0.013510077662721894,0.00037560096153846156,0.978596523668639
Roy DCT (ILDW),RAD_OPERA_HOURLY_RAINFALL_ACCUMULATION_202301310900_patch000,235008,0.7408250696619579,0.560821366452295,0.06055005231338781,0.8819825581883193,2.355802869611127,1.4536699822494459,1.6321586884280408,0.7383464464629669,0.038628472222222224,0.05539811410675381,0.0006042347494553377,0.9053691789215687
Roy DCT (ILDW),RAD_OPERA_HOURLY_RAINFALL_ACCUMULATION_202301311600_patch000,259584,0.4707392029546631,0.3301474488247872,0.02595903823495388,0.9260634498190593,1.5512759544307506,1.3375831733908479,1.3339688011446453,0.4700228989446234,0.0045688486193293885,0.02296751725838264,0.00047768737672583826,0.9719859467455622
Roy DCT (ILDW),RAD_OPERA_HOURLY_RAINFALL_ACCUMULATION_202301312000_patch001,199680,0.6217841068648069,0.4150539242685901,-0.10232475181469812,0.7752707859317315,0.9150624447126362,0.40496930558270194,0.4719433147898061,0.6133067101505787,0.001307091346153846,0.007306690705128205,0.0003155048076923077,0.9910707131410257
