patch_key,solver,solver_display,distance_bin_m,n_pixels,rmse_mmph,bias_mmph,pearson_corr
RAD_OPERA_HOURLY_RAINFALL_ACCUMULATION_202301180600_patch000,IDW,IDW,≤125,4307,0.5884041774312471,-0.006828647486593929,0.9636924923963743
RAD_OPERA_HOURLY_RAINFALL_ACCUMULATION_202301180600_patch000,IDW,IDW,"(125,375]",16831,0.6655629119053221,0.005569040297215355,0.9515462507757635
RAD_OPERA_HOURLY_RAINFALL_ACCUMULATION_202301180600_patch000,IDW,IDW,"(375,750]",25567,0.7867280722097257,0.07620763740919274,0.9251664608513503
RAD_OPERA_HOURLY_RAINFALL_ACCUMULATION_202301180600_patch000,IDW,IDW,"(750,1500]",46989,0.9999826193062695,0.13909373439231784,0.8546123856473156
RAD_OPERA_HOURLY_RAINFALL_ACCUMULATION_202301180600_patch000,IDW,IDW,"(1500,3125]",76874,1.2944985817505303,0.16177781537866406,0.7023251409448222
RAD_OPERA_HOURLY_RAINFALL_ACCUMULATION_202301180600_patch000,IDW,IDW,"(3125,6000]",38395,1.296787150980252,0.22984289582826023,0.6130751816782477
RAD_OPERA_HOURLY_RAINFALL_ACCUMULATION_202301180600_patch000,IDW,IDW,"(6000,9000]",4984,1.0010914959072075,0.6473882117848335,0.462579557814552
RAD_OPERA_HOURLY_RAINFALL_ACCUMULATION_202301180600_patch000,IDW,IDW,>9000,1093,0.9946116569147246,0.7759538487567884,-0.496181689946021
RAD_OPERA_HOURLY_RAINFALL_ACCUMULATION_202301180900_patch002,IDW,IDW,≤125,3902,0.4782953931516564,-0.03003059288543435,0.9753246747172116
RAD_OPERA_HOURLY_RAINFALL_ACCUMULATION_202301180900_patch002,IDW,IDW,"(125,375]",15131,0.5668097074844775,-0.03262619243176572,0.9649502075352765
RAD_OPERA_HOURLY_RAINFALL_ACCUMULATION_202301180900_patch002,IDW,IDW,"(375,750]",22331,0.6670546674230962,-0.01742953547327204,0.9489357005532614
RAD_OPERA_HOURLY_RAINFALL_ACCUMULATION_202301180900_patch002,IDW,IDW,"(750,1500]",41053,0.8750540784919201,-0.059347971532949816,0.9095532819342921
RAD_OPERA_HOURLY_RAINFALL_ACCUMULATION_202301180900_patch002,IDW,IDW,"(1500,3125]",69051,1.3103067867376927,-0.2186851680733173,0.8238678254907544
RAD_OPERA_HOURLY_RAINFALL_ACCUMULATION_202301180900_patch002,IDW,IDW,"(3125,6000]",34633,2.2864166759246687,-0.3565192489553317,0.4927617512546431
RAD_OPERA_HOURLY_RAINFALL_ACCUMULATION_202301180900_patch002,IDW,IDW,"(6000,9000]",4806,2.8705984075357267,1.6684600296389596,-0.5844821906724413
RAD_OPERA_HOURLY_RAINFALL_ACCUMULATION_202301180900_patch002,IDW,IDW,>9000,1093,2.7139560305875894,0.9959366481890944,-0.9198346851414133
RAD_OPERA_HOURLY_RAINFALL_ACCUMULATION_202301181200_patch003,IDW,IDW,≤125,3836,0.6280646944968833,0.061329902122787765,0.9616359558533448
RAD_OPERA_HOURLY_RAINFALL_ACCUMULATION_202301181200_patch003,IDW,IDW,"(125,375]",15470,0.6670976002018756,0.10682960454676389,0.941013312101507
RAD_OPERA_HOURLY_RAINFALL_ACCUMULATION_202301181200_patch003,IDW,IDW,"(375,750]",24747,0.7712772955425033,0.16851485294890337,0.9099417392647635
RAD_OPERA_HOURLY_RAINFALL_ACCUMULATION_202301181200_patch003,IDW,IDW,"(750,1500]",46358,0.9239732075922589,0.2065772092823825,0.8774934560901978
RAD_OPERA_HOURLY_RAINFALL_ACCUMULATION_202301181200_patch003,IDW,IDW,"(1500,3125]",72954,1.1349212721541437,0.345369510498781,0.833855103019504
RAD_OPERA_HOURLY_RAINFALL_ACCUMULATION_202301181200_patch003,IDW,IDW,"(3125,6000]",38442,1.2493509862225916,0.49536952494570824,0.767249857437065
RAD_OPERA_HOURLY_RAINFALL_ACCUMULATION_202301181200_patch003,IDW,IDW,"(6000,9000]",2993,0.8418535999947514,0.4426426036159529,0.703022998029011
RAD_OPERA_HOURLY_RAINFALL_ACCUMULATION_202301181300_patch002,IDW,IDW,≤125,4067,0.3823670719890551,-0.006717572963762436,0.9526491908688545
RAD_OPERA_HOURLY_RAINFALL_ACCUMULATION_202301181300_patch002,IDW,IDW,"(125,375]",16278,0.40422182799616907,0.009172679766022115,0.944351139621338
RAD_OPERA_HOURLY_RAINFALL_ACCUMULATION_202301181300_patch002,IDW,IDW,"(375,750]",25812,0.46563576176058946,0.01705675944974584,0.8965200061289834
RAD_OPERA_HOURLY_RAINFALL_ACCUMULATION_202301181300_patch002,IDW,IDW,"(750,1500]",48116,0.5821983261156881,0.015414675787030556,0.818253345046045
RAD_OPERA_HOURLY_RAINFALL_ACCUMULATION_202301181300_patch002,IDW,IDW,"(1500,3125]",75981,0.6965536151254518,-0.01647125594753783,0.7387800381894604
RAD_OPERA_HOURLY_RAINFALL_ACCUMULATION_202301181300_patch002,IDW,IDW,"(3125,6000]",35618,0.5648485639049238,0.042670596595750024,0.6611247498608714
RAD_OPERA_HOURLY_RAINFALL_ACCUMULATION_202301181300_patch002,IDW,IDW,"(6000,9000]",1488,0.6758491376155689,0.2727382359325245,0.26585918718653556
RAD_OPERA_HOURLY_RAINFALL_ACCUMULATION_202301181900_patch000,IDW,IDW,≤125,5288,0.19974840571036184,0.002446333577633806,0.985971912153649
RAD_OPERA_HOURLY_RAINFALL_ACCUMULATION_202301181900_patch000,IDW,IDW,"(125,375]",20528,0.24905500091970115,-0.0048503402347617654,0.9802713266724111
RAD_OPERA_HOURLY_RAINFALL_ACCUMULATION_202301181900_patch000,IDW,IDW,"(375,750]",32454,0.3245766125116598,-0.009480682362442414,0.9709964567742194
RAD_OPERA_HOURLY_RAINFALL_ACCUMULATION_202301181900_patch000,IDW,IDW,"(750,1500]",61361,0.4413456678777641,-0.03736054019450955,0.952638655684074
RAD_OPERA_HOURLY_RAINFALL_ACCUMULATION_202301181900_patch000,IDW,IDW,"(1500,3125]",101172,0.5874834074632093,-0.0772523803223517,0.9155239154514596
RAD_OPERA_HOURLY_RAINFALL_ACCUMULATION_202301181900_patch000,IDW,IDW,"(3125,6000]",52907,0.6148925971233674,-0.0261605875573819,0.9034035057450693
RAD_OPERA_HOURLY_RAINFALL_ACCUMULATION_202301181900_patch000,IDW,IDW,"(6000,9000]",3681,0.3163557206820813,0.20545546231597572,0.9753840383685761
RAD_OPERA_HOURLY_RAINFALL_ACCUMULATION_202301181900_patch000,IDW,IDW,>9000,369,0.24771822892919934,0.24762293882163236,0.3213570306641213
RAD_OPERA_HOURLY_RAINFALL_ACCUMULATION_202301190000_patch000,IDW,IDW,≤125,4743,0.2772095799225203,0.014717544831732971,0.9906238991627233
RAD_OPERA_HOURLY_RAINFALL_ACCUMULATION_202301190000_patch000,IDW,IDW,"(125,375]",19207,0.34430439683373415,0.02329634400529256,0.9849678937760106
RAD_OPERA_HOURLY_RAINFALL_ACCUMULATION_202301190000_patch000,IDW,IDW,"(375,750]",31346,0.4350045062285288,0.031155955772078015,0.9757413447967388
RAD_OPERA_HOURLY_RAINFALL_ACCUMULATION_202301190000_patch000,IDW,IDW,"(750,1500]",61078,0.5445432485793767,0.05422163121381526,0.9549711811461482
RAD_OPERA_HOURLY_RAINFALL_ACCUMULATION_202301190000_patch000,IDW,IDW,"(1500,3125]",101514,0.7084035297725827,0.1284676775740523,0.9054247123364562
RAD_OPERA_HOURLY_RAINFALL_ACCUMULATION_202301190000_patch000,IDW,IDW,"(3125,6000]",51996,0.8055618360802939,0.35702657888729633,0.8764398058975399
RAD_OPERA_HOURLY_RAINFALL_ACCUMULATION_202301190000_patch000,IDW,IDW,"(6000,9000]",5503,0.8857528504873411,0.7210489104774547,0.7560856618406717
RAD_OPERA_HOURLY_RAINFALL_ACCUMULATION_202301190000_patch000,IDW,IDW,>9000,1093,1.367691401290495,1.2711781820679409,0.25895802767861226
RAD_OPERA_HOURLY_RAINFALL_ACCUMULATION_202301190300_patch000,IDW,IDW,≤125,5625,0.4652233970488019,-0.03637650305430094,0.9708430670700108
RAD_OPERA_HOURLY_RAINFALL_ACCUMULATION_202301190300_patch000,IDW,IDW,"(125,375]",22142,0.49809446134098145,-0.016357121149081544,0.9628185223243857
RAD_OPERA_HOURLY_RAINFALL_ACCUMULATION_202301190300_patch000,IDW,IDW,"(375,750]",36071,0.6088844262814134,-0.02576595279765993,0.9496182570519854
RAD_OPERA_HOURLY_RAINFALL_ACCUMULATION_202301190300_patch000,IDW,IDW,"(750,1500]",71147,0.7418879014997387,-0.05643913419469151,0.9172646632213524
RAD_OPERA_HOURLY_RAINFALL_ACCUMULATION_202301190300_patch000,IDW,IDW,"(1500,3125]",121319,0.9692054563819597,-0.14075707909621046,0.8666133169952704
RAD_OPERA_HOURLY_RAINFALL_ACCUMULATION_202301190300_patch000,IDW,IDW,"(3125,6000]",72157,1.266951497413227,-0.07387318081586616,0.8196116080443995
RAD_OPERA_HOURLY_RAINFALL_ACCUMULATION_202301190300_patch000,IDW,IDW,"(6000,9000]",16588,1.1470849912253551,0.34518924236750353,0.6540776229378921
RAD_OPERA_HOURLY_RAINFALL_ACCUMULATION_202301190300_patch000,IDW,IDW,>9000,4391,0.9587906221472082,0.3167802986496539,0.6545867487728817
RAD_OPERA_HOURLY_RAINFALL_ACCUMULATION_202301190300_patch001,IDW,IDW,≤125,6138,0.5493011674794829,-0.08835451006527495,0.9670156609226367
RAD_OPERA_HOURLY_RAINFALL_ACCUMULATION_202301190300_patch001,IDW,IDW,"(125,375]",24392,0.5465918386765071,-0.06797406988297441,0.95832789936481
RAD_OPERA_HOURLY_RAINFALL_ACCUMULATION_202301190300_patch001,IDW,IDW,"(375,750]",39715,0.6408039140577774,-0.04117498392599213,0.9318591562995543
RAD_OPERA_HOURLY_RAINFALL_ACCUMULATION_202301190300_patch001,IDW,IDW,"(750,1500]",78272,0.7415966550615168,-0.0172149905390767,0.8961836261537757
RAD_OPERA_HOURLY_RAINFALL_ACCUMULATION_202301190300_patch001,IDW,IDW,"(1500,3125]",134070,0.963400990610391,-0.08169203562083735,0.8259490267657003
RAD_OPERA_HOURLY_RAINFALL_ACCUMULATION_202301190300_patch001,IDW,IDW,"(3125,6000]",75249,1.029872979213013,-0.15365064896037506,0.8113268535377582
RAD_OPERA_HOURLY_RAINFALL_ACCUMULATION_202301190300_patch001,IDW,IDW,"(6000,9000]",6503,0.676336678847487,0.22734684261498514,0.91292400141959
RAD_OPERA_HOURLY_RAINFALL_ACCUMULATION_202301190300_patch001,IDW,IDW,>9000,1229,0.005709181024336547,-0.00016511764206474176,0.9999988453165425
RAD_OPERA_HOURLY_RAINFALL_ACCUMULATION_202301190700_patch000,IDW,IDW,≤125,6028,0.24509720478446215,-0.004499288581128775,0.9869531014127447
RAD_OPERA_HOURLY_RAINFALL_ACCUMULATION_202301190700_patch000,IDW,IDW,"(125,375]",23900,0.27979843685490835,0.00012378873997153598,0.9837808430329448
RAD_OPERA_HOURLY_RAINFALL_ACCUMULATION_202301190700_patch000,IDW,IDW,"(375,750]",38804,0.391281987063118,-0.017274908860074947,0.9722778393600391
RAD_OPERA_HOURLY_RAINFALL_ACCUMULATION_202301190700_patch000,IDW,IDW,"(750,1500]",75204,0.5047971628389579,-0.012652774753294614,0.9530416945608381
RAD_OPERA_HOURLY_RAINFALL_ACCUMULATION_202301190700_patch000,IDW,IDW,"(1500,3125]",129043,0.6335534238591521,0.026673107594788588,0.9254354585770938
RAD_OPERA_HOURLY_RAINFALL_ACCUMULATION_202301190700_patch000,IDW,IDW,"(3125,6000]",74735,0.7348343734274777,0.013477440475580117,0.8737541428035285
RAD_OPERA_HOURLY_RAINFALL_ACCUMULATION_202301190700_patch000,IDW,IDW,"(6000,9000]",6675,0.8602473010280528,-0.2980796987214562,0.7493734329542308
RAD_OPERA_HOURLY_RAINFALL_ACCUMULATION_202301190700_patch000,IDW,IDW,>9000,427,1.1300039557750379,-0.5265282349229138,0.07654862453514652
RAD_OPERA_HOURLY_RAINFALL_ACCUMULATION_202301190800_patch001,IDW,IDW,≤125,4739,0.45778171557855835,0.024629797858008607,0.9459736674954977
RAD_OPERA_HOURLY_RAINFALL_ACCUMULATION_202301190800_patch001,IDW,IDW,"(125,375]",17811,0.5236694745846538,0.02667825236806944,0.9231453499931832
RAD_OPERA_HOURLY_RAINFALL_ACCUMULATION_202301190800_patch001,IDW,IDW,"(375,750]",26584,0.6605850631605789,0.04194529824297435,0.8870543420042889
RAD_OPERA_HOURLY_RAINFALL_ACCUMULATION_202301190800_patch001,IDW,IDW,"(750,1500]",49607,0.8465634352065066,0.08549884636100256,0.8288493054214183
RAD_OPERA_HOURLY_RAINFALL_ACCUMULATION_202301190800_patch001,IDW,IDW,"(1500,3125]",84697,1.2359902560159417,0.11241114995022913,0.7126706767627835
RAD_OPERA_HOURLY_RAINFALL_ACCUMULATION_202301190800_patch001,IDW,IDW,"(3125,6000]",49616,1.6738592008966333,0.10951051386526729,0.6899403902562826
RAD_OPERA_HOURLY_RAINFALL_ACCUMULATION_202301190800_patch001,IDW,IDW,"(6000,9000]",11038,1.157918688785102,0.0989564875207273,0.3889521265341188
RAD_OPERA_HOURLY_RAINFALL_ACCUMULATION_202301190800_patch001,IDW,IDW,>9000,5508,1.7347318914400935,-1.5812265916349408,0.5305516740839389
RAD_OPERA_HOURLY_RAINFALL_ACCUMULATION_202301190800_patch002,IDW,IDW,≤125,4948,1.818705938678162,-0.124598101801771,0.9555308395812858
RAD_OPERA_HOURLY_RAINFALL_ACCUMULATION_202301190800_patch002,IDW,IDW,"(125,375]",19069,1.9759284405021431,-0.06759296850918163,0.9459200715080516
RAD_OPERA_HOURLY_RAINFALL_ACCUMULATION_202301190800_patch002,IDW,IDW,"(375,750]",29951,2.2483212534405936,-0.027333575300930387,0.9381249219084767
RAD_OPERA_HOURLY_RAINFALL_ACCUMULATION_202301190800_patch002,IDW,IDW,"(750,1500]",56000,2.7194754152870284,0.12890017531523998,0.9039679360157448
RAD_OPERA_HOURLY_RAINFALL_ACCUMULATION_202301190800_patch002,IDW,IDW,"(1500,3125]",91858,3.562695986970669,0.5351127340936855,0.830175028937528
RAD_OPERA_HOURLY_RAINFALL_ACCUMULATION_202301190800_patch002,IDW,IDW,"(3125,6000]",49656,3.6800854600307416,0.7960985532269835,0.7737652230655326
RAD_OPERA_HOURLY_RAINFALL_ACCUMULATION_202301190800_patch002,IDW,IDW,"(6000,9000]",2462,1.0505538479138123,0.693579802701604,0.9096153749500793
RAD_OPERA_HOURLY_RAINFALL_ACCUMULATION_202301190800_patch002,IDW,IDW,>9000,8,0.15158704082297747,0.15005343034863472,
RAD_OPERA_HOURLY_RAINFALL_ACCUMULATION_202301190900_patch001,IDW,IDW,≤125,4873,0.3484947295493045,0.004647888101005906,0.9693293233689682
RAD_OPERA_HOURLY_RAINFALL_ACCUMULATION_202301190900_patch001,IDW,IDW,"(125,375]",18313,0.40406847875262114,0.0027091083993736245,0.9566428043234042
RAD_OPERA_HOURLY_RAINFALL_ACCUMULATION_202301190900_patch001,IDW,IDW,"(375,750]",27719,0.5300239502513993,0.025462684807157597,0.9299664799270513
RAD_OPERA_HOURLY_RAINFALL_ACCUMULATION_202301190900_patch001,IDW,IDW,"(750,1500]",51845,0.6867729021873091,0.014657867014586311,0.890669373529152
RAD_OPERA_HOURLY_RAINFALL_ACCUMULATION_202301190900_patch001,IDW,IDW,"(1500,3125]",88154,0.9009439186087856,-0.08675364576437151,0.8342347148920144
RAD_OPERA_HOURLY_RAINFALL_ACCUMULATION_202301190900_patch001,IDW,IDW,"(3125,6000]",43325,1.1533438190261245,-0.030435314965399442,0.7976878587804698
RAD_OPERA_HOURLY_RAINFALL_ACCUMULATION_202301190900_patch001,IDW,IDW,"(6000,9000]",779,0.9842923235023759,0.34710927814513026,-0.5024399375487909
RAD_OPERA_HOURLY_RAINFALL_ACCUMULATION_202301192000_patch000,IDW,IDW,≤125,5128,0.44340073730850016,-0.0038488223660568736,0.9750724813653135
RAD_OPERA_HOURLY_RAINFALL_ACCUMULATION_202301192000_patch000,IDW,IDW,"(125,375]",21179,0.4934510024053509,0.004688809554346887,0.966234135752235
RAD_OPERA_HOURLY_RAINFALL_ACCUMULATION_202301192000_patch000,IDW,IDW,"(375,750]",35613,0.6093582310849678,0.04192415875636466,0.9416432529557727
RAD_OPERA_HOURLY_RAINFALL_ACCUMULATION_202301192000_patch000,IDW,IDW,"(750,1500]",73106,0.7445596276002451,0.056032922880307395,0.9103013405241476
RAD_OPERA_HOURLY_RAINFALL_ACCUMULATION_202301192000_patch000,IDW,IDW,"(1500,3125]",132462,0.8256639148062775,0.1464022547146662,0.8804990094869743
RAD_OPERA_HOURLY_RAINFALL_ACCUMULATION_202301192000_patch000,IDW,IDW,"(3125,6000]",68585,0.8377366388950447,0.3384503642419619,0.8711729217552144
RAD_OPERA_HOURLY_RAINFALL_ACCUMULATION_202301192000_patch000,IDW,IDW,"(6000,9000]",11329,0.8057776646670035,0.45416305647627464,0.593997109141986
RAD_OPERA_HOURLY_RAINFALL_ACCUMULATION_202301192000_patch000,IDW,IDW,>9000,1782,1.2545231259481624,0.3740375547029086,-0.5144149475495632
RAD_OPERA_HOURLY_RAINFALL_ACCUMULATION_202301200400_patch000,IDW,IDW,≤125,4653,0.12030830051010726,-0.0009470195276312436,0.9875490668467996
RAD_OPERA_HOURLY_RAINFALL_ACCUMULATION_202301200400_patch000,IDW,IDW,"(125,375]",18817,0.14832258551126293,-0.0029115294329372663,0.9812675591450242
RAD_OPERA_HOURLY_RAINFALL_ACCUMULATION_202301200400_patch000,IDW,IDW,"(375,750]",30187,0.18777202530073173,-0.002374468948508824,0.9719262141370619
RAD_OPERA_HOURLY_RAINFALL_ACCUMULATION_202301200400_patch000,IDW,IDW,"(750,1500]",57992,0.2603634270115051,-0.004956124858422713,0.9487101398995866
RAD_OPERA_HOURLY_RAINFALL_ACCUMULATION_202301200400_patch000,IDW,IDW,"(1500,3125]",92124,0.35536629350659593,0.0014455567159466786,0.9035249458327891
RAD_OPERA_HOURLY_RAINFALL_ACCUMULATION_202301200400_patch000,IDW,IDW,"(3125,6000]",45691,0.3471620739162275,0.06342969767067537,0.8764466277775569
RAD_OPERA_HOURLY_RAINFALL_ACCUMULATION_202301200400_patch000,IDW,IDW,"(6000,9000]",10365,0.348220558863197,0.23977470132272943,0.9398827322493426
RAD_OPERA_HOURLY_RAINFALL_ACCUMULATION_202301200400_patch000,IDW,IDW,>9000,2059,0.35981400859041385,0.25041665690451237,0.9117953113300028
RAD_OPERA_HOURLY_RAINFALL_ACCUMULATION_202301200800_patch001,IDW,IDW,≤125,5792,0.22212786458738634,-0.002412918651507375,0.9767582554858143
RAD_OPERA_HOURLY_RAINFALL_ACCUMULATION_202301200800_patch001,IDW,IDW,"(125,375]",22486,0.254813612339682,0.0028357759227431124,0.9724503751108666
RAD_OPERA_HOURLY_RAINFALL_ACCUMULATION_202301200800_patch001,IDW,IDW,"(375,750]",36877,0.32387374079139697,0.011410484041008718,0.9637233866365199
RAD_OPERA_HOURLY_RAINFALL_ACCUMULATION_202301200800_patch001,IDW,IDW,"(750,1500]",73632,0.39545426827780683,0.015077642798201504,0.9522408623865899
RAD_OPERA_HOURLY_RAINFALL_ACCUMULATION_202301200800_patch001,IDW,IDW,"(1500,3125]",126564,0.5725220344254595,0.059778890284466014,0.9227863350973816
RAD_OPERA_HOURLY_RAINFALL_ACCUMULATION_202301200800_patch001,IDW,IDW,"(3125,6000]",63958,0.6963078058759882,0.04530666377678951,0.845967870206446
RAD_OPERA_HOURLY_RAINFALL_ACCUMULATION_202301200800_patch001,IDW,IDW,"(6000,9000]",2211,0.9505087528904086,0.05358326866420779,0.18290797484559151
RAD_OPERA_HOURLY_RAINFALL_ACCUMULATION_202301201300_patch000,IDW,IDW,≤125,3390,0.5638047895376052,-0.04495106168904487,0.934579575612371
RAD_OPERA_HOURLY_RAINFALL_ACCUMULATION_202301201300_patch000,IDW,IDW,"(125,375]",13291,0.6100064094198621,-0.07921605436287618,0.936426309443125
RAD_OPERA_HOURLY_RAINFALL_ACCUMULATION_202301201300_patch000,IDW,IDW,"(375,750]",19563,0.7395704453495702,-0.13930607604960968,0.925569126919548
RAD_OPERA_HOURLY_RAINFALL_ACCUMULATION_202301201300_patch000,IDW,IDW,"(750,1500]",36286,0.9852742313269766,-0.23080704114846184,0.8958967783438694
RAD_OPERA_HOURLY_RAINFALL_ACCUMULATION_202301201300_patch000,IDW,IDW,"(1500,3125]",59850,1.2735030381046053,-0.2901642233337476,0.8568223151526221
RAD_OPERA_HOURLY_RAINFALL_ACCUMULATION_202301201300_patch000,IDW,IDW,"(3125,6000]",31192,1.1821724640492044,-0.03635154975419107,0.8658398068957773
RAD_OPERA_HOURLY_RAINFALL_ACCUMULATION_202301201300_patch000,IDW,IDW,"(6000,9000]",2828,0.9679368564801046,0.7785355073980765,0.6440350358865538
RAD_OPERA_HOURLY_RAINFALL_ACCUMULATION_202301201600_patch002,IDW,IDW,≤125,3270,0.3019550877837705,-0.051402082501566006,0.9643467106326549
RAD_OPERA_HOURLY_RAINFALL_ACCUMULATION_202301201600_patch002,IDW,IDW,"(125,375]",12789,0.31594149896724755,-0.04688622762006837,0.9606488306218536
RAD_OPERA_HOURLY_RAINFALL_ACCUMULATION_202301201600_patch002,IDW,IDW,"(375,750]",19079,0.3879416919829325,-0.035995889174887594,0.9456168293096858
RAD_OPERA_HOURLY_RAINFALL_ACCUMULATION_202301201600_patch002,IDW,IDW,"(750,1500]",35634,0.48437721040155224,-0.053387645456187016,0.9198558459684297
RAD_OPERA_HOURLY_RAINFALL_ACCUMULATION_202301201600_patch002,IDW,IDW,"(1500,3125]",58364,0.6080529844198348,-0.0451960281037,0.8603589138427864
RAD_OPERA_HOURLY_RAINFALL_ACCUMULATION_202301201600_patch002,IDW,IDW,"(3125,6000]",29778,0.5611645538569442,0.1384662727711063,0.8321184739533843
RAD_OPERA_HOURLY_RAINFALL_ACCUMULATION_202301201600_patch002,IDW,IDW,"(6000,9000]",1086,0.6655418019463797,-0.007418352705778119,0.6223184881395409
RAD_OPERA_HOURLY_RAINFALL_ACCUMULATION_202301210300_patch000,IDW,IDW,≤125,4759,1.5729388722699127,-0.06288087528901107,0.9206010425500186
RAD_OPERA_HOURLY_RAINFALL_ACCUMULATION_202301210300_patch000,IDW,IDW,"(125,375]",19284,1.450031055751116,-0.050728401142589065,0.9315548015793162
RAD_OPERA_HOURLY_RAINFALL_ACCUMULATION_202301210300_patch000,IDW,IDW,"(375,750]",31010,1.6511920881533226,-0.043111364487010834,0.907608565818505
RAD_OPERA_HOURLY_RAINFALL_ACCUMULATION_202301210300_patch000,IDW,IDW,"(750,1500]",60712,2.280427303175653,-0.12394681461817202,0.860705115476933
RAD_OPERA_HOURLY_RAINFALL_ACCUMULATION_202301210300_patch000,IDW,IDW,"(1500,3125]",96412,4.124225836048044,-0.30916187172341836,0.7522614473966481
RAD_OPERA_HOURLY_RAINFALL_ACCUMULATION_202301210300_patch000,IDW,IDW,"(3125,6000]",45122,4.568682908144756,-0.47094853485494137,0.7351564252671419
RAD_OPERA_HOURLY_RAINFALL_ACCUMULATION_202301210300_patch000,IDW,IDW,"(6000,9000]",9644,2.6177221118585625,1.453418774544783,0.5658012168031283
RAD_OPERA_HOURLY_RAINFALL_ACCUMULATION_202301210300_patch000,IDW,IDW,>9000,2881,3.375787871030851,2.384937865498609,-0.09253080875661605
RAD_OPERA_HOURLY_RAINFALL_ACCUMULATION_202301210800_patch002,IDW,IDW,≤125,5965,1.319225412383519,-0.1532873272796006,0.9582787473139962
RAD_OPERA_HOURLY_RAINFALL_ACCUMULATION_202301210800_patch002,IDW,IDW,"(125,375]",23267,1.538469424967688,-0.16426369082488695,0.9465856006608424
RAD_OPERA_HOURLY_RAINFALL_ACCUMULATION_202301210800_patch002,IDW,IDW,"(375,750]",38413,2.0306909388457837,-0.24902773370873527,0.9313899348621595
RAD_OPERA_HOURLY_RAINFALL_ACCUMULATION_202301210800_patch002,IDW,IDW,"(750,1500]",76851,2.7993234248605767,-0.4244406873679272,0.9051075791533448
RAD_OPERA_HOURLY_RAINFALL_ACCUMULATION_202301210800_patch002,IDW,IDW,"(1500,3125]",134773,3.4177446594420067,-0.4316005118913761,0.8604119482417067
RAD_OPERA_HOURLY_RAINFALL_ACCUMULATION_202301210800_patch002,IDW,IDW,"(3125,6000]",67483,2.4640500460696573,0.050033994409174685,0.8203159815068074
RAD_OPERA_HOURLY_RAINFALL_ACCUMULATION_202301210800_patch002,IDW,IDW,"(6000,9000]",3454,1.2151575312060983,-0.14669305260658586,0.9658888954179059
RAD_OPERA_HOURLY_RAINFALL_ACCUMULATION_202301210800_patch002,IDW,IDW,>9000,2,0.0,0.0,
RAD_OPERA_HOURLY_RAINFALL_ACCUMULATION_202301210900_patch000,IDW,IDW,≤125,6233,1.6047453540910714,0.03915421595666152,0.9736172853748895
RAD_OPERA_HOURLY_RAINFALL_ACCUMULATION_202301210900_patch000,IDW,IDW,"(125,375]",24491,1.981291324831784,-0.06778594477710471,0.9632204963458781
RAD_OPERA_HOURLY_RAINFALL_ACCUMULATION_202301210900_patch000,IDW,IDW,"(375,750]",41092,2.347403431746864,-0.0329103211942725,0.9431889920398616
RAD_OPERA_HOURLY_RAINFALL_ACCUMULATION_202301210900_patch000,IDW,IDW,"(750,1500]",84004,2.819992501412717,-0.049118826877688024,0.9144476999495192
RAD_OPERA_HOURLY_RAINFALL_ACCUMULATION_202301210900_patch000,IDW,IDW,"(1500,3125]",151272,3.75569231021247,-0.13008814019155218,0.8473584698792852
RAD_OPERA_HOURLY_RAINFALL_ACCUMULATION_202301210900_patch000,IDW,IDW,"(3125,6000]",82886,4.271429346244459,-0.3459888768591602,0.8282094943343143
RAD_OPERA_HOURLY_RAINFALL_ACCUMULATION_202301210900_patch000,IDW,IDW,"(6000,9000]",7812,3.476762354266732,-0.12258353963246568,0.9257959809563637
RAD_OPERA_HOURLY_RAINFALL_ACCUMULATION_202301210900_patch000,IDW,IDW,>9000,34,0.08612039999830247,0.07927276457057279,0.61910771117334
RAD_OPERA_HOURLY_RAINFALL_ACCUMULATION_202301211500_patch000,IDW,IDW,≤125,4173,0.5903713114908337,0.003668362813518112,0.9254576911971503
RAD_OPERA_HOURLY_RAINFALL_ACCUMULATION_202301211500_patch000,IDW,IDW,"(125,375]",16207,0.6018381974982064,0.004859869772290333,0.9252003011197096
RAD_OPERA_HOURLY_RAINFALL_ACCUMULATION_202301211500_patch000,IDW,IDW,"(375,750]",23822,0.7159347038955278,-0.027452195654507097,0.907379214696038
RAD_OPERA_HOURLY_RAINFALL_ACCUMULATION_202301211500_patch000,IDW,IDW,"(750,1500]",43474,0.8791386712626372,-0.0956513025625795,0.8743294662743915
RAD_OPERA_HOURLY_RAINFALL_ACCUMULATION_202301211500_patch000,IDW,IDW,"(1500,3125]",72595,1.2125973354132422,-0.1254029260164319,0.7613857861595833
RAD_OPERA_HOURLY_RAINFALL_ACCUMULATION_202301211500_patch000,IDW,IDW,"(3125,6000]",37593,1.2160067507866956,0.12022738347816356,0.7679565422962795
RAD_OPERA_HOURLY_RAINFALL_ACCUMULATION_202301211500_patch000,IDW,IDW,"(6000,9000]",6818,0.957092892647489,0.7886009719118969,0.8509987526116815
RAD_OPERA_HOURLY_RAINFALL_ACCUMULATION_202301211500_patch000,IDW,IDW,>9000,1654,0.9160687433579829,0.8833859242147517,0.9327740647878624
RAD_OPERA_HOURLY_RAINFALL_ACCUMULATION_202301211800_patch000,IDW,IDW,≤125,3690,0.3782902147656988,-0.05121923237625702,0.9505799130389396
RAD_OPERA_HOURLY_RAINFALL_ACCUMULATION_202301211800_patch000,IDW,IDW,"(125,375]",14314,0.43458374098453845,-0.05818421140865519,0.947055613479844
RAD_OPERA_HOURLY_RAINFALL_ACCUMULATION_202301211800_patch000,IDW,IDW,"(375,750]",21246,0.566167713919272,-0.10102154956930637,0.9300098088471782
RAD_OPERA_HOURLY_RAINFALL_ACCUMULATION_202301211800_patch000,IDW,IDW,"(750,1500]",39504,0.7433216134844128,-0.16163397183899453,0.8796740131144628
RAD_OPERA_HOURLY_RAINFALL_ACCUMULATION_202301211800_patch000,IDW,IDW,"(1500,3125]",66874,1.0333782570402275,-0.2269754262593405,0.7570308451035528
RAD_OPERA_HOURLY_RAINFALL_ACCUMULATION_202301211800_patch000,IDW,IDW,"(3125,6000]",32140,1.1495782925141924,-0.10691544052164749,0.619477202578507
RAD_OPERA_HOURLY_RAINFALL_ACCUMULATION_202301211800_patch000,IDW,IDW,"(6000,9000]",1432,1.2342389556400966,-0.15738969287892293,0.31284406370615775
RAD_OPERA_HOURLY_RAINFALL_ACCUMULATION_202301211900_patch000,IDW,IDW,≤125,5624,0.35423506311953024,-0.009436560771564845,0.9662301664098508
RAD_OPERA_HOURLY_RAINFALL_ACCUMULATION_202301211900_patch000,IDW,IDW,"(125,375]",21915,0.44908530036591127,-0.05111381534436676,0.9561172591151591
RAD_OPERA_HOURLY_RAINFALL_ACCUMULATION_202301211900_patch000,IDW,IDW,"(375,750]",34783,0.6039264796854403,-0.08316359703865696,0.9314871666771513
RAD_OPERA_HOURLY_RAINFALL_ACCUMULATION_202301211900_patch000,IDW,IDW,"(750,1500]",66652,0.7772569930237928,-0.11393699227736674,0.8950735105423372
RAD_OPERA_HOURLY_RAINFALL_ACCUMULATION_202301211900_patch000,IDW,IDW,"(1500,3125]",114198,1.1421053756378754,-0.2570255718587556,0.7942544754701302
RAD_OPERA_HOURLY_RAINFALL_ACCUMULATION_202301211900_patch000,IDW,IDW,"(3125,6000]",59909,1.4201468804766466,-0.3142187226507428,0.7423649997113299
RAD_OPERA_HOURLY_RAINFALL_ACCUMULATION_202301211900_patch000,IDW,IDW,"(6000,9000]",1303,1.0005020510909386,-0.28464154215791826,0.9246589322875152
RAD_OPERA_HOURLY_RAINFALL_ACCUMULATION_202301211900_patch001,IDW,IDW,≤125,4911,0.5417752489027777,-0.04172411292861154,0.9341358050970664
RAD_OPERA_HOURLY_RAINFALL_ACCUMULATION_202301211900_patch001,IDW,IDW,"(125,375]",18873,0.5782659965854149,-0.046893869107006624,0.933717223052577
RAD_OPERA_HOURLY_RAINFALL_ACCUMULATION_202301211900_patch001,IDW,IDW,"(375,750]",29125,0.7185664859930138,-0.0759942374304677,0.9165966730830535
RAD_OPERA_HOURLY_RAINFALL_ACCUMULATION_202301211900_patch001,IDW,IDW,"(750,1500]",55476,0.9167443600946706,-0.14975542104539105,0.8830317038372676
RAD_OPERA_HOURLY_RAINFALL_ACCUMULATION_202301211900_patch001,IDW,IDW,"(1500,3125]",96752,1.182542480347906,-0.2780217768520063,0.831008843963406
RAD_OPERA_HOURLY_RAINFALL_ACCUMULATION_202301211900_patch001,IDW,IDW,"(3125,6000]",57530,1.4555344940357169,-0.46410950244309995,0.6671679563078735
RAD_OPERA_HOURLY_RAINFALL_ACCUMULATION_202301211900_patch001,IDW,IDW,"(6000,9000]",5827,2.0929935549623133,-1.099866073234996,0.00465400077869382
RAD_OPERA_HOURLY_RAINFALL_ACCUMULATION_202301211900_patch001,IDW,IDW,>9000,306,2.375858237802169,-1.736649963201261,-0.9518614755843294
RAD_OPERA_HOURLY_RAINFALL_ACCUMULATION_202301212300_patch000,IDW,IDW,≤125,4692,0.46647727356375857,0.0008659492812904657,0.9720769796086176
RAD_OPERA_HOURLY_RAINFALL_ACCUMULATION_202301212300_patch000,IDW,IDW,"(125,375]",17503,0.504175308699154,0.02648080358680695,0.9634348708972268
RAD_OPERA_HOURLY_RAINFALL_ACCUMULATION_202301212300_patch000,IDW,IDW,"(375,750]",25922,0.6200522515632886,0.059503978221341604,0.9351951291113204
RAD_OPERA_HOURLY_RAINFALL_ACCUMULATION_202301212300_patch000,IDW,IDW,"(750,1500]",47008,0.7883518753068418,0.11383889767501713,0.8662045887154618
RAD_OPERA_HOURLY_RAINFALL_ACCUMULATION_202301212300_patch000,IDW,IDW,"(1500,3125]",81012,1.0612845400843334,0.12773214771792557,0.7057726975539294
RAD_OPERA_HOURLY_RAINFALL_ACCUMULATION_202301212300_patch000,IDW,IDW,"(3125,6000]",43894,1.2051486674039307,0.055746615791899816,0.5792967017916937
RAD_OPERA_HOURLY_RAINFALL_ACCUMULATION_202301212300_patch000,IDW,IDW,"(6000,9000]",1153,0.8418543765625544,-0.11084282553309684,0.8951756774928412
RAD_OPERA_HOURLY_RAINFALL_ACCUMULATION_202301220000_patch001,IDW,IDW,≤125,5230,0.5243216477919035,0.032072429817675635,0.9776153615711443
RAD_OPERA_HOURLY_RAINFALL_ACCUMULATION_202301220000_patch001,IDW,IDW,"(125,375]",20323,0.5825636909534423,0.034427158341324246,0.9688687618423285
RAD_OPERA_HOURLY_RAINFALL_ACCUMULATION_202301220000_patch001,IDW,IDW,"(375,750]",32666,0.7191671102165031,0.045118804528614984,0.9447345970133729
RAD_OPERA_HOURLY_RAINFALL_ACCUMULATION_202301220000_patch001,IDW,IDW,"(750,1500]",63206,0.8587570458765139,0.06135426628768433,0.9121867592045612
RAD_OPERA_HOURLY_RAINFALL_ACCUMULATION_202301220000_patch001,IDW,IDW,"(1500,3125]",104459,1.1651974397351224,0.09560489827622784,0.8298092569517825
RAD_OPERA_HOURLY_RAINFALL_ACCUMULATION_202301220000_patch001,IDW,IDW,"(3125,6000]",53531,1.4082408019099268,-0.0760483860391,0.7698513505794621
RAD_OPERA_HOURLY_RAINFALL_ACCUMULATION_202301220000_patch001,IDW,IDW,"(6000,9000]",5048,1.5686350618154217,1.1560150005932144,0.6942371087765943
RAD_OPERA_HOURLY_RAINFALL_ACCUMULATION_202301220000_patch001,IDW,IDW,>9000,2257,0.838055574132988,0.6753913584038596,0.09581833752191311
RAD_OPERA_HOURLY_RAINFALL_ACCUMULATION_202301220100_patch001,IDW,IDW,≤125,4018,0.43129999367636174,-0.026197885615114196,0.9792492401664205
RAD_OPERA_HOURLY_RAINFALL_ACCUMULATION_202301220100_patch001,IDW,IDW,"(125,375]",15534,0.5101441950592019,-0.035996068768789365,0.9771844955493473
RAD_OPERA_HOURLY_RAINFALL_ACCUMULATION_202301220100_patch001,IDW,IDW,"(375,750]",22904,0.6836125307656243,-0.08330442647765535,0.9669647537870233
RAD_OPERA_HOURLY_RAINFALL_ACCUMULATION_202301220100_patch001,IDW,IDW,"(750,1500]",41857,0.9470061245190564,-0.13423745191427344,0.9426448693927051
RAD_OPERA_HOURLY_RAINFALL_ACCUMULATION_202301220100_patch001,IDW,IDW,"(1500,3125]",71355,1.294017679843144,-0.12845836577011754,0.9018409170269769
RAD_OPERA_HOURLY_RAINFALL_ACCUMULATION_202301220100_patch001,IDW,IDW,"(3125,6000]",34056,1.3368519647563148,0.4425673364760739,0.87556809986569
RAD_OPERA_HOURLY_RAINFALL_ACCUMULATION_202301220100_patch001,IDW,IDW,"(6000,9000]",3300,0.9130410711489745,0.6433802836185152,0.9471984083850534
RAD_OPERA_HOURLY_RAINFALL_ACCUMULATION_202301221200_patch000,IDW,IDW,≤125,5692,0.3923519921177808,0.018146074810919424,0.9875253632872729
RAD_OPERA_HOURLY_RAINFALL_ACCUMULATION_202301221200_patch000,IDW,IDW,"(125,375]",22509,0.4777197579583003,0.016945512097013952,0.984976441822194
RAD_OPERA_HOURLY_RAINFALL_ACCUMULATION_202301221200_patch000,IDW,IDW,"(375,750]",37533,0.6273188663800708,-0.0007149660537763328,0.9798440495803994
RAD_OPERA_HOURLY_RAINFALL_ACCUMULATION_202301221200_patch000,IDW,IDW,"(750,1500]",75522,0.8240285944926852,0.051340866689593805,0.9591524344688386
RAD_OPERA_HOURLY_RAINFALL_ACCUMULATION_202301221200_patch000,IDW,IDW,"(1500,3125]",133266,1.0790282427879982,0.1284854622124783,0.8854391771683696
RAD_OPERA_HOURLY_RAINFALL_ACCUMULATION_202301221200_patch000,IDW,IDW,"(3125,6000]",68969,1.5384050230551598,0.2900616293254656,0.6875619380834476
RAD_OPERA_HOURLY_RAINFALL_ACCUMULATION_202301221200_patch000,IDW,IDW,"(6000,9000]",8879,1.6172290597972103,1.0589157281100905,0.6258136821988454
RAD_OPERA_HOURLY_RAINFALL_ACCUMULATION_202301221200_patch000,IDW,IDW,>9000,2446,0.7257711213179227,0.5286975704249259,0.7600150066400895
RAD_OPERA_HOURLY_RAINFALL_ACCUMULATION_202301222100_patch000,IDW,IDW,≤125,3783,0.5121455458945291,-0.08164651731982935,0.9791752564574118
RAD_OPERA_HOURLY_RAINFALL_ACCUMULATION_202301222100_patch000,IDW,IDW,"(125,375]",14906,0.5856469015376427,-0.07652171419032354,0.9723548259171109
RAD_OPERA_HOURLY_RAINFALL_ACCUMULATION_202301222100_patch000,IDW,IDW,"(375,750]",22509,0.7800449740954372,-0.13131334311258447,0.9559284623749518
RAD_OPERA_HOURLY_RAINFALL_ACCUMULATION_202301222100_patch000,IDW,IDW,"(750,1500]",41257,1.089441968500236,-0.29087287639381143,0.9393942542031801
RAD_OPERA_HOURLY_RAINFALL_ACCUMULATION_202301222100_patch000,IDW,IDW,"(1500,3125]",66625,1.4879237192774353,-0.4656188085769833,0.9082938285433827
RAD_OPERA_HOURLY_RAINFALL_ACCUMULATION_202301222100_patch000,IDW,IDW,"(3125,6000]",34002,1.5644497365976697,-0.2730233151445092,0.8938373672687325
RAD_OPERA_HOURLY_RAINFALL_ACCUMULATION_202301222100_patch000,IDW,IDW,"(6000,9000]",3286,1.2281612448306478,0.4748677717975544,0.8908018790682198
RAD_OPERA_HOURLY_RAINFALL_ACCUMULATION_202301230100_patch000,IDW,IDW,≤125,4445,0.4020998296900967,-0.021836306036371933,0.9845803019810019
RAD_OPERA_HOURLY_RAINFALL_ACCUMULATION_202301230100_patch000,IDW,IDW,"(125,375]",17833,0.4650861736692512,-0.001620339375010787,0.9756973152214085
RAD_OPERA_HOURLY_RAINFALL_ACCUMULATION_202301230100_patch000,IDW,IDW,"(375,750]",28225,0.6157609599058989,0.008224628664844297,0.9522083550739022
RAD_OPERA_HOURLY_RAINFALL_ACCUMULATION_202301230100_patch000,IDW,IDW,"(750,1500]",52717,0.790619118716437,0.02053403863851975,0.9204201106690517
RAD_OPERA_HOURLY_RAINFALL_ACCUMULATION_202301230100_patch000,IDW,IDW,"(1500,3125]",84234,1.0404040333942124,0.023263136224171265,0.8676078917940356
RAD_OPERA_HOURLY_RAINFALL_ACCUMULATION_202301230100_patch000,IDW,IDW,"(3125,6000]",43953,1.167017154389084,0.19659138074827545,0.8147530377175496
RAD_OPERA_HOURLY_RAINFALL_ACCUMULATION_202301230100_patch000,IDW,IDW,"(6000,9000]",5580,1.4685164268868485,1.126391494921392,0.7062441583874166
RAD_OPERA_HOURLY_RAINFALL_ACCUMULATION_202301230100_patch000,IDW,IDW,>9000,1093,1.9727502192507929,1.798683359060174,0.7776260599473291
RAD_OPERA_HOURLY_RAINFALL_ACCUMULATION_202301230600_patch003,IDW,IDW,≤125,5253,0.34014191024282975,-0.045757150799801936,0.9619198839209431
RAD_OPERA_HOURLY_RAINFALL_ACCUMULATION_202301230600_patch003,IDW,IDW,"(125,375]",20266,0.35105026105702636,-0.04209936520995198,0.9583429862772593
RAD_OPERA_HOURLY_RAINFALL_ACCUMULATION_202301230600_patch003,IDW,IDW,"(375,750]",31845,0.4322567241289204,-0.03738160768807786,0.9449111674166802
RAD_OPERA_HOURLY_RAINFALL_ACCUMULATION_202301230600_patch003,IDW,IDW,"(750,1500]",60657,0.5858274311175194,-0.08445836990584797,0.9230944198376797
RAD_OPERA_HOURLY_RAINFALL_ACCUMULATION_202301230600_patch003,IDW,IDW,"(1500,3125]",99992,0.7296304119644954,-0.16934869628235982,0.9178540141962303
RAD_OPERA_HOURLY_RAINFALL_ACCUMULATION_202301230600_patch003,IDW,IDW,"(3125,6000]",48778,0.8753148428303735,-0.16611674984954392,0.9091395287606098
RAD_OPERA_HOURLY_RAINFALL_ACCUMULATION_202301230600_patch003,IDW,IDW,"(6000,9000]",2009,0.9510556835524828,0.5565595910316561,0.903928094978107
RAD_OPERA_HOURLY_RAINFALL_ACCUMULATION_202301231200_patch001,IDW,IDW,≤125,5395,0.253065616797626,0.002989961367110835,0.9647420547277353
RAD_OPERA_HOURLY_RAINFALL_ACCUMULATION_202301231200_patch001,IDW,IDW,"(125,375]",21090,0.29756510550895554,0.014305297501169713,0.955279738500573
RAD_OPERA_HOURLY_RAINFALL_ACCUMULATION_202301231200_patch001,IDW,IDW,"(375,750]",34488,0.3400249186607031,0.03849629217914751,0.937454295541054
RAD_OPERA_HOURLY_RAINFALL_ACCUMULATION_202301231200_patch001,IDW,IDW,"(750,1500]",67771,0.41911468861698054,0.06977572300180869,0.9087770642050872
RAD_OPERA_HOURLY_RAINFALL_ACCUMULATION_202301231200_patch001,IDW,IDW,"(1500,3125]",115766,0.5861403028161636,0.07591959804168677,0.8456496032632325
RAD_OPERA_HOURLY_RAINFALL_ACCUMULATION_202301231200_patch001,IDW,IDW,"(3125,6000]",63094,0.6512380543710621,0.13174416920605989,0.8918923871123565
RAD_OPERA_HOURLY_RAINFALL_ACCUMULATION_202301231200_patch001,IDW,IDW,"(6000,9000]",4971,0.7880045782848848,0.5405792906847405,0.8867234227155987
RAD_OPERA_HOURLY_RAINFALL_ACCUMULATION_202301231200_patch001,IDW,IDW,>9000,1,0.8937914371490479,0.8937914371490479,
RAD_OPERA_HOURLY_RAINFALL_ACCUMULATION_202301231200_patch002,IDW,IDW,≤125,4808,0.4517851038956999,0.04493885721620823,0.9856614278580128
RAD_OPERA_HOURLY_RAINFALL_ACCUMULATION_202301231200_patch002,IDW,IDW,"(125,375]",19791,0.47528532867892515,0.05549078050976928,0.9816944759149207
RAD_OPERA_HOURLY_RAINFALL_ACCUMULATION_202301231200_patch002,IDW,IDW,"(375,750]",33541,0.5645157694274364,0.0898420953709027,0.9692824257789417
RAD_OPERA_HOURLY_RAINFALL_ACCUMULATION_202301231200_patch002,IDW,IDW,"(750,1500]",70004,0.6917424293403319,0.09284951098288381,0.9466187420735286
RAD_OPERA_HOURLY_RAINFALL_ACCUMULATION_202301231200_patch002,IDW,IDW,"(1500,3125]",130131,0.8080530655292606,0.19577536598813133,0.9044517932635805
RAD_OPERA_HOURLY_RAINFALL_ACCUMULATION_202301231200_patch002,IDW,IDW,"(3125,6000]",65641,0.9437733925002905,0.37896636910565734,0.8388408358084004
RAD_OPERA_HOURLY_RAINFALL_ACCUMULATION_202301231200_patch002,IDW,IDW,"(6000,9000]",5637,0.46112305859136854,0.2350954553517167,0.8189276430682353
RAD_OPERA_HOURLY_RAINFALL_ACCUMULATION_202301231200_patch002,IDW,IDW,>9000,175,0.5022339342832295,0.44929826463971817,0.09844464649947507
RAD_OPERA_HOURLY_RAINFALL_ACCUMULATION_202301231200_patch003,IDW,IDW,≤125,5159,1.3402308249463075,-0.045193821912529214,0.9777273837613805
RAD_OPERA_HOURLY_RAINFALL_ACCUMULATION_202301231200_patch003,IDW,IDW,"(125,375]",19586,1.429709476322142,0.0012926403259287693,0.9723289156709143
RAD_OPERA_HOURLY_RAINFALL_ACCUMULATION_202301231200_patch003,IDW,IDW,"(375,750]",29988,1.9499436221184845,0.08589104807345768,0.9456955312451922
RAD_OPERA_HOURLY_RAINFALL_ACCUMULATION_202301231200_patch003,IDW,IDW,"(750,1500]",56176,2.750223927453959,0.30312318864088306,0.8531102141939177
RAD_OPERA_HOURLY_RAINFALL_ACCUMULATION_202301231200_patch003,IDW,IDW,"(1500,3125]",95580,3.63353954014684,1.0114960411848768,0.6532601288039903
RAD_OPERA_HOURLY_RAINFALL_ACCUMULATION_202301231200_patch003,IDW,IDW,"(3125,6000]",56911,4.07719932670588,1.5028516268190433,0.4938755433952036
RAD_OPERA_HOURLY_RAINFALL_ACCUMULATION_202301231200_patch003,IDW,IDW,"(6000,9000]",8318,1.9726035666951705,-0.04232579522416554,0.3426807081116982
RAD_OPERA_HOURLY_RAINFALL_ACCUMULATION_202301231200_patch003,IDW,IDW,>9000,666,0.8679163750241372,0.539384557729917,0.4330120627932208
RAD_OPERA_HOURLY_RAINFALL_ACCUMULATION_202301231300_patch001,IDW,IDW,≤125,5511,1.766714618504807,-0.04004091034321981,0.9493783700031609
RAD_OPERA_HOURLY_RAINFALL_ACCUMULATION_202301231300_patch001,IDW,IDW,"(125,375]",21364,2.539805402215727,-0.09174198102618333,0.9080773133042166
RAD_OPERA_HOURLY_RAINFALL_ACCUMULATION_202301231300_patch001,IDW,IDW,"(375,750]",33423,3.6681653840094746,-0.20526699357589676,0.8577447015696084
RAD_OPERA_HOURLY_RAINFALL_ACCUMULATION_202301231300_patch001,IDW,IDW,"(750,1500]",63975,4.7992683213954965,-0.35277092047470426,0.8160933384462409
RAD_OPERA_HOURLY_RAINFALL_ACCUMULATION_202301231300_patch001,IDW,IDW,"(1500,3125]",114461,5.914524738131782,-0.5611448132003449,0.7944206774686052
RAD_OPERA_HOURLY_RAINFALL_ACCUMULATION_202301231300_patch001,IDW,IDW,"(3125,6000]",64360,4.193300675531907,-0.07164315475892265,0.802107518834165
RAD_OPERA_HOURLY_RAINFALL_ACCUMULATION_202301231300_patch001,IDW,IDW,"(6000,9000]",3082,1.4055207657869677,0.5974485787757663,0.6595489041187482
RAD_OPERA_HOURLY_RAINFALL_ACCUMULATION_202301231400_patch002,IDW,IDW,≤125,5874,0.15426508755520216,-0.008144801719114818,0.9838871361830899
RAD_OPERA_HOURLY_RAINFALL_ACCUMULATION_202301231400_patch002,IDW,IDW,"(125,375]",23308,0.18479601682061728,-0.006575166286623496,0.9772472688153842
RAD_OPERA_HOURLY_RAINFALL_ACCUMULATION_202301231400_patch002,IDW,IDW,"(375,750]",37553,0.24433043861070905,-0.009475068182830082,0.9637953679191806
RAD_OPERA_HOURLY_RAINFALL_ACCUMULATION_202301231400_patch002,IDW,IDW,"(750,1500]",71261,0.3356876013195049,-0.018181937077888524,0.9395159815989675
RAD_OPERA_HOURLY_RAINFALL_ACCUMULATION_202301231400_patch002,IDW,IDW,"(1500,3125]",123639,0.47865259108246755,-0.061539527284997696,0.878499109669186
RAD_OPERA_HOURLY_RAINFALL_ACCUMULATION_202301231400_patch002,IDW,IDW,"(3125,6000]",70303,0.6176270319702983,-0.16822054388919783,0.8203761379953965
RAD_OPERA_HOURLY_RAINFALL_ACCUMULATION_202301231400_patch002,IDW,IDW,"(6000,9000]",3934,0.4222545224559659,0.04431931967655293,0.7130192041071378
RAD_OPERA_HOURLY_RAINFALL_ACCUMULATION_202301231400_patch003,IDW,IDW,≤125,4953,0.1892079650041869,-0.00041848801372750655,0.9798228966763226
RAD_OPERA_HOURLY_RAINFALL_ACCUMULATION_202301231400_patch003,IDW,IDW,"(125,375]",20410,0.2276864336812114,0.00364214193289447,0.9712864698261525
RAD_OPERA_HOURLY_RAINFALL_ACCUMULATION_202301231400_patch003,IDW,IDW,"(375,750]",34665,0.2947236239416342,0.0035614415635695346,0.9583470346174385
RAD_OPERA_HOURLY_RAINFALL_ACCUMULATION_202301231400_patch003,IDW,IDW,"(750,1500]",72194,0.3730316108178908,-0.0029108793800001406,0.9334067564776274
RAD_OPERA_HOURLY_RAINFALL_ACCUMULATION_202301231400_patch003,IDW,IDW,"(1500,3125]",134690,0.43456472154475456,0.0037260909816967244,0.9046943387079954
RAD_OPERA_HOURLY_RAINFALL_ACCUMULATION_202301231400_patch003,IDW,IDW,"(3125,6000]",66872,0.5942751472570648,0.07784456050687251,0.8154663624426723
RAD_OPERA_HOURLY_RAINFALL_ACCUMULATION_202301231400_patch003,IDW,IDW,"(6000,9000]",7545,0.6948425424748867,0.26599509921035996,0.31544033339956945
RAD_OPERA_HOURLY_RAINFALL_ACCUMULATION_202301231400_patch003,IDW,IDW,>9000,175,0.39085568786172215,0.3832274736676897,0.1889315617053636
RAD_OPERA_HOURLY_RAINFALL_ACCUMULATION_202301231600_patch001,IDW,IDW,≤125,4914,0.4410806476035959,-0.05921371172587465,0.9687157130707438
RAD_OPERA_HOURLY_RAINFALL_ACCUMULATION_202301231600_patch001,IDW,IDW,"(125,375]",20085,0.44416496708160264,-0.05795120937716822,0.9692730330123516
RAD_OPERA_HOURLY_RAINFALL_ACCUMULATION_202301231600_patch001,IDW,IDW,"(375,750]",33153,0.5085279765134625,-0.059472833190917736,0.964127746251951
RAD_OPERA_HOURLY_RAINFALL_ACCUMULATION_202301231600_patch001,IDW,IDW,"(750,1500]",65856,0.6799269906398089,-0.1000925449630023,0.9500343214363809
RAD_OPERA_HOURLY_RAINFALL_ACCUMULATION_202301231600_patch001,IDW,IDW,"(1500,3125]",111781,0.9019361767852819,-0.1545413281210705,0.9313801452515638
RAD_OPERA_HOURLY_RAINFALL_ACCUMULATION_202301231600_patch001,IDW,IDW,"(3125,6000]",56017,1.204576255527544,0.10951189381113047,0.894739116718509
RAD_OPERA_HOURLY_RAINFALL_ACCUMULATION_202301231600_patch001,IDW,IDW,"(6000,9000]",8106,1.5857957245343044,1.1582507839246705,0.6821405286829036
RAD_OPERA_HOURLY_RAINFALL_ACCUMULATION_202301231600_patch001,IDW,IDW,>9000,1656,1.7521882846817836,1.3823825685298385,-0.8001137185163326
RAD_OPERA_HOURLY_RAINFALL_ACCUMULATION_202301231700_patch000,IDW,IDW,≤125,5269,0.3484915288832718,-0.01627569973135067,0.9819877045709916
RAD_OPERA_HOURLY_RAINFALL_ACCUMULATION_202301231700_patch000,IDW,IDW,"(125,375]",20368,0.3951698884312339,0.014345251605754538,0.9749610344183988
RAD_OPERA_HOURLY_RAINFALL_ACCUMULATION_202301231700_patch000,IDW,IDW,"(375,750]",32124,0.5122995096000763,0.043551732986272976,0.9619484319619958
RAD_OPERA_HOURLY_RAINFALL_ACCUMULATION_202301231700_patch000,IDW,IDW,"(750,1500]",61468,0.6527695926310266,0.0737954020535819,0.9424525249656254
RAD_OPERA_HOURLY_RAINFALL_ACCUMULATION_202301231700_patch000,IDW,IDW,"(1500,3125]",104182,0.8876931941455392,0.034180883644079875,0.9154328072475294
RAD_OPERA_HOURLY_RAINFALL_ACCUMULATION_202301231700_patch000,IDW,IDW,"(3125,6000]",59655,1.1393886911867175,0.15672791037964867,0.8860113818189882
RAD_OPERA_HOURLY_RAINFALL_ACCUMULATION_202301231700_patch000,IDW,IDW,"(6000,9000]",8108,1.2974413403519351,0.8762267252295239,0.8589392538318862
RAD_OPERA_HOURLY_RAINFALL_ACCUMULATION_202301231700_patch000,IDW,IDW,>9000,666,1.0364017846782032,0.8338077439739181,0.9611010107397231
RAD_OPERA_HOURLY_RAINFALL_ACCUMULATION_202301231900_patch000,IDW,IDW,≤125,5065,0.4453425541975038,-0.03512573858680754,0.9778723680662249
RAD_OPERA_HOURLY_RAINFALL_ACCUMULATION_202301231900_patch000,IDW,IDW,"(125,375]",20812,0.5195024033887371,-0.04378632694237935,0.9730880802012812
RAD_OPERA_HOURLY_RAINFALL_ACCUMULATION_202301231900_patch000,IDW,IDW,"(375,750]",35015,0.6326497445482003,-0.03456890616679249,0.9620818191020876
RAD_OPERA_HOURLY_RAINFALL_ACCUMULATION_202301231900_patch000,IDW,IDW,"(750,1500]",71144,0.7590408158142112,-0.027761857339710812,0.9459177772461467
RAD_OPERA_HOURLY_RAINFALL_ACCUMULATION_202301231900_patch000,IDW,IDW,"(1500,3125]",125239,0.9254938969251205,-0.008784612219885002,0.9213029175208475
RAD_OPERA_HOURLY_RAINFALL_ACCUMULATION_202301231900_patch000,IDW,IDW,"(3125,6000]",61768,0.935473152923884,0.39258739607552906,0.8895389549900412
RAD_OPERA_HOURLY_RAINFALL_ACCUMULATION_202301231900_patch000,IDW,IDW,"(6000,9000]",9857,1.0576949389240609,0.8459277631180353,0.8225808311300875
RAD_OPERA_HOURLY_RAINFALL_ACCUMULATION_202301231900_patch000,IDW,IDW,>9000,1340,0.7924288107389932,0.6487721568696312,0.887022205207968
RAD_OPERA_HOURLY_RAINFALL_ACCUMULATION_202301240500_patch000,IDW,IDW,≤125,7497,4.5632522793247094,0.4404149357790311,0.9307106002069709
RAD_OPERA_HOURLY_RAINFALL_ACCUMULATION_202301240500_patch000,IDW,IDW,"(125,375]",30107,4.704817998008499,0.2091627199092497,0.9298050434636952
RAD_OPERA_HOURLY_RAINFALL_ACCUMULATION_202301240500_patch000,IDW,IDW,"(375,750]",51230,5.218568025072248,0.4612972088527836,0.8866433171290827
RAD_OPERA_HOURLY_RAINFALL_ACCUMULATION_202301240500_patch000,IDW,IDW,"(750,1500]",105715,4.5899663364216865,0.6763242074088053,0.8468592852757194
RAD_OPERA_HOURLY_RAINFALL_ACCUMULATION_202301240500_patch000,IDW,IDW,"(1500,3125]",194009,5.510649166291206,0.840085872027684,0.7819412626964082
RAD_OPERA_HOURLY_RAINFALL_ACCUMULATION_202301240500_patch000,IDW,IDW,"(3125,6000]",101789,5.904567113783518,1.698054241055905,0.6856368404829308
RAD_OPERA_HOURLY_RAINFALL_ACCUMULATION_202301240500_patch000,IDW,IDW,"(6000,9000]",4242,3.163605168499974,0.6724242492087575,0.6193181953429476
RAD_OPERA_HOURLY_RAINFALL_ACCUMULATION_202301240500_patch000,IDW,IDW,>9000,3,0.7269458576161053,0.7269426584243774,
RAD_OPERA_HOURLY_RAINFALL_ACCUMULATION_202301240700_patch000,IDW,IDW,≤125,3841,0.3197465462892744,-0.03916420614741116,0.9570307989194229
RAD_OPERA_HOURLY_RAINFALL_ACCUMULATION_202301240700_patch000,IDW,IDW,"(125,375]",15308,0.3555344008789608,-0.035467066892856156,0.9510665462507917
RAD_OPERA_HOURLY_RAINFALL_ACCUMULATION_202301240700_patch000,IDW,IDW,"(375,750]",23624,0.44552415794480443,-0.0475564450189557,0.9385061233720379
RAD_OPERA_HOURLY_RAINFALL_ACCUMULATION_202301240700_patch000,IDW,IDW,"(750,1500]",44314,0.5719443051328456,-0.05830053571784314,0.9218092227567685
RAD_OPERA_HOURLY_RAINFALL_ACCUMULATION_202301240700_patch000,IDW,IDW,"(1500,3125]",70641,0.7332777407041113,-0.1684271868813664,0.898101632836075
RAD_OPERA_HOURLY_RAINFALL_ACCUMULATION_202301240700_patch000,IDW,IDW,"(3125,6000]",32468,0.6630872408575025,0.025234326026306608,0.8681033951501431
RAD_OPERA_HOURLY_RAINFALL_ACCUMULATION_202301240700_patch000,IDW,IDW,"(6000,9000]",2828,0.4445353858774212,0.3448920865797423,0.9154142068238634
RAD_OPERA_HOURLY_RAINFALL_ACCUMULATION_202301241500_patch000,IDW,IDW,≤125,6666,0.6114975120083705,0.05831710072140384,0.9696152217941874
RAD_OPERA_HOURLY_RAINFALL_ACCUMULATION_202301241500_patch000,IDW,IDW,"(125,375]",26427,0.6432322895965945,0.04200701451179458,0.9618699740116272
RAD_OPERA_HOURLY_RAINFALL_ACCUMULATION_202301241500_patch000,IDW,IDW,"(375,750]",44674,0.8817644452763561,-0.015651668858320252,0.9334759705290175
RAD_OPERA_HOURLY_RAINFALL_ACCUMULATION_202301241500_patch000,IDW,IDW,"(750,1500]",92969,1.079598839068048,-0.024948022325119532,0.8920814565825639
RAD_OPERA_HOURLY_RAINFALL_ACCUMULATION_202301241500_patch000,IDW,IDW,"(1500,3125]",168314,1.3696458379725605,-0.08654167404847111,0.8187314184718214
RAD_OPERA_HOURLY_RAINFALL_ACCUMULATION_202301241500_patch000,IDW,IDW,"(3125,6000]",87948,1.9470911768783303,-0.40367619418065964,0.7126845728375905
RAD_OPERA_HOURLY_RAINFALL_ACCUMULATION_202301241500_patch000,IDW,IDW,"(6000,9000]",6063,1.2601486925325096,0.645892144382521,0.40990238980697175
RAD_OPERA_HOURLY_RAINFALL_ACCUMULATION_202301241500_patch000,IDW,IDW,>9000,91,1.6467202033851038,1.6428742068154472,0.7766187034859853
RAD_OPERA_HOURLY_RAINFALL_ACCUMULATION_202301241500_patch001,IDW,IDW,≤125,4327,0.9004116026635087,-0.08824483740679628,0.9483108270015282
RAD_OPERA_HOURLY_RAINFALL_ACCUMULATION_202301241500_patch001,IDW,IDW,"(125,375]",17469,0.9932505720823962,-0.1134699510598196,0.9464542121306206
RAD_OPERA_HOURLY_RAINFALL_ACCUMULATION_202301241500_patch001,IDW,IDW,"(375,750]",28304,1.219766390071443,-0.17886276687572797,0.9305766681916172
RAD_OPERA_HOURLY_RAINFALL_ACCUMULATION_202301241500_patch001,IDW,IDW,"(750,1500]",54744,1.4809456608979858,-0.23862320984764518,0.8984565573411171
RAD_OPERA_HOURLY_RAINFALL_ACCUMULATION_202301241500_patch001,IDW,IDW,"(1500,3125]",84620,2.027096688584942,-0.4339004549817895,0.8395288905043536
RAD_OPERA_HOURLY_RAINFALL_ACCUMULATION_202301241500_patch001,IDW,IDW,"(3125,6000]",39893,2.0024890570421157,-0.17034327168051897,0.762117055051361
RAD_OPERA_HOURLY_RAINFALL_ACCUMULATION_202301241500_patch001,IDW,IDW,"(6000,9000]",4424,1.1212103628336272,0.6511548229141219,0.45184151890195484
RAD_OPERA_HOURLY_RAINFALL_ACCUMULATION_202301241500_patch001,IDW,IDW,>9000,1227,1.1222138126621792,0.9336222178001373,0.5280011380820351
RAD_OPERA_HOURLY_RAINFALL_ACCUMULATION_202301241700_patch000,IDW,IDW,≤125,4266,0.4577059897373446,-0.026012361016253645,0.9348981983392916
RAD_OPERA_HOURLY_RAINFALL_ACCUMULATION_202301241700_patch000,IDW,IDW,"(125,375]",17079,0.5292211946200074,-0.026591065653876925,0.9118688501176099
RAD_OPERA_HOURLY_RAINFALL_ACCUMULATION_202301241700_patch000,IDW,IDW,"(375,750]",27134,0.6682919881287869,0.046391880041265036,0.87194143407764
RAD_OPERA_HOURLY_RAINFALL_ACCUMULATION_202301241700_patch000,IDW,IDW,"(750,1500]",50938,0.8719902354723323,0.11251441018795752,0.7910191182865918
RAD_OPERA_HOURLY_RAINFALL_ACCUMULATION_202301241700_patch000,IDW,IDW,"(1500,3125]",83633,1.1202013955108843,0.11124314735049132,0.6461736475955491
RAD_OPERA_HOURLY_RAINFALL_ACCUMULATION_202301241700_patch000,IDW,IDW,"(3125,6000]",42436,1.0764394640794186,0.2612798725374825,0.5372001001663779
RAD_OPERA_HOURLY_RAINFALL_ACCUMULATION_202301241700_patch000,IDW,IDW,"(6000,9000]",3890,1.1376390687889013,0.37057837440068836,0.5029070458666592
RAD_OPERA_HOURLY_RAINFALL_ACCUMULATION_202301241700_patch002,IDW,IDW,≤125,3783,0.5156726897152093,-0.039712086327862904,0.9711485564579884
RAD_OPERA_HOURLY_RAINFALL_ACCUMULATION_202301241700_patch002,IDW,IDW,"(125,375]",14906,0.5999437075061573,-0.04894043727247982,0.9600930062682936
RAD_OPERA_HOURLY_RAINFALL_ACCUMULATION_202301241700_patch002,IDW,IDW,"(375,750]",22509,0.7627154430908847,-0.06857650810282136,0.9400888654735402
RAD_OPERA_HOURLY_RAINFALL_ACCUMULATION_202301241700_patch002,IDW,IDW,"(750,1500]",41257,0.9768279808179936,-0.1128341392196471,0.9082914943861407
RAD_OPERA_HOURLY_RAINFALL_ACCUMULATION_202301241700_patch002,IDW,IDW,"(1500,3125]",66625,1.2774000750019827,-0.13139159633936343,0.8387602409807653
RAD_OPERA_HOURLY_RAINFALL_ACCUMULATION_202301241700_patch002,IDW,IDW,"(3125,6000]",34002,1.5155231713224002,0.03296448404039416,0.7443764391548899
RAD_OPERA_HOURLY_RAINFALL_ACCUMULATION_202301241700_patch002,IDW,IDW,"(6000,9000]",3286,1.1559531432134647,0.43020014732404954,0.7865931947165007
RAD_OPERA_HOURLY_RAINFALL_ACCUMULATION_202301241900_patch001,IDW,IDW,≤125,3801,0.29524809986020484,-0.006537085581816864,0.9851387640394623
RAD_OPERA_HOURLY_RAINFALL_ACCUMULATION_202301241900_patch001,IDW,IDW,"(125,375]",14742,0.3622160092738933,-0.01661651242201436,0.9759928601753302
RAD_OPERA_HOURLY_RAINFALL_ACCUMULATION_202301241900_patch001,IDW,IDW,"(375,750]",21758,0.4733675611734752,-0.029767356717073694,0.9572343532958558
RAD_OPERA_HOURLY_RAINFALL_ACCUMULATION_202301241900_patch001,IDW,IDW,"(750,1500]",40352,0.6074505785007412,-0.05733979779571106,0.9291629616645489
RAD_OPERA_HOURLY_RAINFALL_ACCUMULATION_202301241900_patch001,IDW,IDW,"(1500,3125]",68193,0.8585372189387442,-0.10589640070027549,0.8670170952665052
RAD_OPERA_HOURLY_RAINFALL_ACCUMULATION_202301241900_patch001,IDW,IDW,"(3125,6000]",33486,1.0102058938908345,0.051278928020326124,0.8477447814799808
RAD_OPERA_HOURLY_RAINFALL_ACCUMULATION_202301241900_patch001,IDW,IDW,"(6000,9000]",3268,1.2738401934783938,0.9797039419330538,0.8207314827452988
RAD_OPERA_HOURLY_RAINFALL_ACCUMULATION_202301242200_patch001,IDW,IDW,≤125,4808,0.7297358866508908,-0.10567097402460325,0.9617203962661125
RAD_OPERA_HOURLY_RAINFALL_ACCUMULATION_202301242200_patch001,IDW,IDW,"(125,375]",19791,0.8922529532028847,-0.1365703926200344,0.9490695084327279
RAD_OPERA_HOURLY_RAINFALL_ACCUMULATION_202301242200_patch001,IDW,IDW,"(375,750]",33541,1.0298448697327474,-0.10175574740902077,0.9255581571567888
RAD_OPERA_HOURLY_RAINFALL_ACCUMULATION_202301242200_patch001,IDW,IDW,"(750,1500]",70004,1.2426828227583853,-0.004963481401398558,0.8730092481545655
RAD_OPERA_HOURLY_RAINFALL_ACCUMULATION_202301242200_patch001,IDW,IDW,"(1500,3125]",130131,1.4912865848660555,0.0323949682251139,0.7755785573147308
RAD_OPERA_HOURLY_RAINFALL_ACCUMULATION_202301242200_patch001,IDW,IDW,"(3125,6000]",65641,1.6686670586723813,-0.06472816926992865,0.6807733973403876
RAD_OPERA_HOURLY_RAINFALL_ACCUMULATION_202301242200_patch001,IDW,IDW,"(6000,9000]",5637,1.7752000750021442,0.9883884174255341,0.40406096203260966
RAD_OPERA_HOURLY_RAINFALL_ACCUMULATION_202301242200_patch001,IDW,IDW,>9000,175,0.7974368601800703,0.7602692302635737,0.18272735998060696
RAD_OPERA_HOURLY_RAINFALL_ACCUMULATION_202301250200_patch000,IDW,IDW,≤125,4338,0.23091866196838545,-0.0202165223561904,0.9899702146872676
RAD_OPERA_HOURLY_RAINFALL_ACCUMULATION_202301250200_patch000,IDW,IDW,"(125,375]",17374,0.270488612929599,-0.020445470530181673,0.9859834951636675
RAD_OPERA_HOURLY_RAINFALL_ACCUMULATION_202301250200_patch000,IDW,IDW,"(375,750]",27861,0.3544597680711141,-0.023434162467214307,0.9731901194572983
RAD_OPERA_HOURLY_RAINFALL_ACCUMULATION_202301250200_patch000,IDW,IDW,"(750,1500]",53465,0.4724269354349751,0.0033776393231468877,0.9433655295515286
RAD_OPERA_HOURLY_RAINFALL_ACCUMULATION_202301250200_patch000,IDW,IDW,"(1500,3125]",85070,0.5965502490546641,0.04994733732145976,0.888173036867871
RAD_OPERA_HOURLY_RAINFALL_ACCUMULATION_202301250200_patch000,IDW,IDW,"(3125,6000]",42760,0.711216347329127,-0.07250445670612903,0.81991145705421
RAD_OPERA_HOURLY_RAINFALL_ACCUMULATION_202301250200_patch000,IDW,IDW,"(6000,9000]",5271,1.0659125410697394,0.25680955567682884,0.10432705899338417
RAD_OPERA_HOURLY_RAINFALL_ACCUMULATION_202301250200_patch000,IDW,IDW,>9000,405,0.8295091576649093,0.6797980655858546,0.7043126024387001
RAD_OPERA_HOURLY_RAINFALL_ACCUMULATION_202301250200_patch001,IDW,IDW,≤125,7047,0.530714425087612,-0.012814343527424835,0.9863526155558504
RAD_OPERA_HOURLY_RAINFALL_ACCUMULATION_202301250200_patch001,IDW,IDW,"(125,375]",28082,0.5458018553174575,-0.004635703633308754,0.983423958060133
RAD_OPERA_HOURLY_RAINFALL_ACCUMULATION_202301250200_patch001,IDW,IDW,"(375,750]",47439,0.6236239686121452,0.03221935643904892,0.9757428162678152
RAD_OPERA_HOURLY_RAINFALL_ACCUMULATION_202301250200_patch001,IDW,IDW,"(750,1500]",96948,0.7744914609960534,0.063379142980401,0.9569027914542805
RAD_OPERA_HOURLY_RAINFALL_ACCUMULATION_202301250200_patch001,IDW,IDW,"(1500,3125]",177373,1.0073275681759075,0.10700051160756799,0.9231052189411664
RAD_OPERA_HOURLY_RAINFALL_ACCUMULATION_202301250200_patch001,IDW,IDW,"(3125,6000]",99828,1.0065606559267328,0.0303672950519169,0.9212550126421227
RAD_OPERA_HOURLY_RAINFALL_ACCUMULATION_202301250200_patch001,IDW,IDW,"(6000,9000]",5091,0.45265379245083903,0.21105807976278798,0.7126420082209497
RAD_OPERA_HOURLY_RAINFALL_ACCUMULATION_202301250200_patch001,IDW,IDW,>9000,16,0.0,0.0,
RAD_OPERA_HOURLY_RAINFALL_ACCUMULATION_202301250300_patch000,IDW,IDW,≤125,5148,0.21408578017716692,0.00571510962209872,0.9755845431959687
RAD_OPERA_HOURLY_RAINFALL_ACCUMULATION_202301250300_patch000,IDW,IDW,"(125,375]",19535,0.22633840438097436,0.0003021124991609033,0.9727948157690485
RAD_OPERA_HOURLY_RAINFALL_ACCUMULATION_202301250300_patch000,IDW,IDW,"(375,750]",29882,0.265476082696056,0.003044899981165976,0.9602530860070947
RAD_OPERA_HOURLY_RAINFALL_ACCUMULATION_202301250300_patch000,IDW,IDW,"(750,1500]",56090,0.3204241295916352,0.011516211735923822,0.9347233529854618
RAD_OPERA_HOURLY_RAINFALL_ACCUMULATION_202301250300_patch000,IDW,IDW,"(1500,3125]",95021,0.4155783840828756,0.04293771163945628,0.8922062499424349
RAD_OPERA_HOURLY_RAINFALL_ACCUMULATION_202301250300_patch000,IDW,IDW,"(3125,6000]",50175,0.49301242893353786,0.07404494430630375,0.8550816300934657
RAD_OPERA_HOURLY_RAINFALL_ACCUMULATION_202301250300_patch000,IDW,IDW,"(6000,9000]",2197,0.34305400588876966,0.12791914879109137,0.8403169842082429
RAD_OPERA_HOURLY_RAINFALL_ACCUMULATION_202301250500_patch000,IDW,IDW,≤125,5599,0.7715776509210412,-0.00017602699135941977,0.9239327093162658
RAD_OPERA_HOURLY_RAINFALL_ACCUMULATION_202301250500_patch000,IDW,IDW,"(125,375]",22297,0.9853020798476174,-0.05013668191727274,0.9169556772588251
RAD_OPERA_HOURLY_RAINFALL_ACCUMULATION_202301250500_patch000,IDW,IDW,"(375,750]",37594,1.2650373207611787,-0.13889422418058456,0.9009635781559866
RAD_OPERA_HOURLY_RAINFALL_ACCUMULATION_202301250500_patch000,IDW,IDW,"(750,1500]",78259,1.442570514147321,-0.20066846733457916,0.8661186471786313
RAD_OPERA_HOURLY_RAINFALL_ACCUMULATION_202301250500_patch000,IDW,IDW,"(1500,3125]",147305,1.6166229458518548,-0.21558851566705492,0.8068450310735332
RAD_OPERA_HOURLY_RAINFALL_ACCUMULATION_202301250500_patch000,IDW,IDW,"(3125,6000]",77648,1.5549387218814346,-0.028684236605431176,0.7221954559813737
RAD_OPERA_HOURLY_RAINFALL_ACCUMULATION_202301250500_patch000,IDW,IDW,"(6000,9000]",7911,1.5489201802473815,0.32064846773964917,0.37976899601453745
RAD_OPERA_HOURLY_RAINFALL_ACCUMULATION_202301250500_patch000,IDW,IDW,>9000,219,1.3685839334122625,0.7134423289941326,-0.6785419026081239
RAD_OPERA_HOURLY_RAINFALL_ACCUMULATION_202301251000_patch001,IDW,IDW,≤125,4154,0.2057921414782283,0.003269551216271094,0.9935646688441379
RAD_OPERA_HOURLY_RAINFALL_ACCUMULATION_202301251000_patch001,IDW,IDW,"(125,375]",16892,0.23291846932515511,0.011195737994338506,0.9911668125763498
RAD_OPERA_HOURLY_RAINFALL_ACCUMULATION_202301251000_patch001,IDW,IDW,"(375,750]",27234,0.29923486662582877,0.003579073836105547,0.9844610184035101
RAD_OPERA_HOURLY_RAINFALL_ACCUMULATION_202301251000_patch001,IDW,IDW,"(750,1500]",52950,0.3922843185447131,0.0005607069201857198,0.9719828203720728
RAD_OPERA_HOURLY_RAINFALL_ACCUMULATION_202301251000_patch001,IDW,IDW,"(1500,3125]",82477,0.5635734962775474,0.03513435416841924,0.937552008720832
RAD_OPERA_HOURLY_RAINFALL_ACCUMULATION_202301251000_patch001,IDW,IDW,"(3125,6000]",40696,0.598526814299732,0.17680226661606388,0.9114601747762697
RAD_OPERA_HOURLY_RAINFALL_ACCUMULATION_202301251000_patch001,IDW,IDW,"(6000,9000]",6300,0.5727643967830007,0.3725147371963849,0.6967739245495285
RAD_OPERA_HOURLY_RAINFALL_ACCUMULATION_202301251000_patch001,IDW,IDW,>9000,2257,0.571672765737478,0.47818016271755975,0.11314985318813539
RAD_OPERA_HOURLY_RAINFALL_ACCUMULATION_202301251300_patch000,IDW,IDW,≤125,4088,0.22168310542913788,-0.012116072863457021,0.9659543922470544
RAD_OPERA_HOURLY_RAINFALL_ACCUMULATION_202301251300_patch000,IDW,IDW,"(125,375]",15882,0.24688942301860645,-0.008782467091433304,0.961666251525092
RAD_OPERA_HOURLY_RAINFALL_ACCUMULATION_202301251300_patch000,IDW,IDW,"(375,750]",23638,0.31538501744191433,-0.0052381062311073765,0.9559134016445736
RAD_OPERA_HOURLY_RAINFALL_ACCUMULATION_202301251300_patch000,IDW,IDW,"(750,1500]",43117,0.4026335932014518,-0.011707352179147722,0.9460106854851325
RAD_OPERA_HOURLY_RAINFALL_ACCUMULATION_202301251300_patch000,IDW,IDW,"(1500,3125]",73229,0.5244587176722689,0.02862283114372268,0.9421381345513071
RAD_OPERA_HOURLY_RAINFALL_ACCUMULATION_202301251300_patch000,IDW,IDW,"(3125,6000]",37125,0.6523929420857728,0.13334490341255031,0.9526394567742492
RAD_OPERA_HOURLY_RAINFALL_ACCUMULATION_202301251300_patch000,IDW,IDW,"(6000,9000]",3369,0.8653003605470507,0.6603514769410174,0.9285652232212565
RAD_OPERA_HOURLY_RAINFALL_ACCUMULATION_202301251600_patch002,IDW,IDW,≤125,4119,0.27839816910499854,-0.03261810733050021,0.9812898212464867
RAD_OPERA_HOURLY_RAINFALL_ACCUMULATION_202301251600_patch002,IDW,IDW,"(125,375]",15923,0.3184304303652289,-0.039487203055947356,0.9781691683622601
RAD_OPERA_HOURLY_RAINFALL_ACCUMULATION_202301251600_patch002,IDW,IDW,"(375,750]",23477,0.4035182153316061,-0.04245205251333038,0.9679734936511963
RAD_OPERA_HOURLY_RAINFALL_ACCUMULATION_202301251600_patch002,IDW,IDW,"(750,1500]",42558,0.5325243461855791,-0.08248464751594456,0.9464205873380752
RAD_OPERA_HOURLY_RAINFALL_ACCUMULATION_202301251600_patch002,IDW,IDW,"(1500,3125]",72310,0.7507883428694279,-0.14189738250663825,0.8921143503431538
RAD_OPERA_HOURLY_RAINFALL_ACCUMULATION_202301251600_patch002,IDW,IDW,"(3125,6000]",35394,0.830583961867369,-0.03742190454484219,0.7853992993384267
RAD_OPERA_HOURLY_RAINFALL_ACCUMULATION_202301251600_patch002,IDW,IDW,"(6000,9000]",4806,1.0926386868494034,0.6411969877881801,0.010154073916548541
RAD_OPERA_HOURLY_RAINFALL_ACCUMULATION_202301251600_patch002,IDW,IDW,>9000,1093,0.9311885325957431,0.6557974023548486,-0.4951165583715666
RAD_OPERA_HOURLY_RAINFALL_ACCUMULATION_202301252100_patch000,IDW,IDW,≤125,5395,0.22938029389976636,-0.017826951676988292,0.9876252450567045
RAD_OPERA_HOURLY_RAINFALL_ACCUMULATION_202301252100_patch000,IDW,IDW,"(125,375]",21090,0.2589494248754692,-0.017490040328249426,0.9844016906771751
RAD_OPERA_HOURLY_RAINFALL_ACCUMULATION_202301252100_patch000,IDW,IDW,"(375,750]",34488,0.3240610699034742,-0.010288310262936917,0.974978103016095
RAD_OPERA_HOURLY_RAINFALL_ACCUMULATION_202301252100_patch000,IDW,IDW,"(750,1500]",67771,0.38502183540522755,0.02143621731485353,0.9624237594697044
RAD_OPERA_HOURLY_RAINFALL_ACCUMULATION_202301252100_patch000,IDW,IDW,"(1500,3125]",115766,0.45715421213350543,0.10719185453146084,0.9398173306192871
RAD_OPERA_HOURLY_RAINFALL_ACCUMULATION_202301252100_patch000,IDW,IDW,"(3125,6000]",63094,0.49222683718009597,0.20576361406089222,0.9323355119578838
RAD_OPERA_HOURLY_RAINFALL_ACCUMULATION_202301252100_patch000,IDW,IDW,"(6000,9000]",4971,0.4326464655444549,0.33867269786484305,0.966220064352662
RAD_OPERA_HOURLY_RAINFALL_ACCUMULATION_202301252100_patch000,IDW,IDW,>9000,1,0.2759861648082733,0.2759861648082733,
RAD_OPERA_HOURLY_RAINFALL_ACCUMULATION_202301252200_patch000,IDW,IDW,≤125,3907,0.3446792283817555,-0.049730558818888417,0.9677391315386065
RAD_OPERA_HOURLY_RAINFALL_ACCUMULATION_202301252200_patch000,IDW,IDW,"(125,375]",15106,0.38543230396852857,-0.07057445879552628,0.9631305773285663
RAD_OPERA_HOURLY_RAINFALL_ACCUMULATION_202301252200_patch000,IDW,IDW,"(375,750]",22392,0.4708613570340126,-0.09324505799671248,0.9509398073928946
RAD_OPERA_HOURLY_RAINFALL_ACCUMULATION_202301252200_patch000,IDW,IDW,"(750,1500]",41007,0.5979240283812138,-0.14308622384014955,0.924593919651003
RAD_OPERA_HOURLY_RAINFALL_ACCUMULATION_202301252200_patch000,IDW,IDW,"(1500,3125]",70023,0.6662394100838415,-0.15483475169799882,0.9088808050953138
RAD_OPERA_HOURLY_RAINFALL_ACCUMULATION_202301252200_patch000,IDW,IDW,"(3125,6000]",32501,0.6875506594937182,-0.0029453897468126986,0.9179289294419756
RAD_OPERA_HOURLY_RAINFALL_ACCUMULATION_202301252200_patch000,IDW,IDW,"(6000,9000]",1432,0.612265899012929,0.43873776953313603,0.9590596049753441
RAD_OPERA_HOURLY_RAINFALL_ACCUMULATION_202301260000_patch000,IDW,IDW,≤125,3884,4.7073199427740535,-0.1732961479692181,0.964896181308011
RAD_OPERA_HOURLY_RAINFALL_ACCUMULATION_202301260000_patch000,IDW,IDW,"(125,375]",15623,5.307104183266414,0.24043742548520008,0.9314694932154558
RAD_OPERA_HOURLY_RAINFALL_ACCUMULATION_202301260000_patch000,IDW,IDW,"(375,750]",24479,6.79111467250686,0.9030738343555541,0.8466269964274442
RAD_OPERA_HOURLY_RAINFALL_ACCUMULATION_202301260000_patch000,IDW,IDW,"(750,1500]",46137,7.435907446939583,1.2676810227692992,0.7218016123734143
RAD_OPERA_HOURLY_RAINFALL_ACCUMULATION_202301260000_patch000,IDW,IDW,"(1500,3125]",72453,7.379834840975644,1.6421759111959702,0.4696713954174044
RAD_OPERA_HOURLY_RAINFALL_ACCUMULATION_202301260000_patch000,IDW,IDW,"(3125,6000]",34265,6.426222437750149,1.720839909164892,0.43766521078417386
RAD_OPERA_HOURLY_RAINFALL_ACCUMULATION_202301260000_patch000,IDW,IDW,"(6000,9000]",2839,3.1613846580032026,2.032115067118094,0.412115044536924
RAD_OPERA_HOURLY_RAINFALL_ACCUMULATION_202301260200_patch000,IDW,IDW,≤125,4421,0.3878568239115058,-0.022945534919460848,0.9866380942309181
RAD_OPERA_HOURLY_RAINFALL_ACCUMULATION_202301260200_patch000,IDW,IDW,"(125,375]",17544,0.44236201124182895,-0.041474991669237946,0.9827986746633096
RAD_OPERA_HOURLY_RAINFALL_ACCUMULATION_202301260200_patch000,IDW,IDW,"(375,750]",27121,0.5967890561518165,-0.059855406418822386,0.9716448623968632
RAD_OPERA_HOURLY_RAINFALL_ACCUMULATION_202301260200_patch000,IDW,IDW,"(750,1500]",51199,0.8056167609960615,-0.08609295175590982,0.9532939104990581
RAD_OPERA_HOURLY_RAINFALL_ACCUMULATION_202301260200_patch000,IDW,IDW,"(1500,3125]",82409,1.1549877876929906,-0.08700193883961357,0.9146543342270936
RAD_OPERA_HOURLY_RAINFALL_ACCUMULATION_202301260200_patch000,IDW,IDW,"(3125,6000]",39095,1.6636155054687471,0.3824331060190324,0.7895980208864644
RAD_OPERA_HOURLY_RAINFALL_ACCUMULATION_202301260200_patch000,IDW,IDW,"(6000,9000]",6701,1.8325237423731948,1.557591175509556,0.6609064554824389
RAD_OPERA_HOURLY_RAINFALL_ACCUMULATION_202301260200_patch000,IDW,IDW,>9000,1654,1.903386756699182,1.6816779913058664,0.8320342496287044
RAD_OPERA_HOURLY_RAINFALL_ACCUMULATION_202301260200_patch001,IDW,IDW,≤125,4870,0.31943727091879665,-0.02749284599473589,0.9728746836069969
RAD_OPERA_HOURLY_RAINFALL_ACCUMULATION_202301260200_patch001,IDW,IDW,"(125,375]",18492,0.3546417654826147,-0.01630829119857013,0.9631120885185587
RAD_OPERA_HOURLY_RAINFALL_ACCUMULATION_202301260200_patch001,IDW,IDW,"(375,750]",28487,0.47065918169873866,-0.034378456238526596,0.9331723290269307
RAD_OPERA_HOURLY_RAINFALL_ACCUMULATION_202301260200_patch001,IDW,IDW,"(750,1500]",53473,0.6176013557431144,-0.11141390940216435,0.8915776556081672
RAD_OPERA_HOURLY_RAINFALL_ACCUMULATION_202301260200_patch001,IDW,IDW,"(1500,3125]",88711,0.7192591867737205,-0.1794269001269179,0.8583363903609833
RAD_OPERA_HOURLY_RAINFALL_ACCUMULATION_202301260200_patch001,IDW,IDW,"(3125,6000]",42560,0.7077337682860299,-0.00370208738735856,0.8227414828612872
RAD_OPERA_HOURLY_RAINFALL_ACCUMULATION_202301260200_patch001,IDW,IDW,"(6000,9000]",975,1.0059101327680386,-0.17663746032959377,0.07808997629465958
RAD_OPERA_HOURLY_RAINFALL_ACCUMULATION_202301260600_patch000,IDW,IDW,≤125,3390,3.9581228204120302,-0.0060471332457192415,0.9387723574288385
RAD_OPERA_HOURLY_RAINFALL_ACCUMULATION_202301260600_patch000,IDW,IDW,"(125,375]",13291,4.51178556400569,0.15109981295042416,0.9042365847851096
RAD_OPERA_HOURLY_RAINFALL_ACCUMULATION_202301260600_patch000,IDW,IDW,"(375,750]",19563,5.7037716144468105,0.1057844302399333,0.8578088145639703
RAD_OPERA_HOURLY_RAINFALL_ACCUMULATION_202301260600_patch000,IDW,IDW,"(750,1500]",36286,5.0173111865813755,0.21954563111567274,0.8483474219457022
RAD_OPERA_HOURLY_RAINFALL_ACCUMULATION_202301260600_patch000,IDW,IDW,"(1500,3125]",59850,4.861245063180241,1.5627387356727565,0.7131652652892988
RAD_OPERA_HOURLY_RAINFALL_ACCUMULATION_202301260600_patch000,IDW,IDW,"(3125,6000]",31192,7.20355975295695,4.123277994779111,0.35730368559228326
RAD_OPERA_HOURLY_RAINFALL_ACCUMULATION_202301260600_patch000,IDW,IDW,"(6000,9000]",2828,9.718963155247327,7.920752773327837,0.03956163024851391
RAD_OPERA_HOURLY_RAINFALL_ACCUMULATION_202301260800_patch001,IDW,IDW,≤125,5680,0.29313969295598785,0.014764614878091173,0.9695440088847511
RAD_OPERA_HOURLY_RAINFALL_ACCUMULATION_202301260800_patch001,IDW,IDW,"(125,375]",22152,0.34728636372478244,-0.00250344842392514,0.9568685213856586
RAD_OPERA_HOURLY_RAINFALL_ACCUMULATION_202301260800_patch001,IDW,IDW,"(375,750]",35262,0.46662119726703066,-0.035219498236041015,0.9215976945041082
RAD_OPERA_HOURLY_RAINFALL_ACCUMULATION_202301260800_patch001,IDW,IDW,"(750,1500]",67772,0.6224359210045244,-0.07484548690459006,0.8422613242141851
RAD_OPERA_HOURLY_RAINFALL_ACCUMULATION_202301260800_patch001,IDW,IDW,"(1500,3125]",116937,0.8247497203669651,-0.0598556856433105,0.7103892013984189
RAD_OPERA_HOURLY_RAINFALL_ACCUMULATION_202301260800_patch001,IDW,IDW,"(3125,6000]",62770,0.8719956703518326,-0.13341350329611662,0.6681078338823639
RAD_OPERA_HOURLY_RAINFALL_ACCUMULATION_202301260800_patch001,IDW,IDW,"(6000,9000]",1235,0.711381646057854,-0.011138095064201818,0.7605710759477735
RAD_OPERA_HOURLY_RAINFALL_ACCUMULATION_202301260900_patch000,IDW,IDW,≤125,3711,0.39608034268322634,0.018943239434071866,0.9697233335762742
RAD_OPERA_HOURLY_RAINFALL_ACCUMULATION_202301260900_patch000,IDW,IDW,"(125,375]",14727,0.44973398944031534,0.06795638441480961,0.9576498786892089
RAD_OPERA_HOURLY_RAINFALL_ACCUMULATION_202301260900_patch000,IDW,IDW,"(375,750]",22957,0.5230078198698411,0.12529857591370305,0.9425583010026025
RAD_OPERA_HOURLY_RAINFALL_ACCUMULATION_202301260900_patch000,IDW,IDW,"(750,1500]",43184,0.6442065119273048,0.1565989782870169,0.9150941061048241
RAD_OPERA_HOURLY_RAINFALL_ACCUMULATION_202301260900_patch000,IDW,IDW,"(1500,3125]",67966,0.864953391076409,0.28769801412055845,0.8355858527224824
RAD_OPERA_HOURLY_RAINFALL_ACCUMULATION_202301260900_patch000,IDW,IDW,"(3125,6000]",32037,1.2962361389554256,0.6823176913751542,0.5360081708920416
RAD_OPERA_HOURLY_RAINFALL_ACCUMULATION_202301260900_patch000,IDW,IDW,"(6000,9000]",1018,1.6586997180118161,1.2890123233111292,0.38840040029031214
RAD_OPERA_HOURLY_RAINFALL_ACCUMULATION_202301260900_patch001,IDW,IDW,≤125,5159,0.2728878687678119,-0.024193994422179826,0.9727759898502588
RAD_OPERA_HOURLY_RAINFALL_ACCUMULATION_202301260900_patch001,IDW,IDW,"(125,375]",19586,0.30719766677337507,-0.023835050966752314,0.9687891022821867
RAD_OPERA_HOURLY_RAINFALL_ACCUMULATION_202301260900_patch001,IDW,IDW,"(375,750]",29988,0.4051580619482363,-0.0323006821016407,0.9516316866459047
RAD_OPERA_HOURLY_RAINFALL_ACCUMULATION_202301260900_patch001,IDW,IDW,"(750,1500]",56176,0.540661382905026,-0.06745953979519732,0.9235219885673851
RAD_OPERA_HOURLY_RAINFALL_ACCUMULATION_202301260900_patch001,IDW,IDW,"(1500,3125]",95580,0.7428566352392633,-0.12729198176380255,0.8704594142391354
RAD_OPERA_HOURLY_RAINFALL_ACCUMULATION_202301260900_patch001,IDW,IDW,"(3125,6000]",56911,0.9484486877579807,-0.0368942273360953,0.8383250882552521
RAD_OPERA_HOURLY_RAINFALL_ACCUMULATION_202301260900_patch001,IDW,IDW,"(6000,9000]",8318,0.8890279073719181,0.4515156126575534,0.8072170874779528
RAD_OPERA_HOURLY_RAINFALL_ACCUMULATION_202301260900_patch001,IDW,IDW,>9000,666,0.6948798045622431,0.6121760225510812,0.9636373603560752
RAD_OPERA_HOURLY_RAINFALL_ACCUMULATION_202301270400_patch000,IDW,IDW,≤125,4024,0.514013381228888,-0.03568699232732752,0.9691053335162527
RAD_OPERA_HOURLY_RAINFALL_ACCUMULATION_202301270400_patch000,IDW,IDW,"(125,375]",16310,0.5281180901211103,0.008585706820181916,0.9625983718670177
RAD_OPERA_HOURLY_RAINFALL_ACCUMULATION_202301270400_patch000,IDW,IDW,"(375,750]",26560,0.6503448227489952,0.04502746806546065,0.9435199907022008
RAD_OPERA_HOURLY_RAINFALL_ACCUMULATION_202301270400_patch000,IDW,IDW,"(750,1500]",51739,0.8358760358550629,0.023974478092959585,0.9056674002719128
RAD_OPERA_HOURLY_RAINFALL_ACCUMULATION_202301270400_patch000,IDW,IDW,"(1500,3125]",79134,1.2023356880509584,0.021550456434745232,0.805921963704507
RAD_OPERA_HOURLY_RAINFALL_ACCUMULATION_202301270400_patch000,IDW,IDW,"(3125,6000]",39529,1.794071966327709,-0.20658508810754603,0.7247773406717711
RAD_OPERA_HOURLY_RAINFALL_ACCUMULATION_202301270400_patch000,IDW,IDW,"(6000,9000]",4447,1.4610549017076904,-0.7725789848206578,0.3869547083181637
RAD_OPERA_HOURLY_RAINFALL_ACCUMULATION_202301270400_patch000,IDW,IDW,>9000,2257,1.0413576888651865,-0.6765638600950702,-0.8301056723457881
RAD_OPERA_HOURLY_RAINFALL_ACCUMULATION_202301270700_patch000,IDW,IDW,≤125,6209,0.9026478435819005,-0.10042956083100606,0.9730648308410851
RAD_OPERA_HOURLY_RAINFALL_ACCUMULATION_202301270700_patch000,IDW,IDW,"(125,375]",24640,0.9842170403229181,-0.05882724679742441,0.9652365780584837
RAD_OPERA_HOURLY_RAINFALL_ACCUMULATION_202301270700_patch000,IDW,IDW,"(375,750]",40310,1.2367806144119637,-0.01937501633405657,0.9502009141885469
RAD_OPERA_HOURLY_RAINFALL_ACCUMULATION_202301270700_patch000,IDW,IDW,"(750,1500]",79643,1.6662125662831209,-0.06654509981849642,0.9260685701847073
RAD_OPERA_HOURLY_RAINFALL_ACCUMULATION_202301270700_patch000,IDW,IDW,"(1500,3125]",137983,2.427748057526529,-0.1624910696928975,0.8777212384784925
RAD_OPERA_HOURLY_RAINFALL_ACCUMULATION_202301270700_patch000,IDW,IDW,"(3125,6000]",83142,2.902755006017207,-0.3031320683798,0.8583398448905732
RAD_OPERA_HOURLY_RAINFALL_ACCUMULATION_202301270700_patch000,IDW,IDW,"(6000,9000]",10359,1.0042544932360042,0.15581647729460582,0.8113693870925958
RAD_OPERA_HOURLY_RAINFALL_ACCUMULATION_202301270700_patch000,IDW,IDW,>9000,2994,1.293941114791899,-0.6296818227032492,0.7772942992069313
RAD_OPERA_HOURLY_RAINFALL_ACCUMULATION_202301270800_patch000,IDW,IDW,≤125,3487,0.20306248183902192,-0.033534862573282885,0.9377781345985061
RAD_OPERA_HOURLY_RAINFALL_ACCUMULATION_202301270800_patch000,IDW,IDW,"(125,375]",13581,0.18778951091819568,-0.031866654381732,0.9469863870183508
RAD_OPERA_HOURLY_RAINFALL_ACCUMULATION_202301270800_patch000,IDW,IDW,"(375,750]",20224,0.20451397254895093,-0.027697315610520825,0.9372451050162587
RAD_OPERA_HOURLY_RAINFALL_ACCUMULATION_202301270800_patch000,IDW,IDW,"(750,1500]",37125,0.23186355676243434,-0.017678990845728403,0.9113246146426013
RAD_OPERA_HOURLY_RAINFALL_ACCUMULATION_202301270800_patch000,IDW,IDW,"(1500,3125]",60628,0.2920467264080596,0.040683038648250604,0.8300346954643277
RAD_OPERA_HOURLY_RAINFALL_ACCUMULATION_202301270800_patch000,IDW,IDW,"(3125,6000]",30024,0.4692856565885538,0.1316454566036451,0.7663786933456189
RAD_OPERA_HOURLY_RAINFALL_ACCUMULATION_202301270800_patch000,IDW,IDW,"(6000,9000]",1331,0.8856682787531535,0.5940179218482828,0.6499019699255015
RAD_OPERA_HOURLY_RAINFALL_ACCUMULATION_202301270900_patch000,IDW,IDW,≤125,5395,0.5888012889762639,0.047792455010578744,0.9701449518554883
RAD_OPERA_HOURLY_RAINFALL_ACCUMULATION_202301270900_patch000,IDW,IDW,"(125,375]",21090,0.693357837754811,0.01771307144792739,0.955458751433516
RAD_OPERA_HOURLY_RAINFALL_ACCUMULATION_202301270900_patch000,IDW,IDW,"(375,750]",34488,0.8667141261416303,-0.02117660033377892,0.923213220879897
RAD_OPERA_HOURLY_RAINFALL_ACCUMULATION_202301270900_patch000,IDW,IDW,"(750,1500]",67771,1.1019827126565889,-0.06696665852520309,0.847005033031775
RAD_OPERA_HOURLY_RAINFALL_ACCUMULATION_202301270900_patch000,IDW,IDW,"(1500,3125]",115766,1.2848926962831502,0.0046277494725569255,0.7488622723622754
RAD_OPERA_HOURLY_RAINFALL_ACCUMULATION_202301270900_patch000,IDW,IDW,"(3125,6000]",63094,1.3063170988381454,0.35650123953148527,0.7338855099285387
RAD_OPERA_HOURLY_RAINFALL_ACCUMULATION_202301270900_patch000,IDW,IDW,"(6000,9000]",4971,1.2557190962290719,0.9309222102153396,0.6763900804552435
RAD_OPERA_HOURLY_RAINFALL_ACCUMULATION_202301270900_patch000,IDW,IDW,>9000,1,0.9209432303905487,0.9209432303905487,
RAD_OPERA_HOURLY_RAINFALL_ACCUMULATION_202301271000_patch001,IDW,IDW,≤125,5081,1.1359197764320363,-0.07397079980199511,0.9429851191967152
RAD_OPERA_HOURLY_RAINFALL_ACCUMULATION_202301271000_patch001,IDW,IDW,"(125,375]",19591,1.3920938112372039,-0.1304602920966379,0.9474678878656801
RAD_OPERA_HOURLY_RAINFALL_ACCUMULATION_202301271000_patch001,IDW,IDW,"(375,750]",30953,1.7512124718226463,-0.16732922026061617,0.9460169075654838
RAD_OPERA_HOURLY_RAINFALL_ACCUMULATION_202301271000_patch001,IDW,IDW,"(750,1500]",57909,2.4769566276028945,-0.31122000474358036,0.8989288601021581
RAD_OPERA_HOURLY_RAINFALL_ACCUMULATION_202301271000_patch001,IDW,IDW,"(1500,3125]",94396,3.1375302623967705,-0.442547569947562,0.793533581863265
RAD_OPERA_HOURLY_RAINFALL_ACCUMULATION_202301271000_patch001,IDW,IDW,"(3125,6000]",50338,3.2514683511408458,-0.2501966576083928,0.8547451497901357
RAD_OPERA_HOURLY_RAINFALL_ACCUMULATION_202301271000_patch001,IDW,IDW,"(6000,9000]",3450,3.7156487119312462,0.6409376044614592,0.9185222423393345
RAD_OPERA_HOURLY_RAINFALL_ACCUMULATION_202301271000_patch001,IDW,IDW,>9000,170,3.320686399618738,3.319177929092856,-0.35503772077159096
RAD_OPERA_HOURLY_RAINFALL_ACCUMULATION_202301271800_patch000,IDW,IDW,≤125,5395,0.12926138897104497,0.008303073029257391,0.9790331386745138
RAD_OPERA_HOURLY_RAINFALL_ACCUMULATION_202301271800_patch000,IDW,IDW,"(125,375]",21090,0.14928730730520604,0.011116035075592395,0.975681910564987
RAD_OPERA_HOURLY_RAINFALL_ACCUMULATION_202301271800_patch000,IDW,IDW,"(375,750]",34488,0.1764037488310488,0.003946666169597941,0.9715444394920062
RAD_OPERA_HOURLY_RAINFALL_ACCUMULATION_202301271800_patch000,IDW,IDW,"(750,1500]",67771,0.21350121489066856,0.00242355468219654,0.960096492855755
RAD_OPERA_HOURLY_RAINFALL_ACCUMULATION_202301271800_patch000,IDW,IDW,"(1500,3125]",115766,0.2690427857021411,0.00906949976283349,0.9333500452387169
RAD_OPERA_HOURLY_RAINFALL_ACCUMULATION_202301271800_patch000,IDW,IDW,"(3125,6000]",63094,0.39462223954197273,-0.0135553879717373,0.901764617107677
RAD_OPERA_HOURLY_RAINFALL_ACCUMULATION_202301271800_patch000,IDW,IDW,"(6000,9000]",4971,0.4933257659071088,0.33230558859704845,0.919249056664116
RAD_OPERA_HOURLY_RAINFALL_ACCUMULATION_202301271800_patch000,IDW,IDW,>9000,1,0.4104524850845337,0.4104524850845337,
RAD_OPERA_HOURLY_RAINFALL_ACCUMULATION_202301272100_patch001,IDW,IDW,≤125,4361,1.481509310327287,-0.26296325283385913,0.9664419883282962
RAD_OPERA_HOURLY_RAINFALL_ACCUMULATION_202301272100_patch001,IDW,IDW,"(125,375]",17119,1.5213141585767758,-0.26133069054721064,0.9637312920961743
RAD_OPERA_HOURLY_RAINFALL_ACCUMULATION_202301272100_patch001,IDW,IDW,"(375,750]",25927,1.9060882221043054,-0.387711073789616,0.9558984034002539
RAD_OPERA_HOURLY_RAINFALL_ACCUMULATION_202301272100_patch001,IDW,IDW,"(750,1500]",47998,2.4233547468683034,-0.5736111719470945,0.9323777587267059
RAD_OPERA_HOURLY_RAINFALL_ACCUMULATION_202301272100_patch001,IDW,IDW,"(1500,3125]",78136,3.0994654265669843,-0.5089961801693682,0.8394066641082017
RAD_OPERA_HOURLY_RAINFALL_ACCUMULATION_202301272100_patch001,IDW,IDW,"(3125,6000]",40134,3.466542143410046,0.7160346874749508,0.6737100295666713
RAD_OPERA_HOURLY_RAINFALL_ACCUMULATION_202301272100_patch001,IDW,IDW,"(6000,9000]",6879,4.123915305912474,3.161207953253357,0.4830937468001549
RAD_OPERA_HOURLY_RAINFALL_ACCUMULATION_202301272100_patch001,IDW,IDW,>9000,1654,3.824063922049842,2.9356965457338653,0.8671827632385286
RAD_OPERA_HOURLY_RAINFALL_ACCUMULATION_202301272300_patch000,IDW,IDW,≤125,4739,0.3062560513313427,-0.01841488645647266,0.9764258576897946
RAD_OPERA_HOURLY_RAINFALL_ACCUMULATION_202301272300_patch000,IDW,IDW,"(125,375]",17811,0.3402579209200182,-0.0307124891344996,0.9730776044427766
RAD_OPERA_HOURLY_RAINFALL_ACCUMULATION_202301272300_patch000,IDW,IDW,"(375,750]",26584,0.4436954999697079,-0.03838563674899435,0.9621944551527807
RAD_OPERA_HOURLY_RAINFALL_ACCUMULATION_202301272300_patch000,IDW,IDW,"(750,1500]",49607,0.5685402165864586,-0.07074740389501843,0.94788549793043
RAD_OPERA_HOURLY_RAINFALL_ACCUMULATION_202301272300_patch000,IDW,IDW,"(1500,3125]",83724,0.7340644609568246,-0.13888993444785566,0.9123632063487878
RAD_OPERA_HOURLY_RAINFALL_ACCUMULATION_202301272300_patch000,IDW,IDW,"(3125,6000]",46547,1.024624543083694,-0.1666942377136502,0.7787208635634228
RAD_OPERA_HOURLY_RAINFALL_ACCUMULATION_202301272300_patch000,IDW,IDW,"(6000,9000]",5949,1.0860245382988953,0.4034156710144892,0.2925373092149441
RAD_OPERA_HOURLY_RAINFALL_ACCUMULATION_202301272300_patch000,IDW,IDW,>9000,1839,1.106102599686266,1.041280864826553,0.5312706357112297
RAD_OPERA_HOURLY_RAINFALL_ACCUMULATION_202301272300_patch002,IDW,IDW,≤125,5768,0.9615026855665543,-0.011014066274883678,0.9699798661436444
RAD_OPERA_HOURLY_RAINFALL_ACCUMULATION_202301272300_patch002,IDW,IDW,"(125,375]",22309,1.0903445437765,-0.008351541130838467,0.959499574795822
RAD_OPERA_HOURLY_RAINFALL_ACCUMULATION_202301272300_patch002,IDW,IDW,"(375,750]",36274,1.3379528470289475,0.040744647933332975,0.9322623245181093
RAD_OPERA_HOURLY_RAINFALL_ACCUMULATION_202301272300_patch002,IDW,IDW,"(750,1500]",71451,1.7254910251425755,-0.0034696996383851452,0.8856466450690448
RAD_OPERA_HOURLY_RAINFALL_ACCUMULATION_202301272300_patch002,IDW,IDW,"(1500,3125]",122451,2.0663985508661606,0.0021054035637853015,0.846578804212594
RAD_OPERA_HOURLY_RAINFALL_ACCUMULATION_202301272300_patch002,IDW,IDW,"(3125,6000]",62604,2.2756194104053016,0.13887710943718123,0.8354058500166979
RAD_OPERA_HOURLY_RAINFALL_ACCUMULATION_202301272300_patch002,IDW,IDW,"(6000,9000]",1703,2.1512893108155233,0.41036148525936356,0.9345311062417438
RAD_OPERA_HOURLY_RAINFALL_ACCUMULATION_202301280000_patch001,IDW,IDW,≤125,4067,0.3902175286515123,-0.030226791941155254,0.9785159821602747
RAD_OPERA_HOURLY_RAINFALL_ACCUMULATION_202301280000_patch001,IDW,IDW,"(125,375]",16278,0.4404150882601472,-0.017465468567029047,0.9723869609029699
RAD_OPERA_HOURLY_RAINFALL_ACCUMULATION_202301280000_patch001,IDW,IDW,"(375,750]",25812,0.5514300873763089,0.007282934724411705,0.9587273596167584
RAD_OPERA_HOURLY_RAINFALL_ACCUMULATION_202301280000_patch001,IDW,IDW,"(750,1500]",48116,0.7677450451873349,-0.004285014341404555,0.9300336406774609
RAD_OPERA_HOURLY_RAINFALL_ACCUMULATION_202301280000_patch001,IDW,IDW,"(1500,3125]",75981,1.0314664793998363,0.0462978977445594,0.8938550304941935
RAD_OPERA_HOURLY_RAINFALL_ACCUMULATION_202301280000_patch001,IDW,IDW,"(3125,6000]",35618,1.0558834057979085,0.21287244142316755,0.897036107931962
RAD_OPERA_HOURLY_RAINFALL_ACCUMULATION_202301280000_patch001,IDW,IDW,"(6000,9000]",1488,1.2573345297178515,0.5856927974570182,0.7680172240651215
RAD_OPERA_HOURLY_RAINFALL_ACCUMULATION_202301280700_patch000,IDW,IDW,≤125,4736,1.4973050487912485,-0.0818761749554964,0.969647202609373
RAD_OPERA_HOURLY_RAINFALL_ACCUMULATION_202301280700_patch000,IDW,IDW,"(125,375]",19319,1.4803794727311115,-0.025544797264695145,0.9614421869098829
RAD_OPERA_HOURLY_RAINFALL_ACCUMULATION_202301280700_patch000,IDW,IDW,"(375,750]",32179,1.7575437587859142,-0.06969326446751138,0.9490208699466476
RAD_OPERA_HOURLY_RAINFALL_ACCUMULATION_202301280700_patch000,IDW,IDW,"(750,1500]",64809,2.2871485130121525,-0.16902888785638884,0.9190163103444949
RAD_OPERA_HOURLY_RAINFALL_ACCUMULATION_202301280700_patch000,IDW,IDW,"(1500,3125]",111200,2.9450527183451944,-0.05104403976764925,0.8652943267019303
RAD_OPERA_HOURLY_RAINFALL_ACCUMULATION_202301280700_patch000,IDW,IDW,"(3125,6000]",52343,3.8477660316163758,0.9553204194076125,0.6361415188075703
RAD_OPERA_HOURLY_RAINFALL_ACCUMULATION_202301280700_patch000,IDW,IDW,"(6000,9000]",2134,5.146299400385049,3.0285609280996044,0.26836406127299733
RAD_OPERA_HOURLY_RAINFALL_ACCUMULATION_202301280800_patch000,IDW,IDW,≤125,3789,1.6259718779333987,0.026946127052891063,0.9790719584564802
RAD_OPERA_HOURLY_RAINFALL_ACCUMULATION_202301280800_patch000,IDW,IDW,"(125,375]",15303,1.6200390120985495,0.10744102832920947,0.9742868781689253
RAD_OPERA_HOURLY_RAINFALL_ACCUMULATION_202301280800_patch000,IDW,IDW,"(375,750]",24416,1.932250598670341,0.2524443927512725,0.9511827162130476
RAD_OPERA_HOURLY_RAINFALL_ACCUMULATION_202301280800_patch000,IDW,IDW,"(750,1500]",45694,2.32827773800969,0.442993843297695,0.9119246934105749
RAD_OPERA_HOURLY_RAINFALL_ACCUMULATION_202301280800_patch000,IDW,IDW,"(1500,3125]",70847,2.9935204791627967,1.104508052740053,0.8299477184769402
RAD_OPERA_HOURLY_RAINFALL_ACCUMULATION_202301280800_patch000,IDW,IDW,"(3125,6000]",36972,3.521801509478076,1.7956332644365263,0.7068878273388877
RAD_OPERA_HOURLY_RAINFALL_ACCUMULATION_202301280800_patch000,IDW,IDW,"(6000,9000]",1379,2.42128071086498,1.5265577945958193,0.42011350341396964
RAD_OPERA_HOURLY_RAINFALL_ACCUMULATION_202301280900_patch000,IDW,IDW,≤125,4739,0.5030910985206625,-0.03285635196930938,0.9723292573117203
RAD_OPERA_HOURLY_RAINFALL_ACCUMULATION_202301280900_patch000,IDW,IDW,"(125,375]",17811,0.5371672169097335,-0.05102610465581752,0.9720486253714465
RAD_OPERA_HOURLY_RAINFALL_ACCUMULATION_202301280900_patch000,IDW,IDW,"(375,750]",26584,0.639826601143374,-0.05666127639416459,0.9632053734950734
RAD_OPERA_HOURLY_RAINFALL_ACCUMULATION_202301280900_patch000,IDW,IDW,"(750,1500]",49607,0.8249010560306644,-0.07031166123378804,0.9376174117870874
RAD_OPERA_HOURLY_RAINFALL_ACCUMULATION_202301280900_patch000,IDW,IDW,"(1500,3125]",83724,0.9368835087566176,0.018693544001713185,0.9119754239121177
RAD_OPERA_HOURLY_RAINFALL_ACCUMULATION_202301280900_patch000,IDW,IDW,"(3125,6000]",46547,1.26593477311531,0.1303727797278143,0.8437054637210688
RAD_OPERA_HOURLY_RAINFALL_ACCUMULATION_202301280900_patch000,IDW,IDW,"(6000,9000]",5949,1.302691501784082,0.6116542644203817,0.7814015026650879
RAD_OPERA_HOURLY_RAINFALL_ACCUMULATION_202301280900_patch000,IDW,IDW,>9000,1839,1.4926131429744314,1.256418325254099,0.17575715950048781
RAD_OPERA_HOURLY_RAINFALL_ACCUMULATION_202301281000_patch001,IDW,IDW,≤125,4538,0.6687051217320237,-0.07822831605136148,0.9787145879594243
RAD_OPERA_HOURLY_RAINFALL_ACCUMULATION_202301281000_patch001,IDW,IDW,"(125,375]",16885,0.8668227599638337,-0.10754218849296406,0.9742122259708831
RAD_OPERA_HOURLY_RAINFALL_ACCUMULATION_202301281000_patch001,IDW,IDW,"(375,750]",25044,1.2641718383609244,-0.22327838569000266,0.9637622860174238
RAD_OPERA_HOURLY_RAINFALL_ACCUMULATION_202301281000_patch001,IDW,IDW,"(750,1500]",46152,1.8759862743161293,-0.4693380948478952,0.9534866572818657
RAD_OPERA_HOURLY_RAINFALL_ACCUMULATION_202301281000_patch001,IDW,IDW,"(1500,3125]",77771,3.089756181041693,-1.0475563228239735,0.9285068033934447
RAD_OPERA_HOURLY_RAINFALL_ACCUMULATION_202301281000_patch001,IDW,IDW,"(3125,6000]",38060,5.082398717876524,-2.314063925586595,0.9162110387805714
RAD_OPERA_HOURLY_RAINFALL_ACCUMULATION_202301281000_patch001,IDW,IDW,"(6000,9000]",2697,4.262738187130503,-0.5449543868640109,0.9626170682371618
RAD_OPERA_HOURLY_RAINFALL_ACCUMULATION_202301281000_patch001,IDW,IDW,>9000,53,0.7792736432781664,0.7720233713680843,
RAD_OPERA_HOURLY_RAINFALL_ACCUMULATION_202301281900_patch000,IDW,IDW,≤125,4624,0.3394066873147034,-0.023805061206994996,0.9741732754539147
RAD_OPERA_HOURLY_RAINFALL_ACCUMULATION_202301281900_patch000,IDW,IDW,"(125,375]",18731,0.3931409989886132,-0.04231275503280662,0.9692145557519207
RAD_OPERA_HOURLY_RAINFALL_ACCUMULATION_202301281900_patch000,IDW,IDW,"(375,750]",30721,0.4866589371872468,-0.0548051037853504,0.9587389240456575
RAD_OPERA_HOURLY_RAINFALL_ACCUMULATION_202301281900_patch000,IDW,IDW,"(750,1500]",60480,0.6139097154002404,-0.06823625795188404,0.9433478308654073
RAD_OPERA_HOURLY_RAINFALL_ACCUMULATION_202301281900_patch000,IDW,IDW,"(1500,3125]",102275,0.7487775076594835,-0.016249410505837957,0.9046683593872251
RAD_OPERA_HOURLY_RAINFALL_ACCUMULATION_202301281900_patch000,IDW,IDW,"(3125,6000]",53363,0.7070099868685074,0.15014436753608476,0.8806824460111075
RAD_OPERA_HOURLY_RAINFALL_ACCUMULATION_202301281900_patch000,IDW,IDW,"(6000,9000]",4494,0.6047119509872552,0.35116551787947675,0.8434049170455507
RAD_OPERA_HOURLY_RAINFALL_ACCUMULATION_202301282100_patch000,IDW,IDW,≤125,4949,0.3683432291633429,0.0034141533075595825,0.9532635722395292
RAD_OPERA_HOURLY_RAINFALL_ACCUMULATION_202301282100_patch000,IDW,IDW,"(125,375]",18581,0.4330609232352657,0.013310709522240564,0.9362176454586113
RAD_OPERA_HOURLY_RAINFALL_ACCUMULATION_202301282100_patch000,IDW,IDW,"(375,750]",27724,0.49755363080417825,0.03929929947479168,0.9083860475664717
RAD_OPERA_HOURLY_RAINFALL_ACCUMULATION_202301282100_patch000,IDW,IDW,"(750,1500]",51472,0.5880291866789226,0.0382249062299168,0.8630064495490544
RAD_OPERA_HOURLY_RAINFALL_ACCUMULATION_202301282100_patch000,IDW,IDW,"(1500,3125]",89017,0.7189234995276522,0.05741194813675313,0.7822811656746315
RAD_OPERA_HOURLY_RAINFALL_ACCUMULATION_202301282100_patch000,IDW,IDW,"(3125,6000]",45865,0.7728111650696545,0.2633777205821642,0.719273861871807
RAD_OPERA_HOURLY_RAINFALL_ACCUMULATION_202301282100_patch000,IDW,IDW,"(6000,9000]",2008,0.9311749382509065,0.8024679777394252,0.6068109443462639
RAD_OPERA_HOURLY_RAINFALL_ACCUMULATION_202301282200_patch000,IDW,IDW,≤125,5612,1.7725325882601675,0.07030196264752245,0.9544905702955737
RAD_OPERA_HOURLY_RAINFALL_ACCUMULATION_202301282200_patch000,IDW,IDW,"(125,375]",22110,1.9890211109067713,0.05592773409674765,0.9464334966508392
RAD_OPERA_HOURLY_RAINFALL_ACCUMULATION_202301282200_patch000,IDW,IDW,"(375,750]",35046,2.5447166506949475,0.10726686722789698,0.924331128147501
RAD_OPERA_HOURLY_RAINFALL_ACCUMULATION_202301282200_patch000,IDW,IDW,"(750,1500]",65839,3.4587424419095254,0.2299725241983253,0.8931626973081086
RAD_OPERA_HOURLY_RAINFALL_ACCUMULATION_202301282200_patch000,IDW,IDW,"(1500,3125]",112059,5.62067105490759,-0.07538243812791097,0.8505812501968818
RAD_OPERA_HOURLY_RAINFALL_ACCUMULATION_202301282200_patch000,IDW,IDW,"(3125,6000]",70144,6.37734300301223,-1.1091303526614733,0.7813522550948908
RAD_OPERA_HOURLY_RAINFALL_ACCUMULATION_202301282200_patch000,IDW,IDW,"(6000,9000]",6630,6.985912523298357,2.315916287275898,0.576958887709643
RAD_OPERA_HOURLY_RAINFALL_ACCUMULATION_202301282200_patch001,IDW,IDW,≤125,6976,1.0089396417267238,0.04340270521835631,0.9890967842121627
RAD_OPERA_HOURLY_RAINFALL_ACCUMULATION_202301282200_patch001,IDW,IDW,"(125,375]",27728,1.1399623357881945,0.06918813138725831,0.9842675695515195
RAD_OPERA_HOURLY_RAINFALL_ACCUMULATION_202301282200_patch001,IDW,IDW,"(375,750]",46891,1.3303921396854117,0.049524213551106075,0.9779148239581501
RAD_OPERA_HOURLY_RAINFALL_ACCUMULATION_202301282200_patch001,IDW,IDW,"(750,1500]",95950,1.5533233145274663,0.004840558673364425,0.9696021880974575
RAD_OPERA_HOURLY_RAINFALL_ACCUMULATION_202301282200_patch001,IDW,IDW,"(1500,3125]",174165,1.8490774696921568,0.1145564712506695,0.9520943116419575
RAD_OPERA_HOURLY_RAINFALL_ACCUMULATION_202301282200_patch001,IDW,IDW,"(3125,6000]",94327,1.9595400228861986,0.22301879624646606,0.9426741957202451
RAD_OPERA_HOURLY_RAINFALL_ACCUMULATION_202301282200_patch001,IDW,IDW,"(6000,9000]",4507,1.5645677394879944,1.0578316850423497,0.785507156937595
RAD_OPERA_HOURLY_RAINFALL_ACCUMULATION_202301282200_patch001,IDW,IDW,>9000,16,2.4983154195409782,2.492025375366211,0.875750192395835
RAD_OPERA_HOURLY_RAINFALL_ACCUMULATION_202301290800_patch000,IDW,IDW,≤125,5262,0.2786715029011475,-0.018985662316242945,0.9120246839207306
RAD_OPERA_HOURLY_RAINFALL_ACCUMULATION_202301290800_patch000,IDW,IDW,"(125,375]",20568,0.2963856508664318,-0.01128543015295594,0.9062975371716577
RAD_OPERA_HOURLY_RAINFALL_ACCUMULATION_202301290800_patch000,IDW,IDW,"(375,750]",33486,0.3342340250103572,0.016591399112411604,0.8916634496322429
RAD_OPERA_HOURLY_RAINFALL_ACCUMULATION_202301290800_patch000,IDW,IDW,"(750,1500]",65862,0.39662836900622334,0.075497391234333,0.8450075290291311
RAD_OPERA_HOURLY_RAINFALL_ACCUMULATION_202301290800_patch000,IDW,IDW,"(1500,3125]",113228,0.5229393616956929,0.1898711823577381,0.7568776278756971
RAD_OPERA_HOURLY_RAINFALL_ACCUMULATION_202301290800_patch000,IDW,IDW,"(3125,6000]",62239,0.8467844718932653,0.4130772904355743,0.5187474392451803
RAD_OPERA_HOURLY_RAINFALL_ACCUMULATION_202301290800_patch000,IDW,IDW,"(6000,9000]",2459,1.2514893936222027,0.8875085316619625,0.33923601635266987
RAD_OPERA_HOURLY_RAINFALL_ACCUMULATION_202301291100_patch000,IDW,IDW,≤125,3487,0.5719392122584263,-0.08560372776652873,0.9434596891185187
RAD_OPERA_HOURLY_RAINFALL_ACCUMULATION_202301291100_patch000,IDW,IDW,"(125,375]",13581,0.6285106901042165,-0.10221897602063744,0.9377081144308959
RAD_OPERA_HOURLY_RAINFALL_ACCUMULATION_202301291100_patch000,IDW,IDW,"(375,750]",20224,0.8113707360636376,-0.14849812038466806,0.929089568841499
RAD_OPERA_HOURLY_RAINFALL_ACCUMULATION_202301291100_patch000,IDW,IDW,"(750,1500]",37125,1.096085144445863,-0.29001943429471666,0.9179941408763895
RAD_OPERA_HOURLY_RAINFALL_ACCUMULATION_202301291100_patch000,IDW,IDW,"(1500,3125]",60628,1.4906128486245462,-0.5544637757551153,0.9088251796022591
RAD_OPERA_HOURLY_RAINFALL_ACCUMULATION_202301291100_patch000,IDW,IDW,"(3125,6000]",30024,1.3049292259169278,-0.327243087281712,0.8678504717626111
RAD_OPERA_HOURLY_RAINFALL_ACCUMULATION_202301291100_patch000,IDW,IDW,"(6000,9000]",1331,0.6444293224871086,0.27719396957322945,0.7290770895453992
RAD_OPERA_HOURLY_RAINFALL_ACCUMULATION_202301291700_patch000,IDW,IDW,≤125,4436,0.12080387870753151,0.008281277430498245,0.9954714113495509
RAD_OPERA_HOURLY_RAINFALL_ACCUMULATION_202301291700_patch000,IDW,IDW,"(125,375]",18292,0.1470392482230231,0.006009743199250955,0.9929799753339205
RAD_OPERA_HOURLY_RAINFALL_ACCUMULATION_202301291700_patch000,IDW,IDW,"(375,750]",30466,0.19363358827356508,0.012336754822561982,0.9860461526927758
RAD_OPERA_HOURLY_RAINFALL_ACCUMULATION_202301291700_patch000,IDW,IDW,"(750,1500]",61389,0.2645119180628541,0.025341029526051783,0.9684238725901546
RAD_OPERA_HOURLY_RAINFALL_ACCUMULATION_202301291700_patch000,IDW,IDW,"(1500,3125]",101766,0.36993506602438325,0.058630570641041053,0.9173530304137639
RAD_OPERA_HOURLY_RAINFALL_ACCUMULATION_202301291700_patch000,IDW,IDW,"(3125,6000]",46480,0.399955946478857,0.09444467360394239,0.8481955320533675
RAD_OPERA_HOURLY_RAINFALL_ACCUMULATION_202301291700_patch000,IDW,IDW,"(6000,9000]",3411,0.44318955006178773,0.18448488993995596,0.7967547555020956
RAD_OPERA_HOURLY_RAINFALL_ACCUMULATION_202301291900_patch000,IDW,IDW,≤125,7080,0.3514504051614025,-0.005892460418623046,0.9874777456401179
RAD_OPERA_HOURLY_RAINFALL_ACCUMULATION_202301291900_patch000,IDW,IDW,"(125,375]",28363,0.39140130468592643,0.010209550893437445,0.9827216864490231
RAD_OPERA_HOURLY_RAINFALL_ACCUMULATION_202301291900_patch000,IDW,IDW,"(375,750]",48321,0.47395136357956297,0.033284901795517824,0.9718395324592775
RAD_OPERA_HOURLY_RAINFALL_ACCUMULATION_202301291900_patch000,IDW,IDW,"(750,1500]",100191,0.5919487696762231,0.0401799777831237,0.952014248784623
RAD_OPERA_HOURLY_RAINFALL_ACCUMULATION_202301291900_patch000,IDW,IDW,"(1500,3125]",191182,0.7658998084870333,0.002743514578480938,0.9230038969720519
RAD_OPERA_HOURLY_RAINFALL_ACCUMULATION_202301291900_patch000,IDW,IDW,"(3125,6000]",110001,0.8801095286323594,-0.06506722945356203,0.9215274314297284
RAD_OPERA_HOURLY_RAINFALL_ACCUMULATION_202301291900_patch000,IDW,IDW,"(6000,9000]",9824,1.0271546320659481,0.6236071333210272,0.7421207110178621
RAD_OPERA_HOURLY_RAINFALL_ACCUMULATION_202301291900_patch000,IDW,IDW,>9000,654,1.1382467734066595,1.019222062024137,0.9163516551456847
RAD_OPERA_HOURLY_RAINFALL_ACCUMULATION_202301292200_patch002,IDW,IDW,≤125,3390,0.22539652673248337,-0.029007392559079647,0.9604590452832154
RAD_OPERA_HOURLY_RAINFALL_ACCUMULATION_202301292200_patch002,IDW,IDW,"(125,375]",13291,0.2477527826799313,-0.03428618477497814,0.9603399097201484
RAD_OPERA_HOURLY_RAINFALL_ACCUMULATION_202301292200_patch002,IDW,IDW,"(375,750]",19563,0.33367737043980306,-0.06134084162765477,0.9532265108289614
RAD_OPERA_HOURLY_RAINFALL_ACCUMULATION_202301292200_patch002,IDW,IDW,"(750,1500]",36286,0.44316690843153766,-0.11158820959480005,0.9293642173493842
RAD_OPERA_HOURLY_RAINFALL_ACCUMULATION_202301292200_patch002,IDW,IDW,"(1500,3125]",59850,0.5941324543720865,-0.1511778562862672,0.8802784731004357
RAD_OPERA_HOURLY_RAINFALL_ACCUMULATION_202301292200_patch002,IDW,IDW,"(3125,6000]",31192,0.6951348356426532,0.023139529437529914,0.8749355947684392
RAD_OPERA_HOURLY_RAINFALL_ACCUMULATION_202301292200_patch002,IDW,IDW,"(6000,9000]",2828,0.8677175087168167,0.6996270565281831,0.7758044816375493
RAD_OPERA_HOURLY_RAINFALL_ACCUMULATION_202301292300_patch001,IDW,IDW,≤125,3907,0.32403246732814767,-0.03576866516165029,0.9738010219583425
RAD_OPERA_HOURLY_RAINFALL_ACCUMULATION_202301292300_patch001,IDW,IDW,"(125,375]",15106,0.3769942348875418,-0.04554225061881405,0.9664791033954969
RAD_OPERA_HOURLY_RAINFALL_ACCUMULATION_202301292300_patch001,IDW,IDW,"(375,750]",22392,0.44319205119501387,-0.009925791765481671,0.9510751721792742
RAD_OPERA_HOURLY_RAINFALL_ACCUMULATION_202301292300_patch001,IDW,IDW,"(750,1500]",41007,0.555924911401127,-0.029299180503648187,0.9210677101902607
RAD_OPERA_HOURLY_RAINFALL_ACCUMULATION_202301292300_patch001,IDW,IDW,"(1500,3125]",70023,0.6137316227076243,-0.01932152341557297,0.8776759711377384
RAD_OPERA_HOURLY_RAINFALL_ACCUMULATION_202301292300_patch001,IDW,IDW,"(3125,6000]",32501,0.7291497082074085,0.07539224222268967,0.7932970107463323
RAD_OPERA_HOURLY_RAINFALL_ACCUMULATION_202301292300_patch001,IDW,IDW,"(6000,9000]",1432,1.4110644051462506,0.5997426642219448,0.48119190550544727
RAD_OPERA_HOURLY_RAINFALL_ACCUMULATION_202301292300_patch003,IDW,IDW,≤125,3610,0.10365943485339078,0.0032560902454186014,0.980254231181237
RAD_OPERA_HOURLY_RAINFALL_ACCUMULATION_202301292300_patch003,IDW,IDW,"(125,375]",14108,0.12308702339698663,0.0011385300273019192,0.9753517150437092
RAD_OPERA_HOURLY_RAINFALL_ACCUMULATION_202301292300_patch003,IDW,IDW,"(375,750]",20775,0.15718729637902248,-0.0015699582467153758,0.9687325350028408
RAD_OPERA_HOURLY_RAINFALL_ACCUMULATION_202301292300_patch003,IDW,IDW,"(750,1500]",37991,0.20028449013515195,-0.01597752475496285,0.9562327745832679
RAD_OPERA_HOURLY_RAINFALL_ACCUMULATION_202301292300_patch003,IDW,IDW,"(1500,3125]",63127,0.27963581961870715,-0.030889334923122704,0.9233236202117652
RAD_OPERA_HOURLY_RAINFALL_ACCUMULATION_202301292300_patch003,IDW,IDW,"(3125,6000]",30617,0.31188864183201515,-0.06284070641428274,0.921888056415003
RAD_OPERA_HOURLY_RAINFALL_ACCUMULATION_202301292300_patch003,IDW,IDW,"(6000,9000]",2828,0.37058785708531766,0.14587309353759637,0.4652070357138751
RAD_OPERA_HOURLY_RAINFALL_ACCUMULATION_202301300000_patch001,IDW,IDW,≤125,4141,0.14395165980851338,-0.004790158497484028,0.9693589972171113
RAD_OPERA_HOURLY_RAINFALL_ACCUMULATION_202301300000_patch001,IDW,IDW,"(125,375]",16335,0.1736285391781,-0.013217269538701913,0.9648677527840047
RAD_OPERA_HOURLY_RAINFALL_ACCUMULATION_202301300000_patch001,IDW,IDW,"(375,750]",25337,0.22715172310064316,-0.01703706990055425,0.9508975352828462
RAD_OPERA_HOURLY_RAINFALL_ACCUMULATION_202301300000_patch001,IDW,IDW,"(750,1500]",47734,0.3128051265985022,-0.040690299764568366,0.9270588625678859
RAD_OPERA_HOURLY_RAINFALL_ACCUMULATION_202301300000_patch001,IDW,IDW,"(1500,3125]",78336,0.3688519399422599,-0.038106348249890835,0.8893978005677133
RAD_OPERA_HOURLY_RAINFALL_ACCUMULATION_202301300000_patch001,IDW,IDW,"(3125,6000]",34552,0.32549950373575726,0.021890225948545495,0.8988841103691959
RAD_OPERA_HOURLY_RAINFALL_ACCUMULATION_202301300000_patch001,IDW,IDW,"(6000,9000]",1437,0.4340814723154836,0.3222398222031988,0.8460144167897192
RAD_OPERA_HOURLY_RAINFALL_ACCUMULATION_202301300200_patch001,IDW,IDW,≤125,5782,0.133828186074911,0.004964467667659151,0.9846628192404876
RAD_OPERA_HOURLY_RAINFALL_ACCUMULATION_202301300200_patch001,IDW,IDW,"(125,375]",23121,0.15725182392908127,-0.004602441206754251,0.9776772892524407
RAD_OPERA_HOURLY_RAINFALL_ACCUMULATION_202301300200_patch001,IDW,IDW,"(375,750]",39508,0.19582354008245306,-0.012513746229021417,0.9649233603836878
RAD_OPERA_HOURLY_RAINFALL_ACCUMULATION_202301300200_patch001,IDW,IDW,"(750,1500]",83743,0.253805409207977,-0.030922520678549253,0.9399085165905858
RAD_OPERA_HOURLY_RAINFALL_ACCUMULATION_202301300200_patch001,IDW,IDW,"(1500,3125]",155901,0.3454225198684349,-0.05143401379514949,0.8949791333086247
RAD_OPERA_HOURLY_RAINFALL_ACCUMULATION_202301300200_patch001,IDW,IDW,"(3125,6000]",76905,0.42936989385445906,-0.04277587205657924,0.8482447539256577
RAD_OPERA_HOURLY_RAINFALL_ACCUMULATION_202301300200_patch001,IDW,IDW,"(6000,9000]",6563,0.4420749692384984,0.20216416918466718,0.8423600689251739
RAD_OPERA_HOURLY_RAINFALL_ACCUMULATION_202301300200_patch001,IDW,IDW,>9000,157,0.4933544201422879,0.491061675320765,0.2574582467820237
RAD_OPERA_HOURLY_RAINFALL_ACCUMULATION_202301301000_patch000,IDW,IDW,≤125,6083,0.21819348161273058,-0.016844581366173242,0.9756907878649056
RAD_OPERA_HOURLY_RAINFALL_ACCUMULATION_202301301000_patch000,IDW,IDW,"(125,375]",24156,0.2479069474845428,-0.025045166264940008,0.9727790797266918
RAD_OPERA_HOURLY_RAINFALL_ACCUMULATION_202301301000_patch000,IDW,IDW,"(375,750]",39430,0.3044195874624311,-0.022905910516976404,0.9640027898838458
RAD_OPERA_HOURLY_RAINFALL_ACCUMULATION_202301301000_patch000,IDW,IDW,"(750,1500]",77358,0.3906846745327054,-0.016372260609193095,0.9442462593836699
RAD_OPERA_HOURLY_RAINFALL_ACCUMULATION_202301301000_patch000,IDW,IDW,"(1500,3125]",133480,0.4961920221939418,0.020354094784980337,0.9086526465970638
RAD_OPERA_HOURLY_RAINFALL_ACCUMULATION_202301301000_patch000,IDW,IDW,"(3125,6000]",80920,0.706220928123928,0.15692020699781065,0.8445444744171853
RAD_OPERA_HOURLY_RAINFALL_ACCUMULATION_202301301000_patch000,IDW,IDW,"(6000,9000]",9842,0.9923117806548468,0.6340126475716911,0.7412843777065737
RAD_OPERA_HOURLY_RAINFALL_ACCUMULATION_202301301000_patch000,IDW,IDW,>9000,443,0.9099954544566967,0.7506098077205718,0.5682537041687796
RAD_OPERA_HOURLY_RAINFALL_ACCUMULATION_202301302200_patch000,IDW,IDW,≤125,4949,0.5800957195513228,-0.024431080405917835,0.9542167353981716
RAD_OPERA_HOURLY_RAINFALL_ACCUMULATION_202301302200_patch000,IDW,IDW,"(125,375]",18581,0.6660946657961289,-0.01607628668219414,0.9448148516309641
RAD_OPERA_HOURLY_RAINFALL_ACCUMULATION_202301302200_patch000,IDW,IDW,"(375,750]",27724,0.9097587807832559,-0.01384263626167981,0.9174715807013535
RAD_OPERA_HOURLY_RAINFALL_ACCUMULATION_202301302200_patch000,IDW,IDW,"(750,1500]",51472,1.2461184468920583,-0.08116757109608382,0.8837793447758057
RAD_OPERA_HOURLY_RAINFALL_ACCUMULATION_202301302200_patch000,IDW,IDW,"(1500,3125]",89017,1.6740716000573141,-0.16845979594875415,0.7881040318679244
RAD_OPERA_HOURLY_RAINFALL_ACCUMULATION_202301302200_patch000,IDW,IDW,"(3125,6000]",45865,1.9555487735216144,-0.09061927951328796,0.5596163328002849
RAD_OPERA_HOURLY_RAINFALL_ACCUMULATION_202301302200_patch000,IDW,IDW,"(6000,9000]",2008,2.1942769807868365,0.2867493220935186,0.11120773704251337
RAD_OPERA_HOURLY_RAINFALL_ACCUMULATION_202301302200_patch001,IDW,IDW,≤125,6108,0.30714152839055897,-0.0006834722240531687,0.9642404143918915
RAD_OPERA_HOURLY_RAINFALL_ACCUMULATION_202301302200_patch001,IDW,IDW,"(125,375]",23986,0.3637515750282646,-0.020258595653354777,0.9545861826211961
RAD_OPERA_HOURLY_RAINFALL_ACCUMULATION_202301302200_patch001,IDW,IDW,"(375,750]",39919,0.4942565218333404,-0.04861052096190166,0.927305906603222
RAD_OPERA_HOURLY_RAINFALL_ACCUMULATION_202301302200_patch001,IDW,IDW,"(750,1500]",80953,0.5801874717255853,-0.049161390414572605,0.9006618746394727
RAD_OPERA_HOURLY_RAINFALL_ACCUMULATION_202301302200_patch001,IDW,IDW,"(1500,3125]",142104,0.6946135032516153,-0.04382489145927042,0.8467075277636754
RAD_OPERA_HOURLY_RAINFALL_ACCUMULATION_202301302200_patch001,IDW,IDW,"(3125,6000]",70835,0.8297654150644483,0.09092438915727201,0.706533526582906
RAD_OPERA_HOURLY_RAINFALL_ACCUMULATION_202301302200_patch001,IDW,IDW,"(6000,9000]",3393,0.8147010678389702,0.5389818125633611,0.8344195286693926
RAD_OPERA_HOURLY_RAINFALL_ACCUMULATION_202301302200_patch001,IDW,IDW,>9000,62,0.9943119957269569,0.994189103885043,-0.10670266636430745
RAD_OPERA_HOURLY_RAINFALL_ACCUMULATION_202301302200_patch002,IDW,IDW,≤125,5246,0.9084288419335879,-0.07791264189955442,0.9288160166990471
RAD_OPERA_HOURLY_RAINFALL_ACCUMULATION_202301302200_patch002,IDW,IDW,"(125,375]",20443,0.9758251925272154,-0.07502511234990342,0.921833417168755
RAD_OPERA_HOURLY_RAINFALL_ACCUMULATION_202301302200_patch002,IDW,IDW,"(375,750]",33072,1.0539332720386525,-0.022871861294482276,0.8966157091610208
RAD_OPERA_HOURLY_RAINFALL_ACCUMULATION_202301302200_patch002,IDW,IDW,"(750,1500]",64408,1.3890596948767961,-0.05221652156568214,0.8293634939819313
RAD_OPERA_HOURLY_RAINFALL_ACCUMULATION_202301302200_patch002,IDW,IDW,"(1500,3125]",110070,1.7447525139938627,0.10354504653010185,0.7237166194186453
RAD_OPERA_HOURLY_RAINFALL_ACCUMULATION_202301302200_patch002,IDW,IDW,"(3125,6000]",59833,1.873052809917309,0.643557513343701,0.6219324081301743
RAD_OPERA_HOURLY_RAINFALL_ACCUMULATION_202301302200_patch002,IDW,IDW,"(6000,9000]",1840,2.302139019276792,1.5557691451728992,0.6829164908682572
RAD_OPERA_HOURLY_RAINFALL_ACCUMULATION_202301310000_patch001,IDW,IDW,≤125,4040,0.4224569654714079,-0.036945704592401644,0.940932168892781
RAD_OPERA_HOURLY_RAINFALL_ACCUMULATION_202301310000_patch001,IDW,IDW,"(125,375]",16430,0.4775507455861723,-0.07625050978877225,0.9352081676879694
RAD_OPERA_HOURLY_RAINFALL_ACCUMULATION_202301310000_patch001,IDW,IDW,"(375,750]",26966,0.5754938674322813,-0.09711048819212914,0.9134216378308507
RAD_OPERA_HOURLY_RAINFALL_ACCUMULATION_202301310000_patch001,IDW,IDW,"(750,1500]",52894,0.7223571183635041,-0.12954945631014025,0.8801004906493319
RAD_OPERA_HOURLY_RAINFALL_ACCUMULATION_202301310000_patch001,IDW,IDW,"(1500,3125]",83733,0.9508660568759432,-0.15623275616744045,0.7840954193127647
RAD_OPERA_HOURLY_RAINFALL_ACCUMULATION_202301310000_patch001,IDW,IDW,"(3125,6000]",44649,1.0622096501937395,0.01613884411012093,0.5460974400307191
RAD_OPERA_HOURLY_RAINFALL_ACCUMULATION_202301310000_patch001,IDW,IDW,"(6000,9000]",1688,0.6974578232280344,0.09364069295579223,0.6901243544491811
RAD_OPERA_HOURLY_RAINFALL_ACCUMULATION_202301310200_patch000,IDW,IDW,≤125,3610,0.6079781999200311,-0.016542303116367795,0.9632964029841958
RAD_OPERA_HOURLY_RAINFALL_ACCUMULATION_202301310200_patch000,IDW,IDW,"(125,375]",14108,0.6525531919675878,0.014110888775648258,0.9517644634121086
RAD_OPERA_HOURLY_RAINFALL_ACCUMULATION_202301310200_patch000,IDW,IDW,"(375,750]",20775,0.7319778728673161,0.09624006802998439,0.9185275848286627
RAD_OPERA_HOURLY_RAINFALL_ACCUMULATION_202301310200_patch000,IDW,IDW,"(750,1500]",37991,0.8427447104095845,0.19924840278362035,0.8707503900602992
RAD_OPERA_HOURLY_RAINFALL_ACCUMULATION_202301310200_patch000,IDW,IDW,"(1500,3125]",63127,1.0456122108954147,0.31718588693753363,0.7728616475034182
RAD_OPERA_HOURLY_RAINFALL_ACCUMULATION_202301310200_patch000,IDW,IDW,"(3125,6000]",30617,1.3619053160658854,0.40601265425486144,0.579580007741368
RAD_OPERA_HOURLY_RAINFALL_ACCUMULATION_202301310200_patch000,IDW,IDW,"(6000,9000]",2828,1.8339190348790986,1.6167567271786667,0.5843962463354933
RAD_OPERA_HOURLY_RAINFALL_ACCUMULATION_202301310900_patch000,IDW,IDW,≤125,4327,0.38285687986679806,0.008867434799578192,0.9740240100373947
RAD_OPERA_HOURLY_RAINFALL_ACCUMULATION_202301310900_patch000,IDW,IDW,"(125,375]",17469,0.4263905950476769,0.018145717053601497,0.9647605571404922
RAD_OPERA_HOURLY_RAINFALL_ACCUMULATION_202301310900_patch000,IDW,IDW,"(375,750]",28304,0.5132255311157689,0.031806787107152464,0.94341838535499
RAD_OPERA_HOURLY_RAINFALL_ACCUMULATION_202301310900_patch000,IDW,IDW,"(750,1500]",54744,0.6549057960736686,0.06041301429167855,0.9098910009029733
RAD_OPERA_HOURLY_RAINFALL_ACCUMULATION_202301310900_patch000,IDW,IDW,"(1500,3125]",84620,0.8910561335017665,0.09490243121578804,0.8344526636402552
RAD_OPERA_HOURLY_RAINFALL_ACCUMULATION_202301310900_patch000,IDW,IDW,"(3125,6000]",39893,1.0270588198143644,-0.0002938106899241394,0.7883636564054348
RAD_OPERA_HOURLY_RAINFALL_ACCUMULATION_202301310900_patch000,IDW,IDW,"(6000,9000]",4424,1.0997721070880815,0.4273621246730656,0.5258062035290495
RAD_OPERA_HOURLY_RAINFALL_ACCUMULATION_202301310900_patch000,IDW,IDW,>9000,1227,1.7054023662915454,1.5075401943101083,0.3988229156221077
RAD_OPERA_HOURLY_RAINFALL_ACCUMULATION_202301311600_patch000,IDW,IDW,≤125,4960,0.2485687138641645,0.005727575515066424,0.9860423141906677
RAD_OPERA_HOURLY_RAINFALL_ACCUMULATION_202301311600_patch000,IDW,IDW,"(125,375]",18632,0.297282042267816,0.004734743887157899,0.9785503461650742
RAD_OPERA_HOURLY_RAINFALL_ACCUMULATION_202301311600_patch000,IDW,IDW,"(375,750]",27830,0.36575484019763105,0.02031385189031381,0.9638695447350668
RAD_OPERA_HOURLY_RAINFALL_ACCUMULATION_202301311600_patch000,IDW,IDW,"(750,1500]",51558,0.4225267796878584,-0.003306566106486512,0.9444063131829367
RAD_OPERA_HOURLY_RAINFALL_ACCUMULATION_202301311600_patch000,IDW,IDW,"(1500,3125]",90058,0.5017734761506051,0.034387202743935516,0.9090907170292825
RAD_OPERA_HOURLY_RAINFALL_ACCUMULATION_202301311600_patch000,IDW,IDW,"(3125,6000]",52277,0.5792726946375419,0.03671113007309484,0.85971684680256
RAD_OPERA_HOURLY_RAINFALL_ACCUMULATION_202301311600_patch000,IDW,IDW,"(6000,9000]",10952,0.883648675271291,-0.08427408316095786,0.6711707252347743
RAD_OPERA_HOURLY_RAINFALL_ACCUMULATION_202301311600_patch000,IDW,IDW,>9000,3317,0.8990634483020098,0.23214050494010885,0.3507803216497498
RAD_OPERA_HOURLY_RAINFALL_ACCUMULATION_202301312000_patch001,IDW,IDW,≤125,4119,0.2543980787275396,-0.023895991502615052,0.9672835087129743
RAD_OPERA_HOURLY_RAINFALL_ACCUMULATION_202301312000_patch001,IDW,IDW,"(125,375]",15923,0.29135810993573524,-0.01835732912250644,0.9464498956281148
RAD_OPERA_HOURLY_RAINFALL_ACCUMULATION_202301312000_patch001,IDW,IDW,"(375,750]",23477,0.36161995603779135,-0.004572902124064254,0.9135615506883801
RAD_OPERA_HOURLY_RAINFALL_ACCUMULATION_202301312000_patch001,IDW,IDW,"(750,1500]",42558,0.48951848545643384,-0.05227709622055165,0.8494131250401777
RAD_OPERA_HOURLY_RAINFALL_ACCUMULATION_202301312000_patch001,IDW,IDW,"(1500,3125]",72310,0.6950628521102056,-0.13426702271447838,0.7080003195489171
RAD_OPERA_HOURLY_RAINFALL_ACCUMULATION_202301312000_patch001,IDW,IDW,"(3125,6000]",35394,0.8683508378386299,-0.25352200496184624,0.6395956195322003
RAD_OPERA_HOURLY_RAINFALL_ACCUMULATION_202301312000_patch001,IDW,IDW,"(6000,9000]",4806,0.8250138461208824,0.12328958079758358,0.1542455152097217
RAD_OPERA_HOURLY_RAINFALL_ACCUMULATION_202301312000_patch001,IDW,IDW,>9000,1093,1.2567384640428614,1.2243042186325226,0.12391704945990799
RAD_OPERA_HOURLY_RAINFALL_ACCUMULATION_202301180600_patch000,ILDW,ILDW,≤125,4307,0.7427880612298585,-0.020775713318203774,0.9304658197118825
RAD_OPERA_HOURLY_RAINFALL_ACCUMULATION_202301180600_patch000,ILDW,ILDW,"(125,375]",16831,0.6907896725618596,0.028155284275032076,0.9393104862863721
RAD_OPERA_HOURLY_RAINFALL_ACCUMULATION_202301180600_patch000,ILDW,ILDW,"(375,750]",25567,0.7737099029430416,0.07910981074491054,0.9214693347200433
RAD_OPERA_HOURLY_RAINFALL_ACCUMULATION_202301180600_patch000,ILDW,ILDW,"(750,1500]",46989,0.9832416342979636,0.1236003633586648,0.8544710349635531
RAD_OPERA_HOURLY_RAINFALL_ACCUMULATION_202301180600_patch000,ILDW,ILDW,"(1500,3125]",76874,1.254833792954739,0.15700910819521266,0.7217055589489023
RAD_OPERA_HOURLY_RAINFALL_ACCUMULATION_202301180600_patch000,ILDW,ILDW,"(3125,6000]",38395,1.2848918521030033,0.2473009951375103,0.6220563869042108
RAD_OPERA_HOURLY_RAINFALL_ACCUMULATION_202301180600_patch000,ILDW,ILDW,"(6000,9000]",4984,1.0838902841060825,0.6968635543741392,0.4240368110893234
RAD_OPERA_HOURLY_RAINFALL_ACCUMULATION_202301180600_patch000,ILDW,ILDW,>9000,1093,0.9907424416759102,0.7051736620399125,-0.6531071315491718
RAD_OPERA_HOURLY_RAINFALL_ACCUMULATION_202301180900_patch002,ILDW,ILDW,≤125,3902,0.5818374139069966,-0.02670940745345445,0.9602912413364253
RAD_OPERA_HOURLY_RAINFALL_ACCUMULATION_202301180900_patch002,ILDW,ILDW,"(125,375]",15131,0.5829679323901736,-3.831229717914972e-05,0.9597556484062287
RAD_OPERA_HOURLY_RAINFALL_ACCUMULATION_202301180900_patch002,ILDW,ILDW,"(375,750]",22331,0.6571360722726713,0.025419616659531373,0.9476859876394229
RAD_OPERA_HOURLY_RAINFALL_ACCUMULATION_202301180900_patch002,ILDW,ILDW,"(750,1500]",41053,0.8278408194758786,-0.035731513688074146,0.9174971612248374
RAD_OPERA_HOURLY_RAINFALL_ACCUMULATION_202301180900_patch002,ILDW,ILDW,"(1500,3125]",69051,1.2514212419754887,-0.21761093331516068,0.8411443141520423
RAD_OPERA_HOURLY_RAINFALL_ACCUMULATION_202301180900_patch002,ILDW,ILDW,"(3125,6000]",34633,2.177709359943611,-0.35552850547502884,0.5596319281095316
RAD_OPERA_HOURLY_RAINFALL_ACCUMULATION_202301180900_patch002,ILDW,ILDW,"(6000,9000]",4806,2.8095782883981903,1.5300993374691771,-0.62984892906332
RAD_OPERA_HOURLY_RAINFALL_ACCUMULATION_202301180900_patch002,ILDW,ILDW,>9000,1093,2.6660135884930893,0.8796113437105795,-0.911171637533727
RAD_OPERA_HOURLY_RAINFALL_ACCUMULATION_202301181200_patch003,ILDW,ILDW,≤125,3836,0.8481796442257903,-0.019873089083610462,0.9259324895600836
RAD_OPERA_HOURLY_RAINFALL_ACCUMULATION_202301181200_patch003,ILDW,ILDW,"(125,375]",15470,0.6528291759733299,0.05304631362706559,0.9420150776222777
RAD_OPERA_HOURLY_RAINFALL_ACCUMULATION_202301181200_patch003,ILDW,ILDW,"(375,750]",24747,0.6729073617670688,0.11245108861209005,0.9307575515557377
RAD_OPERA_HOURLY_RAINFALL_ACCUMULATION_202301181200_patch003,ILDW,ILDW,"(750,1500]",46358,0.8298360421348369,0.15389790493437516,0.9008731516834415
RAD_OPERA_HOURLY_RAINFALL_ACCUMULATION_202301181200_patch003,ILDW,ILDW,"(1500,3125]",72954,1.069306480001307,0.3170399470110861,0.8532783506286754
RAD_OPERA_HOURLY_RAINFALL_ACCUMULATION_202301181200_patch003,ILDW,ILDW,"(3125,6000]",38442,1.2036218011045638,0.5120939490343448,0.7905601004402704
RAD_OPERA_HOURLY_RAINFALL_ACCUMULATION_202301181200_patch003,ILDW,ILDW,"(6000,9000]",2993,0.8491828619829895,0.47784938307226243,0.7247493996560186
RAD_OPERA_HOURLY_RAINFALL_ACCUMULATION_202301181300_patch002,ILDW,ILDW,≤125,4067,0.4015288679086653,-0.0004378532284153633,0.9427024092435724
RAD_OPERA_HOURLY_RAINFALL_ACCUMULATION_202301181300_patch002,ILDW,ILDW,"(125,375]",16278,0.3833020756479625,0.008984758961100172,0.946268580550405
RAD_OPERA_HOURLY_RAINFALL_ACCUMULATION_202301181300_patch002,ILDW,ILDW,"(375,750]",25812,0.415657439668162,0.011055485548158776,0.9166754733490164
RAD_OPERA_HOURLY_RAINFALL_ACCUMULATION_202301181300_patch002,ILDW,ILDW,"(750,1500]",48116,0.530805981559688,0.009371042193422769,0.8534487461494019
RAD_OPERA_HOURLY_RAINFALL_ACCUMULATION_202301181300_patch002,ILDW,ILDW,"(1500,3125]",75981,0.6642594185309973,-0.0076779149862910515,0.769309964929574
RAD_OPERA_HOURLY_RAINFALL_ACCUMULATION_202301181300_patch002,ILDW,ILDW,"(3125,6000]",35618,0.5435654945920567,0.05878760860777908,0.6958260226042963
RAD_OPERA_HOURLY_RAINFALL_ACCUMULATION_202301181300_patch002,ILDW,ILDW,"(6000,9000]",1488,0.6689750191926609,0.30514074049434897,0.3325615782980007
RAD_OPERA_HOURLY_RAINFALL_ACCUMULATION_202301181900_patch000,ILDW,ILDW,≤125,5288,0.23992355270199708,0.0030049673534604826,0.9778150174095506
RAD_OPERA_HOURLY_RAINFALL_ACCUMULATION_202301181900_patch000,ILDW,ILDW,"(125,375]",20528,0.23765920317290967,-0.0010682260518654514,0.9801295509082666
RAD_OPERA_HOURLY_RAINFALL_ACCUMULATION_202301181900_patch000,ILDW,ILDW,"(375,750]",32454,0.2749490737662646,-0.0070589747221522425,0.9773941235001703
RAD_OPERA_HOURLY_RAINFALL_ACCUMULATION_202301181900_patch000,ILDW,ILDW,"(750,1500]",61361,0.3810287761432641,-0.030376254048099738,0.9630054584239192
RAD_OPERA_HOURLY_RAINFALL_ACCUMULATION_202301181900_patch000,ILDW,ILDW,"(1500,3125]",101172,0.5500518475987564,-0.06315263020731642,0.9246445518483715
RAD_OPERA_HOURLY_RAINFALL_ACCUMULATION_202301181900_patch000,ILDW,ILDW,"(3125,6000]",52907,0.6033647370378421,-0.028765265699883545,0.9076761125867244
RAD_OPERA_HOURLY_RAINFALL_ACCUMULATION_202301181900_patch000,ILDW,ILDW,"(6000,9000]",3681,0.32796187920063413,0.2148073119276969,0.973726277626843
RAD_OPERA_HOURLY_RAINFALL_ACCUMULATION_202301181900_patch000,ILDW,ILDW,>9000,369,0.24081805710829762,0.240732811339718,0.47098375820166727
RAD_OPERA_HOURLY_RAINFALL_ACCUMULATION_202301190000_patch000,ILDW,ILDW,≤125,4743,0.3446647089007118,-0.02319006973712109,0.9851561336650466
RAD_OPERA_HOURLY_RAINFALL_ACCUMULATION_202301190000_patch000,ILDW,ILDW,"(125,375]",19207,0.3508236994800445,0.014922448914522341,0.9838994967381629
RAD_OPERA_HOURLY_RAINFALL_ACCUMULATION_202301190000_patch000,ILDW,ILDW,"(375,750]",31346,0.39602568647352937,0.026417035602956735,0.9795495451735658
RAD_OPERA_HOURLY_RAINFALL_ACCUMULATION_202301190000_patch000,ILDW,ILDW,"(750,1500]",61078,0.5014511986371214,0.05110955955642904,0.961727765912247
RAD_OPERA_HOURLY_RAINFALL_ACCUMULATION_202301190000_patch000,ILDW,ILDW,"(1500,3125]",101514,0.6740468684734845,0.12424999802828299,0.9151009311028239
RAD_OPERA_HOURLY_RAINFALL_ACCUMULATION_202301190000_patch000,ILDW,ILDW,"(3125,6000]",51996,0.8101318892533748,0.3656807647811801,0.8764801976770532
RAD_OPERA_HOURLY_RAINFALL_ACCUMULATION_202301190000_patch000,ILDW,ILDW,"(6000,9000]",5503,0.9611951875216557,0.8094517572923559,0.7559160625622602
RAD_OPERA_HOURLY_RAINFALL_ACCUMULATION_202301190000_patch000,ILDW,ILDW,>9000,1093,1.4702135129333271,1.3915059516042896,0.3066391154423457
RAD_OPERA_HOURLY_RAINFALL_ACCUMULATION_202301190300_patch000,ILDW,ILDW,≤125,5625,0.4768200940829387,0.0029982655844343563,0.966036680368441
RAD_OPERA_HOURLY_RAINFALL_ACCUMULATION_202301190300_patch000,ILDW,ILDW,"(125,375]",22142,0.47481054811669426,0.01202745136027167,0.9636501492766189
RAD_OPERA_HOURLY_RAINFALL_ACCUMULATION_202301190300_patch000,ILDW,ILDW,"(375,750]",36071,0.548977695097389,-0.004129186105270426,0.9562888123837198
RAD_OPERA_HOURLY_RAINFALL_ACCUMULATION_202301190300_patch000,ILDW,ILDW,"(750,1500]",71147,0.6710596554354947,-0.039367019455396446,0.9307032061529301
RAD_OPERA_HOURLY_RAINFALL_ACCUMULATION_202301190300_patch000,ILDW,ILDW,"(1500,3125]",121319,0.920909397765962,-0.10955439504273175,0.8781375285540476
RAD_OPERA_HOURLY_RAINFALL_ACCUMULATION_202301190300_patch000,ILDW,ILDW,"(3125,6000]",72157,1.2353338686626014,-0.06342384398472135,0.8227147571783159
RAD_OPERA_HOURLY_RAINFALL_ACCUMULATION_202301190300_patch000,ILDW,ILDW,"(6000,9000]",16588,1.1217386026269451,0.3251924630278144,0.6770814209457575
RAD_OPERA_HOURLY_RAINFALL_ACCUMULATION_202301190300_patch000,ILDW,ILDW,>9000,4391,0.945736001786802,0.28392615288366185,0.6536121122776825
RAD_OPERA_HOURLY_RAINFALL_ACCUMULATION_202301190300_patch001,ILDW,ILDW,≤125,6138,0.6976504314099631,-0.012544473076389773,0.9329916573108482
RAD_OPERA_HOURLY_RAINFALL_ACCUMULATION_202301190300_patch001,ILDW,ILDW,"(125,375]",24392,0.6394928194311998,-0.02040129163868297,0.9367062824202114
RAD_OPERA_HOURLY_RAINFALL_ACCUMULATION_202301190300_patch001,ILDW,ILDW,"(375,750]",39715,0.6568283359420971,-0.001858535933443927,0.9263700787749143
RAD_OPERA_HOURLY_RAINFALL_ACCUMULATION_202301190300_patch001,ILDW,ILDW,"(750,1500]",78272,0.7072416370393066,0.007367282561704154,0.9057049339578435
RAD_OPERA_HOURLY_RAINFALL_ACCUMULATION_202301190300_patch001,ILDW,ILDW,"(1500,3125]",134070,0.939488638468711,-0.07078550859143168,0.8351300234233185
RAD_OPERA_HOURLY_RAINFALL_ACCUMULATION_202301190300_patch001,ILDW,ILDW,"(3125,6000]",75249,1.0217773813828144,-0.13018437550574993,0.8129109641003811
RAD_OPERA_HOURLY_RAINFALL_ACCUMULATION_202301190300_patch001,ILDW,ILDW,"(6000,9000]",6503,0.6866130062313851,0.2547791402854811,0.914693044066511
RAD_OPERA_HOURLY_RAINFALL_ACCUMULATION_202301190300_patch001,ILDW,ILDW,>9000,1229,0.008137743127852171,0.00021639510041557378,0.9999923992946959
RAD_OPERA_HOURLY_RAINFALL_ACCUMULATION_202301190700_patch000,ILDW,ILDW,≤125,6028,0.32587936006140394,-0.010664339457355902,0.9761310779024579
RAD_OPERA_HOURLY_RAINFALL_ACCUMULATION_202301190700_patch000,ILDW,ILDW,"(125,375]",23900,0.31135389992575335,0.0002621848494093243,0.9787568551271388
RAD_OPERA_HOURLY_RAINFALL_ACCUMULATION_202301190700_patch000,ILDW,ILDW,"(375,750]",38804,0.3891098852136176,-0.014568787286434954,0.9705976470520304
RAD_OPERA_HOURLY_RAINFALL_ACCUMULATION_202301190700_patch000,ILDW,ILDW,"(750,1500]",75204,0.4838426658205438,-0.00682137782024078,0.9554876695827272
RAD_OPERA_HOURLY_RAINFALL_ACCUMULATION_202301190700_patch000,ILDW,ILDW,"(1500,3125]",129043,0.6235664568317922,0.039059781798884204,0.9274596458907143
RAD_OPERA_HOURLY_RAINFALL_ACCUMULATION_202301190700_patch000,ILDW,ILDW,"(3125,6000]",74735,0.7345018088486447,0.013355432188076185,0.8739951446929546
RAD_OPERA_HOURLY_RAINFALL_ACCUMULATION_202301190700_patch000,ILDW,ILDW,"(6000,9000]",6675,0.8568704590558983,-0.30654596665910966,0.7520787888039087
RAD_OPERA_HOURLY_RAINFALL_ACCUMULATION_202301190700_patch000,ILDW,ILDW,>9000,427,1.1700889360381181,-0.6155056070682811,0.0372738981825648
RAD_OPERA_HOURLY_RAINFALL_ACCUMULATION_202301190800_patch001,ILDW,ILDW,≤125,4739,0.5196314719174265,-0.017154401410964637,0.927230813630269
RAD_OPERA_HOURLY_RAINFALL_ACCUMULATION_202301190800_patch001,ILDW,ILDW,"(125,375]",17811,0.48712997392853674,0.010801226643792789,0.9315400049076129
RAD_OPERA_HOURLY_RAINFALL_ACCUMULATION_202301190800_patch001,ILDW,ILDW,"(375,750]",26584,0.5812922600336011,0.049345903175241526,0.911361635703444
RAD_OPERA_HOURLY_RAINFALL_ACCUMULATION_202301190800_patch001,ILDW,ILDW,"(750,1500]",49607,0.7849764138463649,0.09885173555282371,0.8527142400394262
RAD_OPERA_HOURLY_RAINFALL_ACCUMULATION_202301190800_patch001,ILDW,ILDW,"(1500,3125]",84697,1.166492647687242,0.12772650011350664,0.7515512278078927
RAD_OPERA_HOURLY_RAINFALL_ACCUMULATION_202301190800_patch001,ILDW,ILDW,"(3125,6000]",49616,1.552586888335608,0.14141591541060458,0.7512222808981667
RAD_OPERA_HOURLY_RAINFALL_ACCUMULATION_202301190800_patch001,ILDW,ILDW,"(6000,9000]",11038,1.0703213681184627,0.22830661454738194,0.49888063284449474
RAD_OPERA_HOURLY_RAINFALL_ACCUMULATION_202301190800_patch001,ILDW,ILDW,>9000,5508,1.4758807440497463,-1.3042191049437086,0.48034716663732674
RAD_OPERA_HOURLY_RAINFALL_ACCUMULATION_202301190800_patch002,ILDW,ILDW,≤125,4948,2.1939051786918227,-0.024055734827736992,0.9200499058717921
RAD_OPERA_HOURLY_RAINFALL_ACCUMULATION_202301190800_patch002,ILDW,ILDW,"(125,375]",19069,1.9647698621359633,-0.048048076965532274,0.9392473374795631
RAD_OPERA_HOURLY_RAINFALL_ACCUMULATION_202301190800_patch002,ILDW,ILDW,"(375,750]",29951,2.0130865210259117,-0.04382431205496055,0.946325437403978
RAD_OPERA_HOURLY_RAINFALL_ACCUMULATION_202301190800_patch002,ILDW,ILDW,"(750,1500]",56000,2.4733128752287374,0.018695274153445813,0.9226236253524412
RAD_OPERA_HOURLY_RAINFALL_ACCUMULATION_202301190800_patch002,ILDW,ILDW,"(1500,3125]",91858,3.320758108095537,0.39743814006538475,0.8562207909413171
RAD_OPERA_HOURLY_RAINFALL_ACCUMULATION_202301190800_patch002,ILDW,ILDW,"(3125,6000]",49656,3.6758555437176432,0.8208864967848426,0.7762457518945678
RAD_OPERA_HOURLY_RAINFALL_ACCUMULATION_202301190800_patch002,ILDW,ILDW,"(6000,9000]",2462,1.0451936096850811,0.7037434303404487,0.9113977823402458
RAD_OPERA_HOURLY_RAINFALL_ACCUMULATION_202301190800_patch002,ILDW,ILDW,>9000,8,0.14226759422960353,0.14226612644469555,
RAD_OPERA_HOURLY_RAINFALL_ACCUMULATION_202301190900_patch001,ILDW,ILDW,≤125,4873,0.4914780677403472,-0.011556166671617421,0.9336710942020008
RAD_OPERA_HOURLY_RAINFALL_ACCUMULATION_202301190900_patch001,ILDW,ILDW,"(125,375]",18313,0.4148938231626569,0.017333744179012803,0.9524173325081862
RAD_OPERA_HOURLY_RAINFALL_ACCUMULATION_202301190900_patch001,ILDW,ILDW,"(375,750]",27719,0.4710895092341859,0.04689255361334595,0.945010084895839
RAD_OPERA_HOURLY_RAINFALL_ACCUMULATION_202301190900_patch001,ILDW,ILDW,"(750,1500]",51845,0.6207622428935705,0.03640152475547042,0.9130231687057454
RAD_OPERA_HOURLY_RAINFALL_ACCUMULATION_202301190900_patch001,ILDW,ILDW,"(1500,3125]",88154,0.8637367785113352,-0.05976138061937117,0.8497725740031793
RAD_OPERA_HOURLY_RAINFALL_ACCUMULATION_202301190900_patch001,ILDW,ILDW,"(3125,6000]",43325,1.144802566523591,-0.00613091654859866,0.7987225091188839
RAD_OPERA_HOURLY_RAINFALL_ACCUMULATION_202301190900_patch001,ILDW,ILDW,"(6000,9000]",779,0.9827296459710775,0.3641643852092193,-0.5099502111526328
RAD_OPERA_HOURLY_RAINFALL_ACCUMULATION_202301192000_patch000,ILDW,ILDW,≤125,5128,0.46596293288716006,-0.00834200501993956,0.972013926526978
RAD_OPERA_HOURLY_RAINFALL_ACCUMULATION_202301192000_patch000,ILDW,ILDW,"(125,375]",21179,0.46816529369687354,0.0009077619379913157,0.9692642227184517
RAD_OPERA_HOURLY_RAINFALL_ACCUMULATION_202301192000_patch000,ILDW,ILDW,"(375,750]",35613,0.5331072758078904,0.03337578574683961,0.9554398685138824
RAD_OPERA_HOURLY_RAINFALL_ACCUMULATION_202301192000_patch000,ILDW,ILDW,"(750,1500]",73106,0.6675797530154151,0.050799690534882154,0.9284996951047844
RAD_OPERA_HOURLY_RAINFALL_ACCUMULATION_202301192000_patch000,ILDW,ILDW,"(1500,3125]",132462,0.786513841397766,0.15367907169425626,0.8928209101071818
RAD_OPERA_HOURLY_RAINFALL_ACCUMULATION_202301192000_patch000,ILDW,ILDW,"(3125,6000]",68585,0.8245459816982289,0.3413335832718726,0.8767167230584294
RAD_OPERA_HOURLY_RAINFALL_ACCUMULATION_202301192000_patch000,ILDW,ILDW,"(6000,9000]",11329,0.8330912512960331,0.4739937156074703,0.609979104142413
RAD_OPERA_HOURLY_RAINFALL_ACCUMULATION_202301192000_patch000,ILDW,ILDW,>9000,1782,1.3737359075081947,0.40600886462145624,-0.5025184996273269
RAD_OPERA_HOURLY_RAINFALL_ACCUMULATION_202301200400_patch000,ILDW,ILDW,≤125,4653,0.14061067695014048,0.006622737163673221,0.9827603518356578
RAD_OPERA_HOURLY_RAINFALL_ACCUMULATION_202301200400_patch000,ILDW,ILDW,"(125,375]",18817,0.14169128311583815,0.0004282992083427578,0.9823570169354398
RAD_OPERA_HOURLY_RAINFALL_ACCUMULATION_202301200400_patch000,ILDW,ILDW,"(375,750]",30187,0.16457181416611638,-0.004567926145842762,0.9777727988193757
RAD_OPERA_HOURLY_RAINFALL_ACCUMULATION_202301200400_patch000,ILDW,ILDW,"(750,1500]",57992,0.2320072646743341,-0.007815858067546868,0.958967289631138
RAD_OPERA_HOURLY_RAINFALL_ACCUMULATION_202301200400_patch000,ILDW,ILDW,"(1500,3125]",92124,0.3410419242928808,0.004881365154980616,0.9106469709949232
RAD_OPERA_HOURLY_RAINFALL_ACCUMULATION_202301200400_patch000,ILDW,ILDW,"(3125,6000]",45691,0.3541610053438329,0.06300378675465725,0.8696687240925943
RAD_OPERA_HOURLY_RAINFALL_ACCUMULATION_202301200400_patch000,ILDW,ILDW,"(6000,9000]",10365,0.3606718160123772,0.24477630818031465,0.9265982418575484
RAD_OPERA_HOURLY_RAINFALL_ACCUMULATION_202301200400_patch000,ILDW,ILDW,>9000,2059,0.37654968683942136,0.25590276306141024,0.8905306209767334
RAD_OPERA_HOURLY_RAINFALL_ACCUMULATION_202301200800_patch001,ILDW,ILDW,≤125,5792,0.2731486941024834,0.0032366999502187383,0.9627223593172481
RAD_OPERA_HOURLY_RAINFALL_ACCUMULATION_202301200800_patch001,ILDW,ILDW,"(125,375]",22486,0.2576630821096928,0.00026940292510120134,0.9693756600763118
RAD_OPERA_HOURLY_RAINFALL_ACCUMULATION_202301200800_patch001,ILDW,ILDW,"(375,750]",36877,0.2932682412123569,0.009149711539539659,0.9679918921112266
RAD_OPERA_HOURLY_RAINFALL_ACCUMULATION_202301200800_patch001,ILDW,ILDW,"(750,1500]",73632,0.36338701082384467,0.015091332524803212,0.9574318236480088
RAD_OPERA_HOURLY_RAINFALL_ACCUMULATION_202301200800_patch001,ILDW,ILDW,"(1500,3125]",126564,0.547370191408708,0.059251910744218886,0.9272110271751565
RAD_OPERA_HOURLY_RAINFALL_ACCUMULATION_202301200800_patch001,ILDW,ILDW,"(3125,6000]",63958,0.6644412906534364,0.04642250395392415,0.8591103579137767
RAD_OPERA_HOURLY_RAINFALL_ACCUMULATION_202301200800_patch001,ILDW,ILDW,"(6000,9000]",2211,0.9173115932075928,0.09329862909915237,0.2262524149230384
RAD_OPERA_HOURLY_RAINFALL_ACCUMULATION_202301201300_patch000,ILDW,ILDW,≤125,3390,0.5757229438906208,0.02225579631773989,0.9227092248741731
RAD_OPERA_HOURLY_RAINFALL_ACCUMULATION_202301201300_patch000,ILDW,ILDW,"(125,375]",13291,0.5533998796588281,-0.0282715268029498,0.9376171525708796
RAD_OPERA_HOURLY_RAINFALL_ACCUMULATION_202301201300_patch000,ILDW,ILDW,"(375,750]",19563,0.6138025033114233,-0.08994390728759906,0.9384748139481188
RAD_OPERA_HOURLY_RAINFALL_ACCUMULATION_202301201300_patch000,ILDW,ILDW,"(750,1500]",36286,0.8522726955960304,-0.17995366552575842,0.9123528456708646
RAD_OPERA_HOURLY_RAINFALL_ACCUMULATION_202301201300_patch000,ILDW,ILDW,"(1500,3125]",59850,1.197963000123026,-0.25348881754729924,0.8594136220564718
RAD_OPERA_HOURLY_RAINFALL_ACCUMULATION_202301201300_patch000,ILDW,ILDW,"(3125,6000]",31192,1.1621672815701038,-0.046452570914964,0.8589589455628592
RAD_OPERA_HOURLY_RAINFALL_ACCUMULATION_202301201300_patch000,ILDW,ILDW,"(6000,9000]",2828,0.9645596504590064,0.8007062678435534,0.6829918493079178
RAD_OPERA_HOURLY_RAINFALL_ACCUMULATION_202301201600_patch002,ILDW,ILDW,≤125,3270,0.256625808346762,0.009771242978473801,0.9631653671566057
RAD_OPERA_HOURLY_RAINFALL_ACCUMULATION_202301201600_patch002,ILDW,ILDW,"(125,375]",12789,0.2405148112195845,-0.008548389913584661,0.9686977402607253
RAD_OPERA_HOURLY_RAINFALL_ACCUMULATION_202301201600_patch002,ILDW,ILDW,"(375,750]",19079,0.2974758122275487,-0.010376359302112798,0.9598078335088294
RAD_OPERA_HOURLY_RAINFALL_ACCUMULATION_202301201600_patch002,ILDW,ILDW,"(750,1500]",35634,0.4083745284134213,-0.0344750613023849,0.9351427538268404
RAD_OPERA_HOURLY_RAINFALL_ACCUMULATION_202301201600_patch002,ILDW,ILDW,"(1500,3125]",58364,0.5529993913136925,-0.03073711503916783,0.8848404675159127
RAD_OPERA_HOURLY_RAINFALL_ACCUMULATION_202301201600_patch002,ILDW,ILDW,"(3125,6000]",29778,0.5115006249453887,0.15222678359816,0.8691918292809748
RAD_OPERA_HOURLY_RAINFALL_ACCUMULATION_202301201600_patch002,ILDW,ILDW,"(6000,9000]",1086,0.6324594541214461,0.04704800745077082,0.6718980639259705
RAD_OPERA_HOURLY_RAINFALL_ACCUMULATION_202301210300_patch000,ILDW,ILDW,≤125,4759,1.961595934281999,-0.009518601116078143,0.8614223325364745
RAD_OPERA_HOURLY_RAINFALL_ACCUMULATION_202301210300_patch000,ILDW,ILDW,"(125,375]",19284,1.6565858498887605,-0.025482262744009478,0.9028285140884649
RAD_OPERA_HOURLY_RAINFALL_ACCUMULATION_202301210300_patch000,ILDW,ILDW,"(375,750]",31010,1.5466516284583847,-0.015724431886025476,0.9166722277381286
RAD_OPERA_HOURLY_RAINFALL_ACCUMULATION_202301210300_patch000,ILDW,ILDW,"(750,1500]",60712,2.1668700734017365,-0.08204880943678668,0.8692003682750591
RAD_OPERA_HOURLY_RAINFALL_ACCUMULATION_202301210300_patch000,ILDW,ILDW,"(1500,3125]",96412,4.10965832791783,-0.29814485219619735,0.7493361202214999
RAD_OPERA_HOURLY_RAINFALL_ACCUMULATION_202301210300_patch000,ILDW,ILDW,"(3125,6000]",45122,4.758345122870733,-0.5658671869010161,0.6946614446006716
RAD_OPERA_HOURLY_RAINFALL_ACCUMULATION_202301210300_patch000,ILDW,ILDW,"(6000,9000]",9644,2.396546647930139,1.0716309292834678,0.554241491067217
RAD_OPERA_HOURLY_RAINFALL_ACCUMULATION_202301210300_patch000,ILDW,ILDW,>9000,2881,2.841722620413247,2.0496977542297805,0.03431143434821855
RAD_OPERA_HOURLY_RAINFALL_ACCUMULATION_202301210800_patch002,ILDW,ILDW,≤125,5965,1.3876925488295464,0.06264254694080432,0.9459057551485631
RAD_OPERA_HOURLY_RAINFALL_ACCUMULATION_202301210800_patch002,ILDW,ILDW,"(125,375]",23267,1.3817628844130085,0.013102886241125024,0.9497845605327322
RAD_OPERA_HOURLY_RAINFALL_ACCUMULATION_202301210800_patch002,ILDW,ILDW,"(375,750]",38413,1.7493672885056506,-0.08300721923697656,0.9410226754248394
RAD_OPERA_HOURLY_RAINFALL_ACCUMULATION_202301210800_patch002,ILDW,ILDW,"(750,1500]",76851,2.430512014589179,-0.28284279816953795,0.9221077651793123
RAD_OPERA_HOURLY_RAINFALL_ACCUMULATION_202301210800_patch002,ILDW,ILDW,"(1500,3125]",134773,3.207093277041881,-0.34449954367219054,0.8730700212164223
RAD_OPERA_HOURLY_RAINFALL_ACCUMULATION_202301210800_patch002,ILDW,ILDW,"(3125,6000]",67483,2.378901311188907,0.14930010612431519,0.8247679412375092
RAD_OPERA_HOURLY_RAINFALL_ACCUMULATION_202301210800_patch002,ILDW,ILDW,"(6000,9000]",3454,1.102429575236355,-0.10690615087981774,0.9708132784553034
RAD_OPERA_HOURLY_RAINFALL_ACCUMULATION_202301210800_patch002,ILDW,ILDW,>9000,2,0.0,0.0,
RAD_OPERA_HOURLY_RAINFALL_ACCUMULATION_202301210900_patch000,ILDW,ILDW,≤125,6233,1.777060403992072,0.05439636687109708,0.9671290662535481
RAD_OPERA_HOURLY_RAINFALL_ACCUMULATION_202301210900_patch000,ILDW,ILDW,"(125,375]",24491,1.8663907702374514,-0.038216442062038926,0.9660767902667902
RAD_OPERA_HOURLY_RAINFALL_ACCUMULATION_202301210900_patch000,ILDW,ILDW,"(375,750]",41092,2.0866265284906724,-0.04253822011222585,0.9545914455515128
RAD_OPERA_HOURLY_RAINFALL_ACCUMULATION_202301210900_patch000,ILDW,ILDW,"(750,1500]",84004,2.434275203239502,-0.047248045307380776,0.9368680245255832
RAD_OPERA_HOURLY_RAINFALL_ACCUMULATION_202301210900_patch000,ILDW,ILDW,"(1500,3125]",151272,3.3873234133773877,-0.09054798990718979,0.8776081642101448
RAD_OPERA_HOURLY_RAINFALL_ACCUMULATION_202301210900_patch000,ILDW,ILDW,"(3125,6000]",82886,3.785286855121343,-0.2099389190923879,0.8663327286197527
RAD_OPERA_HOURLY_RAINFALL_ACCUMULATION_202301210900_patch000,ILDW,ILDW,"(6000,9000]",7812,3.1642409139323235,-0.0014692491135516583,0.9510116639852639
RAD_OPERA_HOURLY_RAINFALL_ACCUMULATION_202301210900_patch000,ILDW,ILDW,>9000,34,0.18355371778897372,0.15414443367841563,0.03874630956418286
RAD_OPERA_HOURLY_RAINFALL_ACCUMULATION_202301211500_patch000,ILDW,ILDW,≤125,4173,0.7259832050130625,0.03147788005303109,0.8752943733301312
RAD_OPERA_HOURLY_RAINFALL_ACCUMULATION_202301211500_patch000,ILDW,ILDW,"(125,375]",16207,0.6450437713403065,0.019093856640979654,0.9074139632779561
RAD_OPERA_HOURLY_RAINFALL_ACCUMULATION_202301211500_patch000,ILDW,ILDW,"(375,750]",23822,0.6667250242383902,0.002887573102686734,0.9171077057474426
RAD_OPERA_HOURLY_RAINFALL_ACCUMULATION_202301211500_patch000,ILDW,ILDW,"(750,1500]",43474,0.8261243389631764,-0.05328448814526934,0.8862550698122178
RAD_OPERA_HOURLY_RAINFALL_ACCUMULATION_202301211500_patch000,ILDW,ILDW,"(1500,3125]",72595,1.1603272464756944,-0.1008256715735999,0.7835246733034833
RAD_OPERA_HOURLY_RAINFALL_ACCUMULATION_202301211500_patch000,ILDW,ILDW,"(3125,6000]",37593,1.1569277064360766,0.08135488348331753,0.7970497692863908
RAD_OPERA_HOURLY_RAINFALL_ACCUMULATION_202301211500_patch000,ILDW,ILDW,"(6000,9000]",6818,0.982669290299108,0.7889636545450563,0.8229200868504472
RAD_OPERA_HOURLY_RAINFALL_ACCUMULATION_202301211500_patch000,ILDW,ILDW,>9000,1654,0.9737044324312508,0.9424320469865504,0.9326484037406695
RAD_OPERA_HOURLY_RAINFALL_ACCUMULATION_202301211800_patch000,ILDW,ILDW,≤125,3690,0.43781105121848674,0.016819065460807813,0.9240300327123786
RAD_OPERA_HOURLY_RAINFALL_ACCUMULATION_202301211800_patch000,ILDW,ILDW,"(125,375]",14314,0.4361973591493073,-0.024148260955164126,0.9394931128643911
RAD_OPERA_HOURLY_RAINFALL_ACCUMULATION_202301211800_patch000,ILDW,ILDW,"(375,750]",21246,0.5264158223549229,-0.08533474612747168,0.9350168897765949
RAD_OPERA_HOURLY_RAINFALL_ACCUMULATION_202301211800_patch000,ILDW,ILDW,"(750,1500]",39504,0.6982117605863627,-0.15502852389403213,0.891768309150461
RAD_OPERA_HOURLY_RAINFALL_ACCUMULATION_202301211800_patch000,ILDW,ILDW,"(1500,3125]",66874,0.9773238828481678,-0.21242296850237494,0.7826613187208343
RAD_OPERA_HOURLY_RAINFALL_ACCUMULATION_202301211800_patch000,ILDW,ILDW,"(3125,6000]",32140,1.1187250015422703,-0.08058954943659281,0.6423979989811955
RAD_OPERA_HOURLY_RAINFALL_ACCUMULATION_202301211800_patch000,ILDW,ILDW,"(6000,9000]",1432,1.2977135656400471,-0.18127878284456322,0.19383380956481916
RAD_OPERA_HOURLY_RAINFALL_ACCUMULATION_202301211900_patch000,ILDW,ILDW,≤125,5624,0.43810861162286047,0.026648985720990722,0.9455396275380555
RAD_OPERA_HOURLY_RAINFALL_ACCUMULATION_202301211900_patch000,ILDW,ILDW,"(125,375]",21915,0.43766070055543116,-0.015206623709516802,0.9543118350415862
RAD_OPERA_HOURLY_RAINFALL_ACCUMULATION_202301211900_patch000,ILDW,ILDW,"(375,750]",34783,0.5322075853636965,-0.04707943571136943,0.9422734694027026
RAD_OPERA_HOURLY_RAINFALL_ACCUMULATION_202301211900_patch000,ILDW,ILDW,"(750,1500]",66652,0.6941869550854872,-0.07835262964213746,0.912824286648547
RAD_OPERA_HOURLY_RAINFALL_ACCUMULATION_202301211900_patch000,ILDW,ILDW,"(1500,3125]",114198,1.0807345090812568,-0.22741547931281467,0.81743155448134
RAD_OPERA_HOURLY_RAINFALL_ACCUMULATION_202301211900_patch000,ILDW,ILDW,"(3125,6000]",59909,1.3665305694923842,-0.2971247760605234,0.7648688294369488
RAD_OPERA_HOURLY_RAINFALL_ACCUMULATION_202301211900_patch000,ILDW,ILDW,"(6000,9000]",1303,1.0288268605016928,-0.2780692163053948,0.9258292164361641
RAD_OPERA_HOURLY_RAINFALL_ACCUMULATION_202301211900_patch001,ILDW,ILDW,≤125,4911,0.5487948015872691,0.031026368143206733,0.9206003415596828
RAD_OPERA_HOURLY_RAINFALL_ACCUMULATION_202301211900_patch001,ILDW,ILDW,"(125,375]",18873,0.5408493416830678,0.0017443762151211951,0.9316996782824999
RAD_OPERA_HOURLY_RAINFALL_ACCUMULATION_202301211900_patch001,ILDW,ILDW,"(375,750]",29125,0.6325257606829877,-0.032166382799625984,0.9266389232438587
RAD_OPERA_HOURLY_RAINFALL_ACCUMULATION_202301211900_patch001,ILDW,ILDW,"(750,1500]",55476,0.8353449592773363,-0.10917627136377446,0.8945833412704906
RAD_OPERA_HOURLY_RAINFALL_ACCUMULATION_202301211900_patch001,ILDW,ILDW,"(1500,3125]",96752,1.1200094784327226,-0.2470638927613236,0.8417980436694608
RAD_OPERA_HOURLY_RAINFALL_ACCUMULATION_202301211900_patch001,ILDW,ILDW,"(3125,6000]",57530,1.3676614594300605,-0.39394328476291285,0.7140326799997649
RAD_OPERA_HOURLY_RAINFALL_ACCUMULATION_202301211900_patch001,ILDW,ILDW,"(6000,9000]",5827,1.985805562511422,-0.9921366468987759,0.048315893120998814
RAD_OPERA_HOURLY_RAINFALL_ACCUMULATION_202301211900_patch001,ILDW,ILDW,>9000,306,2.1961580305079362,-1.596498369180537,-0.9528642132255116
RAD_OPERA_HOURLY_RAINFALL_ACCUMULATION_202301212300_patch000,ILDW,ILDW,≤125,4692,0.539926893578779,-0.03419187329589463,0.9618938420126316
RAD_OPERA_HOURLY_RAINFALL_ACCUMULATION_202301212300_patch000,ILDW,ILDW,"(125,375]",17503,0.5126931104542813,0.0023987208312089875,0.9618115249527887
RAD_OPERA_HOURLY_RAINFALL_ACCUMULATION_202301212300_patch000,ILDW,ILDW,"(375,750]",25922,0.5836006446528826,0.04333785858484594,0.942586033462317
RAD_OPERA_HOURLY_RAINFALL_ACCUMULATION_202301212300_patch000,ILDW,ILDW,"(750,1500]",47008,0.7330855290553675,0.1048347985753434,0.8850408333444338
RAD_OPERA_HOURLY_RAINFALL_ACCUMULATION_202301212300_patch000,ILDW,ILDW,"(1500,3125]",81012,0.9935909760351941,0.12563363070659292,0.7449432887673731
RAD_OPERA_HOURLY_RAINFALL_ACCUMULATION_202301212300_patch000,ILDW,ILDW,"(3125,6000]",43894,1.1323431028908313,0.08120676486828005,0.6339586248335777
RAD_OPERA_HOURLY_RAINFALL_ACCUMULATION_202301212300_patch000,ILDW,ILDW,"(6000,9000]",1153,0.7775841096116825,-0.09520240938377413,0.9038657102278735
RAD_OPERA_HOURLY_RAINFALL_ACCUMULATION_202301220000_patch001,ILDW,ILDW,≤125,5230,0.6539212718341546,-0.02312707267390994,0.9650424096447712
RAD_OPERA_HOURLY_RAINFALL_ACCUMULATION_202301220000_patch001,ILDW,ILDW,"(125,375]",20323,0.6347917773265268,0.002884078342480182,0.9627277221158871
RAD_OPERA_HOURLY_RAINFALL_ACCUMULATION_202301220000_patch001,ILDW,ILDW,"(375,750]",32666,0.6921305796196248,0.02558566841554226,0.9487501146569137
RAD_OPERA_HOURLY_RAINFALL_ACCUMULATION_202301220000_patch001,ILDW,ILDW,"(750,1500]",63206,0.8139192454368588,0.06572981734702597,0.9215933659966065
RAD_OPERA_HOURLY_RAINFALL_ACCUMULATION_202301220000_patch001,ILDW,ILDW,"(1500,3125]",104459,1.1069267976316048,0.11532634262450382,0.8485887825670466
RAD_OPERA_HOURLY_RAINFALL_ACCUMULATION_202301220000_patch001,ILDW,ILDW,"(3125,6000]",53531,1.3710779682719503,-0.056005191618144046,0.7853160061697538
RAD_OPERA_HOURLY_RAINFALL_ACCUMULATION_202301220000_patch001,ILDW,ILDW,"(6000,9000]",5048,1.4421735927386516,1.0512739346965774,0.6830031128793088
RAD_OPERA_HOURLY_RAINFALL_ACCUMULATION_202301220000_patch001,ILDW,ILDW,>9000,2257,0.6316032996377338,0.3915179685028082,-0.06293923949700019
RAD_OPERA_HOURLY_RAINFALL_ACCUMULATION_202301220100_patch001,ILDW,ILDW,≤125,4018,0.5079764204817095,0.027496745811671306,0.9697397851181754
RAD_OPERA_HOURLY_RAINFALL_ACCUMULATION_202301220100_patch001,ILDW,ILDW,"(125,375]",15534,0.5447675102554018,0.007977527640244373,0.9716350950249802
RAD_OPERA_HOURLY_RAINFALL_ACCUMULATION_202301220100_patch001,ILDW,ILDW,"(375,750]",22904,0.6579801671034606,-0.0374653165473496,0.9663509040338378
RAD_OPERA_HOURLY_RAINFALL_ACCUMULATION_202301220100_patch001,ILDW,ILDW,"(750,1500]",41857,0.8741089148498402,-0.08731915080272837,0.9481647424059227
RAD_OPERA_HOURLY_RAINFALL_ACCUMULATION_202301220100_patch001,ILDW,ILDW,"(1500,3125]",71355,1.2169615621001901,-0.09355684156976726,0.9111971182909698
RAD_OPERA_HOURLY_RAINFALL_ACCUMULATION_202301220100_patch001,ILDW,ILDW,"(3125,6000]",34056,1.328451136496377,0.3986061003097394,0.8768318222233201
RAD_OPERA_HOURLY_RAINFALL_ACCUMULATION_202301220100_patch001,ILDW,ILDW,"(6000,9000]",3300,1.0008012703852522,0.6955511332630523,0.9379881742356299
RAD_OPERA_HOURLY_RAINFALL_ACCUMULATION_202301221200_patch000,ILDW,ILDW,≤125,5692,0.5463033704265737,-0.014752741320319198,0.9748834697413695
RAD_OPERA_HOURLY_RAINFALL_ACCUMULATION_202301221200_patch000,ILDW,ILDW,"(125,375]",22509,0.5236164881328464,-0.0016216066335446775,0.980749714283461
RAD_OPERA_HOURLY_RAINFALL_ACCUMULATION_202301221200_patch000,ILDW,ILDW,"(375,750]",37533,0.5853000290717174,-0.0068023745943520154,0.9811178182175117
RAD_OPERA_HOURLY_RAINFALL_ACCUMULATION_202301221200_patch000,ILDW,ILDW,"(750,1500]",75522,0.7562362795222226,0.05988785063968328,0.9644813507845319
RAD_OPERA_HOURLY_RAINFALL_ACCUMULATION_202301221200_patch000,ILDW,ILDW,"(1500,3125]",133266,1.033308449789579,0.137396205771662,0.895514110209557
RAD_OPERA_HOURLY_RAINFALL_ACCUMULATION_202301221200_patch000,ILDW,ILDW,"(3125,6000]",68969,1.4703255539141307,0.2735094708713164,0.716781952089724
RAD_OPERA_HOURLY_RAINFALL_ACCUMULATION_202301221200_patch000,ILDW,ILDW,"(6000,9000]",8879,1.648446302676803,1.1006010278540346,0.6178992537402863
RAD_OPERA_HOURLY_RAINFALL_ACCUMULATION_202301221200_patch000,ILDW,ILDW,>9000,2446,0.8374707285803461,0.6323299945161198,0.7183720659018447
RAD_OPERA_HOURLY_RAINFALL_ACCUMULATION_202301222100_patch000,ILDW,ILDW,≤125,3783,0.5503108774009793,0.013794249284875828,0.9711118890737572
RAD_OPERA_HOURLY_RAINFALL_ACCUMULATION_202301222100_patch000,ILDW,ILDW,"(125,375]",14906,0.5229145254846977,-0.005072049579864092,0.9744729164773627
RAD_OPERA_HOURLY_RAINFALL_ACCUMULATION_202301222100_patch000,ILDW,ILDW,"(375,750]",22509,0.6328305576562181,-0.0675013117978079,0.9679828075603905
RAD_OPERA_HOURLY_RAINFALL_ACCUMULATION_202301222100_patch000,ILDW,ILDW,"(750,1500]",41257,0.9338796453421704,-0.227890477609355,0.9525735244670394
RAD_OPERA_HOURLY_RAINFALL_ACCUMULATION_202301222100_patch000,ILDW,ILDW,"(1500,3125]",66625,1.3761449374564276,-0.38997260355169167,0.9175853692042479
RAD_OPERA_HOURLY_RAINFALL_ACCUMULATION_202301222100_patch000,ILDW,ILDW,"(3125,6000]",34002,1.4729709093771284,-0.1848484013629756,0.8985078283757674
RAD_OPERA_HOURLY_RAINFALL_ACCUMULATION_202301222100_patch000,ILDW,ILDW,"(6000,9000]",3286,1.1783702142491725,0.5531171814888876,0.9092470554750333
RAD_OPERA_HOURLY_RAINFALL_ACCUMULATION_202301230100_patch000,ILDW,ILDW,≤125,4445,0.4583100400925731,-0.021832349819739395,0.9790518079662457
RAD_OPERA_HOURLY_RAINFALL_ACCUMULATION_202301230100_patch000,ILDW,ILDW,"(125,375]",17833,0.47801386422869874,0.025423987990984918,0.9736900223349233
RAD_OPERA_HOURLY_RAINFALL_ACCUMULATION_202301230100_patch000,ILDW,ILDW,"(375,750]",28225,0.5661421894602845,0.0295384451792905,0.9591164112005772
RAD_OPERA_HOURLY_RAINFALL_ACCUMULATION_202301230100_patch000,ILDW,ILDW,"(750,1500]",52717,0.7271157402799984,0.0389675200569777,0.9327586709517856
RAD_OPERA_HOURLY_RAINFALL_ACCUMULATION_202301230100_patch000,ILDW,ILDW,"(1500,3125]",84234,0.982807728114479,0.04093253695410145,0.8826438131073004
RAD_OPERA_HOURLY_RAINFALL_ACCUMULATION_202301230100_patch000,ILDW,ILDW,"(3125,6000]",43953,1.1596218881744544,0.2289273961009134,0.8189832733018956
RAD_OPERA_HOURLY_RAINFALL_ACCUMULATION_202301230100_patch000,ILDW,ILDW,"(6000,9000]",5580,1.5426294701144772,1.219778605635442,0.7145107539752437
RAD_OPERA_HOURLY_RAINFALL_ACCUMULATION_202301230100_patch000,ILDW,ILDW,>9000,1093,1.9607820494799426,1.8024328526732993,0.8395548444762588
RAD_OPERA_HOURLY_RAINFALL_ACCUMULATION_202301230600_patch003,ILDW,ILDW,≤125,5253,0.32535538477039105,0.003869504006165444,0.9584768381584379
RAD_OPERA_HOURLY_RAINFALL_ACCUMULATION_202301230600_patch003,ILDW,ILDW,"(125,375]",20266,0.3041550546397974,0.0002534045197937496,0.963685785665225
RAD_OPERA_HOURLY_RAINFALL_ACCUMULATION_202301230600_patch003,ILDW,ILDW,"(375,750]",31845,0.36055955536011014,0.0012462744341345726,0.9567287365714332
RAD_OPERA_HOURLY_RAINFALL_ACCUMULATION_202301230600_patch003,ILDW,ILDW,"(750,1500]",60657,0.4951034304129917,-0.04142863669348881,0.9407675347855993
RAD_OPERA_HOURLY_RAINFALL_ACCUMULATION_202301230600_patch003,ILDW,ILDW,"(1500,3125]",99992,0.6528097654019988,-0.11382370702253732,0.930282517908224
RAD_OPERA_HOURLY_RAINFALL_ACCUMULATION_202301230600_patch003,ILDW,ILDW,"(3125,6000]",48778,0.8332666149664961,-0.11496062949554063,0.9140368928321292
RAD_OPERA_HOURLY_RAINFALL_ACCUMULATION_202301230600_patch003,ILDW,ILDW,"(6000,9000]",2009,0.974961241891708,0.5737920314389345,0.8975919305648984
RAD_OPERA_HOURLY_RAINFALL_ACCUMULATION_202301231200_patch001,ILDW,ILDW,≤125,5395,0.2648123567798688,-0.002657315417816409,0.9573573819192889
RAD_OPERA_HOURLY_RAINFALL_ACCUMULATION_202301231200_patch001,ILDW,ILDW,"(125,375]",21090,0.2613897039289043,-0.004013598537274579,0.9622609877908856
RAD_OPERA_HOURLY_RAINFALL_ACCUMULATION_202301231200_patch001,ILDW,ILDW,"(375,750]",34488,0.28715302564326106,0.01607243764277343,0.9534316882619991
RAD_OPERA_HOURLY_RAINFALL_ACCUMULATION_202301231200_patch001,ILDW,ILDW,"(750,1500]",67771,0.37435747177130424,0.04822247119606875,0.9251616187970634
RAD_OPERA_HOURLY_RAINFALL_ACCUMULATION_202301231200_patch001,ILDW,ILDW,"(1500,3125]",115766,0.5486619799756551,0.04956360658589819,0.8651771623314668
RAD_OPERA_HOURLY_RAINFALL_ACCUMULATION_202301231200_patch001,ILDW,ILDW,"(3125,6000]",63094,0.6293763296915325,0.11143826400896129,0.8999531994983455
RAD_OPERA_HOURLY_RAINFALL_ACCUMULATION_202301231200_patch001,ILDW,ILDW,"(6000,9000]",4971,0.7596415886416331,0.5127373533978241,0.89313995122194
RAD_OPERA_HOURLY_RAINFALL_ACCUMULATION_202301231200_patch001,ILDW,ILDW,>9000,1,0.7665252985726183,0.7665252985726183,
RAD_OPERA_HOURLY_RAINFALL_ACCUMULATION_202301231200_patch002,ILDW,ILDW,≤125,4808,0.5335847812800903,-0.02527992332839367,0.979911118327552
RAD_OPERA_HOURLY_RAINFALL_ACCUMULATION_202301231200_patch002,ILDW,ILDW,"(125,375]",19791,0.5006856719132712,-0.0009045948461697919,0.9794273640366868
RAD_OPERA_HOURLY_RAINFALL_ACCUMULATION_202301231200_patch002,ILDW,ILDW,"(375,750]",33541,0.5251865045603359,0.03324326953287827,0.9729011055587832
RAD_OPERA_HOURLY_RAINFALL_ACCUMULATION_202301231200_patch002,ILDW,ILDW,"(750,1500]",70004,0.635776012413077,0.052520887294418284,0.9546626364303074
RAD_OPERA_HOURLY_RAINFALL_ACCUMULATION_202301231200_patch002,ILDW,ILDW,"(1500,3125]",130131,0.754041938506463,0.16605042930866992,0.9156300739516561
RAD_OPERA_HOURLY_RAINFALL_ACCUMULATION_202301231200_patch002,ILDW,ILDW,"(3125,6000]",65641,0.9069001925184798,0.33502991338565097,0.8425177498652279
RAD_OPERA_HOURLY_RAINFALL_ACCUMULATION_202301231200_patch002,ILDW,ILDW,"(6000,9000]",5637,0.5071587827593688,0.2712052692322352,0.7895555523298251
RAD_OPERA_HOURLY_RAINFALL_ACCUMULATION_202301231200_patch002,ILDW,ILDW,>9000,175,0.46553437229702777,0.4162236569662343,0.20207011432564148
RAD_OPERA_HOURLY_RAINFALL_ACCUMULATION_202301231200_patch003,ILDW,ILDW,≤125,5159,1.6382875637835408,-0.027643550604136567,0.9638426799593124
RAD_OPERA_HOURLY_RAINFALL_ACCUMULATION_202301231200_patch003,ILDW,ILDW,"(125,375]",19586,1.5078027125973856,-0.02581911756610729,0.9677037257578208
RAD_OPERA_HOURLY_RAINFALL_ACCUMULATION_202301231200_patch003,ILDW,ILDW,"(375,750]",29988,1.7918826824001899,0.017608179039032758,0.9542561772959132
RAD_OPERA_HOURLY_RAINFALL_ACCUMULATION_202301231200_patch003,ILDW,ILDW,"(750,1500]",56176,2.4982672372784926,0.21219314152906987,0.8788446039964085
RAD_OPERA_HOURLY_RAINFALL_ACCUMULATION_202301231200_patch003,ILDW,ILDW,"(1500,3125]",95580,3.384836888681266,0.9046262910732769,0.6952228488690666
RAD_OPERA_HOURLY_RAINFALL_ACCUMULATION_202301231200_patch003,ILDW,ILDW,"(3125,6000]",56911,3.8610764339347163,1.3677639933747183,0.5134506394119182
RAD_OPERA_HOURLY_RAINFALL_ACCUMULATION_202301231200_patch003,ILDW,ILDW,"(6000,9000]",8318,1.917882127250196,-0.08275289964930227,0.34518785297170945
RAD_OPERA_HOURLY_RAINFALL_ACCUMULATION_202301231200_patch003,ILDW,ILDW,>9000,666,0.8198921643561982,0.4546545510426644,0.5241895764583914
RAD_OPERA_HOURLY_RAINFALL_ACCUMULATION_202301231300_patch001,ILDW,ILDW,≤125,5511,2.2125960103623292,0.037514614126453356,0.9152918758273068
RAD_OPERA_HOURLY_RAINFALL_ACCUMULATION_202301231300_patch001,ILDW,ILDW,"(125,375]",21364,2.3891684399474986,0.050196796617592764,0.9120165802004706
RAD_OPERA_HOURLY_RAINFALL_ACCUMULATION_202301231300_patch001,ILDW,ILDW,"(375,750]",33423,2.862426337882226,-0.014130337433504142,0.9077569397764483
RAD_OPERA_HOURLY_RAINFALL_ACCUMULATION_202301231300_patch001,ILDW,ILDW,"(750,1500]",63975,4.197057367665849,-0.17492797948056563,0.8520942267927689
RAD_OPERA_HOURLY_RAINFALL_ACCUMULATION_202301231300_patch001,ILDW,ILDW,"(1500,3125]",114461,5.516656241343008,-0.4196613716342338,0.8161473380625067
RAD_OPERA_HOURLY_RAINFALL_ACCUMULATION_202301231300_patch001,ILDW,ILDW,"(3125,6000]",64360,3.943060291277102,-0.012223959669634014,0.8283023927117908
RAD_OPERA_HOURLY_RAINFALL_ACCUMULATION_202301231300_patch001,ILDW,ILDW,"(6000,9000]",3082,1.3458477398773132,0.5568166930449852,0.6794145139856644
RAD_OPERA_HOURLY_RAINFALL_ACCUMULATION_202301231400_patch002,ILDW,ILDW,≤125,5874,0.1937994702064846,-0.0032708540517789515,0.9739732657498373
RAD_OPERA_HOURLY_RAINFALL_ACCUMULATION_202301231400_patch002,ILDW,ILDW,"(125,375]",23308,0.1954574336052942,-0.0015148477351182824,0.973936269795179
RAD_OPERA_HOURLY_RAINFALL_ACCUMULATION_202301231400_patch002,ILDW,ILDW,"(375,750]",37553,0.23307420070335716,-0.002841379699950022,0.9665262853877559
RAD_OPERA_HOURLY_RAINFALL_ACCUMULATION_202301231400_patch002,ILDW,ILDW,"(750,1500]",71261,0.3142244336461203,-0.010474518028991282,0.9469019813990107
RAD_OPERA_HOURLY_RAINFALL_ACCUMULATION_202301231400_patch002,ILDW,ILDW,"(1500,3125]",123639,0.44745706953709447,-0.0440103254735074,0.8945313251364833
RAD_OPERA_HOURLY_RAINFALL_ACCUMULATION_202301231400_patch002,ILDW,ILDW,"(3125,6000]",70303,0.5835292674840223,-0.15068466122005916,0.8450839458225821
RAD_OPERA_HOURLY_RAINFALL_ACCUMULATION_202301231400_patch002,ILDW,ILDW,"(6000,9000]",3934,0.4158222926479995,0.07522247248462689,0.7499637661977399
RAD_OPERA_HOURLY_RAINFALL_ACCUMULATION_202301231400_patch003,ILDW,ILDW,≤125,4953,0.20727346025763452,0.005642928230558108,0.9732549035125344
RAD_OPERA_HOURLY_RAINFALL_ACCUMULATION_202301231400_patch003,ILDW,ILDW,"(125,375]",20410,0.22671826808900303,0.010721845659219433,0.9688559523562396
RAD_OPERA_HOURLY_RAINFALL_ACCUMULATION_202301231400_patch003,ILDW,ILDW,"(375,750]",34665,0.263864574776215,0.011364954724494431,0.9646318325195662
RAD_OPERA_HOURLY_RAINFALL_ACCUMULATION_202301231400_patch003,ILDW,ILDW,"(750,1500]",72194,0.33479115187716385,0.006851653180950089,0.944944940671067
RAD_OPERA_HOURLY_RAINFALL_ACCUMULATION_202301231400_patch003,ILDW,ILDW,"(1500,3125]",134690,0.41304199824640847,0.012230639879934788,0.9133605131120472
RAD_OPERA_HOURLY_RAINFALL_ACCUMULATION_202301231400_patch003,ILDW,ILDW,"(3125,6000]",66872,0.5764959949183641,0.06992234554558255,0.827135654224294
RAD_OPERA_HOURLY_RAINFALL_ACCUMULATION_202301231400_patch003,ILDW,ILDW,"(6000,9000]",7545,0.6317964067966085,0.24469228474933832,0.382548399783194
RAD_OPERA_HOURLY_RAINFALL_ACCUMULATION_202301231400_patch003,ILDW,ILDW,>9000,175,0.38527651180714084,0.37983144020146603,0.30901777121144036
RAD_OPERA_HOURLY_RAINFALL_ACCUMULATION_202301231600_patch001,ILDW,ILDW,≤125,4914,0.46950816132062234,0.04183010959042967,0.9591809680290708
RAD_OPERA_HOURLY_RAINFALL_ACCUMULATION_202301231600_patch001,ILDW,ILDW,"(125,375]",20085,0.4006446790436457,-0.005368642430483029,0.9710536315935839
RAD_OPERA_HOURLY_RAINFALL_ACCUMULATION_202301231600_patch001,ILDW,ILDW,"(375,750]",33153,0.41224336262855577,-0.01772940486868576,0.9740678357901148
RAD_OPERA_HOURLY_RAINFALL_ACCUMULATION_202301231600_patch001,ILDW,ILDW,"(750,1500]",65856,0.584408496507192,-0.06427659177520642,0.9615002491288401
RAD_OPERA_HOURLY_RAINFALL_ACCUMULATION_202301231600_patch001,ILDW,ILDW,"(1500,3125]",111781,0.8320925149554113,-0.11326788585944578,0.9391933666933165
RAD_OPERA_HOURLY_RAINFALL_ACCUMULATION_202301231600_patch001,ILDW,ILDW,"(3125,6000]",56017,1.154001732141969,0.1236957153107001,0.9019201601602139
RAD_OPERA_HOURLY_RAINFALL_ACCUMULATION_202301231600_patch001,ILDW,ILDW,"(6000,9000]",8106,1.5073649382311294,1.078584863185562,0.699386993297292
RAD_OPERA_HOURLY_RAINFALL_ACCUMULATION_202301231600_patch001,ILDW,ILDW,>9000,1656,1.6667454729099762,1.2996544999776931,-0.7909713694032763
RAD_OPERA_HOURLY_RAINFALL_ACCUMULATION_202301231700_patch000,ILDW,ILDW,≤125,5269,0.5601348081810092,0.003921320606515998,0.9479018603482123
RAD_OPERA_HOURLY_RAINFALL_ACCUMULATION_202301231700_patch000,ILDW,ILDW,"(125,375]",20368,0.44497788849642256,0.0017256164647253258,0.9657394104741082
RAD_OPERA_HOURLY_RAINFALL_ACCUMULATION_202301231700_patch000,ILDW,ILDW,"(375,750]",32124,0.47267647456707673,0.018487413635502593,0.966038892786562
RAD_OPERA_HOURLY_RAINFALL_ACCUMULATION_202301231700_patch000,ILDW,ILDW,"(750,1500]",61468,0.5976896338399571,0.05869997582466387,0.9504300544353272
RAD_OPERA_HOURLY_RAINFALL_ACCUMULATION_202301231700_patch000,ILDW,ILDW,"(1500,3125]",104182,0.8504633501357894,0.04151749583916683,0.9222475849573963
RAD_OPERA_HOURLY_RAINFALL_ACCUMULATION_202301231700_patch000,ILDW,ILDW,"(3125,6000]",59655,1.1415484063784762,0.12070620816864595,0.8889395110221918
RAD_OPERA_HOURLY_RAINFALL_ACCUMULATION_202301231700_patch000,ILDW,ILDW,"(6000,9000]",8108,1.3020189536985074,0.8407583631257323,0.8359471428101755
RAD_OPERA_HOURLY_RAINFALL_ACCUMULATION_202301231700_patch000,ILDW,ILDW,>9000,666,1.028997448357136,0.8640060026905779,0.9628847482104211
RAD_OPERA_HOURLY_RAINFALL_ACCUMULATION_202301231900_patch000,ILDW,ILDW,≤125,5065,0.500946923821622,0.014258539999583033,0.9687587853639908
RAD_OPERA_HOURLY_RAINFALL_ACCUMULATION_202301231900_patch000,ILDW,ILDW,"(125,375]",20812,0.4899096558838132,-0.013621302032721853,0.9727674187491154
RAD_OPERA_HOURLY_RAINFALL_ACCUMULATION_202301231900_patch000,ILDW,ILDW,"(375,750]",35015,0.5404669230684989,-0.013125915460783382,0.9700555903676553
RAD_OPERA_HOURLY_RAINFALL_ACCUMULATION_202301231900_patch000,ILDW,ILDW,"(750,1500]",71144,0.6726009510915537,-0.010311726840128568,0.9556250575027413
RAD_OPERA_HOURLY_RAINFALL_ACCUMULATION_202301231900_patch000,ILDW,ILDW,"(1500,3125]",125239,0.8639024042576158,0.020709380665843054,0.93071332648259
RAD_OPERA_HOURLY_RAINFALL_ACCUMULATION_202301231900_patch000,ILDW,ILDW,"(3125,6000]",61768,0.9276024239933404,0.4089198203114136,0.8938459402834523
RAD_OPERA_HOURLY_RAINFALL_ACCUMULATION_202301231900_patch000,ILDW,ILDW,"(6000,9000]",9857,1.1035911682853492,0.8968177484408059,0.8209230448998789
RAD_OPERA_HOURLY_RAINFALL_ACCUMULATION_202301231900_patch000,ILDW,ILDW,>9000,1340,0.9239298390815466,0.7830451562845956,0.9103538645473147
RAD_OPERA_HOURLY_RAINFALL_ACCUMULATION_202301240500_patch000,ILDW,ILDW,≤125,7497,5.558437815592838,0.21317615671559115,0.8950034063134055
RAD_OPERA_HOURLY_RAINFALL_ACCUMULATION_202301240500_patch000,ILDW,ILDW,"(125,375]",30107,4.641631682544964,-0.06200524404263585,0.9332286616776926
RAD_OPERA_HOURLY_RAINFALL_ACCUMULATION_202301240500_patch000,ILDW,ILDW,"(375,750]",51230,4.589353388436029,0.1513664625968861,0.9156078531629909
RAD_OPERA_HOURLY_RAINFALL_ACCUMULATION_202301240500_patch000,ILDW,ILDW,"(750,1500]",105715,3.8778774370545053,0.49060498270538594,0.8912642792023926
RAD_OPERA_HOURLY_RAINFALL_ACCUMULATION_202301240500_patch000,ILDW,ILDW,"(1500,3125]",194009,4.945670127655708,0.7321945147525994,0.8266512094247083
RAD_OPERA_HOURLY_RAINFALL_ACCUMULATION_202301240500_patch000,ILDW,ILDW,"(3125,6000]",101789,5.447384208712415,1.5258364482162186,0.7111494042725202
RAD_OPERA_HOURLY_RAINFALL_ACCUMULATION_202301240500_patch000,ILDW,ILDW,"(6000,9000]",4242,3.3556922644938787,0.782423449391793,0.5402834753303078
RAD_OPERA_HOURLY_RAINFALL_ACCUMULATION_202301240500_patch000,ILDW,ILDW,>9000,3,0.798591337906688,0.798586894947357,
RAD_OPERA_HOURLY_RAINFALL_ACCUMULATION_202301240700_patch000,ILDW,ILDW,≤125,3841,0.3091408728094122,0.003394491412813554,0.9533477621855311
RAD_OPERA_HOURLY_RAINFALL_ACCUMULATION_202301240700_patch000,ILDW,ILDW,"(125,375]",15308,0.3088362276760894,0.016463150467994837,0.9575924810552024
RAD_OPERA_HOURLY_RAINFALL_ACCUMULATION_202301240700_patch000,ILDW,ILDW,"(375,750]",23624,0.3646653757682804,7.260171944707301e-05,0.9526603578609525
RAD_OPERA_HOURLY_RAINFALL_ACCUMULATION_202301240700_patch000,ILDW,ILDW,"(750,1500]",44314,0.48924956522060453,-0.024222136344062582,0.9373188786493265
RAD_OPERA_HOURLY_RAINFALL_ACCUMULATION_202301240700_patch000,ILDW,ILDW,"(1500,3125]",70641,0.6584417231014893,-0.13159239358245467,0.9117128364476454
RAD_OPERA_HOURLY_RAINFALL_ACCUMULATION_202301240700_patch000,ILDW,ILDW,"(3125,6000]",32468,0.6265200078037434,0.03357964801283222,0.8858552929610206
RAD_OPERA_HOURLY_RAINFALL_ACCUMULATION_202301240700_patch000,ILDW,ILDW,"(6000,9000]",2828,0.46054439208845127,0.3685274285836887,0.9182772707971751
RAD_OPERA_HOURLY_RAINFALL_ACCUMULATION_202301241500_patch000,ILDW,ILDW,≤125,6666,0.7631199255781953,0.03740965504685343,0.9513328689094014
RAD_OPERA_HOURLY_RAINFALL_ACCUMULATION_202301241500_patch000,ILDW,ILDW,"(125,375]",26427,0.6668536295924629,0.02724481011827853,0.9585163588382523
RAD_OPERA_HOURLY_RAINFALL_ACCUMULATION_202301241500_patch000,ILDW,ILDW,"(375,750]",44674,0.8474888522835294,-0.02424979853946907,0.9380339828128041
RAD_OPERA_HOURLY_RAINFALL_ACCUMULATION_202301241500_patch000,ILDW,ILDW,"(750,1500]",92969,1.0367678882335185,-0.023103456518733752,0.9001094081377983
RAD_OPERA_HOURLY_RAINFALL_ACCUMULATION_202301241500_patch000,ILDW,ILDW,"(1500,3125]",168314,1.3312851704520308,-0.06769186127124524,0.8291814131922379
RAD_OPERA_HOURLY_RAINFALL_ACCUMULATION_202301241500_patch000,ILDW,ILDW,"(3125,6000]",87948,1.8556387876780223,-0.3716846050984122,0.7497632282677896
RAD_OPERA_HOURLY_RAINFALL_ACCUMULATION_202301241500_patch000,ILDW,ILDW,"(6000,9000]",6063,1.2235671127117076,0.6236120422734867,0.3987605070480695
RAD_OPERA_HOURLY_RAINFALL_ACCUMULATION_202301241500_patch000,ILDW,ILDW,>9000,91,1.6196109191185826,1.6165775557208872,0.8151837240719618
RAD_OPERA_HOURLY_RAINFALL_ACCUMULATION_202301241500_patch001,ILDW,ILDW,≤125,4327,0.8849853454423321,0.022452315843556118,0.9432492140276676
RAD_OPERA_HOURLY_RAINFALL_ACCUMULATION_202301241500_patch001,ILDW,ILDW,"(125,375]",17469,0.8927460429738565,-0.02100123912536929,0.9494469221625398
RAD_OPERA_HOURLY_RAINFALL_ACCUMULATION_202301241500_patch001,ILDW,ILDW,"(375,750]",28304,1.0710770074648692,-0.07919664175699594,0.9396280027546278
RAD_OPERA_HOURLY_RAINFALL_ACCUMULATION_202301241500_patch001,ILDW,ILDW,"(750,1500]",54744,1.3509577585690855,-0.14172229432879418,0.9083251452949123
RAD_OPERA_HOURLY_RAINFALL_ACCUMULATION_202301241500_patch001,ILDW,ILDW,"(1500,3125]",84620,1.918700929617676,-0.34925980675787804,0.8515088326773808
RAD_OPERA_HOURLY_RAINFALL_ACCUMULATION_202301241500_patch001,ILDW,ILDW,"(3125,6000]",39893,1.9404070083596505,-0.13749104473455812,0.7762028767020546
RAD_OPERA_HOURLY_RAINFALL_ACCUMULATION_202301241500_patch001,ILDW,ILDW,"(6000,9000]",4424,1.2476168916425379,0.8121286183950307,0.4270502971502756
RAD_OPERA_HOURLY_RAINFALL_ACCUMULATION_202301241500_patch001,ILDW,ILDW,>9000,1227,1.084524784495333,0.8698547958455027,0.49653264544533443
RAD_OPERA_HOURLY_RAINFALL_ACCUMULATION_202301241700_patch000,ILDW,ILDW,≤125,4266,0.490616989778502,0.011576600123884435,0.9202543721463632
RAD_OPERA_HOURLY_RAINFALL_ACCUMULATION_202301241700_patch000,ILDW,ILDW,"(125,375]",17079,0.5097503485186373,-0.009800389701624817,0.9146248691211073
RAD_OPERA_HOURLY_RAINFALL_ACCUMULATION_202301241700_patch000,ILDW,ILDW,"(375,750]",27134,0.616879878077213,0.03949125360496663,0.8891080451801283
RAD_OPERA_HOURLY_RAINFALL_ACCUMULATION_202301241700_patch000,ILDW,ILDW,"(750,1500]",50938,0.8173611292459959,0.08317024845495691,0.8154167904884739
RAD_OPERA_HOURLY_RAINFALL_ACCUMULATION_202301241700_patch000,ILDW,ILDW,"(1500,3125]",83633,1.0878160223297864,0.08222075962896476,0.6696332726972664
RAD_OPERA_HOURLY_RAINFALL_ACCUMULATION_202301241700_patch000,ILDW,ILDW,"(3125,6000]",42436,1.050956476679318,0.2566525487550836,0.5633998943583124
RAD_OPERA_HOURLY_RAINFALL_ACCUMULATION_202301241700_patch000,ILDW,ILDW,"(6000,9000]",3890,1.0667235154577253,0.3913606603989368,0.5723059417978024
RAD_OPERA_HOURLY_RAINFALL_ACCUMULATION_202301241700_patch002,ILDW,ILDW,≤125,3783,0.5052097160902297,0.010634673326014695,0.9700881064035617
RAD_OPERA_HOURLY_RAINFALL_ACCUMULATION_202301241700_patch002,ILDW,ILDW,"(125,375]",14906,0.5583171182971317,0.006792081859131503,0.9630034644446103
RAD_OPERA_HOURLY_RAINFALL_ACCUMULATION_202301241700_patch002,ILDW,ILDW,"(375,750]",22509,0.6746793739032396,-0.017404362388673447,0.9502754538349164
RAD_OPERA_HOURLY_RAINFALL_ACCUMULATION_202301241700_patch002,ILDW,ILDW,"(750,1500]",41257,0.8778254612556007,-0.07282070936198133,0.9234708112776728
RAD_OPERA_HOURLY_RAINFALL_ACCUMULATION_202301241700_patch002,ILDW,ILDW,"(1500,3125]",66625,1.1877859268451636,-0.09584416078075958,0.8607008448920616
RAD_OPERA_HOURLY_RAINFALL_ACCUMULATION_202301241700_patch002,ILDW,ILDW,"(3125,6000]",34002,1.443287640736852,0.06481849008964842,0.7731971073538356
RAD_OPERA_HOURLY_RAINFALL_ACCUMULATION_202301241700_patch002,ILDW,ILDW,"(6000,9000]",3286,1.1749508152432546,0.53014655637936,0.7986127993313026
RAD_OPERA_HOURLY_RAINFALL_ACCUMULATION_202301241900_patch001,ILDW,ILDW,≤125,3801,0.3771956701842106,0.017724310926884087,0.9755522184537968
RAD_OPERA_HOURLY_RAINFALL_ACCUMULATION_202301241900_patch001,ILDW,ILDW,"(125,375]",14742,0.36915999480447315,-0.005986272005918258,0.974999957765577
RAD_OPERA_HOURLY_RAINFALL_ACCUMULATION_202301241900_patch001,ILDW,ILDW,"(375,750]",21758,0.42262423648841163,-0.0239170956659038,0.9660779116808349
RAD_OPERA_HOURLY_RAINFALL_ACCUMULATION_202301241900_patch001,ILDW,ILDW,"(750,1500]",40352,0.5588860447226052,-0.05500066591983704,0.9404554144469494
RAD_OPERA_HOURLY_RAINFALL_ACCUMULATION_202301241900_patch001,ILDW,ILDW,"(1500,3125]",68193,0.8059825688102266,-0.09741087295573538,0.8843841357773428
RAD_OPERA_HOURLY_RAINFALL_ACCUMULATION_202301241900_patch001,ILDW,ILDW,"(3125,6000]",33486,0.9759593466335338,0.030072846639761865,0.8625113893903154
RAD_OPERA_HOURLY_RAINFALL_ACCUMULATION_202301241900_patch001,ILDW,ILDW,"(6000,9000]",3268,1.389602915123998,1.0772071996203945,0.7817307204943147
RAD_OPERA_HOURLY_RAINFALL_ACCUMULATION_202301242200_patch001,ILDW,ILDW,≤125,4808,0.787272794678445,0.009753457416551571,0.9496066103835733
RAD_OPERA_HOURLY_RAINFALL_ACCUMULATION_202301242200_patch001,ILDW,ILDW,"(125,375]",19791,0.8277782353927987,-0.06372457806037007,0.9501011075948657
RAD_OPERA_HOURLY_RAINFALL_ACCUMULATION_202301242200_patch001,ILDW,ILDW,"(375,750]",33541,0.9494941852027546,-0.03942847342521487,0.9316466633144361
RAD_OPERA_HOURLY_RAINFALL_ACCUMULATION_202301242200_patch001,ILDW,ILDW,"(750,1500]",70004,1.1585289078317575,0.059617093278027423,0.8871992233285396
RAD_OPERA_HOURLY_RAINFALL_ACCUMULATION_202301242200_patch001,ILDW,ILDW,"(1500,3125]",130131,1.4462109944123898,0.09319730338200839,0.7890515458177129
RAD_OPERA_HOURLY_RAINFALL_ACCUMULATION_202301242200_patch001,ILDW,ILDW,"(3125,6000]",65641,1.6923653136742047,0.006084282973915604,0.6642574528888571
RAD_OPERA_HOURLY_RAINFALL_ACCUMULATION_202301242200_patch001,ILDW,ILDW,"(6000,9000]",5637,1.741459794904411,0.99334134624042,0.43188319194996533
RAD_OPERA_HOURLY_RAINFALL_ACCUMULATION_202301242200_patch001,ILDW,ILDW,>9000,175,0.803477588969538,0.7698399857901347,0.33718429954366635
RAD_OPERA_HOURLY_RAINFALL_ACCUMULATION_202301250200_patch000,ILDW,ILDW,≤125,4338,0.25005556723772787,-0.015874724990159492,0.9878714125444465
RAD_OPERA_HOURLY_RAINFALL_ACCUMULATION_202301250200_patch000,ILDW,ILDW,"(125,375]",17374,0.25363323547924327,-0.010580790249550479,0.9873893277713813
RAD_OPERA_HOURLY_RAINFALL_ACCUMULATION_202301250200_patch000,ILDW,ILDW,"(375,750]",27861,0.30579353025344747,-0.01371899302877925,0.9798980911140565
RAD_OPERA_HOURLY_RAINFALL_ACCUMULATION_202301250200_patch000,ILDW,ILDW,"(750,1500]",53465,0.407360368876385,0.009054127918806231,0.9582347410642703
RAD_OPERA_HOURLY_RAINFALL_ACCUMULATION_202301250200_patch000,ILDW,ILDW,"(1500,3125]",85070,0.5477577602810483,0.05235861335343046,0.9066960618161385
RAD_OPERA_HOURLY_RAINFALL_ACCUMULATION_202301250200_patch000,ILDW,ILDW,"(3125,6000]",42760,0.6827357541773571,-0.0520861193571831,0.8338679783635156
RAD_OPERA_HOURLY_RAINFALL_ACCUMULATION_202301250200_patch000,ILDW,ILDW,"(6000,9000]",5271,1.0194075530372855,0.24473383219599631,0.1322080788759536
RAD_OPERA_HOURLY_RAINFALL_ACCUMULATION_202301250200_patch000,ILDW,ILDW,>9000,405,0.7684882414779383,0.5585856410984444,0.7047403016505304
RAD_OPERA_HOURLY_RAINFALL_ACCUMULATION_202301250200_patch001,ILDW,ILDW,≤125,7047,0.6359903595826284,0.0036041528415672983,0.9803850359330369
RAD_OPERA_HOURLY_RAINFALL_ACCUMULATION_202301250200_patch001,ILDW,ILDW,"(125,375]",28082,0.5737151465963642,0.0002122558185638829,0.981608197574404
RAD_OPERA_HOURLY_RAINFALL_ACCUMULATION_202301250200_patch001,ILDW,ILDW,"(375,750]",47439,0.5814094072593331,0.014978220101175527,0.9788918224771023
RAD_OPERA_HOURLY_RAINFALL_ACCUMULATION_202301250200_patch001,ILDW,ILDW,"(750,1500]",96948,0.7167910083537204,0.034459824615387366,0.9630817890516519
RAD_OPERA_HOURLY_RAINFALL_ACCUMULATION_202301250200_patch001,ILDW,ILDW,"(1500,3125]",177373,0.9632539109702136,0.09382399604962413,0.9301548925202947
RAD_OPERA_HOURLY_RAINFALL_ACCUMULATION_202301250200_patch001,ILDW,ILDW,"(3125,6000]",99828,0.9836647104370616,0.05934349721105723,0.9263370075584394
RAD_OPERA_HOURLY_RAINFALL_ACCUMULATION_202301250200_patch001,ILDW,ILDW,"(6000,9000]",5091,0.5081995963252407,0.269140058931609,0.7172741900388203
RAD_OPERA_HOURLY_RAINFALL_ACCUMULATION_202301250200_patch001,ILDW,ILDW,>9000,16,0.002168396588022309,0.0021682756061936074,
RAD_OPERA_HOURLY_RAINFALL_ACCUMULATION_202301250300_patch000,ILDW,ILDW,≤125,5148,0.248984820141751,0.0019924388535972936,0.9668853543031823
RAD_OPERA_HOURLY_RAINFALL_ACCUMULATION_202301250300_patch000,ILDW,ILDW,"(125,375]",19535,0.21862431612991273,-0.0026123109699462805,0.974643486757312
RAD_OPERA_HOURLY_RAINFALL_ACCUMULATION_202301250300_patch000,ILDW,ILDW,"(375,750]",29882,0.2384166117694376,-0.0019671030252530596,0.9681830415924959
RAD_OPERA_HOURLY_RAINFALL_ACCUMULATION_202301250300_patch000,ILDW,ILDW,"(750,1500]",56090,0.29322290914552307,0.010274979686414408,0.9458084910136774
RAD_OPERA_HOURLY_RAINFALL_ACCUMULATION_202301250300_patch000,ILDW,ILDW,"(1500,3125]",95021,0.3939861385282149,0.04715118316701453,0.9050038943411691
RAD_OPERA_HOURLY_RAINFALL_ACCUMULATION_202301250300_patch000,ILDW,ILDW,"(3125,6000]",50175,0.4710349643268314,0.07931696873060647,0.8718406798778388
RAD_OPERA_HOURLY_RAINFALL_ACCUMULATION_202301250300_patch000,ILDW,ILDW,"(6000,9000]",2197,0.3540715892972618,0.15685314134360392,0.8487147931774514
RAD_OPERA_HOURLY_RAINFALL_ACCUMULATION_202301250500_patch000,ILDW,ILDW,≤125,5599,0.8014073600468472,0.03327642363404758,0.9034401391408149
RAD_OPERA_HOURLY_RAINFALL_ACCUMULATION_202301250500_patch000,ILDW,ILDW,"(125,375]",22297,0.9444359154032613,-0.004586844703433605,0.9098087706973814
RAD_OPERA_HOURLY_RAINFALL_ACCUMULATION_202301250500_patch000,ILDW,ILDW,"(375,750]",37594,1.1707946879193059,-0.08754648293332513,0.9044065161697548
RAD_OPERA_HOURLY_RAINFALL_ACCUMULATION_202301250500_patch000,ILDW,ILDW,"(750,1500]",78259,1.324653596925215,-0.15090116299029577,0.8811442161132917
RAD_OPERA_HOURLY_RAINFALL_ACCUMULATION_202301250500_patch000,ILDW,ILDW,"(1500,3125]",147305,1.5605415061154828,-0.1691091588431429,0.8095510305986303
RAD_OPERA_HOURLY_RAINFALL_ACCUMULATION_202301250500_patch000,ILDW,ILDW,"(3125,6000]",77648,1.5067953147972584,-0.0016373213191389576,0.7405965424831562
RAD_OPERA_HOURLY_RAINFALL_ACCUMULATION_202301250500_patch000,ILDW,ILDW,"(6000,9000]",7911,1.5512360523841633,0.37351091380599366,0.3804724762328734
RAD_OPERA_HOURLY_RAINFALL_ACCUMULATION_202301250500_patch000,ILDW,ILDW,>9000,219,1.564758638141139,0.9497264689705207,-0.8489241523864239
RAD_OPERA_HOURLY_RAINFALL_ACCUMULATION_202301251000_patch001,ILDW,ILDW,≤125,4154,0.22602936424700174,-0.008260192208709511,0.992091700248136
RAD_OPERA_HOURLY_RAINFALL_ACCUMULATION_202301251000_patch001,ILDW,ILDW,"(125,375]",16892,0.22457341253196547,0.008074211220008612,0.9916766134702681
RAD_OPERA_HOURLY_RAINFALL_ACCUMULATION_202301251000_patch001,ILDW,ILDW,"(375,750]",27234,0.2687985336200721,0.003285268458847147,0.9872825108781631
RAD_OPERA_HOURLY_RAINFALL_ACCUMULATION_202301251000_patch001,ILDW,ILDW,"(750,1500]",52950,0.3466804293982725,-0.008457341599160369,0.9779780181728346
RAD_OPERA_HOURLY_RAINFALL_ACCUMULATION_202301251000_patch001,ILDW,ILDW,"(1500,3125]",82477,0.515719517518305,0.030578646667918555,0.9479379859176006
RAD_OPERA_HOURLY_RAINFALL_ACCUMULATION_202301251000_patch001,ILDW,ILDW,"(3125,6000]",40696,0.5740620211888106,0.18063583966422217,0.9199516643613238
RAD_OPERA_HOURLY_RAINFALL_ACCUMULATION_202301251000_patch001,ILDW,ILDW,"(6000,9000]",6300,0.6161245246852594,0.3459844280688323,0.5862067293739714
RAD_OPERA_HOURLY_RAINFALL_ACCUMULATION_202301251000_patch001,ILDW,ILDW,>9000,2257,0.48273371635636325,0.38400167823865095,0.28987642477994824
RAD_OPERA_HOURLY_RAINFALL_ACCUMULATION_202301251300_patch000,ILDW,ILDW,≤125,4088,0.2752783292521444,0.01207158490863609,0.9345101795859496
RAD_OPERA_HOURLY_RAINFALL_ACCUMULATION_202301251300_patch000,ILDW,ILDW,"(125,375]",15882,0.24972566614748554,0.000981696743417154,0.9515610819173246
RAD_OPERA_HOURLY_RAINFALL_ACCUMULATION_202301251300_patch000,ILDW,ILDW,"(375,750]",23638,0.28875983049237,0.0015558831994987518,0.9548425688338982
RAD_OPERA_HOURLY_RAINFALL_ACCUMULATION_202301251300_patch000,ILDW,ILDW,"(750,1500]",43117,0.373328855910486,0.0038061239698343784,0.9466268107058686
RAD_OPERA_HOURLY_RAINFALL_ACCUMULATION_202301251300_patch000,ILDW,ILDW,"(1500,3125]",73229,0.5014689986220625,0.040757976655316795,0.9430516649416
RAD_OPERA_HOURLY_RAINFALL_ACCUMULATION_202301251300_patch000,ILDW,ILDW,"(3125,6000]",37125,0.6376220811218678,0.14279076908408234,0.9533962693397241
RAD_OPERA_HOURLY_RAINFALL_ACCUMULATION_202301251300_patch000,ILDW,ILDW,"(6000,9000]",3369,0.9624775472980653,0.7480783268258903,0.91364284460317
RAD_OPERA_HOURLY_RAINFALL_ACCUMULATION_202301251600_patch002,ILDW,ILDW,≤125,4119,0.29808507047633215,0.00723988509674987,0.9765995728657019
RAD_OPERA_HOURLY_RAINFALL_ACCUMULATION_202301251600_patch002,ILDW,ILDW,"(125,375]",15923,0.2884120270645122,-0.006178752096133311,0.9797506717426164
RAD_OPERA_HOURLY_RAINFALL_ACCUMULATION_202301251600_patch002,ILDW,ILDW,"(375,750]",23477,0.3321808726414416,0.004594582227622677,0.975704662068268
RAD_OPERA_HOURLY_RAINFALL_ACCUMULATION_202301251600_patch002,ILDW,ILDW,"(750,1500]",42558,0.45067716527410767,-0.035258354846580534,0.95883464251926
RAD_OPERA_HOURLY_RAINFALL_ACCUMULATION_202301251600_patch002,ILDW,ILDW,"(1500,3125]",72310,0.6939682419609655,-0.10200738879234497,0.9058829551001331
RAD_OPERA_HOURLY_RAINFALL_ACCUMULATION_202301251600_patch002,ILDW,ILDW,"(3125,6000]",35394,0.8163086147491913,-0.029470453557365675,0.7932997829509161
RAD_OPERA_HOURLY_RAINFALL_ACCUMULATION_202301251600_patch002,ILDW,ILDW,"(6000,9000]",4806,1.1213188961277836,0.6765726826355645,-0.03226709860638305
RAD_OPERA_HOURLY_RAINFALL_ACCUMULATION_202301251600_patch002,ILDW,ILDW,>9000,1093,0.9433847584219965,0.6873468578072855,-0.4494988904158238
RAD_OPERA_HOURLY_RAINFALL_ACCUMULATION_202301252100_patch000,ILDW,ILDW,≤125,5395,0.2383294518337702,-0.010360820857722485,0.9858384257006443
RAD_OPERA_HOURLY_RAINFALL_ACCUMULATION_202301252100_patch000,ILDW,ILDW,"(125,375]",21090,0.236945060692448,-0.012338944490753677,0.9862289021984528
RAD_OPERA_HOURLY_RAINFALL_ACCUMULATION_202301252100_patch000,ILDW,ILDW,"(375,750]",34488,0.28182512742438676,-0.00604834568506017,0.9804491290516205
RAD_OPERA_HOURLY_RAINFALL_ACCUMULATION_202301252100_patch000,ILDW,ILDW,"(750,1500]",67771,0.3414213546662355,0.02396227672214789,0.970228629105512
RAD_OPERA_HOURLY_RAINFALL_ACCUMULATION_202301252100_patch000,ILDW,ILDW,"(1500,3125]",115766,0.4262652298880991,0.10810797453143291,0.9487360299661984
RAD_OPERA_HOURLY_RAINFALL_ACCUMULATION_202301252100_patch000,ILDW,ILDW,"(3125,6000]",63094,0.47617220736151705,0.21148117390719257,0.939019719611849
RAD_OPERA_HOURLY_RAINFALL_ACCUMULATION_202301252100_patch000,ILDW,ILDW,"(6000,9000]",4971,0.45661280807250826,0.37160363642379474,0.9665353943386361
RAD_OPERA_HOURLY_RAINFALL_ACCUMULATION_202301252100_patch000,ILDW,ILDW,>9000,1,0.30465432691584166,0.30465432691584166,
RAD_OPERA_HOURLY_RAINFALL_ACCUMULATION_202301252200_patch000,ILDW,ILDW,≤125,3907,0.3398565553922482,0.024594859647198583,0.9645177410200455
RAD_OPERA_HOURLY_RAINFALL_ACCUMULATION_202301252200_patch000,ILDW,ILDW,"(125,375]",15106,0.2935668802551922,-0.013806901300285564,0.975176787726963
RAD_OPERA_HOURLY_RAINFALL_ACCUMULATION_202301252200_patch000,ILDW,ILDW,"(375,750]",22392,0.337715653440335,-0.03778762587673971,0.9722668372289376
RAD_OPERA_HOURLY_RAINFALL_ACCUMULATION_202301252200_patch000,ILDW,ILDW,"(750,1500]",41007,0.48406564868633434,-0.0807224642723368,0.947866480317068
RAD_OPERA_HOURLY_RAINFALL_ACCUMULATION_202301252200_patch000,ILDW,ILDW,"(1500,3125]",70023,0.6124060698354729,-0.10353646289520749,0.9195918302573188
RAD_OPERA_HOURLY_RAINFALL_ACCUMULATION_202301252200_patch000,ILDW,ILDW,"(3125,6000]",32501,0.6840131215822784,0.03214766110106088,0.9135223574101189
RAD_OPERA_HOURLY_RAINFALL_ACCUMULATION_202301252200_patch000,ILDW,ILDW,"(6000,9000]",1432,0.6637795829737045,0.4827131039007494,0.9465706026125078
RAD_OPERA_HOURLY_RAINFALL_ACCUMULATION_202301260000_patch000,ILDW,ILDW,≤125,3884,7.250472246576889,-0.532621200976141,0.9122136068033386
RAD_OPERA_HOURLY_RAINFALL_ACCUMULATION_202301260000_patch000,ILDW,ILDW,"(125,375]",15623,6.309581386406728,0.10198932191984325,0.8994135667441095
RAD_OPERA_HOURLY_RAINFALL_ACCUMULATION_202301260000_patch000,ILDW,ILDW,"(375,750]",24479,6.875273682466263,0.790471008527593,0.8427887253008195
RAD_OPERA_HOURLY_RAINFALL_ACCUMULATION_202301260000_patch000,ILDW,ILDW,"(750,1500]",46137,7.128385796890277,1.1159854974209131,0.7450129307849621
RAD_OPERA_HOURLY_RAINFALL_ACCUMULATION_202301260000_patch000,ILDW,ILDW,"(1500,3125]",72453,7.4779894565126614,1.708013396143403,0.48632781759563576
RAD_OPERA_HOURLY_RAINFALL_ACCUMULATION_202301260000_patch000,ILDW,ILDW,"(3125,6000]",34265,6.727490769542894,1.9735602721608998,0.46790009157952384
RAD_OPERA_HOURLY_RAINFALL_ACCUMULATION_202301260000_patch000,ILDW,ILDW,"(6000,9000]",2839,3.1118899714635266,2.080886064070621,0.3984830086089679
RAD_OPERA_HOURLY_RAINFALL_ACCUMULATION_202301260200_patch000,ILDW,ILDW,≤125,4421,0.4833672383115777,0.02782682014261912,0.9770659383962234
RAD_OPERA_HOURLY_RAINFALL_ACCUMULATION_202301260200_patch000,ILDW,ILDW,"(125,375]",17544,0.4312570774770699,-0.012912257799078395,0.9816256853079812
RAD_OPERA_HOURLY_RAINFALL_ACCUMULATION_202301260200_patch000,ILDW,ILDW,"(375,750]",27121,0.5046384046976279,-0.02601207232582507,0.9775776622786234
RAD_OPERA_HOURLY_RAINFALL_ACCUMULATION_202301260200_patch000,ILDW,ILDW,"(750,1500]",51199,0.6982927387374858,-0.053839060988062994,0.9631317112857902
RAD_OPERA_HOURLY_RAINFALL_ACCUMULATION_202301260200_patch000,ILDW,ILDW,"(1500,3125]",82409,1.0649388078812239,-0.04891702783662587,0.9258526943157097
RAD_OPERA_HOURLY_RAINFALL_ACCUMULATION_202301260200_patch000,ILDW,ILDW,"(3125,6000]",39095,1.5477395560568543,0.3348073421380761,0.8212962630554114
RAD_OPERA_HOURLY_RAINFALL_ACCUMULATION_202301260200_patch000,ILDW,ILDW,"(6000,9000]",6701,1.7013799305745883,1.4193243735106689,0.600952157479188
RAD_OPERA_HOURLY_RAINFALL_ACCUMULATION_202301260200_patch000,ILDW,ILDW,>9000,1654,1.849778768338554,1.617470003678023,0.7297473732472805
RAD_OPERA_HOURLY_RAINFALL_ACCUMULATION_202301260200_patch001,ILDW,ILDW,≤125,4870,0.3046089776273997,-0.011308246156638554,0.9734420815505973
RAD_OPERA_HOURLY_RAINFALL_ACCUMULATION_202301260200_patch001,ILDW,ILDW,"(125,375]",18492,0.29577111038074866,0.018060127703605232,0.9733339466183494
RAD_OPERA_HOURLY_RAINFALL_ACCUMULATION_202301260200_patch001,ILDW,ILDW,"(375,750]",28487,0.37555159284532696,0.0017348729444750927,0.9566216241135895
RAD_OPERA_HOURLY_RAINFALL_ACCUMULATION_202301260200_patch001,ILDW,ILDW,"(750,1500]",53473,0.5485088608271657,-0.08286896198338296,0.9138093652321361
RAD_OPERA_HOURLY_RAINFALL_ACCUMULATION_202301260200_patch001,ILDW,ILDW,"(1500,3125]",88711,0.6837979044716478,-0.15600225202722054,0.8705488359042065
RAD_OPERA_HOURLY_RAINFALL_ACCUMULATION_202301260200_patch001,ILDW,ILDW,"(3125,6000]",42560,0.7021210092221849,0.00336020070697441,0.8252740885011339
RAD_OPERA_HOURLY_RAINFALL_ACCUMULATION_202301260200_patch001,ILDW,ILDW,"(6000,9000]",975,0.9963693577199,-0.1671609605193392,0.07443699727601255
RAD_OPERA_HOURLY_RAINFALL_ACCUMULATION_202301260600_patch000,ILDW,ILDW,≤125,3390,3.9912990126410737,-0.15802093730638803,0.9344642724571685
RAD_OPERA_HOURLY_RAINFALL_ACCUMULATION_202301260600_patch000,ILDW,ILDW,"(125,375]",13291,4.295232823286722,-0.01341531449671665,0.9124925626198881
RAD_OPERA_HOURLY_RAINFALL_ACCUMULATION_202301260600_patch000,ILDW,ILDW,"(375,750]",19563,5.158362433418097,0.022902071765973503,0.8852517266871786
RAD_OPERA_HOURLY_RAINFALL_ACCUMULATION_202301260600_patch000,ILDW,ILDW,"(750,1500]",36286,4.83221627668778,0.2131131442924234,0.8590298333907321
RAD_OPERA_HOURLY_RAINFALL_ACCUMULATION_202301260600_patch000,ILDW,ILDW,"(1500,3125]",59850,4.790963636977893,1.492749606663718,0.7295788697105541
RAD_OPERA_HOURLY_RAINFALL_ACCUMULATION_202301260600_patch000,ILDW,ILDW,"(3125,6000]",31192,6.441174082431987,3.5782879778379777,0.4528269206414476
RAD_OPERA_HOURLY_RAINFALL_ACCUMULATION_202301260600_patch000,ILDW,ILDW,"(6000,9000]",2828,9.904434940610757,8.030625310765975,0.0015446175648930925
RAD_OPERA_HOURLY_RAINFALL_ACCUMULATION_202301260800_patch001,ILDW,ILDW,≤125,5680,0.3706984548703809,0.030263757361058644,0.9486161148883351
RAD_OPERA_HOURLY_RAINFALL_ACCUMULATION_202301260800_patch001,ILDW,ILDW,"(125,375]",22152,0.3446948056350973,0.009654030923914536,0.9555845987383434
RAD_OPERA_HOURLY_RAINFALL_ACCUMULATION_202301260800_patch001,ILDW,ILDW,"(375,750]",35262,0.4210096715934234,-0.030366715677782933,0.935634369188137
RAD_OPERA_HOURLY_RAINFALL_ACCUMULATION_202301260800_patch001,ILDW,ILDW,"(750,1500]",67772,0.5710248881652494,-0.0794400003478311,0.8702604151057797
RAD_OPERA_HOURLY_RAINFALL_ACCUMULATION_202301260800_patch001,ILDW,ILDW,"(1500,3125]",116937,0.7728623597521251,-0.0626029973076507,0.7555997600239897
RAD_OPERA_HOURLY_RAINFALL_ACCUMULATION_202301260800_patch001,ILDW,ILDW,"(3125,6000]",62770,0.8558299914513148,-0.1376814182582492,0.6882910755901123
RAD_OPERA_HOURLY_RAINFALL_ACCUMULATION_202301260800_patch001,ILDW,ILDW,"(6000,9000]",1235,0.7046379844340489,-0.002397454879122172,0.7713887079945433
RAD_OPERA_HOURLY_RAINFALL_ACCUMULATION_202301260900_patch000,ILDW,ILDW,≤125,3711,0.49673820906626415,-0.021845957616017007,0.9450230995258394
RAD_OPERA_HOURLY_RAINFALL_ACCUMULATION_202301260900_patch000,ILDW,ILDW,"(125,375]",14727,0.4506544702002356,0.012472734349543947,0.9518132413169884
RAD_OPERA_HOURLY_RAINFALL_ACCUMULATION_202301260900_patch000,ILDW,ILDW,"(375,750]",22957,0.49094071026178004,0.0756618560603964,0.9436557910321671
RAD_OPERA_HOURLY_RAINFALL_ACCUMULATION_202301260900_patch000,ILDW,ILDW,"(750,1500]",43184,0.5972270377913897,0.1125394221539467,0.922068007137477
RAD_OPERA_HOURLY_RAINFALL_ACCUMULATION_202301260900_patch000,ILDW,ILDW,"(1500,3125]",67966,0.8202232700138421,0.25246158025110743,0.8504619330873342
RAD_OPERA_HOURLY_RAINFALL_ACCUMULATION_202301260900_patch000,ILDW,ILDW,"(3125,6000]",32037,1.267959896607767,0.6434130965114702,0.5461306776240503
RAD_OPERA_HOURLY_RAINFALL_ACCUMULATION_202301260900_patch000,ILDW,ILDW,"(6000,9000]",1018,1.6524369164238315,1.3075810461896313,0.45404952303504215
RAD_OPERA_HOURLY_RAINFALL_ACCUMULATION_202301260900_patch001,ILDW,ILDW,≤125,5159,0.3253756206550042,-0.004590670528864488,0.9585734442963476
RAD_OPERA_HOURLY_RAINFALL_ACCUMULATION_202301260900_patch001,ILDW,ILDW,"(125,375]",19586,0.29482650455084236,-0.008928960131223861,0.9690968076544597
RAD_OPERA_HOURLY_RAINFALL_ACCUMULATION_202301260900_patch001,ILDW,ILDW,"(375,750]",29988,0.3498786460478655,-0.014977173677362935,0.9622314842305747
RAD_OPERA_HOURLY_RAINFALL_ACCUMULATION_202301260900_patch001,ILDW,ILDW,"(750,1500]",56176,0.4915075943074119,-0.04617473596401459,0.9338198395965485
RAD_OPERA_HOURLY_RAINFALL_ACCUMULATION_202301260900_patch001,ILDW,ILDW,"(1500,3125]",95580,0.7136346731648726,-0.1117078485946279,0.8782955628734199
RAD_OPERA_HOURLY_RAINFALL_ACCUMULATION_202301260900_patch001,ILDW,ILDW,"(3125,6000]",56911,0.9430064576858398,-0.04107551013697326,0.8363350917802389
RAD_OPERA_HOURLY_RAINFALL_ACCUMULATION_202301260900_patch001,ILDW,ILDW,"(6000,9000]",8318,0.8981358737338295,0.4121488001318984,0.7900125237229976
RAD_OPERA_HOURLY_RAINFALL_ACCUMULATION_202301260900_patch001,ILDW,ILDW,>9000,666,0.6263806952147106,0.5399957832995411,0.9598261873454462
RAD_OPERA_HOURLY_RAINFALL_ACCUMULATION_202301270400_patch000,ILDW,ILDW,≤125,4024,0.5380392201401047,-0.03154088705605524,0.9631228494793975
RAD_OPERA_HOURLY_RAINFALL_ACCUMULATION_202301270400_patch000,ILDW,ILDW,"(125,375]",16310,0.5209762990477843,0.012048802562235244,0.9609795044386111
RAD_OPERA_HOURLY_RAINFALL_ACCUMULATION_202301270400_patch000,ILDW,ILDW,"(375,750]",26560,0.591479184137117,0.04216262652120442,0.9516627160803319
RAD_OPERA_HOURLY_RAINFALL_ACCUMULATION_202301270400_patch000,ILDW,ILDW,"(750,1500]",51739,0.7818463246656429,0.020671499150106853,0.9159650206856796
RAD_OPERA_HOURLY_RAINFALL_ACCUMULATION_202301270400_patch000,ILDW,ILDW,"(1500,3125]",79134,1.1384517335690632,0.031915001940404156,0.8270583355820618
RAD_OPERA_HOURLY_RAINFALL_ACCUMULATION_202301270400_patch000,ILDW,ILDW,"(3125,6000]",39529,1.6249177531597736,-0.1254303891865107,0.7810404077120341
RAD_OPERA_HOURLY_RAINFALL_ACCUMULATION_202301270400_patch000,ILDW,ILDW,"(6000,9000]",4447,1.3946352452851496,-0.7124979540819979,0.4479123934144043
RAD_OPERA_HOURLY_RAINFALL_ACCUMULATION_202301270400_patch000,ILDW,ILDW,>9000,2257,0.9705294971493779,-0.6214447322830016,-0.64732171291332
RAD_OPERA_HOURLY_RAINFALL_ACCUMULATION_202301270700_patch000,ILDW,ILDW,≤125,6209,1.048600196679834,-0.002930363376473879,0.9600241472274992
RAD_OPERA_HOURLY_RAINFALL_ACCUMULATION_202301270700_patch000,ILDW,ILDW,"(125,375]",24640,1.0869597428620938,-0.008257840723502545,0.9524290359789062
RAD_OPERA_HOURLY_RAINFALL_ACCUMULATION_202301270700_patch000,ILDW,ILDW,"(375,750]",40310,1.1987349268867389,0.023587875363579106,0.9477837970160164
RAD_OPERA_HOURLY_RAINFALL_ACCUMULATION_202301270700_patch000,ILDW,ILDW,"(750,1500]",79643,1.580978557449245,-0.0011655369586464359,0.9257236439935781
RAD_OPERA_HOURLY_RAINFALL_ACCUMULATION_202301270700_patch000,ILDW,ILDW,"(1500,3125]",137983,2.3417355890755367,-0.10265690167097202,0.8797246512048152
RAD_OPERA_HOURLY_RAINFALL_ACCUMULATION_202301270700_patch000,ILDW,ILDW,"(3125,6000]",83142,2.818708399810728,-0.2641783020896411,0.8647135572723408
RAD_OPERA_HOURLY_RAINFALL_ACCUMULATION_202301270700_patch000,ILDW,ILDW,"(6000,9000]",10359,0.9869316173082983,0.1777856623813278,0.8143669281126087
RAD_OPERA_HOURLY_RAINFALL_ACCUMULATION_202301270700_patch000,ILDW,ILDW,>9000,2994,1.07167020047135,-0.4075643975888218,0.8361587806134785
RAD_OPERA_HOURLY_RAINFALL_ACCUMULATION_202301270800_patch000,ILDW,ILDW,≤125,3487,0.20229975488051466,-0.005182566651688066,0.928892028903508
RAD_OPERA_HOURLY_RAINFALL_ACCUMULATION_202301270800_patch000,ILDW,ILDW,"(125,375]",13581,0.1619712407318416,-0.01292444764162445,0.955766405414347
RAD_OPERA_HOURLY_RAINFALL_ACCUMULATION_202301270800_patch000,ILDW,ILDW,"(375,750]",20224,0.1805139660328132,-0.010115959534547633,0.9444548176464772
RAD_OPERA_HOURLY_RAINFALL_ACCUMULATION_202301270800_patch000,ILDW,ILDW,"(750,1500]",37125,0.20923004170906614,-0.002491238205686673,0.9221742091684069
RAD_OPERA_HOURLY_RAINFALL_ACCUMULATION_202301270800_patch000,ILDW,ILDW,"(1500,3125]",60628,0.27734315909975743,0.05376566621301844,0.8486067135791894
RAD_OPERA_HOURLY_RAINFALL_ACCUMULATION_202301270800_patch000,ILDW,ILDW,"(3125,6000]",30024,0.447285498330743,0.1406916383917448,0.8027670061485461
RAD_OPERA_HOURLY_RAINFALL_ACCUMULATION_202301270800_patch000,ILDW,ILDW,"(6000,9000]",1331,0.8378419461865511,0.5866383338196663,0.7649597497046896
RAD_OPERA_HOURLY_RAINFALL_ACCUMULATION_202301270900_patch000,ILDW,ILDW,≤125,5395,0.6892303313149438,-0.004296003721733056,0.9584478364390311
RAD_OPERA_HOURLY_RAINFALL_ACCUMULATION_202301270900_patch000,ILDW,ILDW,"(125,375]",21090,0.6820555156677941,-0.0006085151349287155,0.9564716227635954
RAD_OPERA_HOURLY_RAINFALL_ACCUMULATION_202301270900_patch000,ILDW,ILDW,"(375,750]",34488,0.8231594724510599,-0.040032717680075595,0.9309059336823461
RAD_OPERA_HOURLY_RAINFALL_ACCUMULATION_202301270900_patch000,ILDW,ILDW,"(750,1500]",67771,1.0483962838548506,-0.07802083073880643,0.8631393124671546
RAD_OPERA_HOURLY_RAINFALL_ACCUMULATION_202301270900_patch000,ILDW,ILDW,"(1500,3125]",115766,1.2119473638555456,0.007884064918061418,0.7802380288782145
RAD_OPERA_HOURLY_RAINFALL_ACCUMULATION_202301270900_patch000,ILDW,ILDW,"(3125,6000]",63094,1.2638707710451837,0.34679121015732056,0.7535473556854853
RAD_OPERA_HOURLY_RAINFALL_ACCUMULATION_202301270900_patch000,ILDW,ILDW,"(6000,9000]",4971,1.2555009131395847,0.9717756342606293,0.7087817219341478
RAD_OPERA_HOURLY_RAINFALL_ACCUMULATION_202301270900_patch000,ILDW,ILDW,>9000,1,0.9352898088993924,0.9352898088993924,
RAD_OPERA_HOURLY_RAINFALL_ACCUMULATION_202301271000_patch001,ILDW,ILDW,≤125,5081,1.186604226471177,0.025349541190289863,0.9267305067974898
RAD_OPERA_HOURLY_RAINFALL_ACCUMULATION_202301271000_patch001,ILDW,ILDW,"(125,375]",19591,1.17837670756554,-0.00235322810173844,0.9532041089047271
RAD_OPERA_HOURLY_RAINFALL_ACCUMULATION_202301271000_patch001,ILDW,ILDW,"(375,750]",30953,1.40449005000348,-0.018799110940242628,0.9557864029674843
RAD_OPERA_HOURLY_RAINFALL_ACCUMULATION_202301271000_patch001,ILDW,ILDW,"(750,1500]",57909,2.2318543136229323,-0.2004371039386764,0.906059113250712
RAD_OPERA_HOURLY_RAINFALL_ACCUMULATION_202301271000_patch001,ILDW,ILDW,"(1500,3125]",94396,2.9926183326597946,-0.33559318923888537,0.8015349301456483
RAD_OPERA_HOURLY_RAINFALL_ACCUMULATION_202301271000_patch001,ILDW,ILDW,"(3125,6000]",50338,3.191442895819244,-0.16040890495068857,0.8454896333255932
RAD_OPERA_HOURLY_RAINFALL_ACCUMULATION_202301271000_patch001,ILDW,ILDW,"(6000,9000]",3450,3.6948274832335795,0.6050006199379472,0.9191689361496325
RAD_OPERA_HOURLY_RAINFALL_ACCUMULATION_202301271000_patch001,ILDW,ILDW,>9000,170,3.32088620984739,3.3197334425271317,0.26552864544619736
RAD_OPERA_HOURLY_RAINFALL_ACCUMULATION_202301271800_patch000,ILDW,ILDW,≤125,5395,0.15376792483778234,-0.0006673807170417084,0.9693172591064724
RAD_OPERA_HOURLY_RAINFALL_ACCUMULATION_202301271800_patch000,ILDW,ILDW,"(125,375]",21090,0.14442193550653806,0.004424212380016544,0.9761586337369179
RAD_OPERA_HOURLY_RAINFALL_ACCUMULATION_202301271800_patch000,ILDW,ILDW,"(375,750]",34488,0.1560584008453765,-0.0019214905537754056,0.9764577991662813
RAD_OPERA_HOURLY_RAINFALL_ACCUMULATION_202301271800_patch000,ILDW,ILDW,"(750,1500]",67771,0.19222043217453288,-0.0032349960102971715,0.966656598267954
RAD_OPERA_HOURLY_RAINFALL_ACCUMULATION_202301271800_patch000,ILDW,ILDW,"(1500,3125]",115766,0.25557437361826446,0.004119019655712929,0.9397840953837466
RAD_OPERA_HOURLY_RAINFALL_ACCUMULATION_202301271800_patch000,ILDW,ILDW,"(3125,6000]",63094,0.36976267950500213,-0.005649857111320224,0.9160300895836758
RAD_OPERA_HOURLY_RAINFALL_ACCUMULATION_202301271800_patch000,ILDW,ILDW,"(6000,9000]",4971,0.5006277711248994,0.3438494626106473,0.9202905311442601
RAD_OPERA_HOURLY_RAINFALL_ACCUMULATION_202301271800_patch000,ILDW,ILDW,>9000,1,0.39964010658731897,0.39964010658731897,
RAD_OPERA_HOURLY_RAINFALL_ACCUMULATION_202301272100_patch001,ILDW,ILDW,≤125,4361,1.5969227798717913,0.055954682858754434,0.9399245315964683
RAD_OPERA_HOURLY_RAINFALL_ACCUMULATION_202301272100_patch001,ILDW,ILDW,"(125,375]",17119,1.292270570202796,-0.04429887698111592,0.9634881490414096
RAD_OPERA_HOURLY_RAINFALL_ACCUMULATION_202301272100_patch001,ILDW,ILDW,"(375,750]",25927,1.605325210203292,-0.196530719306842,0.960584680823602
RAD_OPERA_HOURLY_RAINFALL_ACCUMULATION_202301272100_patch001,ILDW,ILDW,"(750,1500]",47998,2.223575279249327,-0.4310118830436726,0.9347727426012582
RAD_OPERA_HOURLY_RAINFALL_ACCUMULATION_202301272100_patch001,ILDW,ILDW,"(1500,3125]",78136,2.9712520886006017,-0.4054416552043933,0.8476313997146828
RAD_OPERA_HOURLY_RAINFALL_ACCUMULATION_202301272100_patch001,ILDW,ILDW,"(3125,6000]",40134,3.436616912693756,0.7591338080032929,0.6856192103719692
RAD_OPERA_HOURLY_RAINFALL_ACCUMULATION_202301272100_patch001,ILDW,ILDW,"(6000,9000]",6879,3.90108723416412,3.0504052805765967,0.523939393897181
RAD_OPERA_HOURLY_RAINFALL_ACCUMULATION_202301272100_patch001,ILDW,ILDW,>9000,1654,3.8419060026050738,3.13501579210808,0.8843556389131949
RAD_OPERA_HOURLY_RAINFALL_ACCUMULATION_202301272300_patch000,ILDW,ILDW,≤125,4739,0.31730329373562266,0.019530147677409394,0.9726339138356461
RAD_OPERA_HOURLY_RAINFALL_ACCUMULATION_202301272300_patch000,ILDW,ILDW,"(125,375]",17811,0.2907197304524777,-0.013907159798857954,0.978454253063689
RAD_OPERA_HOURLY_RAINFALL_ACCUMULATION_202301272300_patch000,ILDW,ILDW,"(375,750]",26584,0.3560146048011892,-0.02285876940157601,0.9737035262424384
RAD_OPERA_HOURLY_RAINFALL_ACCUMULATION_202301272300_patch000,ILDW,ILDW,"(750,1500]",49607,0.4921352869902937,-0.05468145527709648,0.958260559607415
RAD_OPERA_HOURLY_RAINFALL_ACCUMULATION_202301272300_patch000,ILDW,ILDW,"(1500,3125]",83724,0.6877852729426206,-0.11238415846143508,0.9178463032617685
RAD_OPERA_HOURLY_RAINFALL_ACCUMULATION_202301272300_patch000,ILDW,ILDW,"(3125,6000]",46547,0.9943170908492159,-0.15531031619649116,0.7864338290893695
RAD_OPERA_HOURLY_RAINFALL_ACCUMULATION_202301272300_patch000,ILDW,ILDW,"(6000,9000]",5949,1.1060445956401175,0.4523831640039506,0.2718054235188126
RAD_OPERA_HOURLY_RAINFALL_ACCUMULATION_202301272300_patch000,ILDW,ILDW,>9000,1839,1.204432181433752,1.1535008172941843,0.6813874735741495
RAD_OPERA_HOURLY_RAINFALL_ACCUMULATION_202301272300_patch002,ILDW,ILDW,≤125,5768,1.083698296012457,-0.034209353983276646,0.961109304987457
RAD_OPERA_HOURLY_RAINFALL_ACCUMULATION_202301272300_patch002,ILDW,ILDW,"(125,375]",22309,1.0317282084940673,-0.012255168072667634,0.9630073245017751
RAD_OPERA_HOURLY_RAINFALL_ACCUMULATION_202301272300_patch002,ILDW,ILDW,"(375,750]",36274,1.1909361717495244,0.036450675098093556,0.9458342747098947
RAD_OPERA_HOURLY_RAINFALL_ACCUMULATION_202301272300_patch002,ILDW,ILDW,"(750,1500]",71451,1.5509311632133167,0.01575287786613643,0.9081935880902782
RAD_OPERA_HOURLY_RAINFALL_ACCUMULATION_202301272300_patch002,ILDW,ILDW,"(1500,3125]",122451,1.9423391942165549,0.04866119279619585,0.8665799705776012
RAD_OPERA_HOURLY_RAINFALL_ACCUMULATION_202301272300_patch002,ILDW,ILDW,"(3125,6000]",62604,2.1842219584840494,0.23065790068365277,0.8504596459774096
RAD_OPERA_HOURLY_RAINFALL_ACCUMULATION_202301272300_patch002,ILDW,ILDW,"(6000,9000]",1703,2.1107860355811523,0.5763671668430712,0.9313264978950465
RAD_OPERA_HOURLY_RAINFALL_ACCUMULATION_202301280000_patch001,ILDW,ILDW,≤125,4067,0.45134433268244795,-0.014901978271338165,0.9667077606503484
RAD_OPERA_HOURLY_RAINFALL_ACCUMULATION_202301280000_patch001,ILDW,ILDW,"(125,375]",16278,0.4203478525271107,0.011597618289681986,0.9714527182231084
RAD_OPERA_HOURLY_RAINFALL_ACCUMULATION_202301280000_patch001,ILDW,ILDW,"(375,750]",25812,0.47454515707542244,0.027390972342027007,0.9666455321895143
RAD_OPERA_HOURLY_RAINFALL_ACCUMULATION_202301280000_patch001,ILDW,ILDW,"(750,1500]",48116,0.6842352229083689,0.0028300954958717438,0.9412027335826008
RAD_OPERA_HOURLY_RAINFALL_ACCUMULATION_202301280000_patch001,ILDW,ILDW,"(1500,3125]",75981,0.9528200634479254,0.06989081687833949,0.9069624259908444
RAD_OPERA_HOURLY_RAINFALL_ACCUMULATION_202301280000_patch001,ILDW,ILDW,"(3125,6000]",35618,1.0176971341564425,0.2141747616373028,0.908594796885811
RAD_OPERA_HOURLY_RAINFALL_ACCUMULATION_202301280000_patch001,ILDW,ILDW,"(6000,9000]",1488,1.2147089287106336,0.6236005525417494,0.8427309894658326
RAD_OPERA_HOURLY_RAINFALL_ACCUMULATION_202301280700_patch000,ILDW,ILDW,≤125,4736,1.885398529007661,-0.012617682038089068,0.9466330290401577
RAD_OPERA_HOURLY_RAINFALL_ACCUMULATION_202301280700_patch000,ILDW,ILDW,"(125,375]",19319,1.5693864536185447,0.058063246883406174,0.954431729821268
RAD_OPERA_HOURLY_RAINFALL_ACCUMULATION_202301280700_patch000,ILDW,ILDW,"(375,750]",32179,1.6332825587947923,-0.01393569965783023,0.9529482538089465
RAD_OPERA_HOURLY_RAINFALL_ACCUMULATION_202301280700_patch000,ILDW,ILDW,"(750,1500]",64809,2.0459638324475478,-0.11721253540373745,0.933088082265624
RAD_OPERA_HOURLY_RAINFALL_ACCUMULATION_202301280700_patch000,ILDW,ILDW,"(1500,3125]",111200,2.746448891642701,0.030614871185202803,0.8822155542076873
RAD_OPERA_HOURLY_RAINFALL_ACCUMULATION_202301280700_patch000,ILDW,ILDW,"(3125,6000]",52343,3.6677754770537723,0.9726595888542297,0.6719658023868145
RAD_OPERA_HOURLY_RAINFALL_ACCUMULATION_202301280700_patch000,ILDW,ILDW,"(6000,9000]",2134,4.914123009043516,2.9564062665386306,0.3083848003843846
RAD_OPERA_HOURLY_RAINFALL_ACCUMULATION_202301280800_patch000,ILDW,ILDW,≤125,3789,1.9212228050625362,-0.13563946058933735,0.9700931554853651
RAD_OPERA_HOURLY_RAINFALL_ACCUMULATION_202301280800_patch000,ILDW,ILDW,"(125,375]",15303,1.5544774853395011,-0.00038456571299327625,0.975854822902794
RAD_OPERA_HOURLY_RAINFALL_ACCUMULATION_202301280800_patch000,ILDW,ILDW,"(375,750]",24416,1.6482154150875823,0.11674008490009431,0.9644340517467611
RAD_OPERA_HOURLY_RAINFALL_ACCUMULATION_202301280800_patch000,ILDW,ILDW,"(750,1500]",45694,2.0179019762553794,0.33838077745673284,0.9338952806525697
RAD_OPERA_HOURLY_RAINFALL_ACCUMULATION_202301280800_patch000,ILDW,ILDW,"(1500,3125]",70847,2.7513038863053816,0.9663662994240009,0.8518900875888832
RAD_OPERA_HOURLY_RAINFALL_ACCUMULATION_202301280800_patch000,ILDW,ILDW,"(3125,6000]",36972,3.3340874262132574,1.7023960043244069,0.7288939305339124
RAD_OPERA_HOURLY_RAINFALL_ACCUMULATION_202301280800_patch000,ILDW,ILDW,"(6000,9000]",1379,2.548991202979912,1.6531656042315301,0.4808850548186525
RAD_OPERA_HOURLY_RAINFALL_ACCUMULATION_202301280900_patch000,ILDW,ILDW,≤125,4739,0.5868150032918164,0.018365807427191707,0.9600110066417116
RAD_OPERA_HOURLY_RAINFALL_ACCUMULATION_202301280900_patch000,ILDW,ILDW,"(125,375]",17811,0.5526554946619695,-0.013221078259618548,0.9680580982655006
RAD_OPERA_HOURLY_RAINFALL_ACCUMULATION_202301280900_patch000,ILDW,ILDW,"(375,750]",26584,0.61762041553803,-0.019541530998218145,0.9639722414142092
RAD_OPERA_HOURLY_RAINFALL_ACCUMULATION_202301280900_patch000,ILDW,ILDW,"(750,1500]",49607,0.7849032946760943,-0.02510138865863308,0.942144947560499
RAD_OPERA_HOURLY_RAINFALL_ACCUMULATION_202301280900_patch000,ILDW,ILDW,"(1500,3125]",83724,0.9121654667225233,0.040023061454971684,0.9164583633526064
RAD_OPERA_HOURLY_RAINFALL_ACCUMULATION_202301280900_patch000,ILDW,ILDW,"(3125,6000]",46547,1.2418078450064585,0.11331421384495087,0.8498819213536813
RAD_OPERA_HOURLY_RAINFALL_ACCUMULATION_202301280900_patch000,ILDW,ILDW,"(6000,9000]",5949,1.325279672440607,0.6095950761877418,0.7672678488745891
RAD_OPERA_HOURLY_RAINFALL_ACCUMULATION_202301280900_patch000,ILDW,ILDW,>9000,1839,1.272731916145719,1.0555029034364432,0.13644183118407543
RAD_OPERA_HOURLY_RAINFALL_ACCUMULATION_202301281000_patch001,ILDW,ILDW,≤125,4538,1.1694166565840933,0.07427025730135799,0.9208767329310783
RAD_OPERA_HOURLY_RAINFALL_ACCUMULATION_202301281000_patch001,ILDW,ILDW,"(125,375]",16885,1.0632850609657396,-0.016766121817130993,0.9510030564451023
RAD_OPERA_HOURLY_RAINFALL_ACCUMULATION_202301281000_patch001,ILDW,ILDW,"(375,750]",25044,1.134850417300501,-0.09586241649130785,0.9625457579103648
RAD_OPERA_HOURLY_RAINFALL_ACCUMULATION_202301281000_patch001,ILDW,ILDW,"(750,1500]",46152,1.6880914074620632,-0.3306168215942436,0.9538687337985069
RAD_OPERA_HOURLY_RAINFALL_ACCUMULATION_202301281000_patch001,ILDW,ILDW,"(1500,3125]",77771,2.9660264938594727,-0.9029360679916638,0.9233720683542486
RAD_OPERA_HOURLY_RAINFALL_ACCUMULATION_202301281000_patch001,ILDW,ILDW,"(3125,6000]",38060,4.860155612941413,-2.0879774262844055,0.8927754977534567
RAD_OPERA_HOURLY_RAINFALL_ACCUMULATION_202301281000_patch001,ILDW,ILDW,"(6000,9000]",2697,4.250438186250329,-0.41286429980171085,0.9675462406559852
RAD_OPERA_HOURLY_RAINFALL_ACCUMULATION_202301281000_patch001,ILDW,ILDW,>9000,53,1.3348246241696542,1.3313169699269634,
RAD_OPERA_HOURLY_RAINFALL_ACCUMULATION_202301281900_patch000,ILDW,ILDW,≤125,4624,0.38730380699829353,0.03254205428935118,0.9620987155135192
RAD_OPERA_HOURLY_RAINFALL_ACCUMULATION_202301281900_patch000,ILDW,ILDW,"(125,375]",18731,0.3738153313451823,-0.009410061188490549,0.9682771953770765
RAD_OPERA_HOURLY_RAINFALL_ACCUMULATION_202301281900_patch000,ILDW,ILDW,"(375,750]",30721,0.4223638141598056,-0.02960383393191128,0.9655096097818167
RAD_OPERA_HOURLY_RAINFALL_ACCUMULATION_202301281900_patch000,ILDW,ILDW,"(750,1500]",60480,0.5403359678779491,-0.04955175087343486,0.9535186728293228
RAD_OPERA_HOURLY_RAINFALL_ACCUMULATION_202301281900_patch000,ILDW,ILDW,"(1500,3125]",102275,0.7085535219865838,0.014487056601177826,0.9094327503601655
RAD_OPERA_HOURLY_RAINFALL_ACCUMULATION_202301281900_patch000,ILDW,ILDW,"(3125,6000]",53363,0.7156376150816531,0.18230760663178552,0.8745582805056712
RAD_OPERA_HOURLY_RAINFALL_ACCUMULATION_202301281900_patch000,ILDW,ILDW,"(6000,9000]",4494,0.6344094115748652,0.39738835833325636,0.8402142731296841
RAD_OPERA_HOURLY_RAINFALL_ACCUMULATION_202301282100_patch000,ILDW,ILDW,≤125,4949,0.4331054100580233,0.0019578209997817377,0.9269283642172231
RAD_OPERA_HOURLY_RAINFALL_ACCUMULATION_202301282100_patch000,ILDW,ILDW,"(125,375]",18581,0.4225035036997816,0.0071050184251305265,0.9330267160766131
RAD_OPERA_HOURLY_RAINFALL_ACCUMULATION_202301282100_patch000,ILDW,ILDW,"(375,750]",27724,0.4559844598465292,0.028243170917533582,0.9189862443850152
RAD_OPERA_HOURLY_RAINFALL_ACCUMULATION_202301282100_patch000,ILDW,ILDW,"(750,1500]",51472,0.534833769797395,0.03951879453411754,0.8849050932928942
RAD_OPERA_HOURLY_RAINFALL_ACCUMULATION_202301282100_patch000,ILDW,ILDW,"(1500,3125]",89017,0.6774597217181286,0.0650027322138721,0.8118000126846604
RAD_OPERA_HOURLY_RAINFALL_ACCUMULATION_202301282100_patch000,ILDW,ILDW,"(3125,6000]",45865,0.7465064447140939,0.246324991288995,0.7440949025716607
RAD_OPERA_HOURLY_RAINFALL_ACCUMULATION_202301282100_patch000,ILDW,ILDW,"(6000,9000]",2008,0.9110467173806825,0.8053317638806324,0.626657394803664
RAD_OPERA_HOURLY_RAINFALL_ACCUMULATION_202301282200_patch000,ILDW,ILDW,≤125,5612,2.194591270432252,0.034522312678282804,0.9287932696336886
RAD_OPERA_HOURLY_RAINFALL_ACCUMULATION_202301282200_patch000,ILDW,ILDW,"(125,375]",22110,2.2479245636302907,0.05869343822809434,0.9295218731235096
RAD_OPERA_HOURLY_RAINFALL_ACCUMULATION_202301282200_patch000,ILDW,ILDW,"(375,750]",35046,2.6422965207508287,0.08570987342033737,0.916465003448749
RAD_OPERA_HOURLY_RAINFALL_ACCUMULATION_202301282200_patch000,ILDW,ILDW,"(750,1500]",65839,3.3306350911774594,0.21631178510873608,0.900593955074084
RAD_OPERA_HOURLY_RAINFALL_ACCUMULATION_202301282200_patch000,ILDW,ILDW,"(1500,3125]",112059,5.3779468410032525,-0.053057415878738225,0.8632860948954515
RAD_OPERA_HOURLY_RAINFALL_ACCUMULATION_202301282200_patch000,ILDW,ILDW,"(3125,6000]",70144,6.165566056346346,-1.056029157428143,0.7988870306131265
RAD_OPERA_HOURLY_RAINFALL_ACCUMULATION_202301282200_patch000,ILDW,ILDW,"(6000,9000]",6630,6.024593794372554,1.9319890227707182,0.6088859041428636
RAD_OPERA_HOURLY_RAINFALL_ACCUMULATION_202301282200_patch001,ILDW,ILDW,≤125,6976,1.312689030858592,-0.06216719119622489,0.9815888387349505
RAD_OPERA_HOURLY_RAINFALL_ACCUMULATION_202301282200_patch001,ILDW,ILDW,"(125,375]",27728,1.2767416123342723,0.02799419302255516,0.9801246265288359
RAD_OPERA_HOURLY_RAINFALL_ACCUMULATION_202301282200_patch001,ILDW,ILDW,"(375,750]",46891,1.3449005074687779,0.04343734006038423,0.9772382536244887
RAD_OPERA_HOURLY_RAINFALL_ACCUMULATION_202301282200_patch001,ILDW,ILDW,"(750,1500]",95950,1.5290044637836557,0.012481125662066278,0.9701957392454837
RAD_OPERA_HOURLY_RAINFALL_ACCUMULATION_202301282200_patch001,ILDW,ILDW,"(1500,3125]",174165,1.8416370776942634,0.13149976969321323,0.9524410747783707
RAD_OPERA_HOURLY_RAINFALL_ACCUMULATION_202301282200_patch001,ILDW,ILDW,"(3125,6000]",94327,1.988230591000301,0.22771776204900532,0.9408935588655702
RAD_OPERA_HOURLY_RAINFALL_ACCUMULATION_202301282200_patch001,ILDW,ILDW,"(6000,9000]",4507,1.617593335535068,1.1004326039700643,0.7794781573528293
RAD_OPERA_HOURLY_RAINFALL_ACCUMULATION_202301282200_patch001,ILDW,ILDW,>9000,16,2.532165165362042,2.525051293087497,0.7718110785959512
RAD_OPERA_HOURLY_RAINFALL_ACCUMULATION_202301290800_patch000,ILDW,ILDW,≤125,5262,0.30403306877503194,-0.0015027521765515713,0.889271964073303
RAD_OPERA_HOURLY_RAINFALL_ACCUMULATION_202301290800_patch000,ILDW,ILDW,"(125,375]",20568,0.28118623693557676,-0.016164235611468524,0.9127965536353307
RAD_OPERA_HOURLY_RAINFALL_ACCUMULATION_202301290800_patch000,ILDW,ILDW,"(375,750]",33486,0.30029529136820254,0.0037839763780249678,0.9107268259491709
RAD_OPERA_HOURLY_RAINFALL_ACCUMULATION_202301290800_patch000,ILDW,ILDW,"(750,1500]",65862,0.35837618252472553,0.0568511292509747,0.8724613135969558
RAD_OPERA_HOURLY_RAINFALL_ACCUMULATION_202301290800_patch000,ILDW,ILDW,"(1500,3125]",113228,0.48919900023059304,0.16093839763238005,0.7850706843702343
RAD_OPERA_HOURLY_RAINFALL_ACCUMULATION_202301290800_patch000,ILDW,ILDW,"(3125,6000]",62239,0.8123123625969441,0.3895609635818733,0.5540068653942516
RAD_OPERA_HOURLY_RAINFALL_ACCUMULATION_202301290800_patch000,ILDW,ILDW,"(6000,9000]",2459,1.207072763464317,0.8663958864168632,0.36733726893152513
RAD_OPERA_HOURLY_RAINFALL_ACCUMULATION_202301291100_patch000,ILDW,ILDW,≤125,3487,0.574901967396481,0.03025983021541341,0.9102556675574263
RAD_OPERA_HOURLY_RAINFALL_ACCUMULATION_202301291100_patch000,ILDW,ILDW,"(125,375]",13581,0.5245939514982463,-0.010671049293992558,0.9359013349918167
RAD_OPERA_HOURLY_RAINFALL_ACCUMULATION_202301291100_patch000,ILDW,ILDW,"(375,750]",20224,0.6217933622542063,-0.05435287869251352,0.9453727355458705
RAD_OPERA_HOURLY_RAINFALL_ACCUMULATION_202301291100_patch000,ILDW,ILDW,"(750,1500]",37125,0.9140809156038396,-0.19849449479542092,0.9330452602440601
RAD_OPERA_HOURLY_RAINFALL_ACCUMULATION_202301291100_patch000,ILDW,ILDW,"(1500,3125]",60628,1.3749004509948688,-0.46332789781070677,0.9048969891699621
RAD_OPERA_HOURLY_RAINFALL_ACCUMULATION_202301291100_patch000,ILDW,ILDW,"(3125,6000]",30024,1.281346384122357,-0.273781803501888,0.8600110996907782
RAD_OPERA_HOURLY_RAINFALL_ACCUMULATION_202301291100_patch000,ILDW,ILDW,"(6000,9000]",1331,0.6237400015917667,0.29735404459038794,0.7647357726704719
RAD_OPERA_HOURLY_RAINFALL_ACCUMULATION_202301291700_patch000,ILDW,ILDW,≤125,4436,0.14941728379879154,-0.004861522567670118,0.9930254372863275
RAD_OPERA_HOURLY_RAINFALL_ACCUMULATION_202301291700_patch000,ILDW,ILDW,"(125,375]",18292,0.1499180259944748,0.00272143525764209,0.9926658341116321
RAD_OPERA_HOURLY_RAINFALL_ACCUMULATION_202301291700_patch000,ILDW,ILDW,"(375,750]",30466,0.17752455708073375,0.00897545299001561,0.9882569040153054
RAD_OPERA_HOURLY_RAINFALL_ACCUMULATION_202301291700_patch000,ILDW,ILDW,"(750,1500]",61389,0.24114319170787551,0.026661384253700314,0.9739113303058594
RAD_OPERA_HOURLY_RAINFALL_ACCUMULATION_202301291700_patch000,ILDW,ILDW,"(1500,3125]",101766,0.34891825728066234,0.06250130423626248,0.9267537456053531
RAD_OPERA_HOURLY_RAINFALL_ACCUMULATION_202301291700_patch000,ILDW,ILDW,"(3125,6000]",46480,0.3820240583328776,0.08670923557374043,0.8586118848779357
RAD_OPERA_HOURLY_RAINFALL_ACCUMULATION_202301291700_patch000,ILDW,ILDW,"(6000,9000]",3411,0.4475625617751013,0.199600401898546,0.7937078753138507
RAD_OPERA_HOURLY_RAINFALL_ACCUMULATION_202301291900_patch000,ILDW,ILDW,≤125,7080,0.4073765955232387,-0.01348091086385938,0.9831773206431154
RAD_OPERA_HOURLY_RAINFALL_ACCUMULATION_202301291900_patch000,ILDW,ILDW,"(125,375]",28363,0.39295503573650736,0.01533128586029641,0.9825412050401062
RAD_OPERA_HOURLY_RAINFALL_ACCUMULATION_202301291900_patch000,ILDW,ILDW,"(375,750]",48321,0.4440802327659069,0.03569851260481433,0.9753151405541478
RAD_OPERA_HOURLY_RAINFALL_ACCUMULATION_202301291900_patch000,ILDW,ILDW,"(750,1500]",100191,0.5437080610130474,0.04533617308803756,0.959824304642601
RAD_OPERA_HOURLY_RAINFALL_ACCUMULATION_202301291900_patch000,ILDW,ILDW,"(1500,3125]",191182,0.721115976526724,0.014963374798290694,0.9328420947989404
RAD_OPERA_HOURLY_RAINFALL_ACCUMULATION_202301291900_patch000,ILDW,ILDW,"(3125,6000]",110001,0.8412545090570502,-0.04811182939787944,0.9302274905064575
RAD_OPERA_HOURLY_RAINFALL_ACCUMULATION_202301291900_patch000,ILDW,ILDW,"(6000,9000]",9824,1.0301139317766175,0.6636154993552564,0.7540556859604318
RAD_OPERA_HOURLY_RAINFALL_ACCUMULATION_202301291900_patch000,ILDW,ILDW,>9000,654,1.214117649667022,1.127994455764838,0.9231893406377256
RAD_OPERA_HOURLY_RAINFALL_ACCUMULATION_202301292200_patch002,ILDW,ILDW,≤125,3390,0.20893008399685967,0.011979959290572387,0.9589498371766507
RAD_OPERA_HOURLY_RAINFALL_ACCUMULATION_202301292200_patch002,ILDW,ILDW,"(125,375]",13291,0.1974241122813576,0.0005451708866501491,0.9685534621003173
RAD_OPERA_HOURLY_RAINFALL_ACCUMULATION_202301292200_patch002,ILDW,ILDW,"(375,750]",19563,0.2508517751395601,-0.023941834635045792,0.9684858475633299
RAD_OPERA_HOURLY_RAINFALL_ACCUMULATION_202301292200_patch002,ILDW,ILDW,"(750,1500]",36286,0.3723423789500309,-0.07387013399397281,0.9455110660914842
RAD_OPERA_HOURLY_RAINFALL_ACCUMULATION_202301292200_patch002,ILDW,ILDW,"(1500,3125]",59850,0.552077585265844,-0.12338309116752919,0.8942126079154772
RAD_OPERA_HOURLY_RAINFALL_ACCUMULATION_202301292200_patch002,ILDW,ILDW,"(3125,6000]",31192,0.664734808975934,0.014913546673067372,0.8849124940365617
RAD_OPERA_HOURLY_RAINFALL_ACCUMULATION_202301292200_patch002,ILDW,ILDW,"(6000,9000]",2828,0.8535265245736343,0.7000983366656566,0.8011719893423601
RAD_OPERA_HOURLY_RAINFALL_ACCUMULATION_202301292300_patch001,ILDW,ILDW,≤125,3907,0.36050453239140057,0.018072389267325642,0.9644317288801475
RAD_OPERA_HOURLY_RAINFALL_ACCUMULATION_202301292300_patch001,ILDW,ILDW,"(125,375]",15106,0.34967013825641535,-0.020922664160408753,0.9687699212112135
RAD_OPERA_HOURLY_RAINFALL_ACCUMULATION_202301292300_patch001,ILDW,ILDW,"(375,750]",22392,0.3901637302108387,-0.002188535313214704,0.961649267158098
RAD_OPERA_HOURLY_RAINFALL_ACCUMULATION_202301292300_patch001,ILDW,ILDW,"(750,1500]",41007,0.5032214394338851,-0.016955980982691264,0.9351188366616904
RAD_OPERA_HOURLY_RAINFALL_ACCUMULATION_202301292300_patch001,ILDW,ILDW,"(1500,3125]",70023,0.5843578183904011,-0.009254626289333056,0.8894290856725453
RAD_OPERA_HOURLY_RAINFALL_ACCUMULATION_202301292300_patch001,ILDW,ILDW,"(3125,6000]",32501,0.7149445594181599,0.07733124246214458,0.8021504887762617
RAD_OPERA_HOURLY_RAINFALL_ACCUMULATION_202301292300_patch001,ILDW,ILDW,"(6000,9000]",1432,1.4263691013447874,0.5978919962554045,0.4612767754841781
RAD_OPERA_HOURLY_RAINFALL_ACCUMULATION_202301292300_patch003,ILDW,ILDW,≤125,3610,0.11668278182101818,0.0019178493798304673,0.9736250450103524
RAD_OPERA_HOURLY_RAINFALL_ACCUMULATION_202301292300_patch003,ILDW,ILDW,"(125,375]",14108,0.11370592027868262,-0.002406193769007671,0.9777246428168683
RAD_OPERA_HOURLY_RAINFALL_ACCUMULATION_202301292300_patch003,ILDW,ILDW,"(375,750]",20775,0.13461577010176404,-0.006210495405284727,0.9754979559223349
RAD_OPERA_HOURLY_RAINFALL_ACCUMULATION_202301292300_patch003,ILDW,ILDW,"(750,1500]",37991,0.1761619396693205,-0.015007968084789701,0.9644447978053641
RAD_OPERA_HOURLY_RAINFALL_ACCUMULATION_202301292300_patch003,ILDW,ILDW,"(1500,3125]",63127,0.2558759382088079,-0.026795380322444547,0.9355888635941153
RAD_OPERA_HOURLY_RAINFALL_ACCUMULATION_202301292300_patch003,ILDW,ILDW,"(3125,6000]",30617,0.3010862709276412,-0.06441383792045353,0.9257514751032394
RAD_OPERA_HOURLY_RAINFALL_ACCUMULATION_202301292300_patch003,ILDW,ILDW,"(6000,9000]",2828,0.3642343503160617,0.14393788619754105,0.47391004634046235
RAD_OPERA_HOURLY_RAINFALL_ACCUMULATION_202301300000_patch001,ILDW,ILDW,≤125,4141,0.1744455207656452,0.00894255354486367,0.9516522684657877
RAD_OPERA_HOURLY_RAINFALL_ACCUMULATION_202301300000_patch001,ILDW,ILDW,"(125,375]",16335,0.17998492365087723,-0.00792998101740115,0.9587772093344896
RAD_OPERA_HOURLY_RAINFALL_ACCUMULATION_202301300000_patch001,ILDW,ILDW,"(375,750]",25337,0.20395282671093293,-0.01649380721997674,0.9584712134767303
RAD_OPERA_HOURLY_RAINFALL_ACCUMULATION_202301300000_patch001,ILDW,ILDW,"(750,1500]",47734,0.2829555935541506,-0.03767372018360081,0.9375048331403366
RAD_OPERA_HOURLY_RAINFALL_ACCUMULATION_202301300000_patch001,ILDW,ILDW,"(1500,3125]",78336,0.34879646969146844,-0.03599036523612511,0.8996691415551815
RAD_OPERA_HOURLY_RAINFALL_ACCUMULATION_202301300000_patch001,ILDW,ILDW,"(3125,6000]",34552,0.3243907494047014,0.008858177026043359,0.8987856903205399
RAD_OPERA_HOURLY_RAINFALL_ACCUMULATION_202301300000_patch001,ILDW,ILDW,"(6000,9000]",1437,0.42815794461248896,0.31852020065127234,0.8667413513740654
RAD_OPERA_HOURLY_RAINFALL_ACCUMULATION_202301300200_patch001,ILDW,ILDW,≤125,5782,0.16801093816195414,0.002233563126750081,0.9737375640812299
RAD_OPERA_HOURLY_RAINFALL_ACCUMULATION_202301300200_patch001,ILDW,ILDW,"(125,375]",23121,0.1708461989175043,-0.002104782466049741,0.9722034280583386
RAD_OPERA_HOURLY_RAINFALL_ACCUMULATION_202301300200_patch001,ILDW,ILDW,"(375,750]",39508,0.19070635158285706,-0.009223419908917832,0.9656643402656081
RAD_OPERA_HOURLY_RAINFALL_ACCUMULATION_202301300200_patch001,ILDW,ILDW,"(750,1500]",83743,0.24025451216003738,-0.022106527205453638,0.9452100414378037
RAD_OPERA_HOURLY_RAINFALL_ACCUMULATION_202301300200_patch001,ILDW,ILDW,"(1500,3125]",155901,0.33219382235498296,-0.040743765096871366,0.9017749657814128
RAD_OPERA_HOURLY_RAINFALL_ACCUMULATION_202301300200_patch001,ILDW,ILDW,"(3125,6000]",76905,0.4085743550137965,-0.03969700472847722,0.8631263717283818
RAD_OPERA_HOURLY_RAINFALL_ACCUMULATION_202301300200_patch001,ILDW,ILDW,"(6000,9000]",6563,0.43660510707752814,0.21840569072849944,0.8547614570788279
RAD_OPERA_HOURLY_RAINFALL_ACCUMULATION_202301300200_patch001,ILDW,ILDW,>9000,157,0.5160578347658885,0.5142739921582672,0.5753725915811854
RAD_OPERA_HOURLY_RAINFALL_ACCUMULATION_202301301000_patch000,ILDW,ILDW,≤125,6083,0.2633250859785653,0.016836120257307456,0.9596854119870798
RAD_OPERA_HOURLY_RAINFALL_ACCUMULATION_202301301000_patch000,ILDW,ILDW,"(125,375]",24156,0.24479351920226192,-0.006903301410811432,0.9693001981706701
RAD_OPERA_HOURLY_RAINFALL_ACCUMULATION_202301301000_patch000,ILDW,ILDW,"(375,750]",39430,0.27302522045978145,-0.010902479153127103,0.9676190948408371
RAD_OPERA_HOURLY_RAINFALL_ACCUMULATION_202301301000_patch000,ILDW,ILDW,"(750,1500]",77358,0.3554191556148868,-0.004494664850506284,0.9505923731225102
RAD_OPERA_HOURLY_RAINFALL_ACCUMULATION_202301301000_patch000,ILDW,ILDW,"(1500,3125]",133480,0.4777631921284697,0.032182757271086375,0.9117392046399128
RAD_OPERA_HOURLY_RAINFALL_ACCUMULATION_202301301000_patch000,ILDW,ILDW,"(3125,6000]",80920,0.7019998944062794,0.15644411076913758,0.8386975697287191
RAD_OPERA_HOURLY_RAINFALL_ACCUMULATION_202301301000_patch000,ILDW,ILDW,"(6000,9000]",9842,0.9949283634024115,0.657793778049141,0.7567124657070902
RAD_OPERA_HOURLY_RAINFALL_ACCUMULATION_202301301000_patch000,ILDW,ILDW,>9000,443,0.919396295452941,0.7667794459500082,0.5830202562260238
RAD_OPERA_HOURLY_RAINFALL_ACCUMULATION_202301302200_patch000,ILDW,ILDW,≤125,4949,0.6009112783882371,0.0022425287313181776,0.949016476109596
RAD_OPERA_HOURLY_RAINFALL_ACCUMULATION_202301302200_patch000,ILDW,ILDW,"(125,375]",18581,0.6235659897493772,-0.013332332096707585,0.9501238453267585
RAD_OPERA_HOURLY_RAINFALL_ACCUMULATION_202301302200_patch000,ILDW,ILDW,"(375,750]",27724,0.8084072513018675,-0.027330163245533497,0.9342283508671387
RAD_OPERA_HOURLY_RAINFALL_ACCUMULATION_202301302200_patch000,ILDW,ILDW,"(750,1500]",51472,1.132328511429349,-0.09016416263566411,0.9045112491609321
RAD_OPERA_HOURLY_RAINFALL_ACCUMULATION_202301302200_patch000,ILDW,ILDW,"(1500,3125]",89017,1.621512683434038,-0.1585455368493731,0.8006414545096893
RAD_OPERA_HOURLY_RAINFALL_ACCUMULATION_202301302200_patch000,ILDW,ILDW,"(3125,6000]",45865,1.9323185080418133,-0.09068032176709778,0.5753865116909347
RAD_OPERA_HOURLY_RAINFALL_ACCUMULATION_202301302200_patch000,ILDW,ILDW,"(6000,9000]",2008,2.183959776395887,0.3522970511042568,0.14778672066512752
RAD_OPERA_HOURLY_RAINFALL_ACCUMULATION_202301302200_patch001,ILDW,ILDW,≤125,6108,0.35402970081766155,0.019161273930635662,0.9511679310329565
RAD_OPERA_HOURLY_RAINFALL_ACCUMULATION_202301302200_patch001,ILDW,ILDW,"(125,375]",23986,0.359001151009947,-0.009673432270288551,0.9543093695378596
RAD_OPERA_HOURLY_RAINFALL_ACCUMULATION_202301302200_patch001,ILDW,ILDW,"(375,750]",39919,0.44917603988756505,-0.03314937353382126,0.9386493341276094
RAD_OPERA_HOURLY_RAINFALL_ACCUMULATION_202301302200_patch001,ILDW,ILDW,"(750,1500]",80953,0.5366428358585865,-0.03346558737590013,0.9137526750351973
RAD_OPERA_HOURLY_RAINFALL_ACCUMULATION_202301302200_patch001,ILDW,ILDW,"(1500,3125]",142104,0.6789727746173009,-0.04105519424453419,0.8519325325042498
RAD_OPERA_HOURLY_RAINFALL_ACCUMULATION_202301302200_patch001,ILDW,ILDW,"(3125,6000]",70835,0.7992356257779463,0.0796317853221476,0.7306762320005491
RAD_OPERA_HOURLY_RAINFALL_ACCUMULATION_202301302200_patch001,ILDW,ILDW,"(6000,9000]",3393,0.7752715005116878,0.4800066097408242,0.8400612570168784
RAD_OPERA_HOURLY_RAINFALL_ACCUMULATION_202301302200_patch001,ILDW,ILDW,>9000,62,0.9356866208940655,0.935636196896718,-0.12022753500918311
RAD_OPERA_HOURLY_RAINFALL_ACCUMULATION_202301302200_patch002,ILDW,ILDW,≤125,5246,0.9623579304307246,-0.0010946131331117466,0.909838817168805
RAD_OPERA_HOURLY_RAINFALL_ACCUMULATION_202301302200_patch002,ILDW,ILDW,"(125,375]",20443,0.913529581342576,-0.039020873975379865,0.9258984734600342
RAD_OPERA_HOURLY_RAINFALL_ACCUMULATION_202301302200_patch002,ILDW,ILDW,"(375,750]",33072,0.966811646132689,-0.014379014501782477,0.9105155928880115
RAD_OPERA_HOURLY_RAINFALL_ACCUMULATION_202301302200_patch002,ILDW,ILDW,"(750,1500]",64408,1.2961374001327892,-0.06481614981053117,0.8534162726321773
RAD_OPERA_HOURLY_RAINFALL_ACCUMULATION_202301302200_patch002,ILDW,ILDW,"(1500,3125]",110070,1.610849382401775,0.06812655007767879,0.7689949763151331
RAD_OPERA_HOURLY_RAINFALL_ACCUMULATION_202301302200_patch002,ILDW,ILDW,"(3125,6000]",59833,1.7619291201376708,0.5938927864521962,0.6469444359766066
RAD_OPERA_HOURLY_RAINFALL_ACCUMULATION_202301302200_patch002,ILDW,ILDW,"(6000,9000]",1840,2.251749747482378,1.5859044583578228,0.6687076754675393
RAD_OPERA_HOURLY_RAINFALL_ACCUMULATION_202301310000_patch001,ILDW,ILDW,≤125,4040,0.5004644976916873,0.043942976955334036,0.9046958751683329
RAD_OPERA_HOURLY_RAINFALL_ACCUMULATION_202301310000_patch001,ILDW,ILDW,"(125,375]",16430,0.45419680126720186,-0.028001360284748592,0.9320481487823024
RAD_OPERA_HOURLY_RAINFALL_ACCUMULATION_202301310000_patch001,ILDW,ILDW,"(375,750]",26966,0.5130722205009363,-0.05749641443429075,0.9253224132395211
RAD_OPERA_HOURLY_RAINFALL_ACCUMULATION_202301310000_patch001,ILDW,ILDW,"(750,1500]",52894,0.6563513759512509,-0.09973759936992777,0.8965734089549235
RAD_OPERA_HOURLY_RAINFALL_ACCUMULATION_202301310000_patch001,ILDW,ILDW,"(1500,3125]",83733,0.9008855327045678,-0.1269902257047338,0.8040370436464687
RAD_OPERA_HOURLY_RAINFALL_ACCUMULATION_202301310000_patch001,ILDW,ILDW,"(3125,6000]",44649,1.0251911494532633,0.010558212035536804,0.5877112821416021
RAD_OPERA_HOURLY_RAINFALL_ACCUMULATION_202301310000_patch001,ILDW,ILDW,"(6000,9000]",1688,0.6851841575723018,0.08486709725273667,0.7026261437335538
RAD_OPERA_HOURLY_RAINFALL_ACCUMULATION_202301310200_patch000,ILDW,ILDW,≤125,3610,0.6838565815603499,-0.017741590807255365,0.9484284173882581
RAD_OPERA_HOURLY_RAINFALL_ACCUMULATION_202301310200_patch000,ILDW,ILDW,"(125,375]",14108,0.6416437772131174,0.016116441057059044,0.9496164885472662
RAD_OPERA_HOURLY_RAINFALL_ACCUMULATION_202301310200_patch000,ILDW,ILDW,"(375,750]",20775,0.6517579143691753,0.08290817897425665,0.9342907991758778
RAD_OPERA_HOURLY_RAINFALL_ACCUMULATION_202301310200_patch000,ILDW,ILDW,"(750,1500]",37991,0.7719607522087674,0.17880990284447726,0.8919086141153151
RAD_OPERA_HOURLY_RAINFALL_ACCUMULATION_202301310200_patch000,ILDW,ILDW,"(1500,3125]",63127,0.9929201814066687,0.2821830530626084,0.7952575039306151
RAD_OPERA_HOURLY_RAINFALL_ACCUMULATION_202301310200_patch000,ILDW,ILDW,"(3125,6000]",30617,1.3086729629806628,0.39162906473469294,0.6209346495526201
RAD_OPERA_HOURLY_RAINFALL_ACCUMULATION_202301310200_patch000,ILDW,ILDW,"(6000,9000]",2828,1.8174661157312817,1.6090236889038003,0.6102758334738098
RAD_OPERA_HOURLY_RAINFALL_ACCUMULATION_202301310900_patch000,ILDW,ILDW,≤125,4327,0.39045903130695353,-0.015212608396187335,0.9707471246479475
RAD_OPERA_HOURLY_RAINFALL_ACCUMULATION_202301310900_patch000,ILDW,ILDW,"(125,375]",17469,0.3863594407327414,0.01080836657210558,0.9694334170556859
RAD_OPERA_HOURLY_RAINFALL_ACCUMULATION_202301310900_patch000,ILDW,ILDW,"(375,750]",28304,0.4406118324887819,0.023830987254046,0.9569526422197596
RAD_OPERA_HOURLY_RAINFALL_ACCUMULATION_202301310900_patch000,ILDW,ILDW,"(750,1500]",54744,0.5666168812108722,0.04616822837376044,0.9314528304310352
RAD_OPERA_HOURLY_RAINFALL_ACCUMULATION_202301310900_patch000,ILDW,ILDW,"(1500,3125]",84620,0.836782369973362,0.08537865492428895,0.8535198331488912
RAD_OPERA_HOURLY_RAINFALL_ACCUMULATION_202301310900_patch000,ILDW,ILDW,"(3125,6000]",39893,1.0051777827929955,0.02678853445731433,0.7927596028606072
RAD_OPERA_HOURLY_RAINFALL_ACCUMULATION_202301310900_patch000,ILDW,ILDW,"(6000,9000]",4424,1.074176481272662,0.3639384133218503,0.52801960435475
RAD_OPERA_HOURLY_RAINFALL_ACCUMULATION_202301310900_patch000,ILDW,ILDW,>9000,1227,1.4794856408031143,1.2241431382493826,0.2704732643408929
RAD_OPERA_HOURLY_RAINFALL_ACCUMULATION_202301311600_patch000,ILDW,ILDW,≤125,4960,0.29536191966730474,0.0053046545235441505,0.980121856299341
RAD_OPERA_HOURLY_RAINFALL_ACCUMULATION_202301311600_patch000,ILDW,ILDW,"(125,375]",18632,0.2938071884416678,0.005585974506461163,0.9789287981478584
RAD_OPERA_HOURLY_RAINFALL_ACCUMULATION_202301311600_patch000,ILDW,ILDW,"(375,750]",27830,0.326943280159765,0.01783379970820151,0.9712710082680014
RAD_OPERA_HOURLY_RAINFALL_ACCUMULATION_202301311600_patch000,ILDW,ILDW,"(750,1500]",51558,0.38937797147231895,-0.0013659453970598077,0.9530780460764967
RAD_OPERA_HOURLY_RAINFALL_ACCUMULATION_202301311600_patch000,ILDW,ILDW,"(1500,3125]",90058,0.4726095785507635,0.033068605941288146,0.9197093691968536
RAD_OPERA_HOURLY_RAINFALL_ACCUMULATION_202301311600_patch000,ILDW,ILDW,"(3125,6000]",52277,0.5515986807376558,0.056148950006316006,0.8741038481354227
RAD_OPERA_HOURLY_RAINFALL_ACCUMULATION_202301311600_patch000,ILDW,ILDW,"(6000,9000]",10952,0.8883337065888823,-0.03195842046013571,0.6693549112378796
RAD_OPERA_HOURLY_RAINFALL_ACCUMULATION_202301311600_patch000,ILDW,ILDW,>9000,3317,0.9919308393923312,0.3204744562096271,0.29646389914240134
RAD_OPERA_HOURLY_RAINFALL_ACCUMULATION_202301312000_patch001,ILDW,ILDW,≤125,4119,0.3194655886688159,0.0042767921729114965,0.9445685327194183
RAD_OPERA_HOURLY_RAINFALL_ACCUMULATION_202301312000_patch001,ILDW,ILDW,"(125,375]",15923,0.31068973986699167,-0.004543354049377146,0.9366405294679051
RAD_OPERA_HOURLY_RAINFALL_ACCUMULATION_202301312000_patch001,ILDW,ILDW,"(375,750]",23477,0.3469527937047672,-0.007066305394781902,0.9179401669715925
RAD_OPERA_HOURLY_RAINFALL_ACCUMULATION_202301312000_patch001,ILDW,ILDW,"(750,1500]",42558,0.46381401162469127,-0.05984598371422883,0.8631803492267045
RAD_OPERA_HOURLY_RAINFALL_ACCUMULATION_202301312000_patch001,ILDW,ILDW,"(1500,3125]",72310,0.6777833473142876,-0.13117148737899484,0.7226696835465947
RAD_OPERA_HOURLY_RAINFALL_ACCUMULATION_202301312000_patch001,ILDW,ILDW,"(3125,6000]",35394,0.8788356395797403,-0.26919772766992883,0.6127453638891627
RAD_OPERA_HOURLY_RAINFALL_ACCUMULATION_202301312000_patch001,ILDW,ILDW,"(6000,9000]",4806,0.8591711797257661,0.01373452870014921,0.09813405650091334
RAD_OPERA_HOURLY_RAINFALL_ACCUMULATION_202301312000_patch001,ILDW,ILDW,>9000,1093,1.150845017716833,1.0781565223827982,-0.634734582902293
RAD_OPERA_HOURLY_RAINFALL_ACCUMULATION_202301180600_patch000,OPT_NORM_ILDW_MULT_ILDW_INIT,"Nonlinear Optimizer (300 iters, normal shrinkage)",≤125,4307,0.32476782791370723,0.018410059348153547,0.9871197494320145
RAD_OPERA_HOURLY_RAINFALL_ACCUMULATION_202301180600_patch000,OPT_NORM_ILDW_MULT_ILDW_INIT,"Nonlinear Optimizer (300 iters, normal shrinkage)","(125,375]",16831,0.3790497966144823,-0.017765089542808667,0.9819703419927871
RAD_OPERA_HOURLY_RAINFALL_ACCUMULATION_202301180600_patch000,OPT_NORM_ILDW_MULT_ILDW_INIT,"Nonlinear Optimizer (300 iters, normal shrinkage)","(375,750]",25567,0.5261870590146248,-0.10817670736001589,0.966191708303894
RAD_OPERA_HOURLY_RAINFALL_ACCUMULATION_202301180600_patch000,OPT_NORM_ILDW_MULT_ILDW_INIT,"Nonlinear Optimizer (300 iters, normal shrinkage)","(750,1500]",46989,0.7934181525838011,-0.3053252637974897,0.927343725143473
RAD_OPERA_HOURLY_RAINFALL_ACCUMULATION_202301180600_patch000,OPT_NORM_ILDW_MULT_ILDW_INIT,"Nonlinear Optimizer (300 iters, normal shrinkage)","(1500,3125]",76874,1.3077288665707645,-0.7764500232989258,0.8440689295226816
RAD_OPERA_HOURLY_RAINFALL_ACCUMULATION_202301180600_patch000,OPT_NORM_ILDW_MULT_ILDW_INIT,"Nonlinear Optimizer (300 iters, normal shrinkage)","(3125,6000]",38395,1.5100885216413926,-0.933548310886123,0.7373296719731984
RAD_OPERA_HOURLY_RAINFALL_ACCUMULATION_202301180600_patch000,OPT_NORM_ILDW_MULT_ILDW_INIT,"Nonlinear Optimizer (300 iters, normal shrinkage)","(6000,9000]",4984,0.9367489891168819,-0.56604461411364,0.43526815094489574
RAD_OPERA_HOURLY_RAINFALL_ACCUMULATION_202301180600_patch000,OPT_NORM_ILDW_MULT_ILDW_INIT,"Nonlinear Optimizer (300 iters, normal shrinkage)",>9000,1093,0.7942396115436641,-0.6077540409423186,-0.6595220852644074
RAD_OPERA_HOURLY_RAINFALL_ACCUMULATION_202301180900_patch002,OPT_NORM_ILDW_MULT_ILDW_INIT,"Nonlinear Optimizer (300 iters, normal shrinkage)",≤125,3902,0.2822909718540408,0.0062402109553096295,0.9906493024971357
RAD_OPERA_HOURLY_RAINFALL_ACCUMULATION_202301180900_patch002,OPT_NORM_ILDW_MULT_ILDW_INIT,"Nonlinear Optimizer (300 iters, normal shrinkage)","(125,375]",15131,0.3694973316436214,-0.011817061087450733,0.9839942993164554
RAD_OPERA_HOURLY_RAINFALL_ACCUMULATION_202301180900_patch002,OPT_NORM_ILDW_MULT_ILDW_INIT,"Nonlinear Optimizer (300 iters, normal shrinkage)","(375,750]",22331,0.5129801159632129,-0.016524132919724592,0.9689197152359842
RAD_OPERA_HOURLY_RAINFALL_ACCUMULATION_202301180900_patch002,OPT_NORM_ILDW_MULT_ILDW_INIT,"Nonlinear Optimizer (300 iters, normal shrinkage)","(750,1500]",41053,0.7560088326318085,-0.0661222426528021,0.9334591855805504
RAD_OPERA_HOURLY_RAINFALL_ACCUMULATION_202301180900_patch002,OPT_NORM_ILDW_MULT_ILDW_INIT,"Nonlinear Optimizer (300 iters, normal shrinkage)","(1500,3125]",69051,1.2322436207211844,-0.2629961671333143,0.8522335863552466
RAD_OPERA_HOURLY_RAINFALL_ACCUMULATION_202301180900_patch002,OPT_NORM_ILDW_MULT_ILDW_INIT,"Nonlinear Optimizer (300 iters, normal shrinkage)","(3125,6000]",34633,2.1711441631903705,-0.4230641765946038,0.5712101450374514
RAD_OPERA_HOURLY_RAINFALL_ACCUMULATION_202301180900_patch002,OPT_NORM_ILDW_MULT_ILDW_INIT,"Nonlinear Optimizer (300 iters, normal shrinkage)","(6000,9000]",4806,2.7493647267919568,1.4530923993102323,-0.6270841431665626
RAD_OPERA_HOURLY_RAINFALL_ACCUMULATION_202301180900_patch002,OPT_NORM_ILDW_MULT_ILDW_INIT,"Nonlinear Optimizer (300 iters, normal shrinkage)",>9000,1093,2.62929681646241,0.7905502811224223,-0.9278314275423354
RAD_OPERA_HOURLY_RAINFALL_ACCUMULATION_202301181200_patch003,OPT_NORM_ILDW_MULT_ILDW_INIT,"Nonlinear Optimizer (300 iters, normal shrinkage)",≤125,3836,0.38859506202212907,0.0132834793935089,0.9846777769897948
RAD_OPERA_HOURLY_RAINFALL_ACCUMULATION_202301181200_patch003,OPT_NORM_ILDW_MULT_ILDW_INIT,"Nonlinear Optimizer (300 iters, normal shrinkage)","(125,375]",15470,0.4035926573914373,-0.028392807531422867,0.9782358985015596
RAD_OPERA_HOURLY_RAINFALL_ACCUMULATION_202301181200_patch003,OPT_NORM_ILDW_MULT_ILDW_INIT,"Nonlinear Optimizer (300 iters, normal shrinkage)","(375,750]",24747,0.5137908841994199,-0.1557921768455135,0.9641055890318507
RAD_OPERA_HOURLY_RAINFALL_ACCUMULATION_202301181200_patch003,OPT_NORM_ILDW_MULT_ILDW_INIT,"Nonlinear Optimizer (300 iters, normal shrinkage)","(750,1500]",46358,0.7538873848302076,-0.37966689135408727,0.9423167192039021
RAD_OPERA_HOURLY_RAINFALL_ACCUMULATION_202301181200_patch003,OPT_NORM_ILDW_MULT_ILDW_INIT,"Nonlinear Optimizer (300 iters, normal shrinkage)","(1500,3125]",72954,1.0391624305488183,-0.5092952954162488,0.9051003588551371
RAD_OPERA_HOURLY_RAINFALL_ACCUMULATION_202301181200_patch003,OPT_NORM_ILDW_MULT_ILDW_INIT,"Nonlinear Optimizer (300 iters, normal shrinkage)","(3125,6000]",38442,1.0411672734894064,-0.25608453186903407,0.8439591002445109
RAD_OPERA_HOURLY_RAINFALL_ACCUMULATION_202301181200_patch003,OPT_NORM_ILDW_MULT_ILDW_INIT,"Nonlinear Optimizer (300 iters, normal shrinkage)","(6000,9000]",2993,0.6177970841180752,-0.144959710142583,0.7373743497796956
RAD_OPERA_HOURLY_RAINFALL_ACCUMULATION_202301181300_patch002,OPT_NORM_ILDW_MULT_ILDW_INIT,"Nonlinear Optimizer (300 iters, normal shrinkage)",≤125,4067,0.1955254719442196,0.008089637826694914,0.9866858804679425
RAD_OPERA_HOURLY_RAINFALL_ACCUMULATION_202301181300_patch002,OPT_NORM_ILDW_MULT_ILDW_INIT,"Nonlinear Optimizer (300 iters, normal shrinkage)","(125,375]",16278,0.22445334743730852,-0.006367329539648071,0.9815395422920586
RAD_OPERA_HOURLY_RAINFALL_ACCUMULATION_202301181300_patch002,OPT_NORM_ILDW_MULT_ILDW_INIT,"Nonlinear Optimizer (300 iters, normal shrinkage)","(375,750]",25812,0.31720700161865384,-0.06491641586425044,0.953692688643405
RAD_OPERA_HOURLY_RAINFALL_ACCUMULATION_202301181300_patch002,OPT_NORM_ILDW_MULT_ILDW_INIT,"Nonlinear Optimizer (300 iters, normal shrinkage)","(750,1500]",48116,0.4544123712547948,-0.1933316769732909,0.9167549714352298
RAD_OPERA_HOURLY_RAINFALL_ACCUMULATION_202301181300_patch002,OPT_NORM_ILDW_MULT_ILDW_INIT,"Nonlinear Optimizer (300 iters, normal shrinkage)","(1500,3125]",75981,0.7317285657420356,-0.46165657023374657,0.8451824866720973
RAD_OPERA_HOURLY_RAINFALL_ACCUMULATION_202301181300_patch002,OPT_NORM_ILDW_MULT_ILDW_INIT,"Nonlinear Optimizer (300 iters, normal shrinkage)","(3125,6000]",35618,0.7386450208495116,-0.5572369190635683,0.7747188114610741
RAD_OPERA_HOURLY_RAINFALL_ACCUMULATION_202301181300_patch002,OPT_NORM_ILDW_MULT_ILDW_INIT,"Nonlinear Optimizer (300 iters, normal shrinkage)","(6000,9000]",1488,0.6653801242484666,-0.4280383841645333,0.5043654999768421
RAD_OPERA_HOURLY_RAINFALL_ACCUMULATION_202301181900_patch000,OPT_NORM_ILDW_MULT_ILDW_INIT,"Nonlinear Optimizer (300 iters, normal shrinkage)",≤125,5288,0.11601535119425439,0.004046106682850806,0.9948628582750285
RAD_OPERA_HOURLY_RAINFALL_ACCUMULATION_202301181900_patch000,OPT_NORM_ILDW_MULT_ILDW_INIT,"Nonlinear Optimizer (300 iters, normal shrinkage)","(125,375]",20528,0.14849575640697793,-0.0037379601334431444,0.9922203664468827
RAD_OPERA_HOURLY_RAINFALL_ACCUMULATION_202301181900_patch000,OPT_NORM_ILDW_MULT_ILDW_INIT,"Nonlinear Optimizer (300 iters, normal shrinkage)","(375,750]",32454,0.1932100395960723,-0.024850228553545,0.9886879048954151
RAD_OPERA_HOURLY_RAINFALL_ACCUMULATION_202301181900_patch000,OPT_NORM_ILDW_MULT_ILDW_INIT,"Nonlinear Optimizer (300 iters, normal shrinkage)","(750,1500]",61361,0.277459456948472,-0.0843354152685734,0.981767256157719
RAD_OPERA_HOURLY_RAINFALL_ACCUMULATION_202301181900_patch000,OPT_NORM_ILDW_MULT_ILDW_INIT,"Nonlinear Optimizer (300 iters, normal shrinkage)","(1500,3125]",101172,0.4569727162880812,-0.18286063473098588,0.9601176076895627
RAD_OPERA_HOURLY_RAINFALL_ACCUMULATION_202301181900_patch000,OPT_NORM_ILDW_MULT_ILDW_INIT,"Nonlinear Optimizer (300 iters, normal shrinkage)","(3125,6000]",52907,0.5645027040935578,-0.20150403460703148,0.9406583567581327
RAD_OPERA_HOURLY_RAINFALL_ACCUMULATION_202301181900_patch000,OPT_NORM_ILDW_MULT_ILDW_INIT,"Nonlinear Optimizer (300 iters, normal shrinkage)","(6000,9000]",3681,0.28673973273981196,0.0972287626377884,0.9708701012983803
RAD_OPERA_HOURLY_RAINFALL_ACCUMULATION_202301181900_patch000,OPT_NORM_ILDW_MULT_ILDW_INIT,"Nonlinear Optimizer (300 iters, normal shrinkage)",>9000,369,0.16843373397179762,0.16835679691335373,0.27058524521710753
RAD_OPERA_HOURLY_RAINFALL_ACCUMULATION_202301190000_patch000,OPT_NORM_ILDW_MULT_ILDW_INIT,"Nonlinear Optimizer (300 iters, normal shrinkage)",≤125,4743,0.13855083196827206,0.009094933781874173,0.9976154162338983
RAD_OPERA_HOURLY_RAINFALL_ACCUMULATION_202301190000_patch000,OPT_NORM_ILDW_MULT_ILDW_INIT,"Nonlinear Optimizer (300 iters, normal shrinkage)","(125,375]",19207,0.17482511787986058,-0.007167678721066398,0.9960124672953077
RAD_OPERA_HOURLY_RAINFALL_ACCUMULATION_202301190000_patch000,OPT_NORM_ILDW_MULT_ILDW_INIT,"Nonlinear Optimizer (300 iters, normal shrinkage)","(375,750]",31346,0.23613838543668467,-0.03356078721557695,0.9928008816443893
RAD_OPERA_HOURLY_RAINFALL_ACCUMULATION_202301190000_patch000,OPT_NORM_ILDW_MULT_ILDW_INIT,"Nonlinear Optimizer (300 iters, normal shrinkage)","(750,1500]",61078,0.3153826139042961,-0.0913447891257867,0.9864271049290442
RAD_OPERA_HOURLY_RAINFALL_ACCUMULATION_202301190000_patch000,OPT_NORM_ILDW_MULT_ILDW_INIT,"Nonlinear Optimizer (300 iters, normal shrinkage)","(1500,3125]",101514,0.4961946487217652,-0.21053610991545738,0.9660589689653195
RAD_OPERA_HOURLY_RAINFALL_ACCUMULATION_202301190000_patch000,OPT_NORM_ILDW_MULT_ILDW_INIT,"Nonlinear Optimizer (300 iters, normal shrinkage)","(3125,6000]",51996,0.6127032518680342,-0.13216791556050056,0.9272819931781116
RAD_OPERA_HOURLY_RAINFALL_ACCUMULATION_202301190000_patch000,OPT_NORM_ILDW_MULT_ILDW_INIT,"Nonlinear Optimizer (300 iters, normal shrinkage)","(6000,9000]",5503,0.5528816841517348,0.3223130838796916,0.7478057286321914
RAD_OPERA_HOURLY_RAINFALL_ACCUMULATION_202301190000_patch000,OPT_NORM_ILDW_MULT_ILDW_INIT,"Nonlinear Optimizer (300 iters, normal shrinkage)",>9000,1093,1.0523104557138632,1.026497502776318,0.3013664317370915
RAD_OPERA_HOURLY_RAINFALL_ACCUMULATION_202301190300_patch000,OPT_NORM_ILDW_MULT_ILDW_INIT,"Nonlinear Optimizer (300 iters, normal shrinkage)",≤125,5625,0.27655358092103505,0.009457422807481554,0.9887134232796785
RAD_OPERA_HOURLY_RAINFALL_ACCUMULATION_202301190300_patch000,OPT_NORM_ILDW_MULT_ILDW_INIT,"Nonlinear Optimizer (300 iters, normal shrinkage)","(125,375]",22142,0.3090046961777325,0.0031920237120612077,0.9847330946383129
RAD_OPERA_HOURLY_RAINFALL_ACCUMULATION_202301190300_patch000,OPT_NORM_ILDW_MULT_ILDW_INIT,"Nonlinear Optimizer (300 iters, normal shrinkage)","(375,750]",36071,0.39168522071676193,-0.04341738632707447,0.9777788098115232
RAD_OPERA_HOURLY_RAINFALL_ACCUMULATION_202301190300_patch000,OPT_NORM_ILDW_MULT_ILDW_INIT,"Nonlinear Optimizer (300 iters, normal shrinkage)","(750,1500]",71147,0.5416756290107807,-0.18529785272217128,0.9599001739265093
RAD_OPERA_HOURLY_RAINFALL_ACCUMULATION_202301190300_patch000,OPT_NORM_ILDW_MULT_ILDW_INIT,"Nonlinear Optimizer (300 iters, normal shrinkage)","(1500,3125]",121319,0.8972607882315453,-0.5003123856724556,0.9262609199835021
RAD_OPERA_HOURLY_RAINFALL_ACCUMULATION_202301190300_patch000,OPT_NORM_ILDW_MULT_ILDW_INIT,"Nonlinear Optimizer (300 iters, normal shrinkage)","(3125,6000]",72157,1.2578784793109035,-0.6379391720529647,0.8855382695991184
RAD_OPERA_HOURLY_RAINFALL_ACCUMULATION_202301190300_patch000,OPT_NORM_ILDW_MULT_ILDW_INIT,"Nonlinear Optimizer (300 iters, normal shrinkage)","(6000,9000]",16588,1.099021585313622,-0.17763234327644045,0.6962068622033178
RAD_OPERA_HOURLY_RAINFALL_ACCUMULATION_202301190300_patch000,OPT_NORM_ILDW_MULT_ILDW_INIT,"Nonlinear Optimizer (300 iters, normal shrinkage)",>9000,4391,1.017774609789033,-0.13939030694814947,0.5482543753658959
RAD_OPERA_HOURLY_RAINFALL_ACCUMULATION_202301190300_patch001,OPT_NORM_ILDW_MULT_ILDW_INIT,"Nonlinear Optimizer (300 iters, normal shrinkage)",≤125,6138,0.5974239336843207,-0.01900081551375607,0.9516868140163468
RAD_OPERA_HOURLY_RAINFALL_ACCUMULATION_202301190300_patch001,OPT_NORM_ILDW_MULT_ILDW_INIT,"Nonlinear Optimizer (300 iters, normal shrinkage)","(125,375]",24392,0.6017885009034836,-0.017361145862105288,0.944199686233905
RAD_OPERA_HOURLY_RAINFALL_ACCUMULATION_202301190300_patch001,OPT_NORM_ILDW_MULT_ILDW_INIT,"Nonlinear Optimizer (300 iters, normal shrinkage)","(375,750]",39715,0.648291480040054,-0.003021842333106544,0.9283569336683279
RAD_OPERA_HOURLY_RAINFALL_ACCUMULATION_202301190300_patch001,OPT_NORM_ILDW_MULT_ILDW_INIT,"Nonlinear Optimizer (300 iters, normal shrinkage)","(750,1500]",78272,0.7019468145960429,0.005262432216072353,0.9071899816607474
RAD_OPERA_HOURLY_RAINFALL_ACCUMULATION_202301190300_patch001,OPT_NORM_ILDW_MULT_ILDW_INIT,"Nonlinear Optimizer (300 iters, normal shrinkage)","(1500,3125]",134070,0.9385468010373493,-0.0726957074097452,0.8356504191336864
RAD_OPERA_HOURLY_RAINFALL_ACCUMULATION_202301190300_patch001,OPT_NORM_ILDW_MULT_ILDW_INIT,"Nonlinear Optimizer (300 iters, normal shrinkage)","(3125,6000]",75249,1.0214398352401728,-0.13246270648048034,0.8132159091906532
RAD_OPERA_HOURLY_RAINFALL_ACCUMULATION_202301190300_patch001,OPT_NORM_ILDW_MULT_ILDW_INIT,"Nonlinear Optimizer (300 iters, normal shrinkage)","(6000,9000]",6503,0.6849833872064806,0.2529562867310286,0.9147794036174809
RAD_OPERA_HOURLY_RAINFALL_ACCUMULATION_202301190300_patch001,OPT_NORM_ILDW_MULT_ILDW_INIT,"Nonlinear Optimizer (300 iters, normal shrinkage)",>9000,1229,0.008332358034037032,0.00020710379266633466,0.9999925615695465
RAD_OPERA_HOURLY_RAINFALL_ACCUMULATION_202301190700_patch000,OPT_NORM_ILDW_MULT_ILDW_INIT,"Nonlinear Optimizer (300 iters, normal shrinkage)",≤125,6028,0.15791913280465178,0.002503167029517173,0.9944562998564666
RAD_OPERA_HOURLY_RAINFALL_ACCUMULATION_202301190700_patch000,OPT_NORM_ILDW_MULT_ILDW_INIT,"Nonlinear Optimizer (300 iters, normal shrinkage)","(125,375]",23900,0.18396503494810598,-0.0013615865868255184,0.9926086246797483
RAD_OPERA_HOURLY_RAINFALL_ACCUMULATION_202301190700_patch000,OPT_NORM_ILDW_MULT_ILDW_INIT,"Nonlinear Optimizer (300 iters, normal shrinkage)","(375,750]",38804,0.26208183933851115,-0.03891401314249101,0.9869680397561492
RAD_OPERA_HOURLY_RAINFALL_ACCUMULATION_202301190700_patch000,OPT_NORM_ILDW_MULT_ILDW_INIT,"Nonlinear Optimizer (300 iters, normal shrinkage)","(750,1500]",75204,0.36098453178494183,-0.08577024579998452,0.9768381458362155
RAD_OPERA_HOURLY_RAINFALL_ACCUMULATION_202301190700_patch000,OPT_NORM_ILDW_MULT_ILDW_INIT,"Nonlinear Optimizer (300 iters, normal shrinkage)","(1500,3125]",129043,0.5226805520952784,-0.12201595886014391,0.9558117812020542
RAD_OPERA_HOURLY_RAINFALL_ACCUMULATION_202301190700_patch000,OPT_NORM_ILDW_MULT_ILDW_INIT,"Nonlinear Optimizer (300 iters, normal shrinkage)","(3125,6000]",74735,0.6898992057309217,-0.1577114916945601,0.902145255448818
RAD_OPERA_HOURLY_RAINFALL_ACCUMULATION_202301190700_patch000,OPT_NORM_ILDW_MULT_ILDW_INIT,"Nonlinear Optimizer (300 iters, normal shrinkage)","(6000,9000]",6675,0.9154438586294495,-0.4742127866350979,0.7669602818796981
RAD_OPERA_HOURLY_RAINFALL_ACCUMULATION_202301190700_patch000,OPT_NORM_ILDW_MULT_ILDW_INIT,"Nonlinear Optimizer (300 iters, normal shrinkage)",>9000,427,1.1894622688425518,-0.8210862248228641,0.11002919601973155
RAD_OPERA_HOURLY_RAINFALL_ACCUMULATION_202301190800_patch001,OPT_NORM_ILDW_MULT_ILDW_INIT,"Nonlinear Optimizer (300 iters, normal shrinkage)",≤125,4739,0.2526425809719548,0.006978095546254732,0.9832633019227279
RAD_OPERA_HOURLY_RAINFALL_ACCUMULATION_202301190800_patch001,OPT_NORM_ILDW_MULT_ILDW_INIT,"Nonlinear Optimizer (300 iters, normal shrinkage)","(125,375]",17811,0.291610185662605,-0.015127463428036192,0.9757859930236545
RAD_OPERA_HOURLY_RAINFALL_ACCUMULATION_202301190800_patch001,OPT_NORM_ILDW_MULT_ILDW_INIT,"Nonlinear Optimizer (300 iters, normal shrinkage)","(375,750]",26584,0.3998562199815557,-0.08420021276166559,0.9603774846931149
RAD_OPERA_HOURLY_RAINFALL_ACCUMULATION_202301190800_patch001,OPT_NORM_ILDW_MULT_ILDW_INIT,"Nonlinear Optimizer (300 iters, normal shrinkage)","(750,1500]",49607,0.5915279455400221,-0.23086643776417182,0.9311609671537081
RAD_OPERA_HOURLY_RAINFALL_ACCUMULATION_202301190800_patch001,OPT_NORM_ILDW_MULT_ILDW_INIT,"Nonlinear Optimizer (300 iters, normal shrinkage)","(1500,3125]",84697,1.1327701040189335,-0.6473227735350939,0.8600417278108154
RAD_OPERA_HOURLY_RAINFALL_ACCUMULATION_202301190800_patch001,OPT_NORM_ILDW_MULT_ILDW_INIT,"Nonlinear Optimizer (300 iters, normal shrinkage)","(3125,6000]",49616,1.7511799864561939,-1.000996521056919,0.826055943713977
RAD_OPERA_HOURLY_RAINFALL_ACCUMULATION_202301190800_patch001,OPT_NORM_ILDW_MULT_ILDW_INIT,"Nonlinear Optimizer (300 iters, normal shrinkage)","(6000,9000]",11038,1.1904747261323332,-0.8206323994892969,0.7285632642545842
RAD_OPERA_HOURLY_RAINFALL_ACCUMULATION_202301190800_patch001,OPT_NORM_ILDW_MULT_ILDW_INIT,"Nonlinear Optimizer (300 iters, normal shrinkage)",>9000,5508,1.8497657067168758,-1.7699524998102139,0.5735118046357126
RAD_OPERA_HOURLY_RAINFALL_ACCUMULATION_202301190800_patch002,OPT_NORM_ILDW_MULT_ILDW_INIT,"Nonlinear Optimizer (300 iters, normal shrinkage)",≤125,4948,1.141672334690475,0.0021658467312414345,0.9789036823126931
RAD_OPERA_HOURLY_RAINFALL_ACCUMULATION_202301190800_patch002,OPT_NORM_ILDW_MULT_ILDW_INIT,"Nonlinear Optimizer (300 iters, normal shrinkage)","(125,375]",19069,1.2493359870018068,-0.04985993284398766,0.975326372433391
RAD_OPERA_HOURLY_RAINFALL_ACCUMULATION_202301190800_patch002,OPT_NORM_ILDW_MULT_ILDW_INIT,"Nonlinear Optimizer (300 iters, normal shrinkage)","(375,750]",29951,1.55118690857105,-0.33230929417785066,0.9702445255398238
RAD_OPERA_HOURLY_RAINFALL_ACCUMULATION_202301190800_patch002,OPT_NORM_ILDW_MULT_ILDW_INIT,"Nonlinear Optimizer (300 iters, normal shrinkage)","(750,1500]",56000,2.293581912723509,-0.8441942252288402,0.950425060749316
RAD_OPERA_HOURLY_RAINFALL_ACCUMULATION_202301190800_patch002,OPT_NORM_ILDW_MULT_ILDW_INIT,"Nonlinear Optimizer (300 iters, normal shrinkage)","(1500,3125]",91858,3.7833077174445036,-1.4753262629454722,0.8826849806535723
RAD_OPERA_HOURLY_RAINFALL_ACCUMULATION_202301190800_patch002,OPT_NORM_ILDW_MULT_ILDW_INIT,"Nonlinear Optimizer (300 iters, normal shrinkage)","(3125,6000]",49656,3.957970557454173,-1.5719010097626485,0.8332078402380042
RAD_OPERA_HOURLY_RAINFALL_ACCUMULATION_202301190800_patch002,OPT_NORM_ILDW_MULT_ILDW_INIT,"Nonlinear Optimizer (300 iters, normal shrinkage)","(6000,9000]",2462,0.7747302776186598,-0.37226052044913494,0.9248635151997023
RAD_OPERA_HOURLY_RAINFALL_ACCUMULATION_202301190800_patch002,OPT_NORM_ILDW_MULT_ILDW_INIT,"Nonlinear Optimizer (300 iters, normal shrinkage)",>9000,8,0.049317634751567,-0.049312472343444824,
RAD_OPERA_HOURLY_RAINFALL_ACCUMULATION_202301190900_patch001,OPT_NORM_ILDW_MULT_ILDW_INIT,"Nonlinear Optimizer (300 iters, normal shrinkage)",≤125,4873,0.23027865857165764,0.011642625242343264,0.9858274029358804
RAD_OPERA_HOURLY_RAINFALL_ACCUMULATION_202301190900_patch001,OPT_NORM_ILDW_MULT_ILDW_INIT,"Nonlinear Optimizer (300 iters, normal shrinkage)","(125,375]",18313,0.2574376964717342,-0.01816936323775916,0.9817376653209159
RAD_OPERA_HOURLY_RAINFALL_ACCUMULATION_202301190900_patch001,OPT_NORM_ILDW_MULT_ILDW_INIT,"Nonlinear Optimizer (300 iters, normal shrinkage)","(375,750]",27719,0.34770850450255614,-0.06688046405065877,0.9705685330223379
RAD_OPERA_HOURLY_RAINFALL_ACCUMULATION_202301190900_patch001,OPT_NORM_ILDW_MULT_ILDW_INIT,"Nonlinear Optimizer (300 iters, normal shrinkage)","(750,1500]",51845,0.5263664906774808,-0.18718892391075886,0.9457022128549213
RAD_OPERA_HOURLY_RAINFALL_ACCUMULATION_202301190900_patch001,OPT_NORM_ILDW_MULT_ILDW_INIT,"Nonlinear Optimizer (300 iters, normal shrinkage)","(1500,3125]",88154,0.9158835861166654,-0.4821995371075316,0.887429201761956
RAD_OPERA_HOURLY_RAINFALL_ACCUMULATION_202301190900_patch001,OPT_NORM_ILDW_MULT_ILDW_INIT,"Nonlinear Optimizer (300 iters, normal shrinkage)","(3125,6000]",43325,1.2396623297039355,-0.588045209657919,0.8518849396773188
RAD_OPERA_HOURLY_RAINFALL_ACCUMULATION_202301190900_patch001,OPT_NORM_ILDW_MULT_ILDW_INIT,"Nonlinear Optimizer (300 iters, normal shrinkage)","(6000,9000]",779,0.844503313514009,-0.26466780281189317,-0.4454439894106388
RAD_OPERA_HOURLY_RAINFALL_ACCUMULATION_202301192000_patch000,OPT_NORM_ILDW_MULT_ILDW_INIT,"Nonlinear Optimizer (300 iters, normal shrinkage)",≤125,5128,0.24387360053641688,0.005145321193321168,0.99237247362451
RAD_OPERA_HOURLY_RAINFALL_ACCUMULATION_202301192000_patch000,OPT_NORM_ILDW_MULT_ILDW_INIT,"Nonlinear Optimizer (300 iters, normal shrinkage)","(125,375]",21179,0.28702343607380376,-0.0038265799060045276,0.9885247961311324
RAD_OPERA_HOURLY_RAINFALL_ACCUMULATION_202301192000_patch000,OPT_NORM_ILDW_MULT_ILDW_INIT,"Nonlinear Optimizer (300 iters, normal shrinkage)","(375,750]",35613,0.37005315602427696,-0.04479140521930175,0.9790382069854335
RAD_OPERA_HOURLY_RAINFALL_ACCUMULATION_202301192000_patch000,OPT_NORM_ILDW_MULT_ILDW_INIT,"Nonlinear Optimizer (300 iters, normal shrinkage)","(750,1500]",73106,0.4886383411101335,-0.14783641349038024,0.9671791004184479
RAD_OPERA_HOURLY_RAINFALL_ACCUMULATION_202301192000_patch000,OPT_NORM_ILDW_MULT_ILDW_INIT,"Nonlinear Optimizer (300 iters, normal shrinkage)","(1500,3125]",132462,0.6556802791862788,-0.21975726879629967,0.9410411173635004
RAD_OPERA_HOURLY_RAINFALL_ACCUMULATION_202301192000_patch000,OPT_NORM_ILDW_MULT_ILDW_INIT,"Nonlinear Optimizer (300 iters, normal shrinkage)","(3125,6000]",68585,0.6796674075422754,-0.04336996484690977,0.9174033649451295
RAD_OPERA_HOURLY_RAINFALL_ACCUMULATION_202301192000_patch000,OPT_NORM_ILDW_MULT_ILDW_INIT,"Nonlinear Optimizer (300 iters, normal shrinkage)","(6000,9000]",11329,0.6286466757147943,0.148903341892696,0.6380252899261287
RAD_OPERA_HOURLY_RAINFALL_ACCUMULATION_202301192000_patch000,OPT_NORM_ILDW_MULT_ILDW_INIT,"Nonlinear Optimizer (300 iters, normal shrinkage)",>9000,1782,1.0147797615643361,0.11532200958190944,-0.38341323453404696
RAD_OPERA_HOURLY_RAINFALL_ACCUMULATION_202301200400_patch000,OPT_NORM_ILDW_MULT_ILDW_INIT,"Nonlinear Optimizer (300 iters, normal shrinkage)",≤125,4653,0.06969421785740068,0.004058713173061808,0.9958147815212273
RAD_OPERA_HOURLY_RAINFALL_ACCUMULATION_202301200400_patch000,OPT_NORM_ILDW_MULT_ILDW_INIT,"Nonlinear Optimizer (300 iters, normal shrinkage)","(125,375]",18817,0.08248286583658902,-0.0008917684198255753,0.9940401909032603
RAD_OPERA_HOURLY_RAINFALL_ACCUMULATION_202301200400_patch000,OPT_NORM_ILDW_MULT_ILDW_INIT,"Nonlinear Optimizer (300 iters, normal shrinkage)","(375,750]",30187,0.10562644770123006,-0.01268583611377043,0.9908056069477312
RAD_OPERA_HOURLY_RAINFALL_ACCUMULATION_202301200400_patch000,OPT_NORM_ILDW_MULT_ILDW_INIT,"Nonlinear Optimizer (300 iters, normal shrinkage)","(750,1500]",57992,0.14677319611003475,-0.03688816275616681,0.9845059347829714
RAD_OPERA_HOURLY_RAINFALL_ACCUMULATION_202301200400_patch000,OPT_NORM_ILDW_MULT_ILDW_INIT,"Nonlinear Optimizer (300 iters, normal shrinkage)","(1500,3125]",92124,0.23451289176018655,-0.07312649021700034,0.9660786461449257
RAD_OPERA_HOURLY_RAINFALL_ACCUMULATION_202301200400_patch000,OPT_NORM_ILDW_MULT_ILDW_INIT,"Nonlinear Optimizer (300 iters, normal shrinkage)","(3125,6000]",45691,0.2762113157862083,-0.0416188792461654,0.9285239126750425
RAD_OPERA_HOURLY_RAINFALL_ACCUMULATION_202301200400_patch000,OPT_NORM_ILDW_MULT_ILDW_INIT,"Nonlinear Optimizer (300 iters, normal shrinkage)","(6000,9000]",10365,0.28157091173698606,0.14155749329264705,0.9519034623382946
RAD_OPERA_HOURLY_RAINFALL_ACCUMULATION_202301200400_patch000,OPT_NORM_ILDW_MULT_ILDW_INIT,"Nonlinear Optimizer (300 iters, normal shrinkage)",>9000,2059,0.28692333471078085,0.17899002659488733,0.9574324009179574
RAD_OPERA_HOURLY_RAINFALL_ACCUMULATION_202301200800_patch001,OPT_NORM_ILDW_MULT_ILDW_INIT,"Nonlinear Optimizer (300 iters, normal shrinkage)",≤125,5792,0.1392018773744459,0.004764699986852829,0.990442719066377
RAD_OPERA_HOURLY_RAINFALL_ACCUMULATION_202301200800_patch001,OPT_NORM_ILDW_MULT_ILDW_INIT,"Nonlinear Optimizer (300 iters, normal shrinkage)","(125,375]",22486,0.1513386125018717,-0.0033720368064980586,0.9894973137246937
RAD_OPERA_HOURLY_RAINFALL_ACCUMULATION_202301200800_patch001,OPT_NORM_ILDW_MULT_ILDW_INIT,"Nonlinear Optimizer (300 iters, normal shrinkage)","(375,750]",36877,0.20361372196914784,-0.030268736498308333,0.9848221555493516
RAD_OPERA_HOURLY_RAINFALL_ACCUMULATION_202301200800_patch001,OPT_NORM_ILDW_MULT_ILDW_INIT,"Nonlinear Optimizer (300 iters, normal shrinkage)","(750,1500]",73632,0.2737596065382913,-0.088171429477129,0.9780614705224892
RAD_OPERA_HOURLY_RAINFALL_ACCUMULATION_202301200800_patch001,OPT_NORM_ILDW_MULT_ILDW_INIT,"Nonlinear Optimizer (300 iters, normal shrinkage)","(1500,3125]",126564,0.4277542732175749,-0.14013127936070446,0.9620276379946913
RAD_OPERA_HOURLY_RAINFALL_ACCUMULATION_202301200800_patch001,OPT_NORM_ILDW_MULT_ILDW_INIT,"Nonlinear Optimizer (300 iters, normal shrinkage)","(3125,6000]",63958,0.6283398360359816,-0.2126064432990125,0.8970683842922885
RAD_OPERA_HOURLY_RAINFALL_ACCUMULATION_202301200800_patch001,OPT_NORM_ILDW_MULT_ILDW_INIT,"Nonlinear Optimizer (300 iters, normal shrinkage)","(6000,9000]",2211,0.923445417233791,-0.16328231110825145,0.22964339549002571
RAD_OPERA_HOURLY_RAINFALL_ACCUMULATION_202301201300_patch000,OPT_NORM_ILDW_MULT_ILDW_INIT,"Nonlinear Optimizer (300 iters, normal shrinkage)",≤125,3390,0.2911313079055747,0.012151321777551927,0.9808436961752055
RAD_OPERA_HOURLY_RAINFALL_ACCUMULATION_202301201300_patch000,OPT_NORM_ILDW_MULT_ILDW_INIT,"Nonlinear Optimizer (300 iters, normal shrinkage)","(125,375]",13291,0.31856572329820243,-0.016153388798851236,0.9794114722973174
RAD_OPERA_HOURLY_RAINFALL_ACCUMULATION_202301201300_patch000,OPT_NORM_ILDW_MULT_ILDW_INIT,"Nonlinear Optimizer (300 iters, normal shrinkage)","(375,750]",19563,0.41684696295458096,-0.09084979849091301,0.970158952629345
RAD_OPERA_HOURLY_RAINFALL_ACCUMULATION_202301201300_patch000,OPT_NORM_ILDW_MULT_ILDW_INIT,"Nonlinear Optimizer (300 iters, normal shrinkage)","(750,1500]",36286,0.6721083620890781,-0.2965498389732166,0.9474920020035127
RAD_OPERA_HOURLY_RAINFALL_ACCUMULATION_202301201300_patch000,OPT_NORM_ILDW_MULT_ILDW_INIT,"Nonlinear Optimizer (300 iters, normal shrinkage)","(1500,3125]",59850,1.1729495488930992,-0.6919684023735617,0.8975214640764004
RAD_OPERA_HOURLY_RAINFALL_ACCUMULATION_202301201300_patch000,OPT_NORM_ILDW_MULT_ILDW_INIT,"Nonlinear Optimizer (300 iters, normal shrinkage)","(3125,6000]",31192,1.3235202054917117,-0.7909565003052312,0.8926560852485002
RAD_OPERA_HOURLY_RAINFALL_ACCUMULATION_202301201300_patch000,OPT_NORM_ILDW_MULT_ILDW_INIT,"Nonlinear Optimizer (300 iters, normal shrinkage)","(6000,9000]",2828,0.48675704114576274,0.044423644917014636,0.7589750410809243
RAD_OPERA_HOURLY_RAINFALL_ACCUMULATION_202301201600_patch002,OPT_NORM_ILDW_MULT_ILDW_INIT,"Nonlinear Optimizer (300 iters, normal shrinkage)",≤125,3270,0.11842659385574228,0.005539513691485111,0.9922719380370427
RAD_OPERA_HOURLY_RAINFALL_ACCUMULATION_202301201600_patch002,OPT_NORM_ILDW_MULT_ILDW_INIT,"Nonlinear Optimizer (300 iters, normal shrinkage)","(125,375]",12789,0.13300928850840724,-0.002874709879581154,0.9902849955553136
RAD_OPERA_HOURLY_RAINFALL_ACCUMULATION_202301201600_patch002,OPT_NORM_ILDW_MULT_ILDW_INIT,"Nonlinear Optimizer (300 iters, normal shrinkage)","(375,750]",19079,0.18480009373323278,-0.020105703071113576,0.9832920201171688
RAD_OPERA_HOURLY_RAINFALL_ACCUMULATION_202301201600_patch002,OPT_NORM_ILDW_MULT_ILDW_INIT,"Nonlinear Optimizer (300 iters, normal shrinkage)","(750,1500]",35634,0.26102079190436783,-0.0808428409070541,0.9731456342606783
RAD_OPERA_HOURLY_RAINFALL_ACCUMULATION_202301201600_patch002,OPT_NORM_ILDW_MULT_ILDW_INIT,"Nonlinear Optimizer (300 iters, normal shrinkage)","(1500,3125]",58364,0.4130605155528278,-0.21478943343224957,0.9530281785095023
RAD_OPERA_HOURLY_RAINFALL_ACCUMULATION_202301201600_patch002,OPT_NORM_ILDW_MULT_ILDW_INIT,"Nonlinear Optimizer (300 iters, normal shrinkage)","(3125,6000]",29778,0.4189776619147481,-0.16762328286801553,0.9235036878468621
RAD_OPERA_HOURLY_RAINFALL_ACCUMULATION_202301201600_patch002,OPT_NORM_ILDW_MULT_ILDW_INIT,"Nonlinear Optimizer (300 iters, normal shrinkage)","(6000,9000]",1086,0.6449581322912835,-0.254508638250235,0.7193276481799331
RAD_OPERA_HOURLY_RAINFALL_ACCUMULATION_202301210300_patch000,OPT_NORM_ILDW_MULT_ILDW_INIT,"Nonlinear Optimizer (300 iters, normal shrinkage)",≤125,4759,1.9516263026641532,-0.016388577285527218,0.8628005369710242
RAD_OPERA_HOURLY_RAINFALL_ACCUMULATION_202301210300_patch000,OPT_NORM_ILDW_MULT_ILDW_INIT,"Nonlinear Optimizer (300 iters, normal shrinkage)","(125,375]",19284,1.6544002466503607,-0.025780186227521495,0.903071918723004
RAD_OPERA_HOURLY_RAINFALL_ACCUMULATION_202301210300_patch000,OPT_NORM_ILDW_MULT_ILDW_INIT,"Nonlinear Optimizer (300 iters, normal shrinkage)","(375,750]",31010,1.5460040815153795,-0.015843265137846115,0.9167484997628237
RAD_OPERA_HOURLY_RAINFALL_ACCUMULATION_202301210300_patch000,OPT_NORM_ILDW_MULT_ILDW_INIT,"Nonlinear Optimizer (300 iters, normal shrinkage)","(750,1500]",60712,2.1666189594396603,-0.08210602387662792,0.869238952923337
RAD_OPERA_HOURLY_RAINFALL_ACCUMULATION_202301210300_patch000,OPT_NORM_ILDW_MULT_ILDW_INIT,"Nonlinear Optimizer (300 iters, normal shrinkage)","(1500,3125]",96412,4.109641734354843,-0.29820561731811146,0.7493414493500152
RAD_OPERA_HOURLY_RAINFALL_ACCUMULATION_202301210300_patch000,OPT_NORM_ILDW_MULT_ILDW_INIT,"Nonlinear Optimizer (300 iters, normal shrinkage)","(3125,6000]",45122,4.758364270350246,-0.5659423510144685,0.6946611850242065
RAD_OPERA_HOURLY_RAINFALL_ACCUMULATION_202301210300_patch000,OPT_NORM_ILDW_MULT_ILDW_INIT,"Nonlinear Optimizer (300 iters, normal shrinkage)","(6000,9000]",9644,2.396466887484112,1.0715677970821467,0.5542690865297923
RAD_OPERA_HOURLY_RAINFALL_ACCUMULATION_202301210300_patch000,OPT_NORM_ILDW_MULT_ILDW_INIT,"Nonlinear Optimizer (300 iters, normal shrinkage)",>9000,2881,2.8416228853035452,2.049622045295214,0.0343193756552915
RAD_OPERA_HOURLY_RAINFALL_ACCUMULATION_202301210800_patch002,OPT_NORM_ILDW_MULT_ILDW_INIT,"Nonlinear Optimizer (300 iters, normal shrinkage)",≤125,5965,1.2131938099798047,0.03932065955773723,0.9586855763385413
RAD_OPERA_HOURLY_RAINFALL_ACCUMULATION_202301210800_patch002,OPT_NORM_ILDW_MULT_ILDW_INIT,"Nonlinear Optimizer (300 iters, normal shrinkage)","(125,375]",23267,1.3058871568672912,0.009606583958545042,0.9553437596455484
RAD_OPERA_HOURLY_RAINFALL_ACCUMULATION_202301210800_patch002,OPT_NORM_ILDW_MULT_ILDW_INIT,"Nonlinear Optimizer (300 iters, normal shrinkage)","(375,750]",38413,1.7269193303114947,-0.08505070618551333,0.942815203073877
RAD_OPERA_HOURLY_RAINFALL_ACCUMULATION_202301210800_patch002,OPT_NORM_ILDW_MULT_ILDW_INIT,"Nonlinear Optimizer (300 iters, normal shrinkage)","(750,1500]",76851,2.422815004090154,-0.2841455826378125,0.9228511735140288
RAD_OPERA_HOURLY_RAINFALL_ACCUMULATION_202301210800_patch002,OPT_NORM_ILDW_MULT_ILDW_INIT,"Nonlinear Optimizer (300 iters, normal shrinkage)","(1500,3125]",134773,3.206006413066219,-0.347510894698863,0.8734474163543069
RAD_OPERA_HOURLY_RAINFALL_ACCUMULATION_202301210800_patch002,OPT_NORM_ILDW_MULT_ILDW_INIT,"Nonlinear Optimizer (300 iters, normal shrinkage)","(3125,6000]",67483,2.3788540564854457,0.14609348546979192,0.8249620926051449
RAD_OPERA_HOURLY_RAINFALL_ACCUMULATION_202301210800_patch002,OPT_NORM_ILDW_MULT_ILDW_INIT,"Nonlinear Optimizer (300 iters, normal shrinkage)","(6000,9000]",3454,1.103426875825668,-0.10771103117137946,0.9708299944378985
RAD_OPERA_HOURLY_RAINFALL_ACCUMULATION_202301210800_patch002,OPT_NORM_ILDW_MULT_ILDW_INIT,"Nonlinear Optimizer (300 iters, normal shrinkage)",>9000,2,0.0,0.0,
RAD_OPERA_HOURLY_RAINFALL_ACCUMULATION_202301210900_patch000,OPT_NORM_ILDW_MULT_ILDW_INIT,"Nonlinear Optimizer (300 iters, normal shrinkage)",≤125,6233,1.505167240812082,0.0616495285058539,0.9765577388530253
RAD_OPERA_HOURLY_RAINFALL_ACCUMULATION_202301210900_patch000,OPT_NORM_ILDW_MULT_ILDW_INIT,"Nonlinear Optimizer (300 iters, normal shrinkage)","(125,375]",24491,1.7714299731657017,-0.03223482749265106,0.9695164412823905
RAD_OPERA_HOURLY_RAINFALL_ACCUMULATION_202301210900_patch000,OPT_NORM_ILDW_MULT_ILDW_INIT,"Nonlinear Optimizer (300 iters, normal shrinkage)","(375,750]",41092,2.063607947042686,-0.044683496339336194,0.9556645727060178
RAD_OPERA_HOURLY_RAINFALL_ACCUMULATION_202301210900_patch000,OPT_NORM_ILDW_MULT_ILDW_INIT,"Nonlinear Optimizer (300 iters, normal shrinkage)","(750,1500]",84004,2.4260767955927447,-0.049655848320400056,0.9374099950757755
RAD_OPERA_HOURLY_RAINFALL_ACCUMULATION_202301210900_patch000,OPT_NORM_ILDW_MULT_ILDW_INIT,"Nonlinear Optimizer (300 iters, normal shrinkage)","(1500,3125]",151272,3.3839906587236035,-0.0942776319689625,0.8780604719905531
RAD_OPERA_HOURLY_RAINFALL_ACCUMULATION_202301210900_patch000,OPT_NORM_ILDW_MULT_ILDW_INIT,"Nonlinear Optimizer (300 iters, normal shrinkage)","(3125,6000]",82886,3.785065906255163,-0.21313638153971487,0.8665498137636268
RAD_OPERA_HOURLY_RAINFALL_ACCUMULATION_202301210900_patch000,OPT_NORM_ILDW_MULT_ILDW_INIT,"Nonlinear Optimizer (300 iters, normal shrinkage)","(6000,9000]",7812,3.1640481617864182,-0.002357293507186069,0.9510976392879894
RAD_OPERA_HOURLY_RAINFALL_ACCUMULATION_202301210900_patch000,OPT_NORM_ILDW_MULT_ILDW_INIT,"Nonlinear Optimizer (300 iters, normal shrinkage)",>9000,34,0.1832692764575117,0.15703279448344426,0.030996692150089204
RAD_OPERA_HOURLY_RAINFALL_ACCUMULATION_202301211500_patch000,OPT_NORM_ILDW_MULT_ILDW_INIT,"Nonlinear Optimizer (300 iters, normal shrinkage)",≤125,4173,0.3154957160345673,0.009022130523115332,0.9777900702520697
RAD_OPERA_HOURLY_RAINFALL_ACCUMULATION_202301211500_patch000,OPT_NORM_ILDW_MULT_ILDW_INIT,"Nonlinear Optimizer (300 iters, normal shrinkage)","(125,375]",16207,0.3405614853035918,-0.016146627763055112,0.9751826344947364
RAD_OPERA_HOURLY_RAINFALL_ACCUMULATION_202301211500_patch000,OPT_NORM_ILDW_MULT_ILDW_INIT,"Nonlinear Optimizer (300 iters, normal shrinkage)","(375,750]",23822,0.4572930723589031,-0.09546061901399265,0.9633327862124634
RAD_OPERA_HOURLY_RAINFALL_ACCUMULATION_202301211500_patch000,OPT_NORM_ILDW_MULT_ILDW_INIT,"Nonlinear Optimizer (300 iters, normal shrinkage)","(750,1500]",43474,0.6934906009612182,-0.31569722851381604,0.9411703042128183
RAD_OPERA_HOURLY_RAINFALL_ACCUMULATION_202301211500_patch000,OPT_NORM_ILDW_MULT_ILDW_INIT,"Nonlinear Optimizer (300 iters, normal shrinkage)","(1500,3125]",72595,1.2673795506426733,-0.8192459215806022,0.866441015628382
RAD_OPERA_HOURLY_RAINFALL_ACCUMULATION_202301211500_patch000,OPT_NORM_ILDW_MULT_ILDW_INIT,"Nonlinear Optimizer (300 iters, normal shrinkage)","(3125,6000]",37593,1.6136407783146545,-1.1250131322009567,0.860307084394651
RAD_OPERA_HOURLY_RAINFALL_ACCUMULATION_202301211500_patch000,OPT_NORM_ILDW_MULT_ILDW_INIT,"Nonlinear Optimizer (300 iters, normal shrinkage)","(6000,9000]",6818,0.7082012214662046,-0.19435621599370903,0.8262276503598238
RAD_OPERA_HOURLY_RAINFALL_ACCUMULATION_202301211500_patch000,OPT_NORM_ILDW_MULT_ILDW_INIT,"Nonlinear Optimizer (300 iters, normal shrinkage)",>9000,1654,0.45289428661646886,0.00968308435097571,0.827470635277369
RAD_OPERA_HOURLY_RAINFALL_ACCUMULATION_202301211800_patch000,OPT_NORM_ILDW_MULT_ILDW_INIT,"Nonlinear Optimizer (300 iters, normal shrinkage)",≤125,3690,0.31154262710704034,0.001448310522765597,0.9622797223212893
RAD_OPERA_HOURLY_RAINFALL_ACCUMULATION_202301211800_patch000,OPT_NORM_ILDW_MULT_ILDW_INIT,"Nonlinear Optimizer (300 iters, normal shrinkage)","(125,375]",14314,0.3505097943346599,-0.026598254120190293,0.9614194366316176
RAD_OPERA_HOURLY_RAINFALL_ACCUMULATION_202301211800_patch000,OPT_NORM_ILDW_MULT_ILDW_INIT,"Nonlinear Optimizer (300 iters, normal shrinkage)","(375,750]",21246,0.4886514609629966,-0.08841226617106625,0.9454634531218329
RAD_OPERA_HOURLY_RAINFALL_ACCUMULATION_202301211800_patch000,OPT_NORM_ILDW_MULT_ILDW_INIT,"Nonlinear Optimizer (300 iters, normal shrinkage)","(750,1500]",39504,0.6842935321520066,-0.1570515184869557,0.8975526577593509
RAD_OPERA_HOURLY_RAINFALL_ACCUMULATION_202301211800_patch000,OPT_NORM_ILDW_MULT_ILDW_INIT,"Nonlinear Optimizer (300 iters, normal shrinkage)","(1500,3125]",66874,0.9736145929439031,-0.2196315205053464,0.7871913345192413
RAD_OPERA_HOURLY_RAINFALL_ACCUMULATION_202301211800_patch000,OPT_NORM_ILDW_MULT_ILDW_INIT,"Nonlinear Optimizer (300 iters, normal shrinkage)","(3125,6000]",32140,1.1187561017588363,-0.09193979265364194,0.6447358496499653
RAD_OPERA_HOURLY_RAINFALL_ACCUMULATION_202301211800_patch000,OPT_NORM_ILDW_MULT_ILDW_INIT,"Nonlinear Optimizer (300 iters, normal shrinkage)","(6000,9000]",1432,1.2982092228323985,-0.19145102902997138,0.19488264655068738
RAD_OPERA_HOURLY_RAINFALL_ACCUMULATION_202301211900_patch000,OPT_NORM_ILDW_MULT_ILDW_INIT,"Nonlinear Optimizer (300 iters, normal shrinkage)",≤125,5624,0.41773320954458654,0.022651306984467406,0.9504736346579464
RAD_OPERA_HOURLY_RAINFALL_ACCUMULATION_202301211900_patch000,OPT_NORM_ILDW_MULT_ILDW_INIT,"Nonlinear Optimizer (300 iters, normal shrinkage)","(125,375]",21915,0.43322272377534526,-0.014787093895735747,0.9552689261805573
RAD_OPERA_HOURLY_RAINFALL_ACCUMULATION_202301211900_patch000,OPT_NORM_ILDW_MULT_ILDW_INIT,"Nonlinear Optimizer (300 iters, normal shrinkage)","(375,750]",34783,0.531417566092074,-0.04680784759238411,0.9424411694635666
RAD_OPERA_HOURLY_RAINFALL_ACCUMULATION_202301211900_patch000,OPT_NORM_ILDW_MULT_ILDW_INIT,"Nonlinear Optimizer (300 iters, normal shrinkage)","(750,1500]",66652,0.6938824920356937,-0.07830680759194782,0.9129055672333168
RAD_OPERA_HOURLY_RAINFALL_ACCUMULATION_202301211900_patch000,OPT_NORM_ILDW_MULT_ILDW_INIT,"Nonlinear Optimizer (300 iters, normal shrinkage)","(1500,3125]",114198,1.0806475577922572,-0.22750392842086886,0.817490916645813
RAD_OPERA_HOURLY_RAINFALL_ACCUMULATION_202301211900_patch000,OPT_NORM_ILDW_MULT_ILDW_INIT,"Nonlinear Optimizer (300 iters, normal shrinkage)","(3125,6000]",59909,1.366518726071149,-0.2972248670501039,0.7649001830824718
RAD_OPERA_HOURLY_RAINFALL_ACCUMULATION_202301211900_patch000,OPT_NORM_ILDW_MULT_ILDW_INIT,"Nonlinear Optimizer (300 iters, normal shrinkage)","(6000,9000]",1303,1.0288580554745699,-0.2781198231453687,0.9258436011433485
RAD_OPERA_HOURLY_RAINFALL_ACCUMULATION_202301211900_patch001,OPT_NORM_ILDW_MULT_ILDW_INIT,"Nonlinear Optimizer (300 iters, normal shrinkage)",≤125,4911,0.41568514911589105,0.01180689839258001,0.9551550609407384
RAD_OPERA_HOURLY_RAINFALL_ACCUMULATION_202301211900_patch001,OPT_NORM_ILDW_MULT_ILDW_INIT,"Nonlinear Optimizer (300 iters, normal shrinkage)","(125,375]",18873,0.4568301015167164,-0.0040901172784927765,0.9517036279556994
RAD_OPERA_HOURLY_RAINFALL_ACCUMULATION_202301211900_patch001,OPT_NORM_ILDW_MULT_ILDW_INIT,"Nonlinear Optimizer (300 iters, normal shrinkage)","(375,750]",29125,0.6012592661902553,-0.03281632267900448,0.9340504705211244
RAD_OPERA_HOURLY_RAINFALL_ACCUMULATION_202301211900_patch001,OPT_NORM_ILDW_MULT_ILDW_INIT,"Nonlinear Optimizer (300 iters, normal shrinkage)","(750,1500]",55476,0.8205158454042801,-0.10978226224528959,0.8990544806209146
RAD_OPERA_HOURLY_RAINFALL_ACCUMULATION_202301211900_patch001,OPT_NORM_ILDW_MULT_ILDW_INIT,"Nonlinear Optimizer (300 iters, normal shrinkage)","(1500,3125]",96752,1.116650655870416,-0.25154184240899863,0.8439372512531613
RAD_OPERA_HOURLY_RAINFALL_ACCUMULATION_202301211900_patch001,OPT_NORM_ILDW_MULT_ILDW_INIT,"Nonlinear Optimizer (300 iters, normal shrinkage)","(3125,6000]",57530,1.3684022293861797,-0.3996737962706099,0.7154398791687941
RAD_OPERA_HOURLY_RAINFALL_ACCUMULATION_202301211900_patch001,OPT_NORM_ILDW_MULT_ILDW_INIT,"Nonlinear Optimizer (300 iters, normal shrinkage)","(6000,9000]",5827,1.9878381121495572,-0.9980159417796902,0.04911520429135974
RAD_OPERA_HOURLY_RAINFALL_ACCUMULATION_202301211900_patch001,OPT_NORM_ILDW_MULT_ILDW_INIT,"Nonlinear Optimizer (300 iters, normal shrinkage)",>9000,306,2.1956809865538838,-1.6045940919639239,-0.9586166375766477
RAD_OPERA_HOURLY_RAINFALL_ACCUMULATION_202301212300_patch000,OPT_NORM_ILDW_MULT_ILDW_INIT,"Nonlinear Optimizer (300 iters, normal shrinkage)",≤125,4692,0.24685081897450714,-0.00021448658377516504,0.9920650700043026
RAD_OPERA_HOURLY_RAINFALL_ACCUMULATION_202301212300_patch000,OPT_NORM_ILDW_MULT_ILDW_INIT,"Nonlinear Optimizer (300 iters, normal shrinkage)","(125,375]",17503,0.28427378942312287,-0.017857442525416205,0.9884831072237034
RAD_OPERA_HOURLY_RAINFALL_ACCUMULATION_202301212300_patch000,OPT_NORM_ILDW_MULT_ILDW_INIT,"Nonlinear Optimizer (300 iters, normal shrinkage)","(375,750]",25922,0.3865677361142778,-0.07885605583136837,0.9765323887932806
RAD_OPERA_HOURLY_RAINFALL_ACCUMULATION_202301212300_patch000,OPT_NORM_ILDW_MULT_ILDW_INIT,"Nonlinear Optimizer (300 iters, normal shrinkage)","(750,1500]",47008,0.550236650657518,-0.22139551718906328,0.9471028166864269
RAD_OPERA_HOURLY_RAINFALL_ACCUMULATION_202301212300_patch000,OPT_NORM_ILDW_MULT_ILDW_INIT,"Nonlinear Optimizer (300 iters, normal shrinkage)","(1500,3125]",81012,0.952296179179349,-0.5863872987988854,0.8742010328501565
RAD_OPERA_HOURLY_RAINFALL_ACCUMULATION_202301212300_patch000,OPT_NORM_ILDW_MULT_ILDW_INIT,"Nonlinear Optimizer (300 iters, normal shrinkage)","(3125,6000]",43894,1.2150546789543444,-0.7934707582978695,0.8086979442978782
RAD_OPERA_HOURLY_RAINFALL_ACCUMULATION_202301212300_patch000,OPT_NORM_ILDW_MULT_ILDW_INIT,"Nonlinear Optimizer (300 iters, normal shrinkage)","(6000,9000]",1153,1.0125542006276163,-0.6538879141431214,0.9706189683235459
RAD_OPERA_HOURLY_RAINFALL_ACCUMULATION_202301220000_patch001,OPT_NORM_ILDW_MULT_ILDW_INIT,"Nonlinear Optimizer (300 iters, normal shrinkage)",≤125,5230,0.2939030766451582,0.0007256960293303028,0.9929690889310285
RAD_OPERA_HOURLY_RAINFALL_ACCUMULATION_202301220000_patch001,OPT_NORM_ILDW_MULT_ILDW_INIT,"Nonlinear Optimizer (300 iters, normal shrinkage)","(125,375]",20323,0.3492237259311564,-0.02509037985116814,0.9889542836285187
RAD_OPERA_HOURLY_RAINFALL_ACCUMULATION_202301220000_patch001,OPT_NORM_ILDW_MULT_ILDW_INIT,"Nonlinear Optimizer (300 iters, normal shrinkage)","(375,750]",32666,0.49254493044765957,-0.10552134300478162,0.976096880554569
RAD_OPERA_HOURLY_RAINFALL_ACCUMULATION_202301220000_patch001,OPT_NORM_ILDW_MULT_ILDW_INIT,"Nonlinear Optimizer (300 iters, normal shrinkage)","(750,1500]",63206,0.714522914560374,-0.30587023231505295,0.9546663878843551
RAD_OPERA_HOURLY_RAINFALL_ACCUMULATION_202301220000_patch001,OPT_NORM_ILDW_MULT_ILDW_INIT,"Nonlinear Optimizer (300 iters, normal shrinkage)","(1500,3125]",104459,1.176521748298923,-0.6568117460479372,0.9042434523071362
RAD_OPERA_HOURLY_RAINFALL_ACCUMULATION_202301220000_patch001,OPT_NORM_ILDW_MULT_ILDW_INIT,"Nonlinear Optimizer (300 iters, normal shrinkage)","(3125,6000]",53531,1.6889606310352625,-1.000046394848459,0.8381623981474364
RAD_OPERA_HOURLY_RAINFALL_ACCUMULATION_202301220000_patch001,OPT_NORM_ILDW_MULT_ILDW_INIT,"Nonlinear Optimizer (300 iters, normal shrinkage)","(6000,9000]",5048,0.7632844699955047,0.05572122110137934,0.7722922891096928
RAD_OPERA_HOURLY_RAINFALL_ACCUMULATION_202301220000_patch001,OPT_NORM_ILDW_MULT_ILDW_INIT,"Nonlinear Optimizer (300 iters, normal shrinkage)",>9000,2257,0.6750349563724724,-0.44569954155924896,0.3028240359969756
RAD_OPERA_HOURLY_RAINFALL_ACCUMULATION_202301220100_patch001,OPT_NORM_ILDW_MULT_ILDW_INIT,"Nonlinear Optimizer (300 iters, normal shrinkage)",≤125,4018,0.2565284883218782,0.014588547697139652,0.992368179316566
RAD_OPERA_HOURLY_RAINFALL_ACCUMULATION_202301220100_patch001,OPT_NORM_ILDW_MULT_ILDW_INIT,"Nonlinear Optimizer (300 iters, normal shrinkage)","(125,375]",15534,0.3254816296375434,-0.0036969492246711117,0.9899751058612726
RAD_OPERA_HOURLY_RAINFALL_ACCUMULATION_202301220100_patch001,OPT_NORM_ILDW_MULT_ILDW_INIT,"Nonlinear Optimizer (300 iters, normal shrinkage)","(375,750]",22904,0.48560606744084495,-0.07250862049184144,0.9825566132931983
RAD_OPERA_HOURLY_RAINFALL_ACCUMULATION_202301220100_patch001,OPT_NORM_ILDW_MULT_ILDW_INIT,"Nonlinear Optimizer (300 iters, normal shrinkage)","(750,1500]",41857,0.7446024972315298,-0.20340862059938808,0.9675523688153683
RAD_OPERA_HOURLY_RAINFALL_ACCUMULATION_202301220100_patch001,OPT_NORM_ILDW_MULT_ILDW_INIT,"Nonlinear Optimizer (300 iters, normal shrinkage)","(1500,3125]",71355,1.3143151224430434,-0.5398725567067119,0.9318713784661783
RAD_OPERA_HOURLY_RAINFALL_ACCUMULATION_202301220100_patch001,OPT_NORM_ILDW_MULT_ILDW_INIT,"Nonlinear Optimizer (300 iters, normal shrinkage)","(3125,6000]",34056,1.3436857335082968,-0.3480107887957174,0.9037647635673159
RAD_OPERA_HOURLY_RAINFALL_ACCUMULATION_202301220100_patch001,OPT_NORM_ILDW_MULT_ILDW_INIT,"Nonlinear Optimizer (300 iters, normal shrinkage)","(6000,9000]",3300,0.9030908628196853,0.18231600095376824,0.9559294458991565
RAD_OPERA_HOURLY_RAINFALL_ACCUMULATION_202301221200_patch000,OPT_NORM_ILDW_MULT_ILDW_INIT,"Nonlinear Optimizer (300 iters, normal shrinkage)",≤125,5692,0.2430559428970825,0.018673035504004523,0.9951074251381713
RAD_OPERA_HOURLY_RAINFALL_ACCUMULATION_202301221200_patch000,OPT_NORM_ILDW_MULT_ILDW_INIT,"Nonlinear Optimizer (300 iters, normal shrinkage)","(125,375]",22509,0.3032618934687474,-0.0011514192872820862,0.993382890086754
RAD_OPERA_HOURLY_RAINFALL_ACCUMULATION_202301221200_patch000,OPT_NORM_ILDW_MULT_ILDW_INIT,"Nonlinear Optimizer (300 iters, normal shrinkage)","(375,750]",37533,0.4178733527790687,-0.07966916946683783,0.9905701792494137
RAD_OPERA_HOURLY_RAINFALL_ACCUMULATION_202301221200_patch000,OPT_NORM_ILDW_MULT_ILDW_INIT,"Nonlinear Optimizer (300 iters, normal shrinkage)","(750,1500]",75522,0.6227602905181722,-0.22799388821483943,0.9802605038602279
RAD_OPERA_HOURLY_RAINFALL_ACCUMULATION_202301221200_patch000,OPT_NORM_ILDW_MULT_ILDW_INIT,"Nonlinear Optimizer (300 iters, normal shrinkage)","(1500,3125]",133266,0.9336883287036756,-0.4222789527006814,0.9405242708729675
RAD_OPERA_HOURLY_RAINFALL_ACCUMULATION_202301221200_patch000,OPT_NORM_ILDW_MULT_ILDW_INIT,"Nonlinear Optimizer (300 iters, normal shrinkage)","(3125,6000]",68969,1.3088022377762136,-0.33993533779204177,0.8099109007527486
RAD_OPERA_HOURLY_RAINFALL_ACCUMULATION_202301221200_patch000,OPT_NORM_ILDW_MULT_ILDW_INIT,"Nonlinear Optimizer (300 iters, normal shrinkage)","(6000,9000]",8879,1.172626849512921,0.5153065898008531,0.618767041855768
RAD_OPERA_HOURLY_RAINFALL_ACCUMULATION_202301221200_patch000,OPT_NORM_ILDW_MULT_ILDW_INIT,"Nonlinear Optimizer (300 iters, normal shrinkage)",>9000,2446,0.422042549143024,0.15299243680395655,0.7601375159240165
RAD_OPERA_HOURLY_RAINFALL_ACCUMULATION_202301222100_patch000,OPT_NORM_ILDW_MULT_ILDW_INIT,"Nonlinear Optimizer (300 iters, normal shrinkage)",≤125,3783,0.44797583485798315,0.004136706509128936,0.9809665491781483
RAD_OPERA_HOURLY_RAINFALL_ACCUMULATION_202301222100_patch000,OPT_NORM_ILDW_MULT_ILDW_INIT,"Nonlinear Optimizer (300 iters, normal shrinkage)","(125,375]",14906,0.49453047749310636,-0.0054271124468090294,0.97729292994477
RAD_OPERA_HOURLY_RAINFALL_ACCUMULATION_202301222100_patch000,OPT_NORM_ILDW_MULT_ILDW_INIT,"Nonlinear Optimizer (300 iters, normal shrinkage)","(375,750]",22509,0.6274870106533889,-0.0673346253405714,0.9685885307298314
RAD_OPERA_HOURLY_RAINFALL_ACCUMULATION_202301222100_patch000,OPT_NORM_ILDW_MULT_ILDW_INIT,"Nonlinear Optimizer (300 iters, normal shrinkage)","(750,1500]",41257,0.9315057696080007,-0.22779781684455894,0.9529197600742001
RAD_OPERA_HOURLY_RAINFALL_ACCUMULATION_202301222100_patch000,OPT_NORM_ILDW_MULT_ILDW_INIT,"Nonlinear Optimizer (300 iters, normal shrinkage)","(1500,3125]",66625,1.3754867073672046,-0.3905875044083082,0.917819775885535
RAD_OPERA_HOURLY_RAINFALL_ACCUMULATION_202301222100_patch000,OPT_NORM_ILDW_MULT_ILDW_INIT,"Nonlinear Optimizer (300 iters, normal shrinkage)","(3125,6000]",34002,1.4728082092913577,-0.1857762872523979,0.8986696235150654
RAD_OPERA_HOURLY_RAINFALL_ACCUMULATION_202301222100_patch000,OPT_NORM_ILDW_MULT_ILDW_INIT,"Nonlinear Optimizer (300 iters, normal shrinkage)","(6000,9000]",3286,1.1777646025687625,0.5528943956827057,0.9094248766557163
RAD_OPERA_HOURLY_RAINFALL_ACCUMULATION_202301230100_patch000,OPT_NORM_ILDW_MULT_ILDW_INIT,"Nonlinear Optimizer (300 iters, normal shrinkage)",≤125,4445,0.32992250929768646,-0.0069656035151221445,0.9891923094558591
RAD_OPERA_HOURLY_RAINFALL_ACCUMULATION_202301230100_patch000,OPT_NORM_ILDW_MULT_ILDW_INIT,"Nonlinear Optimizer (300 iters, normal shrinkage)","(125,375]",17833,0.4407657112802368,0.019688871690089184,0.9777078225901344
RAD_OPERA_HOURLY_RAINFALL_ACCUMULATION_202301230100_patch000,OPT_NORM_ILDW_MULT_ILDW_INIT,"Nonlinear Optimizer (300 iters, normal shrinkage)","(375,750]",28225,0.5570704142248064,0.026559819210733034,0.9604901720846063
RAD_OPERA_HOURLY_RAINFALL_ACCUMULATION_202301230100_patch000,OPT_NORM_ILDW_MULT_ILDW_INIT,"Nonlinear Optimizer (300 iters, normal shrinkage)","(750,1500]",52717,0.723744763067538,0.03712210538786575,0.9334475121218923
RAD_OPERA_HOURLY_RAINFALL_ACCUMULATION_202301230100_patch000,OPT_NORM_ILDW_MULT_ILDW_INIT,"Nonlinear Optimizer (300 iters, normal shrinkage)","(1500,3125]",84234,0.9817031791843344,0.03968293091280476,0.8829749216572531
RAD_OPERA_HOURLY_RAINFALL_ACCUMULATION_202301230100_patch000,OPT_NORM_ILDW_MULT_ILDW_INIT,"Nonlinear Optimizer (300 iters, normal shrinkage)","(3125,6000]",43953,1.1589616523233954,0.22762710283023202,0.8191787934317333
RAD_OPERA_HOURLY_RAINFALL_ACCUMULATION_202301230100_patch000,OPT_NORM_ILDW_MULT_ILDW_INIT,"Nonlinear Optimizer (300 iters, normal shrinkage)","(6000,9000]",5580,1.5410710709406998,1.2186840414917464,0.7147922427857439
RAD_OPERA_HOURLY_RAINFALL_ACCUMULATION_202301230100_patch000,OPT_NORM_ILDW_MULT_ILDW_INIT,"Nonlinear Optimizer (300 iters, normal shrinkage)",>9000,1093,1.9582362295237052,1.8011450779514364,0.8410281458110471
RAD_OPERA_HOURLY_RAINFALL_ACCUMULATION_202301230600_patch003,OPT_NORM_ILDW_MULT_ILDW_INIT,"Nonlinear Optimizer (300 iters, normal shrinkage)",≤125,5253,0.17545298662914474,0.001530516789841375,0.9880830916488844
RAD_OPERA_HOURLY_RAINFALL_ACCUMULATION_202301230600_patch003,OPT_NORM_ILDW_MULT_ILDW_INIT,"Nonlinear Optimizer (300 iters, normal shrinkage)","(125,375]",20266,0.20825965838371913,0.001450728310727419,0.9831918944925225
RAD_OPERA_HOURLY_RAINFALL_ACCUMULATION_202301230600_patch003,OPT_NORM_ILDW_MULT_ILDW_INIT,"Nonlinear Optimizer (300 iters, normal shrinkage)","(375,750]",31845,0.27332598807413916,-0.0295901416272304,0.9752636772240161
RAD_OPERA_HOURLY_RAINFALL_ACCUMULATION_202301230600_patch003,OPT_NORM_ILDW_MULT_ILDW_INIT,"Nonlinear Optimizer (300 iters, normal shrinkage)","(750,1500]",60657,0.42023478695574984,-0.12961845604836503,0.959789456869424
RAD_OPERA_HOURLY_RAINFALL_ACCUMULATION_202301230600_patch003,OPT_NORM_ILDW_MULT_ILDW_INIT,"Nonlinear Optimizer (300 iters, normal shrinkage)","(1500,3125]",99992,0.6456330824781051,-0.34365880137922067,0.9469682527765111
RAD_OPERA_HOURLY_RAINFALL_ACCUMULATION_202301230600_patch003,OPT_NORM_ILDW_MULT_ILDW_INIT,"Nonlinear Optimizer (300 iters, normal shrinkage)","(3125,6000]",48778,0.9123461109278606,-0.47612075149179595,0.9264466727882269
RAD_OPERA_HOURLY_RAINFALL_ACCUMULATION_202301230600_patch003,OPT_NORM_ILDW_MULT_ILDW_INIT,"Nonlinear Optimizer (300 iters, normal shrinkage)","(6000,9000]",2009,0.7902683946574283,0.23018461146895836,0.9162766294785136
RAD_OPERA_HOURLY_RAINFALL_ACCUMULATION_202301231200_patch001,OPT_NORM_ILDW_MULT_ILDW_INIT,"Nonlinear Optimizer (300 iters, normal shrinkage)",≤125,5395,0.14246669567502387,0.006915702196433657,0.987862874481569
RAD_OPERA_HOURLY_RAINFALL_ACCUMULATION_202301231200_patch001,OPT_NORM_ILDW_MULT_ILDW_INIT,"Nonlinear Optimizer (300 iters, normal shrinkage)","(125,375]",21090,0.15582868205026468,-0.003998753517484597,0.9865621379948882
RAD_OPERA_HOURLY_RAINFALL_ACCUMULATION_202301231200_patch001,OPT_NORM_ILDW_MULT_ILDW_INIT,"Nonlinear Optimizer (300 iters, normal shrinkage)","(375,750]",34488,0.19883445975568154,-0.036462358143971293,0.978526517625086
RAD_OPERA_HOURLY_RAINFALL_ACCUMULATION_202301231200_patch001,OPT_NORM_ILDW_MULT_ILDW_INIT,"Nonlinear Optimizer (300 iters, normal shrinkage)","(750,1500]",67771,0.2914315201584498,-0.10500147147386546,0.9628658495613645
RAD_OPERA_HOURLY_RAINFALL_ACCUMULATION_202301231200_patch001,OPT_NORM_ILDW_MULT_ILDW_INIT,"Nonlinear Optimizer (300 iters, normal shrinkage)","(1500,3125]",115766,0.5385020827864964,-0.2869055420723113,0.9197268920372782
RAD_OPERA_HOURLY_RAINFALL_ACCUMULATION_202301231200_patch001,OPT_NORM_ILDW_MULT_ILDW_INIT,"Nonlinear Optimizer (300 iters, normal shrinkage)","(3125,6000]",63094,0.6851218085092674,-0.32421572014929045,0.9191374797168441
RAD_OPERA_HOURLY_RAINFALL_ACCUMULATION_202301231200_patch001,OPT_NORM_ILDW_MULT_ILDW_INIT,"Nonlinear Optimizer (300 iters, normal shrinkage)","(6000,9000]",4971,0.5665965946598488,-0.07114403760665812,0.9190717081730765
RAD_OPERA_HOURLY_RAINFALL_ACCUMULATION_202301231200_patch001,OPT_NORM_ILDW_MULT_ILDW_INIT,"Nonlinear Optimizer (300 iters, normal shrinkage)",>9000,1,0.07048678398132324,0.07048678398132324,
RAD_OPERA_HOURLY_RAINFALL_ACCUMULATION_202301231200_patch002,OPT_NORM_ILDW_MULT_ILDW_INIT,"Nonlinear Optimizer (300 iters, normal shrinkage)",≤125,4808,0.2596916035797832,0.004794744337705923,0.9952393819789566
RAD_OPERA_HOURLY_RAINFALL_ACCUMULATION_202301231200_patch002,OPT_NORM_ILDW_MULT_ILDW_INIT,"Nonlinear Optimizer (300 iters, normal shrinkage)","(125,375]",19791,0.29577001481955933,-0.02051937319596199,0.9929231505285642
RAD_OPERA_HOURLY_RAINFALL_ACCUMULATION_202301231200_patch002,OPT_NORM_ILDW_MULT_ILDW_INIT,"Nonlinear Optimizer (300 iters, normal shrinkage)","(375,750]",33541,0.36909733994336974,-0.08770366675496681,0.9878917768885233
RAD_OPERA_HOURLY_RAINFALL_ACCUMULATION_202301231200_patch002,OPT_NORM_ILDW_MULT_ILDW_INIT,"Nonlinear Optimizer (300 iters, normal shrinkage)","(750,1500]",70004,0.5332871665978395,-0.24428141479769486,0.9778643209129046
RAD_OPERA_HOURLY_RAINFALL_ACCUMULATION_202301231200_patch002,OPT_NORM_ILDW_MULT_ILDW_INIT,"Nonlinear Optimizer (300 iters, normal shrinkage)","(1500,3125]",130131,0.7762930807312336,-0.4812494147301248,0.9524213121160835
RAD_OPERA_HOURLY_RAINFALL_ACCUMULATION_202301231200_patch002,OPT_NORM_ILDW_MULT_ILDW_INIT,"Nonlinear Optimizer (300 iters, normal shrinkage)","(3125,6000]",65641,0.9127061745896871,-0.49951350894423746,0.8944363676067151
RAD_OPERA_HOURLY_RAINFALL_ACCUMULATION_202301231200_patch002,OPT_NORM_ILDW_MULT_ILDW_INIT,"Nonlinear Optimizer (300 iters, normal shrinkage)","(6000,9000]",5637,0.6424894382684878,-0.4914104940621845,0.7602784448125178
RAD_OPERA_HOURLY_RAINFALL_ACCUMULATION_202301231200_patch002,OPT_NORM_ILDW_MULT_ILDW_INIT,"Nonlinear Optimizer (300 iters, normal shrinkage)",>9000,175,0.5434000399541811,-0.5010842384610857,-0.013882837670765107
RAD_OPERA_HOURLY_RAINFALL_ACCUMULATION_202301231200_patch003,OPT_NORM_ILDW_MULT_ILDW_INIT,"Nonlinear Optimizer (300 iters, normal shrinkage)",≤125,5159,0.95705162163822,-0.01813335738007979,0.9873927043499322
RAD_OPERA_HOURLY_RAINFALL_ACCUMULATION_202301231200_patch003,OPT_NORM_ILDW_MULT_ILDW_INIT,"Nonlinear Optimizer (300 iters, normal shrinkage)","(125,375]",19586,1.1267531013012682,-0.04184702583003038,0.9824087228913962
RAD_OPERA_HOURLY_RAINFALL_ACCUMULATION_202301231200_patch003,OPT_NORM_ILDW_MULT_ILDW_INIT,"Nonlinear Optimizer (300 iters, normal shrinkage)","(375,750]",29988,1.5803378523830287,-0.03787146872987112,0.9654630504191938
RAD_OPERA_HOURLY_RAINFALL_ACCUMULATION_202301231200_patch003,OPT_NORM_ILDW_MULT_ILDW_INIT,"Nonlinear Optimizer (300 iters, normal shrinkage)","(750,1500]",56176,2.345602572662174,0.11086446585600984,0.8928251437650814
RAD_OPERA_HOURLY_RAINFALL_ACCUMULATION_202301231200_patch003,OPT_NORM_ILDW_MULT_ILDW_INIT,"Nonlinear Optimizer (300 iters, normal shrinkage)","(1500,3125]",95580,3.217913330250089,0.7667796111039549,0.7055817243619641
RAD_OPERA_HOURLY_RAINFALL_ACCUMULATION_202301231200_patch003,OPT_NORM_ILDW_MULT_ILDW_INIT,"Nonlinear Optimizer (300 iters, normal shrinkage)","(3125,6000]",56911,3.716739939418969,1.2484107283127268,0.5172384503174732
RAD_OPERA_HOURLY_RAINFALL_ACCUMULATION_202301231200_patch003,OPT_NORM_ILDW_MULT_ILDW_INIT,"Nonlinear Optimizer (300 iters, normal shrinkage)","(6000,9000]",8318,1.897053933578847,-0.12851682334245673,0.34767935852378556
RAD_OPERA_HOURLY_RAINFALL_ACCUMULATION_202301231200_patch003,OPT_NORM_ILDW_MULT_ILDW_INIT,"Nonlinear Optimizer (300 iters, normal shrinkage)",>9000,666,0.7941847378064197,0.4083536726019874,0.5703176277812374
RAD_OPERA_HOURLY_RAINFALL_ACCUMULATION_202301231300_patch001,OPT_NORM_ILDW_MULT_ILDW_INIT,"Nonlinear Optimizer (300 iters, normal shrinkage)",≤125,5511,1.9157453578393207,0.03213401011029432,0.9369151393349183
RAD_OPERA_HOURLY_RAINFALL_ACCUMULATION_202301231300_patch001,OPT_NORM_ILDW_MULT_ILDW_INIT,"Nonlinear Optimizer (300 iters, normal shrinkage)","(125,375]",21364,2.309512858997448,0.03782668054204631,0.9179065421364022
RAD_OPERA_HOURLY_RAINFALL_ACCUMULATION_202301231300_patch001,OPT_NORM_ILDW_MULT_ILDW_INIT,"Nonlinear Optimizer (300 iters, normal shrinkage)","(375,750]",33423,2.851898251131267,-0.01830442787634822,0.9086153747621837
RAD_OPERA_HOURLY_RAINFALL_ACCUMULATION_202301231300_patch001,OPT_NORM_ILDW_MULT_ILDW_INIT,"Nonlinear Optimizer (300 iters, normal shrinkage)","(750,1500]",63975,4.192268451328294,-0.1787756541619941,0.8526770526346736
RAD_OPERA_HOURLY_RAINFALL_ACCUMULATION_202301231300_patch001,OPT_NORM_ILDW_MULT_ILDW_INIT,"Nonlinear Optimizer (300 iters, normal shrinkage)","(1500,3125]",114461,5.514798204284342,-0.42261828913710464,0.8165273651960114
RAD_OPERA_HOURLY_RAINFALL_ACCUMULATION_202301231300_patch001,OPT_NORM_ILDW_MULT_ILDW_INIT,"Nonlinear Optimizer (300 iters, normal shrinkage)","(3125,6000]",64360,3.9429680916988614,-0.015331836184878411,0.8284442827902458
RAD_OPERA_HOURLY_RAINFALL_ACCUMULATION_202301231300_patch001,OPT_NORM_ILDW_MULT_ILDW_INIT,"Nonlinear Optimizer (300 iters, normal shrinkage)","(6000,9000]",3082,1.344058741042668,0.5551091173474602,0.6795115503743362
RAD_OPERA_HOURLY_RAINFALL_ACCUMULATION_202301231400_patch002,OPT_NORM_ILDW_MULT_ILDW_INIT,"Nonlinear Optimizer (300 iters, normal shrinkage)",≤125,5874,0.1005065648434939,0.0020967117977824224,0.9931045612681563
RAD_OPERA_HOURLY_RAINFALL_ACCUMULATION_202301231400_patch002,OPT_NORM_ILDW_MULT_ILDW_INIT,"Nonlinear Optimizer (300 iters, normal shrinkage)","(125,375]",23308,0.11656504059569973,0.0019294343120302613,0.9907456142811609
RAD_OPERA_HOURLY_RAINFALL_ACCUMULATION_202301231400_patch002,OPT_NORM_ILDW_MULT_ILDW_INIT,"Nonlinear Optimizer (300 iters, normal shrinkage)","(375,750]",37553,0.16552250752408904,-0.008991840453743792,0.9830725160971123
RAD_OPERA_HOURLY_RAINFALL_ACCUMULATION_202301231400_patch002,OPT_NORM_ILDW_MULT_ILDW_INIT,"Nonlinear Optimizer (300 iters, normal shrinkage)","(750,1500]",71261,0.23561541442275194,-0.039377039671697,0.9714575859794663
RAD_OPERA_HOURLY_RAINFALL_ACCUMULATION_202301231400_patch002,OPT_NORM_ILDW_MULT_ILDW_INIT,"Nonlinear Optimizer (300 iters, normal shrinkage)","(1500,3125]",123639,0.38793712947462505,-0.112143877118763,0.9332812434694903
RAD_OPERA_HOURLY_RAINFALL_ACCUMULATION_202301231400_patch002,OPT_NORM_ILDW_MULT_ILDW_INIT,"Nonlinear Optimizer (300 iters, normal shrinkage)","(3125,6000]",70303,0.5759715547436864,-0.22581102130352113,0.876926219657484
RAD_OPERA_HOURLY_RAINFALL_ACCUMULATION_202301231400_patch002,OPT_NORM_ILDW_MULT_ILDW_INIT,"Nonlinear Optimizer (300 iters, normal shrinkage)","(6000,9000]",3934,0.40046407343707213,0.017454371091128,0.7666175255809731
RAD_OPERA_HOURLY_RAINFALL_ACCUMULATION_202301231400_patch003,OPT_NORM_ILDW_MULT_ILDW_INIT,"Nonlinear Optimizer (300 iters, normal shrinkage)",≤125,4953,0.11366463981254606,0.0057110347736731406,0.9920509098373369
RAD_OPERA_HOURLY_RAINFALL_ACCUMULATION_202301231400_patch003,OPT_NORM_ILDW_MULT_ILDW_INIT,"Nonlinear Optimizer (300 iters, normal shrinkage)","(125,375]",20410,0.13172818635419523,0.0033279145730587267,0.9894997675127281
RAD_OPERA_HOURLY_RAINFALL_ACCUMULATION_202301231400_patch003,OPT_NORM_ILDW_MULT_ILDW_INIT,"Nonlinear Optimizer (300 iters, normal shrinkage)","(375,750]",34665,0.18088100382135758,-0.012061119580808766,0.9832485579890291
RAD_OPERA_HOURLY_RAINFALL_ACCUMULATION_202301231400_patch003,OPT_NORM_ILDW_MULT_ILDW_INIT,"Nonlinear Optimizer (300 iters, normal shrinkage)","(750,1500]",72194,0.2470215701445098,-0.05574496565555131,0.9718001431623436
RAD_OPERA_HOURLY_RAINFALL_ACCUMULATION_202301231400_patch003,OPT_NORM_ILDW_MULT_ILDW_INIT,"Nonlinear Optimizer (300 iters, normal shrinkage)","(1500,3125]",134690,0.34456996492324504,-0.1220981801951929,0.9493442642325973
RAD_OPERA_HOURLY_RAINFALL_ACCUMULATION_202301231400_patch003,OPT_NORM_ILDW_MULT_ILDW_INIT,"Nonlinear Optimizer (300 iters, normal shrinkage)","(3125,6000]",66872,0.5122763709015222,-0.1166785862263395,0.8728252769533903
RAD_OPERA_HOURLY_RAINFALL_ACCUMULATION_202301231400_patch003,OPT_NORM_ILDW_MULT_ILDW_INIT,"Nonlinear Optimizer (300 iters, normal shrinkage)","(6000,9000]",7545,0.5011524852864544,0.06801420530394421,0.4854867759660195
RAD_OPERA_HOURLY_RAINFALL_ACCUMULATION_202301231400_patch003,OPT_NORM_ILDW_MULT_ILDW_INIT,"Nonlinear Optimizer (300 iters, normal shrinkage)",>9000,175,0.23170550909686316,0.22905574798583983,0.07558598137582904
RAD_OPERA_HOURLY_RAINFALL_ACCUMULATION_202301231600_patch001,OPT_NORM_ILDW_MULT_ILDW_INIT,"Nonlinear Optimizer (300 iters, normal shrinkage)",≤125,4914,0.1953860519418696,0.0054265662912532575,0.9929833851109935
RAD_OPERA_HOURLY_RAINFALL_ACCUMULATION_202301231600_patch001,OPT_NORM_ILDW_MULT_ILDW_INIT,"Nonlinear Optimizer (300 iters, normal shrinkage)","(125,375]",20085,0.2154709707223818,-0.001658456688174152,0.9916055937252605
RAD_OPERA_HOURLY_RAINFALL_ACCUMULATION_202301231600_patch001,OPT_NORM_ILDW_MULT_ILDW_INIT,"Nonlinear Optimizer (300 iters, normal shrinkage)","(375,750]",33153,0.2846151572107862,-0.037576650662022766,0.9872010718708957
RAD_OPERA_HOURLY_RAINFALL_ACCUMULATION_202301231600_patch001,OPT_NORM_ILDW_MULT_ILDW_INIT,"Nonlinear Optimizer (300 iters, normal shrinkage)","(750,1500]",65856,0.4491114072007873,-0.1618249475221947,0.9785531799055427
RAD_OPERA_HOURLY_RAINFALL_ACCUMULATION_202301231600_patch001,OPT_NORM_ILDW_MULT_ILDW_INIT,"Nonlinear Optimizer (300 iters, normal shrinkage)","(1500,3125]",111781,0.751397632923911,-0.41001841359935515,0.9648681894814789
RAD_OPERA_HOURLY_RAINFALL_ACCUMULATION_202301231600_patch001,OPT_NORM_ILDW_MULT_ILDW_INIT,"Nonlinear Optimizer (300 iters, normal shrinkage)","(3125,6000]",56017,1.0577288586092082,-0.49998520258591644,0.9496921615017633
RAD_OPERA_HOURLY_RAINFALL_ACCUMULATION_202301231600_patch001,OPT_NORM_ILDW_MULT_ILDW_INIT,"Nonlinear Optimizer (300 iters, normal shrinkage)","(6000,9000]",8106,0.7588275374536965,0.24412491879006123,0.8844833149737535
RAD_OPERA_HOURLY_RAINFALL_ACCUMULATION_202301231600_patch001,OPT_NORM_ILDW_MULT_ILDW_INIT,"Nonlinear Optimizer (300 iters, normal shrinkage)",>9000,1656,0.36662834076680745,0.2864209671959209,0.22750773465963145
RAD_OPERA_HOURLY_RAINFALL_ACCUMULATION_202301231700_patch000,OPT_NORM_ILDW_MULT_ILDW_INIT,"Nonlinear Optimizer (300 iters, normal shrinkage)",≤125,5269,0.22128316550703478,-0.000151987713764279,0.9920474010568209
RAD_OPERA_HOURLY_RAINFALL_ACCUMULATION_202301231700_patch000,OPT_NORM_ILDW_MULT_ILDW_INIT,"Nonlinear Optimizer (300 iters, normal shrinkage)","(125,375]",20368,0.2534154905161463,-0.011125854915556647,0.9889826368700223
RAD_OPERA_HOURLY_RAINFALL_ACCUMULATION_202301231700_patch000,OPT_NORM_ILDW_MULT_ILDW_INIT,"Nonlinear Optimizer (300 iters, normal shrinkage)","(375,750]",32124,0.3422253034973869,-0.07778889581430279,0.9829616232838884
RAD_OPERA_HOURLY_RAINFALL_ACCUMULATION_202301231700_patch000,OPT_NORM_ILDW_MULT_ILDW_INIT,"Nonlinear Optimizer (300 iters, normal shrinkage)","(750,1500]",61468,0.5434736330984573,-0.2487164631208609,0.9691875794058288
RAD_OPERA_HOURLY_RAINFALL_ACCUMULATION_202301231700_patch000,OPT_NORM_ILDW_MULT_ILDW_INIT,"Nonlinear Optimizer (300 iters, normal shrinkage)","(1500,3125]",104182,1.0043216338171057,-0.6100636018229408,0.9398754338910772
RAD_OPERA_HOURLY_RAINFALL_ACCUMULATION_202301231700_patch000,OPT_NORM_ILDW_MULT_ILDW_INIT,"Nonlinear Optimizer (300 iters, normal shrinkage)","(3125,6000]",59655,1.3178771846356103,-0.7272259629644,0.9384763293338548
RAD_OPERA_HOURLY_RAINFALL_ACCUMULATION_202301231700_patch000,OPT_NORM_ILDW_MULT_ILDW_INIT,"Nonlinear Optimizer (300 iters, normal shrinkage)","(6000,9000]",8108,0.9822696537302965,-0.1592574173499121,0.8701690823381144
RAD_OPERA_HOURLY_RAINFALL_ACCUMULATION_202301231700_patch000,OPT_NORM_ILDW_MULT_ILDW_INIT,"Nonlinear Optimizer (300 iters, normal shrinkage)",>9000,666,0.9977187000323459,-0.4273572194952149,0.9588303013495462
RAD_OPERA_HOURLY_RAINFALL_ACCUMULATION_202301231900_patch000,OPT_NORM_ILDW_MULT_ILDW_INIT,"Nonlinear Optimizer (300 iters, normal shrinkage)",≤125,5065,0.24131737328989203,0.010361674317661655,0.9928452386776131
RAD_OPERA_HOURLY_RAINFALL_ACCUMULATION_202301231900_patch000,OPT_NORM_ILDW_MULT_ILDW_INIT,"Nonlinear Optimizer (300 iters, normal shrinkage)","(125,375]",20812,0.27732111420346695,-0.012796036125553295,0.9912457948000267
RAD_OPERA_HOURLY_RAINFALL_ACCUMULATION_202301231900_patch000,OPT_NORM_ILDW_MULT_ILDW_INIT,"Nonlinear Optimizer (300 iters, normal shrinkage)","(375,750]",35015,0.3704436514008419,-0.061111015671717596,0.9858644846137353
RAD_OPERA_HOURLY_RAINFALL_ACCUMULATION_202301231900_patch000,OPT_NORM_ILDW_MULT_ILDW_INIT,"Nonlinear Optimizer (300 iters, normal shrinkage)","(750,1500]",71144,0.5177367622069027,-0.18558978598158948,0.9772668157307638
RAD_OPERA_HOURLY_RAINFALL_ACCUMULATION_202301231900_patch000,OPT_NORM_ILDW_MULT_ILDW_INIT,"Nonlinear Optimizer (300 iters, normal shrinkage)","(1500,3125]",125239,0.8184363872778465,-0.37638111110573175,0.9600755474538999
RAD_OPERA_HOURLY_RAINFALL_ACCUMULATION_202301231900_patch000,OPT_NORM_ILDW_MULT_ILDW_INIT,"Nonlinear Optimizer (300 iters, normal shrinkage)","(3125,6000]",61768,0.7845495147631656,-0.0873575500513441,0.9396702078555498
RAD_OPERA_HOURLY_RAINFALL_ACCUMULATION_202301231900_patch000,OPT_NORM_ILDW_MULT_ILDW_INIT,"Nonlinear Optimizer (300 iters, normal shrinkage)","(6000,9000]",9857,0.6591019507823386,0.4917321714037927,0.848298758176469
RAD_OPERA_HOURLY_RAINFALL_ACCUMULATION_202301231900_patch000,OPT_NORM_ILDW_MULT_ILDW_INIT,"Nonlinear Optimizer (300 iters, normal shrinkage)",>9000,1340,0.5689390520384624,0.5425122223544254,0.9422494771287148
RAD_OPERA_HOURLY_RAINFALL_ACCUMULATION_202301240500_patch000,OPT_NORM_ILDW_MULT_ILDW_INIT,"Nonlinear Optimizer (300 iters, normal shrinkage)",≤125,7497,5.014610921722004,0.12071483670884094,0.9148672760840412
RAD_OPERA_HOURLY_RAINFALL_ACCUMULATION_202301240500_patch000,OPT_NORM_ILDW_MULT_ILDW_INIT,"Nonlinear Optimizer (300 iters, normal shrinkage)","(125,375]",30107,4.5436748134979075,-0.05567882298113523,0.9362195288992701
RAD_OPERA_HOURLY_RAINFALL_ACCUMULATION_202301240500_patch000,OPT_NORM_ILDW_MULT_ILDW_INIT,"Nonlinear Optimizer (300 iters, normal shrinkage)","(375,750]",51230,4.557776859812102,0.15147139331412515,0.9168314964048611
RAD_OPERA_HOURLY_RAINFALL_ACCUMULATION_202301240500_patch000,OPT_NORM_ILDW_MULT_ILDW_INIT,"Nonlinear Optimizer (300 iters, normal shrinkage)","(750,1500]",105715,3.8650294757884316,0.4877808003283623,0.8920089011529485
RAD_OPERA_HOURLY_RAINFALL_ACCUMULATION_202301240500_patch000,OPT_NORM_ILDW_MULT_ILDW_INIT,"Nonlinear Optimizer (300 iters, normal shrinkage)","(1500,3125]",194009,4.942078330133584,0.7278182487579005,0.8268143237338605
RAD_OPERA_HOURLY_RAINFALL_ACCUMULATION_202301240500_patch000,OPT_NORM_ILDW_MULT_ILDW_INIT,"Nonlinear Optimizer (300 iters, normal shrinkage)","(3125,6000]",101789,5.441731744756181,1.5212994266266735,0.7112811111595869
RAD_OPERA_HOURLY_RAINFALL_ACCUMULATION_202301240500_patch000,OPT_NORM_ILDW_MULT_ILDW_INIT,"Nonlinear Optimizer (300 iters, normal shrinkage)","(6000,9000]",4242,3.3543049772672338,0.7808680159778794,0.5407767087947453
RAD_OPERA_HOURLY_RAINFALL_ACCUMULATION_202301240500_patch000,OPT_NORM_ILDW_MULT_ILDW_INIT,"Nonlinear Optimizer (300 iters, normal shrinkage)",>9000,3,0.79626026886609,0.7962566614151001,
RAD_OPERA_HOURLY_RAINFALL_ACCUMULATION_202301240700_patch000,OPT_NORM_ILDW_MULT_ILDW_INIT,"Nonlinear Optimizer (300 iters, normal shrinkage)",≤125,3841,0.1595090668115394,0.005391070880606844,0.9878094566048168
RAD_OPERA_HOURLY_RAINFALL_ACCUMULATION_202301240700_patch000,OPT_NORM_ILDW_MULT_ILDW_INIT,"Nonlinear Optimizer (300 iters, normal shrinkage)","(125,375]",15308,0.18894785292176927,0.0014924106373312208,0.9841915679454064
RAD_OPERA_HOURLY_RAINFALL_ACCUMULATION_202301240700_patch000,OPT_NORM_ILDW_MULT_ILDW_INIT,"Nonlinear Optimizer (300 iters, normal shrinkage)","(375,750]",23624,0.25404237052968937,-0.035181747978415036,0.9766332360137007
RAD_OPERA_HOURLY_RAINFALL_ACCUMULATION_202301240700_patch000,OPT_NORM_ILDW_MULT_ILDW_INIT,"Nonlinear Optimizer (300 iters, normal shrinkage)","(750,1500]",44314,0.3547668399271229,-0.13786058485933,0.9698137129678756
RAD_OPERA_HOURLY_RAINFALL_ACCUMULATION_202301240700_patch000,OPT_NORM_ILDW_MULT_ILDW_INIT,"Nonlinear Optimizer (300 iters, normal shrinkage)","(1500,3125]",70641,0.5981685043261328,-0.37497680193443916,0.9535350062609378
RAD_OPERA_HOURLY_RAINFALL_ACCUMULATION_202301240700_patch000,OPT_NORM_ILDW_MULT_ILDW_INIT,"Nonlinear Optimizer (300 iters, normal shrinkage)","(3125,6000]",32468,0.6114558367460075,-0.34763347582029447,0.9426465896593204
RAD_OPERA_HOURLY_RAINFALL_ACCUMULATION_202301240700_patch000,OPT_NORM_ILDW_MULT_ILDW_INIT,"Nonlinear Optimizer (300 iters, normal shrinkage)","(6000,9000]",2828,0.22352724875679109,0.025442933682167886,0.9421759298957326
RAD_OPERA_HOURLY_RAINFALL_ACCUMULATION_202301241500_patch000,OPT_NORM_ILDW_MULT_ILDW_INIT,"Nonlinear Optimizer (300 iters, normal shrinkage)",≤125,6666,0.6851858004607745,0.03194162520512118,0.9609552576893311
RAD_OPERA_HOURLY_RAINFALL_ACCUMULATION_202301241500_patch000,OPT_NORM_ILDW_MULT_ILDW_INIT,"Nonlinear Optimizer (300 iters, normal shrinkage)","(125,375]",26427,0.6530890831263583,0.02460755164735654,0.9602592167957501
RAD_OPERA_HOURLY_RAINFALL_ACCUMULATION_202301241500_patch000,OPT_NORM_ILDW_MULT_ILDW_INIT,"Nonlinear Optimizer (300 iters, normal shrinkage)","(375,750]",44674,0.8441677943221347,-0.024567833487459185,0.9385630790568401
RAD_OPERA_HOURLY_RAINFALL_ACCUMULATION_202301241500_patch000,OPT_NORM_ILDW_MULT_ILDW_INIT,"Nonlinear Optimizer (300 iters, normal shrinkage)","(750,1500]",92969,1.035698701314165,-0.02360240923814496,0.9003564103181657
RAD_OPERA_HOURLY_RAINFALL_ACCUMULATION_202301241500_patch000,OPT_NORM_ILDW_MULT_ILDW_INIT,"Nonlinear Optimizer (300 iters, normal shrinkage)","(1500,3125]",168314,1.330906753728077,-0.06810786159826183,0.8293201785429083
RAD_OPERA_HOURLY_RAINFALL_ACCUMULATION_202301241500_patch000,OPT_NORM_ILDW_MULT_ILDW_INIT,"Nonlinear Optimizer (300 iters, normal shrinkage)","(3125,6000]",87948,1.85557667775994,-0.3720989605063343,0.7498711475118902
RAD_OPERA_HOURLY_RAINFALL_ACCUMULATION_202301241500_patch000,OPT_NORM_ILDW_MULT_ILDW_INIT,"Nonlinear Optimizer (300 iters, normal shrinkage)","(6000,9000]",6063,1.2230534597928904,0.6231637237642379,0.39895318788097345
RAD_OPERA_HOURLY_RAINFALL_ACCUMULATION_202301241500_patch000,OPT_NORM_ILDW_MULT_ILDW_INIT,"Nonlinear Optimizer (300 iters, normal shrinkage)",>9000,91,1.6189954485362246,1.616133797299731,0.8241773225201624
RAD_OPERA_HOURLY_RAINFALL_ACCUMULATION_202301241500_patch001,OPT_NORM_ILDW_MULT_ILDW_INIT,"Nonlinear Optimizer (300 iters, normal shrinkage)",≤125,4327,0.4891025133358413,0.01894689352913007,0.9830414882564147
RAD_OPERA_HOURLY_RAINFALL_ACCUMULATION_202301241500_patch001,OPT_NORM_ILDW_MULT_ILDW_INIT,"Nonlinear Optimizer (300 iters, normal shrinkage)","(125,375]",17469,0.5692010224987014,-0.04494091073974794,0.9794756354044967
RAD_OPERA_HOURLY_RAINFALL_ACCUMULATION_202301241500_patch001,OPT_NORM_ILDW_MULT_ILDW_INIT,"Nonlinear Optimizer (300 iters, normal shrinkage)","(375,750]",28304,0.8107693584062674,-0.19114590335172685,0.9670148690189532
RAD_OPERA_HOURLY_RAINFALL_ACCUMULATION_202301241500_patch001,OPT_NORM_ILDW_MULT_ILDW_INIT,"Nonlinear Optimizer (300 iters, normal shrinkage)","(750,1500]",54744,1.2243013207813156,-0.5392602346857563,0.9412653657211827
RAD_OPERA_HOURLY_RAINFALL_ACCUMULATION_202301241500_patch001,OPT_NORM_ILDW_MULT_ILDW_INIT,"Nonlinear Optimizer (300 iters, normal shrinkage)","(1500,3125]",84620,2.1760597041463363,-1.3479138312240115,0.893844686210993
RAD_OPERA_HOURLY_RAINFALL_ACCUMULATION_202301241500_patch001,OPT_NORM_ILDW_MULT_ILDW_INIT,"Nonlinear Optimizer (300 iters, normal shrinkage)","(3125,6000]",39893,2.658037956182048,-1.7593145243422172,0.8338969146205458
RAD_OPERA_HOURLY_RAINFALL_ACCUMULATION_202301241500_patch001,OPT_NORM_ILDW_MULT_ILDW_INIT,"Nonlinear Optimizer (300 iters, normal shrinkage)","(6000,9000]",4424,1.6346924708981225,-1.3967216394127602,0.3648888782695826
RAD_OPERA_HOURLY_RAINFALL_ACCUMULATION_202301241500_patch001,OPT_NORM_ILDW_MULT_ILDW_INIT,"Nonlinear Optimizer (300 iters, normal shrinkage)",>9000,1227,1.1005335525140267,-0.8587780605027029,0.4517689824388566
RAD_OPERA_HOURLY_RAINFALL_ACCUMULATION_202301241700_patch000,OPT_NORM_ILDW_MULT_ILDW_INIT,"Nonlinear Optimizer (300 iters, normal shrinkage)",≤125,4266,0.41404058984046943,0.006943360617516485,0.9442673728097903
RAD_OPERA_HOURLY_RAINFALL_ACCUMULATION_202301241700_patch000,OPT_NORM_ILDW_MULT_ILDW_INIT,"Nonlinear Optimizer (300 iters, normal shrinkage)","(125,375]",17079,0.4828310370693242,-0.008680577946252235,0.9243950251634424
RAD_OPERA_HOURLY_RAINFALL_ACCUMULATION_202301241700_patch000,OPT_NORM_ILDW_MULT_ILDW_INIT,"Nonlinear Optimizer (300 iters, normal shrinkage)","(375,750]",27134,0.6110154746342502,0.03829857984272996,0.8916421096558305
RAD_OPERA_HOURLY_RAINFALL_ACCUMULATION_202301241700_patch000,OPT_NORM_ILDW_MULT_ILDW_INIT,"Nonlinear Optimizer (300 iters, normal shrinkage)","(750,1500]",50938,0.8151279683347007,0.081866559978726,0.816679161871278
RAD_OPERA_HOURLY_RAINFALL_ACCUMULATION_202301241700_patch000,OPT_NORM_ILDW_MULT_ILDW_INIT,"Nonlinear Optimizer (300 iters, normal shrinkage)","(1500,3125]",83633,1.0869359627728512,0.08110200902574327,0.6703662735584015
RAD_OPERA_HOURLY_RAINFALL_ACCUMULATION_202301241700_patch000,OPT_NORM_ILDW_MULT_ILDW_INIT,"Nonlinear Optimizer (300 iters, normal shrinkage)","(3125,6000]",42436,1.0503774302484041,0.25559280832621994,0.5636495218318296
RAD_OPERA_HOURLY_RAINFALL_ACCUMULATION_202301241700_patch000,OPT_NORM_ILDW_MULT_ILDW_INIT,"Nonlinear Optimizer (300 iters, normal shrinkage)","(6000,9000]",3890,1.0661077315927108,0.3905100516679885,0.5725626573349737
RAD_OPERA_HOURLY_RAINFALL_ACCUMULATION_202301241700_patch002,OPT_NORM_ILDW_MULT_ILDW_INIT,"Nonlinear Optimizer (300 iters, normal shrinkage)",≤125,3783,0.4330848401930637,0.005949729288108748,0.97809365231754
RAD_OPERA_HOURLY_RAINFALL_ACCUMULATION_202301241700_patch002,OPT_NORM_ILDW_MULT_ILDW_INIT,"Nonlinear Optimizer (300 iters, normal shrinkage)","(125,375]",14906,0.49547447322174193,0.004375744825766007,0.9710818982676052
RAD_OPERA_HOURLY_RAINFALL_ACCUMULATION_202301241700_patch002,OPT_NORM_ILDW_MULT_ILDW_INIT,"Nonlinear Optimizer (300 iters, normal shrinkage)","(375,750]",22509,0.6571917522877517,-0.017693912864425083,0.9530241750604046
RAD_OPERA_HOURLY_RAINFALL_ACCUMULATION_202301241700_patch002,OPT_NORM_ILDW_MULT_ILDW_INIT,"Nonlinear Optimizer (300 iters, normal shrinkage)","(750,1500]",41257,0.8695721062590193,-0.07244832595353147,0.9250216478455469
RAD_OPERA_HOURLY_RAINFALL_ACCUMULATION_202301241700_patch002,OPT_NORM_ILDW_MULT_ILDW_INIT,"Nonlinear Optimizer (300 iters, normal shrinkage)","(1500,3125]",66625,1.1847895959884047,-0.09732900982232691,0.8616473763309761
RAD_OPERA_HOURLY_RAINFALL_ACCUMULATION_202301241700_patch002,OPT_NORM_ILDW_MULT_ILDW_INIT,"Nonlinear Optimizer (300 iters, normal shrinkage)","(3125,6000]",34002,1.442350148538606,0.06264747014867107,0.7735734458730126
RAD_OPERA_HOURLY_RAINFALL_ACCUMULATION_202301241700_patch002,OPT_NORM_ILDW_MULT_ILDW_INIT,"Nonlinear Optimizer (300 iters, normal shrinkage)","(6000,9000]",3286,1.1737437032202638,0.5293680058788832,0.798940459529238
RAD_OPERA_HOURLY_RAINFALL_ACCUMULATION_202301241900_patch001,OPT_NORM_ILDW_MULT_ILDW_INIT,"Nonlinear Optimizer (300 iters, normal shrinkage)",≤125,3801,0.16110386865106002,0.006093855215135106,0.9955822695586505
RAD_OPERA_HOURLY_RAINFALL_ACCUMULATION_202301241900_patch001,OPT_NORM_ILDW_MULT_ILDW_INIT,"Nonlinear Optimizer (300 iters, normal shrinkage)","(125,375]",14742,0.19374327252842638,-0.007260600456937879,0.9932048395360314
RAD_OPERA_HOURLY_RAINFALL_ACCUMULATION_202301241900_patch001,OPT_NORM_ILDW_MULT_ILDW_INIT,"Nonlinear Optimizer (300 iters, normal shrinkage)","(375,750]",21758,0.27216489759119944,-0.04560490637971084,0.986748795181103
RAD_OPERA_HOURLY_RAINFALL_ACCUMULATION_202301241900_patch001,OPT_NORM_ILDW_MULT_ILDW_INIT,"Nonlinear Optimizer (300 iters, normal shrinkage)","(750,1500]",40352,0.41580935026901594,-0.13358063640628337,0.972297279944614
RAD_OPERA_HOURLY_RAINFALL_ACCUMULATION_202301241900_patch001,OPT_NORM_ILDW_MULT_ILDW_INIT,"Nonlinear Optimizer (300 iters, normal shrinkage)","(1500,3125]",68193,0.7358708715701794,-0.3801426560288887,0.9419178194642934
RAD_OPERA_HOURLY_RAINFALL_ACCUMULATION_202301241900_patch001,OPT_NORM_ILDW_MULT_ILDW_INIT,"Nonlinear Optimizer (300 iters, normal shrinkage)","(3125,6000]",33486,1.0357237482856492,-0.5406296417568346,0.9203093940829739
RAD_OPERA_HOURLY_RAINFALL_ACCUMULATION_202301241900_patch001,OPT_NORM_ILDW_MULT_ILDW_INIT,"Nonlinear Optimizer (300 iters, normal shrinkage)","(6000,9000]",3268,0.9741164202903811,0.47994382336115604,0.8238776894640728
RAD_OPERA_HOURLY_RAINFALL_ACCUMULATION_202301242200_patch001,OPT_NORM_ILDW_MULT_ILDW_INIT,"Nonlinear Optimizer (300 iters, normal shrinkage)",≤125,4808,0.668553549354599,-0.0005914400367919946,0.9637781922060615
RAD_OPERA_HOURLY_RAINFALL_ACCUMULATION_202301242200_patch001,OPT_NORM_ILDW_MULT_ILDW_INIT,"Nonlinear Optimizer (300 iters, normal shrinkage)","(125,375]",19791,0.7878430604866297,-0.06073505353969761,0.95502651200307
RAD_OPERA_HOURLY_RAINFALL_ACCUMULATION_202301242200_patch001,OPT_NORM_ILDW_MULT_ILDW_INIT,"Nonlinear Optimizer (300 iters, normal shrinkage)","(375,750]",33541,0.9405939756536164,-0.0395757774976263,0.9330151066542899
RAD_OPERA_HOURLY_RAINFALL_ACCUMULATION_202301242200_patch001,OPT_NORM_ILDW_MULT_ILDW_INIT,"Nonlinear Optimizer (300 iters, normal shrinkage)","(750,1500]",70004,1.1558267273571172,0.05819355230170995,0.887815639445069
RAD_OPERA_HOURLY_RAINFALL_ACCUMULATION_202301242200_patch001,OPT_NORM_ILDW_MULT_ILDW_INIT,"Nonlinear Optimizer (300 iters, normal shrinkage)","(1500,3125]",130131,1.4455616036197192,0.09177710145558005,0.7892687593824331
RAD_OPERA_HOURLY_RAINFALL_ACCUMULATION_202301242200_patch001,OPT_NORM_ILDW_MULT_ILDW_INIT,"Nonlinear Optimizer (300 iters, normal shrinkage)","(3125,6000]",65641,1.6921750569415865,0.004630235495545576,0.6643921232179887
RAD_OPERA_HOURLY_RAINFALL_ACCUMULATION_202301242200_patch001,OPT_NORM_ILDW_MULT_ILDW_INIT,"Nonlinear Optimizer (300 iters, normal shrinkage)","(6000,9000]",5637,1.7400568607773645,0.9920747750501449,0.4322766105408568
RAD_OPERA_HOURLY_RAINFALL_ACCUMULATION_202301242200_patch001,OPT_NORM_ILDW_MULT_ILDW_INIT,"Nonlinear Optimizer (300 iters, normal shrinkage)",>9000,175,0.8007723751707995,0.7687901488372257,0.34578091309311765
RAD_OPERA_HOURLY_RAINFALL_ACCUMULATION_202301250200_patch000,OPT_NORM_ILDW_MULT_ILDW_INIT,"Nonlinear Optimizer (300 iters, normal shrinkage)",≤125,4338,0.13142338073396662,-0.005688388165088225,0.9966358723169096
RAD_OPERA_HOURLY_RAINFALL_ACCUMULATION_202301250200_patch000,OPT_NORM_ILDW_MULT_ILDW_INIT,"Nonlinear Optimizer (300 iters, normal shrinkage)","(125,375]",17374,0.15752675984202738,-0.006031496621624597,0.9951061742749238
RAD_OPERA_HOURLY_RAINFALL_ACCUMULATION_202301250200_patch000,OPT_NORM_ILDW_MULT_ILDW_INIT,"Nonlinear Optimizer (300 iters, normal shrinkage)","(375,750]",27861,0.21056332188071444,-0.023991079674410266,0.990631572867652
RAD_OPERA_HOURLY_RAINFALL_ACCUMULATION_202301250200_patch000,OPT_NORM_ILDW_MULT_ILDW_INIT,"Nonlinear Optimizer (300 iters, normal shrinkage)","(750,1500]",53465,0.290865579211953,-0.05801022779595403,0.9802282041065484
RAD_OPERA_HOURLY_RAINFALL_ACCUMULATION_202301250200_patch000,OPT_NORM_ILDW_MULT_ILDW_INIT,"Nonlinear Optimizer (300 iters, normal shrinkage)","(1500,3125]",85070,0.43647314081624594,-0.08149788007604343,0.944252274109784
RAD_OPERA_HOURLY_RAINFALL_ACCUMULATION_202301250200_patch000,OPT_NORM_ILDW_MULT_ILDW_INIT,"Nonlinear Optimizer (300 iters, normal shrinkage)","(3125,6000]",42760,0.6559532778334178,-0.1902784562038068,0.8591255080117541
RAD_OPERA_HOURLY_RAINFALL_ACCUMULATION_202301250200_patch000,OPT_NORM_ILDW_MULT_ILDW_INIT,"Nonlinear Optimizer (300 iters, normal shrinkage)","(6000,9000]",5271,0.9059077100186385,0.09607931483608341,0.1787346550448548
RAD_OPERA_HOURLY_RAINFALL_ACCUMULATION_202301250200_patch000,OPT_NORM_ILDW_MULT_ILDW_INIT,"Nonlinear Optimizer (300 iters, normal shrinkage)",>9000,405,0.533310434573065,0.3540117340323366,0.7122307993523964
RAD_OPERA_HOURLY_RAINFALL_ACCUMULATION_202301250200_patch001,OPT_NORM_ILDW_MULT_ILDW_INIT,"Nonlinear Optimizer (300 iters, normal shrinkage)",≤125,7047,0.5014698543435172,-0.0010128888724011977,0.9878485260556006
RAD_OPERA_HOURLY_RAINFALL_ACCUMULATION_202301250200_patch001,OPT_NORM_ILDW_MULT_ILDW_INIT,"Nonlinear Optimizer (300 iters, normal shrinkage)","(125,375]",28082,0.5358272632654201,-0.0007730644692248259,0.9839883309330393
RAD_OPERA_HOURLY_RAINFALL_ACCUMULATION_202301250200_patch001,OPT_NORM_ILDW_MULT_ILDW_INIT,"Nonlinear Optimizer (300 iters, normal shrinkage)","(375,750]",47439,0.574048861778059,0.014125848477177976,0.979430361327945
RAD_OPERA_HOURLY_RAINFALL_ACCUMULATION_202301250200_patch001,OPT_NORM_ILDW_MULT_ILDW_INIT,"Nonlinear Optimizer (300 iters, normal shrinkage)","(750,1500]",96948,0.7141647475876105,0.03346926597849857,0.9633671813572724
RAD_OPERA_HOURLY_RAINFALL_ACCUMULATION_202301250200_patch001,OPT_NORM_ILDW_MULT_ILDW_INIT,"Nonlinear Optimizer (300 iters, normal shrinkage)","(1500,3125]",177373,0.9622467210937011,0.09270743504388762,0.930315634229033
RAD_OPERA_HOURLY_RAINFALL_ACCUMULATION_202301250200_patch001,OPT_NORM_ILDW_MULT_ILDW_INIT,"Nonlinear Optimizer (300 iters, normal shrinkage)","(3125,6000]",99828,0.9832173880813354,0.05857039052668143,0.9264613566720267
RAD_OPERA_HOURLY_RAINFALL_ACCUMULATION_202301250200_patch001,OPT_NORM_ILDW_MULT_ILDW_INIT,"Nonlinear Optimizer (300 iters, normal shrinkage)","(6000,9000]",5091,0.507842856957888,0.2690350210984406,0.7174561060479085
RAD_OPERA_HOURLY_RAINFALL_ACCUMULATION_202301250200_patch001,OPT_NORM_ILDW_MULT_ILDW_INIT,"Nonlinear Optimizer (300 iters, normal shrinkage)",>9000,16,0.002161709729533623,0.0021616240992443636,
RAD_OPERA_HOURLY_RAINFALL_ACCUMULATION_202301250300_patch000,OPT_NORM_ILDW_MULT_ILDW_INIT,"Nonlinear Optimizer (300 iters, normal shrinkage)",≤125,5148,0.10594487505687106,0.0008834385325395515,0.9940508537389863
RAD_OPERA_HOURLY_RAINFALL_ACCUMULATION_202301250300_patch000,OPT_NORM_ILDW_MULT_ILDW_INIT,"Nonlinear Optimizer (300 iters, normal shrinkage)","(125,375]",19535,0.11973811994565861,-0.003376925739144803,0.9924386444676405
RAD_OPERA_HOURLY_RAINFALL_ACCUMULATION_202301250300_patch000,OPT_NORM_ILDW_MULT_ILDW_INIT,"Nonlinear Optimizer (300 iters, normal shrinkage)","(375,750]",29882,0.16020505348908115,-0.018769430079762377,0.98595736994913
RAD_OPERA_HOURLY_RAINFALL_ACCUMULATION_202301250300_patch000,OPT_NORM_ILDW_MULT_ILDW_INIT,"Nonlinear Optimizer (300 iters, normal shrinkage)","(750,1500]",56090,0.21886167186316693,-0.06325822416463836,0.9733261135743774
RAD_OPERA_HOURLY_RAINFALL_ACCUMULATION_202301250300_patch000,OPT_NORM_ILDW_MULT_ILDW_INIT,"Nonlinear Optimizer (300 iters, normal shrinkage)","(1500,3125]",95021,0.33022201697074294,-0.148879539149741,0.9531949899976829
RAD_OPERA_HOURLY_RAINFALL_ACCUMULATION_202301250300_patch000,OPT_NORM_ILDW_MULT_ILDW_INIT,"Nonlinear Optimizer (300 iters, normal shrinkage)","(3125,6000]",50175,0.4076407668619433,-0.19633625486328285,0.9403083088322337
RAD_OPERA_HOURLY_RAINFALL_ACCUMULATION_202301250300_patch000,OPT_NORM_ILDW_MULT_ILDW_INIT,"Nonlinear Optimizer (300 iters, normal shrinkage)","(6000,9000]",2197,0.28787577405146186,-0.14443250195134702,0.9201880545592431
RAD_OPERA_HOURLY_RAINFALL_ACCUMULATION_202301250500_patch000,OPT_NORM_ILDW_MULT_ILDW_INIT,"Nonlinear Optimizer (300 iters, normal shrinkage)",≤125,5599,0.49658778263401576,0.01840783857909627,0.9638741511466513
RAD_OPERA_HOURLY_RAINFALL_ACCUMULATION_202301250500_patch000,OPT_NORM_ILDW_MULT_ILDW_INIT,"Nonlinear Optimizer (300 iters, normal shrinkage)","(125,375]",22297,0.6443372132143869,-0.007010158496733957,0.9582292303481054
RAD_OPERA_HOURLY_RAINFALL_ACCUMULATION_202301250500_patch000,OPT_NORM_ILDW_MULT_ILDW_INIT,"Nonlinear Optimizer (300 iters, normal shrinkage)","(375,750]",37594,0.9108985708976928,-0.15991207271982408,0.9432424644758329
RAD_OPERA_HOURLY_RAINFALL_ACCUMULATION_202301250500_patch000,OPT_NORM_ILDW_MULT_ILDW_INIT,"Nonlinear Optimizer (300 iters, normal shrinkage)","(750,1500]",78259,1.2696800993005575,-0.4571394261707857,0.904184709521264
RAD_OPERA_HOURLY_RAINFALL_ACCUMULATION_202301250500_patch000,OPT_NORM_ILDW_MULT_ILDW_INIT,"Nonlinear Optimizer (300 iters, normal shrinkage)","(1500,3125]",147305,1.7402182284742844,-0.8605377827651862,0.8299969730564528
RAD_OPERA_HOURLY_RAINFALL_ACCUMULATION_202301250500_patch000,OPT_NORM_ILDW_MULT_ILDW_INIT,"Nonlinear Optimizer (300 iters, normal shrinkage)","(3125,6000]",77648,1.738661154528087,-0.8242603550462043,0.7782925533822864
RAD_OPERA_HOURLY_RAINFALL_ACCUMULATION_202301250500_patch000,OPT_NORM_ILDW_MULT_ILDW_INIT,"Nonlinear Optimizer (300 iters, normal shrinkage)","(6000,9000]",7911,1.359311813452446,-0.4187151329897249,0.41100070769669933
RAD_OPERA_HOURLY_RAINFALL_ACCUMULATION_202301250500_patch000,OPT_NORM_ILDW_MULT_ILDW_INIT,"Nonlinear Optimizer (300 iters, normal shrinkage)",>9000,219,1.2786285829247817,0.5991659235192216,-0.9188803358419971
RAD_OPERA_HOURLY_RAINFALL_ACCUMULATION_202301251000_patch001,OPT_NORM_ILDW_MULT_ILDW_INIT,"Nonlinear Optimizer (300 iters, normal shrinkage)",≤125,4154,0.13209250754236537,-0.002058083748526502,0.9972991912272651
RAD_OPERA_HOURLY_RAINFALL_ACCUMULATION_202301251000_patch001,OPT_NORM_ILDW_MULT_ILDW_INIT,"Nonlinear Optimizer (300 iters, normal shrinkage)","(125,375]",16892,0.15372384463157845,-0.0023805571765543867,0.9961146713629699
RAD_OPERA_HOURLY_RAINFALL_ACCUMULATION_202301251000_patch001,OPT_NORM_ILDW_MULT_ILDW_INIT,"Nonlinear Optimizer (300 iters, normal shrinkage)","(375,750]",27234,0.22124379463386692,-0.00475630200046288,0.9914540374822579
RAD_OPERA_HOURLY_RAINFALL_ACCUMULATION_202301251000_patch001,OPT_NORM_ILDW_MULT_ILDW_INIT,"Nonlinear Optimizer (300 iters, normal shrinkage)","(750,1500]",52950,0.32179069319911413,-0.015122278508164642,0.9812154416134221
RAD_OPERA_HOURLY_RAINFALL_ACCUMULATION_202301251000_patch001,OPT_NORM_ILDW_MULT_ILDW_INIT,"Nonlinear Optimizer (300 iters, normal shrinkage)","(1500,3125]",82477,0.5021273961443654,0.022192627259293194,0.9508547418366561
RAD_OPERA_HOURLY_RAINFALL_ACCUMULATION_202301251000_patch001,OPT_NORM_ILDW_MULT_ILDW_INIT,"Nonlinear Optimizer (300 iters, normal shrinkage)","(3125,6000]",40696,0.5658109483118825,0.1721849190658282,0.9218217387830827
RAD_OPERA_HOURLY_RAINFALL_ACCUMULATION_202301251000_patch001,OPT_NORM_ILDW_MULT_ILDW_INIT,"Nonlinear Optimizer (300 iters, normal shrinkage)","(6000,9000]",6300,0.6058880189966529,0.3382051545192325,0.5924975109856374
RAD_OPERA_HOURLY_RAINFALL_ACCUMULATION_202301251000_patch001,OPT_NORM_ILDW_MULT_ILDW_INIT,"Nonlinear Optimizer (300 iters, normal shrinkage)",>9000,2257,0.4810958696384313,0.38224368688011257,0.29373583140341847
RAD_OPERA_HOURLY_RAINFALL_ACCUMULATION_202301251300_patch000,OPT_NORM_ILDW_MULT_ILDW_INIT,"Nonlinear Optimizer (300 iters, normal shrinkage)",≤125,4088,0.1044226693685642,0.0005396122528411405,0.9907962369554217
RAD_OPERA_HOURLY_RAINFALL_ACCUMULATION_202301251300_patch000,OPT_NORM_ILDW_MULT_ILDW_INIT,"Nonlinear Optimizer (300 iters, normal shrinkage)","(125,375]",15882,0.1268875293174719,-0.004237255899388305,0.9876262493142561
RAD_OPERA_HOURLY_RAINFALL_ACCUMULATION_202301251300_patch000,OPT_NORM_ILDW_MULT_ILDW_INIT,"Nonlinear Optimizer (300 iters, normal shrinkage)","(375,750]",23638,0.17640784274110746,-0.019027107816883902,0.9826798920778331
RAD_OPERA_HOURLY_RAINFALL_ACCUMULATION_202301251300_patch000,OPT_NORM_ILDW_MULT_ILDW_INIT,"Nonlinear Optimizer (300 iters, normal shrinkage)","(750,1500]",43117,0.24088069826419553,-0.06128810371441631,0.9772055993364653
RAD_OPERA_HOURLY_RAINFALL_ACCUMULATION_202301251300_patch000,OPT_NORM_ILDW_MULT_ILDW_INIT,"Nonlinear Optimizer (300 iters, normal shrinkage)","(1500,3125]",73229,0.37720534946272555,-0.1279744572434392,0.9681723194364658
RAD_OPERA_HOURLY_RAINFALL_ACCUMULATION_202301251300_patch000,OPT_NORM_ILDW_MULT_ILDW_INIT,"Nonlinear Optimizer (300 iters, normal shrinkage)","(3125,6000]",37125,0.5401615144531161,-0.1078549704225991,0.9685460326373837
RAD_OPERA_HOURLY_RAINFALL_ACCUMULATION_202301251300_patch000,OPT_NORM_ILDW_MULT_ILDW_INIT,"Nonlinear Optimizer (300 iters, normal shrinkage)","(6000,9000]",3369,0.791946981497291,0.5546994435517835,0.9413517467007584
RAD_OPERA_HOURLY_RAINFALL_ACCUMULATION_202301251600_patch002,OPT_NORM_ILDW_MULT_ILDW_INIT,"Nonlinear Optimizer (300 iters, normal shrinkage)",≤125,4119,0.15780669060093416,0.0013766484744542852,0.9934686408736169
RAD_OPERA_HOURLY_RAINFALL_ACCUMULATION_202301251600_patch002,OPT_NORM_ILDW_MULT_ILDW_INIT,"Nonlinear Optimizer (300 iters, normal shrinkage)","(125,375]",15923,0.1955146253947468,-0.0016880741022630818,0.990642615981145
RAD_OPERA_HOURLY_RAINFALL_ACCUMULATION_202301251600_patch002,OPT_NORM_ILDW_MULT_ILDW_INIT,"Nonlinear Optimizer (300 iters, normal shrinkage)","(375,750]",23477,0.2507755569148992,-0.018064521760647448,0.986033486539965
RAD_OPERA_HOURLY_RAINFALL_ACCUMULATION_202301251600_patch002,OPT_NORM_ILDW_MULT_ILDW_INIT,"Nonlinear Optimizer (300 iters, normal shrinkage)","(750,1500]",42558,0.39252081245239306,-0.058590724740297376,0.9701833212376785
RAD_OPERA_HOURLY_RAINFALL_ACCUMULATION_202301251600_patch002,OPT_NORM_ILDW_MULT_ILDW_INIT,"Nonlinear Optimizer (300 iters, normal shrinkage)","(1500,3125]",72310,0.6628882826781137,-0.12119333240877848,0.9184451659218117
RAD_OPERA_HOURLY_RAINFALL_ACCUMULATION_202301251600_patch002,OPT_NORM_ILDW_MULT_ILDW_INIT,"Nonlinear Optimizer (300 iters, normal shrinkage)","(3125,6000]",35394,0.8045796132420775,-0.06586676930953222,0.8037829280681038
RAD_OPERA_HOURLY_RAINFALL_ACCUMULATION_202301251600_patch002,OPT_NORM_ILDW_MULT_ILDW_INIT,"Nonlinear Optimizer (300 iters, normal shrinkage)","(6000,9000]",4806,1.0822778665344146,0.6347069636861632,-0.027487747727731486
RAD_OPERA_HOURLY_RAINFALL_ACCUMULATION_202301251600_patch002,OPT_NORM_ILDW_MULT_ILDW_INIT,"Nonlinear Optimizer (300 iters, normal shrinkage)",>9000,1093,0.893779293303256,0.6594021790418075,-0.4818418720882648
RAD_OPERA_HOURLY_RAINFALL_ACCUMULATION_202301252100_patch000,OPT_NORM_ILDW_MULT_ILDW_INIT,"Nonlinear Optimizer (300 iters, normal shrinkage)",≤125,5395,0.11710941964221425,0.0006017316426249761,0.9965839580200779
RAD_OPERA_HOURLY_RAINFALL_ACCUMULATION_202301252100_patch000,OPT_NORM_ILDW_MULT_ILDW_INIT,"Nonlinear Optimizer (300 iters, normal shrinkage)","(125,375]",21090,0.13570331144193368,-0.007067509543110037,0.9954755282614142
RAD_OPERA_HOURLY_RAINFALL_ACCUMULATION_202301252100_patch000,OPT_NORM_ILDW_MULT_ILDW_INIT,"Nonlinear Optimizer (300 iters, normal shrinkage)","(375,750]",34488,0.1880903348115231,-0.026666476785517906,0.9914697290547206
RAD_OPERA_HOURLY_RAINFALL_ACCUMULATION_202301252100_patch000,OPT_NORM_ILDW_MULT_ILDW_INIT,"Nonlinear Optimizer (300 iters, normal shrinkage)","(750,1500]",67771,0.2372884725930433,-0.07346039647174489,0.9873932081629012
RAD_OPERA_HOURLY_RAINFALL_ACCUMULATION_202301252100_patch000,OPT_NORM_ILDW_MULT_ILDW_INIT,"Nonlinear Optimizer (300 iters, normal shrinkage)","(1500,3125]",115766,0.3108895398744969,-0.1329839986851984,0.9805334677647579
RAD_OPERA_HOURLY_RAINFALL_ACCUMULATION_202301252100_patch000,OPT_NORM_ILDW_MULT_ILDW_INIT,"Nonlinear Optimizer (300 iters, normal shrinkage)","(3125,6000]",63094,0.38712707134458807,-0.10315723309765323,0.9663667731838962
RAD_OPERA_HOURLY_RAINFALL_ACCUMULATION_202301252100_patch000,OPT_NORM_ILDW_MULT_ILDW_INIT,"Nonlinear Optimizer (300 iters, normal shrinkage)","(6000,9000]",4971,0.342315262167835,0.1849016610362884,0.9641237588473479
RAD_OPERA_HOURLY_RAINFALL_ACCUMULATION_202301252100_patch000,OPT_NORM_ILDW_MULT_ILDW_INIT,"Nonlinear Optimizer (300 iters, normal shrinkage)",>9000,1,0.22575369477272034,0.22575369477272034,
RAD_OPERA_HOURLY_RAINFALL_ACCUMULATION_202301252200_patch000,OPT_NORM_ILDW_MULT_ILDW_INIT,"Nonlinear Optimizer (300 iters, normal shrinkage)",≤125,3907,0.1631765058899873,0.007828252262735964,0.9919015053884449
RAD_OPERA_HOURLY_RAINFALL_ACCUMULATION_202301252200_patch000,OPT_NORM_ILDW_MULT_ILDW_INIT,"Nonlinear Optimizer (300 iters, normal shrinkage)","(125,375]",15106,0.18452855894167738,-0.0028443341774134294,0.9900369707804237
RAD_OPERA_HOURLY_RAINFALL_ACCUMULATION_202301252200_patch000,OPT_NORM_ILDW_MULT_ILDW_INIT,"Nonlinear Optimizer (300 iters, normal shrinkage)","(375,750]",22392,0.2331048724850404,-0.03967872113202375,0.9865086540729827
RAD_OPERA_HOURLY_RAINFALL_ACCUMULATION_202301252200_patch000,OPT_NORM_ILDW_MULT_ILDW_INIT,"Nonlinear Optimizer (300 iters, normal shrinkage)","(750,1500]",41007,0.37186556608098503,-0.1373040379263806,0.9736513868410316
RAD_OPERA_HOURLY_RAINFALL_ACCUMULATION_202301252200_patch000,OPT_NORM_ILDW_MULT_ILDW_INIT,"Nonlinear Optimizer (300 iters, normal shrinkage)","(1500,3125]",70023,0.5494523193860597,-0.31929517219798936,0.9600891176114348
RAD_OPERA_HOURLY_RAINFALL_ACCUMULATION_202301252200_patch000,OPT_NORM_ILDW_MULT_ILDW_INIT,"Nonlinear Optimizer (300 iters, normal shrinkage)","(3125,6000]",32501,0.7073791665808904,-0.40858941416033107,0.959435762741543
RAD_OPERA_HOURLY_RAINFALL_ACCUMULATION_202301252200_patch000,OPT_NORM_ILDW_MULT_ILDW_INIT,"Nonlinear Optimizer (300 iters, normal shrinkage)","(6000,9000]",1432,0.42562197966437626,-0.017985579146686213,0.9813491230947887
RAD_OPERA_HOURLY_RAINFALL_ACCUMULATION_202301260000_patch000,OPT_NORM_ILDW_MULT_ILDW_INIT,"Nonlinear Optimizer (300 iters, normal shrinkage)",≤125,3884,5.651594582580928,-0.3713432683058178,0.9479567955526742
RAD_OPERA_HOURLY_RAINFALL_ACCUMULATION_202301260000_patch000,OPT_NORM_ILDW_MULT_ILDW_INIT,"Nonlinear Optimizer (300 iters, normal shrinkage)","(125,375]",15623,5.916373284425216,0.04178461370499458,0.9132485702284194
RAD_OPERA_HOURLY_RAINFALL_ACCUMULATION_202301260000_patch000,OPT_NORM_ILDW_MULT_ILDW_INIT,"Nonlinear Optimizer (300 iters, normal shrinkage)","(375,750]",24479,6.750860294117744,0.7225636592677107,0.8478474262671496
RAD_OPERA_HOURLY_RAINFALL_ACCUMULATION_202301260000_patch000,OPT_NORM_ILDW_MULT_ILDW_INIT,"Nonlinear Optimizer (300 iters, normal shrinkage)","(750,1500]",46137,7.049634264116364,1.0684184932650707,0.7491371543414895
RAD_OPERA_HOURLY_RAINFALL_ACCUMULATION_202301260000_patch000,OPT_NORM_ILDW_MULT_ILDW_INIT,"Nonlinear Optimizer (300 iters, normal shrinkage)","(1500,3125]",72453,7.414289575855697,1.6686121316466993,0.4889095988822341
RAD_OPERA_HOURLY_RAINFALL_ACCUMULATION_202301260000_patch000,OPT_NORM_ILDW_MULT_ILDW_INIT,"Nonlinear Optimizer (300 iters, normal shrinkage)","(3125,6000]",34265,6.680180205211731,1.9350816471139018,0.46904796681079075
RAD_OPERA_HOURLY_RAINFALL_ACCUMULATION_202301260000_patch000,OPT_NORM_ILDW_MULT_ILDW_INIT,"Nonlinear Optimizer (300 iters, normal shrinkage)","(6000,9000]",2839,3.0936235676976787,2.0587476201862636,0.3986630995380648
RAD_OPERA_HOURLY_RAINFALL_ACCUMULATION_202301260200_patch000,OPT_NORM_ILDW_MULT_ILDW_INIT,"Nonlinear Optimizer (300 iters, normal shrinkage)",≤125,4421,0.224788961142764,0.0005315893718688893,0.995064047642181
RAD_OPERA_HOURLY_RAINFALL_ACCUMULATION_202301260200_patch000,OPT_NORM_ILDW_MULT_ILDW_INIT,"Nonlinear Optimizer (300 iters, normal shrinkage)","(125,375]",17544,0.27123907210157905,-0.012320753015614201,0.9927415514332855
RAD_OPERA_HOURLY_RAINFALL_ACCUMULATION_202301260200_patch000,OPT_NORM_ILDW_MULT_ILDW_INIT,"Nonlinear Optimizer (300 iters, normal shrinkage)","(375,750]",27121,0.3924052462271064,-0.045577018229097474,0.9868567187114666
RAD_OPERA_HOURLY_RAINFALL_ACCUMULATION_202301260200_patch000,OPT_NORM_ILDW_MULT_ILDW_INIT,"Nonlinear Optimizer (300 iters, normal shrinkage)","(750,1500]",51199,0.6284910783375536,-0.07351910194693372,0.9714079342296339
RAD_OPERA_HOURLY_RAINFALL_ACCUMULATION_202301260200_patch000,OPT_NORM_ILDW_MULT_ILDW_INIT,"Nonlinear Optimizer (300 iters, normal shrinkage)","(1500,3125]",82409,1.0284334089778735,-0.07211164537717778,0.932601564601208
RAD_OPERA_HOURLY_RAINFALL_ACCUMULATION_202301260200_patch000,OPT_NORM_ILDW_MULT_ILDW_INIT,"Nonlinear Optimizer (300 iters, normal shrinkage)","(3125,6000]",39095,1.520430684292728,0.29846598876398167,0.8282134152224941
RAD_OPERA_HOURLY_RAINFALL_ACCUMULATION_202301260200_patch000,OPT_NORM_ILDW_MULT_ILDW_INIT,"Nonlinear Optimizer (300 iters, normal shrinkage)","(6000,9000]",6701,1.6491629504651597,1.3924928682021949,0.6174143380308322
RAD_OPERA_HOURLY_RAINFALL_ACCUMULATION_202301260200_patch000,OPT_NORM_ILDW_MULT_ILDW_INIT,"Nonlinear Optimizer (300 iters, normal shrinkage)",>9000,1654,1.7916354465616202,1.5803425026406617,0.7342255271638102
RAD_OPERA_HOURLY_RAINFALL_ACCUMULATION_202301260200_patch001,OPT_NORM_ILDW_MULT_ILDW_INIT,"Nonlinear Optimizer (300 iters, normal shrinkage)",≤125,4870,0.1532735663899995,0.00044945592263396025,0.9933054147518107
RAD_OPERA_HOURLY_RAINFALL_ACCUMULATION_202301260200_patch001,OPT_NORM_ILDW_MULT_ILDW_INIT,"Nonlinear Optimizer (300 iters, normal shrinkage)","(125,375]",18492,0.18769270023348433,-0.00513109966239036,0.9893501347204042
RAD_OPERA_HOURLY_RAINFALL_ACCUMULATION_202301260200_patch001,OPT_NORM_ILDW_MULT_ILDW_INIT,"Nonlinear Optimizer (300 iters, normal shrinkage)","(375,750]",28487,0.2682430608902673,-0.045881001227953286,0.979112945355216
RAD_OPERA_HOURLY_RAINFALL_ACCUMULATION_202301260200_patch001,OPT_NORM_ILDW_MULT_ILDW_INIT,"Nonlinear Optimizer (300 iters, normal shrinkage)","(750,1500]",53473,0.41184383743816555,-0.15568946457767696,0.9603060428833211
RAD_OPERA_HOURLY_RAINFALL_ACCUMULATION_202301260200_patch001,OPT_NORM_ILDW_MULT_ILDW_INIT,"Nonlinear Optimizer (300 iters, normal shrinkage)","(1500,3125]",88711,0.6231036042544476,-0.3476190693282824,0.9297299396072036
RAD_OPERA_HOURLY_RAINFALL_ACCUMULATION_202301260200_patch001,OPT_NORM_ILDW_MULT_ILDW_INIT,"Nonlinear Optimizer (300 iters, normal shrinkage)","(3125,6000]",42560,0.727990771012032,-0.35625969769531174,0.8726951292375025
RAD_OPERA_HOURLY_RAINFALL_ACCUMULATION_202301260200_patch001,OPT_NORM_ILDW_MULT_ILDW_INIT,"Nonlinear Optimizer (300 iters, normal shrinkage)","(6000,9000]",975,0.9445553380859587,-0.5003795434267093,0.15077970416020317
RAD_OPERA_HOURLY_RAINFALL_ACCUMULATION_202301260600_patch000,OPT_NORM_ILDW_MULT_ILDW_INIT,"Nonlinear Optimizer (300 iters, normal shrinkage)",≤125,3390,2.464867562162932,-0.043196392536465976,0.9753694497082046
RAD_OPERA_HOURLY_RAINFALL_ACCUMULATION_202301260600_patch000,OPT_NORM_ILDW_MULT_ILDW_INIT,"Nonlinear Optimizer (300 iters, normal shrinkage)","(125,375]",13291,3.280516346268572,-0.13348201580759464,0.9508057983954111
RAD_OPERA_HOURLY_RAINFALL_ACCUMULATION_202301260600_patch000,OPT_NORM_ILDW_MULT_ILDW_INIT,"Nonlinear Optimizer (300 iters, normal shrinkage)","(375,750]",19563,4.621605745901323,-0.1229522133787228,0.9116580443540059
RAD_OPERA_HOURLY_RAINFALL_ACCUMULATION_202301260600_patch000,OPT_NORM_ILDW_MULT_ILDW_INIT,"Nonlinear Optimizer (300 iters, normal shrinkage)","(750,1500]",36286,4.615971913439523,0.044729194983866655,0.8734588337091083
RAD_OPERA_HOURLY_RAINFALL_ACCUMULATION_202301260600_patch000,OPT_NORM_ILDW_MULT_ILDW_INIT,"Nonlinear Optimizer (300 iters, normal shrinkage)","(1500,3125]",59850,4.625258603759807,1.3096166539086507,0.7345902898059106
RAD_OPERA_HOURLY_RAINFALL_ACCUMULATION_202301260600_patch000,OPT_NORM_ILDW_MULT_ILDW_INIT,"Nonlinear Optimizer (300 iters, normal shrinkage)","(3125,6000]",31192,6.238418700401182,3.360917327033521,0.4560471120787224
RAD_OPERA_HOURLY_RAINFALL_ACCUMULATION_202301260600_patch000,OPT_NORM_ILDW_MULT_ILDW_INIT,"Nonlinear Optimizer (300 iters, normal shrinkage)","(6000,9000]",2828,9.644799384869513,7.777437880877993,0.003550774539809989
RAD_OPERA_HOURLY_RAINFALL_ACCUMULATION_202301260800_patch001,OPT_NORM_ILDW_MULT_ILDW_INIT,"Nonlinear Optimizer (300 iters, normal shrinkage)",≤125,5680,0.1645957783357104,0.0064010841988394376,0.9900260235895189
RAD_OPERA_HOURLY_RAINFALL_ACCUMULATION_202301260800_patch001,OPT_NORM_ILDW_MULT_ILDW_INIT,"Nonlinear Optimizer (300 iters, normal shrinkage)","(125,375]",22152,0.20005722317263744,-0.005090541365388585,0.9851463545621956
RAD_OPERA_HOURLY_RAINFALL_ACCUMULATION_202301260800_patch001,OPT_NORM_ILDW_MULT_ILDW_INIT,"Nonlinear Optimizer (300 iters, normal shrinkage)","(375,750]",35262,0.2906258337316636,-0.04920778778983247,0.9702412317011422
RAD_OPERA_HOURLY_RAINFALL_ACCUMULATION_202301260800_patch001,OPT_NORM_ILDW_MULT_ILDW_INIT,"Nonlinear Optimizer (300 iters, normal shrinkage)","(750,1500]",67772,0.43661055859251774,-0.17380547022058587,0.9387822028757072
RAD_OPERA_HOURLY_RAINFALL_ACCUMULATION_202301260800_patch001,OPT_NORM_ILDW_MULT_ILDW_INIT,"Nonlinear Optimizer (300 iters, normal shrinkage)","(1500,3125]",116937,0.7090568638398869,-0.36806513065483887,0.8779270896594399
RAD_OPERA_HOURLY_RAINFALL_ACCUMULATION_202301260800_patch001,OPT_NORM_ILDW_MULT_ILDW_INIT,"Nonlinear Optimizer (300 iters, normal shrinkage)","(3125,6000]",62770,0.967141216411981,-0.5510517364714733,0.7810769078117616
RAD_OPERA_HOURLY_RAINFALL_ACCUMULATION_202301260800_patch001,OPT_NORM_ILDW_MULT_ILDW_INIT,"Nonlinear Optimizer (300 iters, normal shrinkage)","(6000,9000]",1235,0.8484899361473636,-0.4326299617165013,0.7765113601518082
RAD_OPERA_HOURLY_RAINFALL_ACCUMULATION_202301260900_patch000,OPT_NORM_ILDW_MULT_ILDW_INIT,"Nonlinear Optimizer (300 iters, normal shrinkage)",≤125,3711,0.22371956328282488,0.0017870060198071254,0.9890388779845084
RAD_OPERA_HOURLY_RAINFALL_ACCUMULATION_202301260900_patch000,OPT_NORM_ILDW_MULT_ILDW_INIT,"Nonlinear Optimizer (300 iters, normal shrinkage)","(125,375]",14727,0.27029540415045206,-0.017516322539684333,0.9829322609799876
RAD_OPERA_HOURLY_RAINFALL_ACCUMULATION_202301260900_patch000,OPT_NORM_ILDW_MULT_ILDW_INIT,"Nonlinear Optimizer (300 iters, normal shrinkage)","(375,750]",22957,0.36929643282017405,-0.08671830218391935,0.9693033362840808
RAD_OPERA_HOURLY_RAINFALL_ACCUMULATION_202301260900_patch000,OPT_NORM_ILDW_MULT_ILDW_INIT,"Nonlinear Optimizer (300 iters, normal shrinkage)","(750,1500]",43184,0.5518932179773511,-0.2627162621951779,0.9462666426583113
RAD_OPERA_HOURLY_RAINFALL_ACCUMULATION_202301260900_patch000,OPT_NORM_ILDW_MULT_ILDW_INIT,"Nonlinear Optimizer (300 iters, normal shrinkage)","(1500,3125]",67966,0.9311807562568316,-0.6277131936474931,0.8869840942764102
RAD_OPERA_HOURLY_RAINFALL_ACCUMULATION_202301260900_patch000,OPT_NORM_ILDW_MULT_ILDW_INIT,"Nonlinear Optimizer (300 iters, normal shrinkage)","(3125,6000]",32037,1.2416023182064366,-0.7814770811122131,0.6928283434454219
RAD_OPERA_HOURLY_RAINFALL_ACCUMULATION_202301260900_patch000,OPT_NORM_ILDW_MULT_ILDW_INIT,"Nonlinear Optimizer (300 iters, normal shrinkage)","(6000,9000]",1018,1.024732939388775,-0.42078190714062313,0.6556593924131248
RAD_OPERA_HOURLY_RAINFALL_ACCUMULATION_202301260900_patch001,OPT_NORM_ILDW_MULT_ILDW_INIT,"Nonlinear Optimizer (300 iters, normal shrinkage)",≤125,5159,0.15972003177546923,0.003714064732959368,0.9901797821637961
RAD_OPERA_HOURLY_RAINFALL_ACCUMULATION_202301260900_patch001,OPT_NORM_ILDW_MULT_ILDW_INIT,"Nonlinear Optimizer (300 iters, normal shrinkage)","(125,375]",19586,0.17932023589898619,-0.0041763471475809305,0.9884944234747222
RAD_OPERA_HOURLY_RAINFALL_ACCUMULATION_202301260900_patch001,OPT_NORM_ILDW_MULT_ILDW_INIT,"Nonlinear Optimizer (300 iters, normal shrinkage)","(375,750]",29988,0.2590724038463657,-0.038904688795721655,0.9790048058254983
RAD_OPERA_HOURLY_RAINFALL_ACCUMULATION_202301260900_patch001,OPT_NORM_ILDW_MULT_ILDW_INIT,"Nonlinear Optimizer (300 iters, normal shrinkage)","(750,1500]",56176,0.39307136299790874,-0.13073558109642408,0.9610484946064167
RAD_OPERA_HOURLY_RAINFALL_ACCUMULATION_202301260900_patch001,OPT_NORM_ILDW_MULT_ILDW_INIT,"Nonlinear Optimizer (300 iters, normal shrinkage)","(1500,3125]",95580,0.6756205270502094,-0.35122005089721464,0.9203756946963764
RAD_OPERA_HOURLY_RAINFALL_ACCUMULATION_202301260900_patch001,OPT_NORM_ILDW_MULT_ILDW_INIT,"Nonlinear Optimizer (300 iters, normal shrinkage)","(3125,6000]",56911,0.9658709551408727,-0.42459369908870803,0.8900894765615297
RAD_OPERA_HOURLY_RAINFALL_ACCUMULATION_202301260900_patch001,OPT_NORM_ILDW_MULT_ILDW_INIT,"Nonlinear Optimizer (300 iters, normal shrinkage)","(6000,9000]",8318,0.7946457385572233,-0.05529658220140485,0.8269765597260619
RAD_OPERA_HOURLY_RAINFALL_ACCUMULATION_202301260900_patch001,OPT_NORM_ILDW_MULT_ILDW_INIT,"Nonlinear Optimizer (300 iters, normal shrinkage)",>9000,666,0.5352411470520849,-0.14978875985016693,0.9354593565187276
RAD_OPERA_HOURLY_RAINFALL_ACCUMULATION_202301270400_patch000,OPT_NORM_ILDW_MULT_ILDW_INIT,"Nonlinear Optimizer (300 iters, normal shrinkage)",≤125,4024,0.2700319346840872,-0.0015345318272778005,0.990772615153301
RAD_OPERA_HOURLY_RAINFALL_ACCUMULATION_202301270400_patch000,OPT_NORM_ILDW_MULT_ILDW_INIT,"Nonlinear Optimizer (300 iters, normal shrinkage)","(125,375]",16310,0.32954589864119443,-0.008085652624417416,0.9846187287291273
RAD_OPERA_HOURLY_RAINFALL_ACCUMULATION_202301270400_patch000,OPT_NORM_ILDW_MULT_ILDW_INIT,"Nonlinear Optimizer (300 iters, normal shrinkage)","(375,750]",26560,0.47978866869432407,-0.027668945304300183,0.9688416532558639
RAD_OPERA_HOURLY_RAINFALL_ACCUMULATION_202301270400_patch000,OPT_NORM_ILDW_MULT_ILDW_INIT,"Nonlinear Optimizer (300 iters, normal shrinkage)","(750,1500]",51739,0.7126219770968077,-0.04981613143019811,0.9324069856534417
RAD_OPERA_HOURLY_RAINFALL_ACCUMULATION_202301270400_patch000,OPT_NORM_ILDW_MULT_ILDW_INIT,"Nonlinear Optimizer (300 iters, normal shrinkage)","(1500,3125]",79134,1.0939390343335393,-0.030127904862630114,0.8448387285401326
RAD_OPERA_HOURLY_RAINFALL_ACCUMULATION_202301270400_patch000,OPT_NORM_ILDW_MULT_ILDW_INIT,"Nonlinear Optimizer (300 iters, normal shrinkage)","(3125,6000]",39529,1.6272617633980968,-0.19752543673813433,0.7893372506132045
RAD_OPERA_HOURLY_RAINFALL_ACCUMULATION_202301270400_patch000,OPT_NORM_ILDW_MULT_ILDW_INIT,"Nonlinear Optimizer (300 iters, normal shrinkage)","(6000,9000]",4447,1.39430601513796,-0.765423587012189,0.49594941191146663
RAD_OPERA_HOURLY_RAINFALL_ACCUMULATION_202301270400_patch000,OPT_NORM_ILDW_MULT_ILDW_INIT,"Nonlinear Optimizer (300 iters, normal shrinkage)",>9000,2257,1.018837267047117,-0.6812291524554968,-0.7003842862852653
RAD_OPERA_HOURLY_RAINFALL_ACCUMULATION_202301270700_patch000,OPT_NORM_ILDW_MULT_ILDW_INIT,"Nonlinear Optimizer (300 iters, normal shrinkage)",≤125,6209,0.8473384247017781,-0.006124614028869552,0.9741723373896208
RAD_OPERA_HOURLY_RAINFALL_ACCUMULATION_202301270700_patch000,OPT_NORM_ILDW_MULT_ILDW_INIT,"Nonlinear Optimizer (300 iters, normal shrinkage)","(125,375]",24640,1.0159557535347483,-0.010202199068977796,0.958891939587902
RAD_OPERA_HOURLY_RAINFALL_ACCUMULATION_202301270700_patch000,OPT_NORM_ILDW_MULT_ILDW_INIT,"Nonlinear Optimizer (300 iters, normal shrinkage)","(375,750]",40310,1.1905129276728519,0.021416487293425983,0.9486016633934128
RAD_OPERA_HOURLY_RAINFALL_ACCUMULATION_202301270700_patch000,OPT_NORM_ILDW_MULT_ILDW_INIT,"Nonlinear Optimizer (300 iters, normal shrinkage)","(750,1500]",79643,1.5792099881423483,-0.003204858132571692,0.9259935164976504
RAD_OPERA_HOURLY_RAINFALL_ACCUMULATION_202301270700_patch000,OPT_NORM_ILDW_MULT_ILDW_INIT,"Nonlinear Optimizer (300 iters, normal shrinkage)","(1500,3125]",137983,2.3411974641310236,-0.10450094621989355,0.8799147708619947
RAD_OPERA_HOURLY_RAINFALL_ACCUMULATION_202301270700_patch000,OPT_NORM_ILDW_MULT_ILDW_INIT,"Nonlinear Optimizer (300 iters, normal shrinkage)","(3125,6000]",83142,2.8180915718277526,-0.26571290729931074,0.8649610723812062
RAD_OPERA_HOURLY_RAINFALL_ACCUMULATION_202301270700_patch000,OPT_NORM_ILDW_MULT_ILDW_INIT,"Nonlinear Optimizer (300 iters, normal shrinkage)","(6000,9000]",10359,0.9861619074308512,0.17700329062998033,0.8144188794256388
RAD_OPERA_HOURLY_RAINFALL_ACCUMULATION_202301270700_patch000,OPT_NORM_ILDW_MULT_ILDW_INIT,"Nonlinear Optimizer (300 iters, normal shrinkage)",>9000,2994,1.0723984013915315,-0.40940536265373456,0.8362088704460315
RAD_OPERA_HOURLY_RAINFALL_ACCUMULATION_202301270800_patch000,OPT_NORM_ILDW_MULT_ILDW_INIT,"Nonlinear Optimizer (300 iters, normal shrinkage)",≤125,3487,0.12825483833191254,-0.003088503400815193,0.9721011600005588
RAD_OPERA_HOURLY_RAINFALL_ACCUMULATION_202301270800_patch000,OPT_NORM_ILDW_MULT_ILDW_INIT,"Nonlinear Optimizer (300 iters, normal shrinkage)","(125,375]",13581,0.11467747654278435,-0.007478164806693197,0.9776041375201203
RAD_OPERA_HOURLY_RAINFALL_ACCUMULATION_202301270800_patch000,OPT_NORM_ILDW_MULT_ILDW_INIT,"Nonlinear Optimizer (300 iters, normal shrinkage)","(375,750]",20224,0.13242031173920735,-0.016289615791432465,0.9694230681536831
RAD_OPERA_HOURLY_RAINFALL_ACCUMULATION_202301270800_patch000,OPT_NORM_ILDW_MULT_ILDW_INIT,"Nonlinear Optimizer (300 iters, normal shrinkage)","(750,1500]",37125,0.1668284335313554,-0.03850695822616217,0.9501628936915769
RAD_OPERA_HOURLY_RAINFALL_ACCUMULATION_202301270800_patch000,OPT_NORM_ILDW_MULT_ILDW_INIT,"Nonlinear Optimizer (300 iters, normal shrinkage)","(1500,3125]",60628,0.20382063998774538,-0.0526823648076782,0.9202542282790936
RAD_OPERA_HOURLY_RAINFALL_ACCUMULATION_202301270800_patch000,OPT_NORM_ILDW_MULT_ILDW_INIT,"Nonlinear Optimizer (300 iters, normal shrinkage)","(3125,6000]",30024,0.33291574710735616,-0.032779327216797625,0.8956647407483453
RAD_OPERA_HOURLY_RAINFALL_ACCUMULATION_202301270800_patch000,OPT_NORM_ILDW_MULT_ILDW_INIT,"Nonlinear Optimizer (300 iters, normal shrinkage)","(6000,9000]",1331,0.6197212842162148,0.3772876736456787,0.8965175186407464
RAD_OPERA_HOURLY_RAINFALL_ACCUMULATION_202301270900_patch000,OPT_NORM_ILDW_MULT_ILDW_INIT,"Nonlinear Optimizer (300 iters, normal shrinkage)",≤125,5395,0.34921344711889724,0.02254609995702,0.9895654105269194
RAD_OPERA_HOURLY_RAINFALL_ACCUMULATION_202301270900_patch000,OPT_NORM_ILDW_MULT_ILDW_INIT,"Nonlinear Optimizer (300 iters, normal shrinkage)","(125,375]",21090,0.45560892930145863,-0.010599966146203793,0.980638651853096
RAD_OPERA_HOURLY_RAINFALL_ACCUMULATION_202301270900_patch000,OPT_NORM_ILDW_MULT_ILDW_INIT,"Nonlinear Optimizer (300 iters, normal shrinkage)","(375,750]",34488,0.6634553191265143,-0.14953716860150187,0.9578488638531539
RAD_OPERA_HOURLY_RAINFALL_ACCUMULATION_202301270900_patch000,OPT_NORM_ILDW_MULT_ILDW_INIT,"Nonlinear Optimizer (300 iters, normal shrinkage)","(750,1500]",67771,0.9918038651894604,-0.44397764081814173,0.9071848512509874
RAD_OPERA_HOURLY_RAINFALL_ACCUMULATION_202301270900_patch000,OPT_NORM_ILDW_MULT_ILDW_INIT,"Nonlinear Optimizer (300 iters, normal shrinkage)","(1500,3125]",115766,1.3855438969631193,-0.8418398987989724,0.8390939211978877
RAD_OPERA_HOURLY_RAINFALL_ACCUMULATION_202301270900_patch000,OPT_NORM_ILDW_MULT_ILDW_INIT,"Nonlinear Optimizer (300 iters, normal shrinkage)","(3125,6000]",63094,1.4339765603059151,-0.7723916630527259,0.8089939878562914
RAD_OPERA_HOURLY_RAINFALL_ACCUMULATION_202301270900_patch000,OPT_NORM_ILDW_MULT_ILDW_INIT,"Nonlinear Optimizer (300 iters, normal shrinkage)","(6000,9000]",4971,0.7107865296543231,0.14163899310062222,0.7805061552975798
RAD_OPERA_HOURLY_RAINFALL_ACCUMULATION_202301270900_patch000,OPT_NORM_ILDW_MULT_ILDW_INIT,"Nonlinear Optimizer (300 iters, normal shrinkage)",>9000,1,0.4374437630176544,0.4374437630176544,
RAD_OPERA_HOURLY_RAINFALL_ACCUMULATION_202301271000_patch001,OPT_NORM_ILDW_MULT_ILDW_INIT,"Nonlinear Optimizer (300 iters, normal shrinkage)",≤125,5081,0.765510016570171,0.0006106387358654554,0.969841221620776
RAD_OPERA_HOURLY_RAINFALL_ACCUMULATION_202301271000_patch001,OPT_NORM_ILDW_MULT_ILDW_INIT,"Nonlinear Optimizer (300 iters, normal shrinkage)","(125,375]",19591,0.8856925811851257,-0.005372388451469065,0.9738075223917732
RAD_OPERA_HOURLY_RAINFALL_ACCUMULATION_202301271000_patch001,OPT_NORM_ILDW_MULT_ILDW_INIT,"Nonlinear Optimizer (300 iters, normal shrinkage)","(375,750]",30953,1.2348623624087331,-0.05365042273111149,0.9652246883471286
RAD_OPERA_HOURLY_RAINFALL_ACCUMULATION_202301271000_patch001,OPT_NORM_ILDW_MULT_ILDW_INIT,"Nonlinear Optimizer (300 iters, normal shrinkage)","(750,1500]",57909,2.1034866017396254,-0.2622735844748696,0.917616667196838
RAD_OPERA_HOURLY_RAINFALL_ACCUMULATION_202301271000_patch001,OPT_NORM_ILDW_MULT_ILDW_INIT,"Nonlinear Optimizer (300 iters, normal shrinkage)","(1500,3125]",94396,2.9623368730274597,-0.4795592157150219,0.8152945289461692
RAD_OPERA_HOURLY_RAINFALL_ACCUMULATION_202301271000_patch001,OPT_NORM_ILDW_MULT_ILDW_INIT,"Nonlinear Optimizer (300 iters, normal shrinkage)","(3125,6000]",50338,3.2412861501919106,-0.3502452007183871,0.8495289600052391
RAD_OPERA_HOURLY_RAINFALL_ACCUMULATION_202301271000_patch001,OPT_NORM_ILDW_MULT_ILDW_INIT,"Nonlinear Optimizer (300 iters, normal shrinkage)","(6000,9000]",3450,3.7089435667479016,0.44852456829902054,0.9226992171267621
RAD_OPERA_HOURLY_RAINFALL_ACCUMULATION_202301271000_patch001,OPT_NORM_ILDW_MULT_ILDW_INIT,"Nonlinear Optimizer (300 iters, normal shrinkage)",>9000,170,3.1422968274169327,3.141389389599071,0.6402867227652694
RAD_OPERA_HOURLY_RAINFALL_ACCUMULATION_202301271800_patch000,OPT_NORM_ILDW_MULT_ILDW_INIT,"Nonlinear Optimizer (300 iters, normal shrinkage)",≤125,5395,0.06524619142027693,0.0009875102436465175,0.9945392662652934
RAD_OPERA_HOURLY_RAINFALL_ACCUMULATION_202301271800_patch000,OPT_NORM_ILDW_MULT_ILDW_INIT,"Nonlinear Optimizer (300 iters, normal shrinkage)","(125,375]",21090,0.07644981458449952,0.0003904687391745078,0.9933470479100114
RAD_OPERA_HOURLY_RAINFALL_ACCUMULATION_202301271800_patch000,OPT_NORM_ILDW_MULT_ILDW_INIT,"Nonlinear Optimizer (300 iters, normal shrinkage)","(375,750]",34488,0.09797842695789688,-0.005646342030121262,0.9904192174675583
RAD_OPERA_HOURLY_RAINFALL_ACCUMULATION_202301271800_patch000,OPT_NORM_ILDW_MULT_ILDW_INIT,"Nonlinear Optimizer (300 iters, normal shrinkage)","(750,1500]",67771,0.12990107444667248,-0.023720923550260405,0.9843745571385469
RAD_OPERA_HOURLY_RAINFALL_ACCUMULATION_202301271800_patch000,OPT_NORM_ILDW_MULT_ILDW_INIT,"Nonlinear Optimizer (300 iters, normal shrinkage)","(1500,3125]",115766,0.19285099304213102,-0.05430007378068076,0.9685784700989104
RAD_OPERA_HOURLY_RAINFALL_ACCUMULATION_202301271800_patch000,OPT_NORM_ILDW_MULT_ILDW_INIT,"Nonlinear Optimizer (300 iters, normal shrinkage)","(3125,6000]",63094,0.3407970988483756,-0.07461223534333497,0.9385039244091006
RAD_OPERA_HOURLY_RAINFALL_ACCUMULATION_202301271800_patch000,OPT_NORM_ILDW_MULT_ILDW_INIT,"Nonlinear Optimizer (300 iters, normal shrinkage)","(6000,9000]",4971,0.44841527918663393,0.27163695719514996,0.9281109830775697
RAD_OPERA_HOURLY_RAINFALL_ACCUMULATION_202301271800_patch000,OPT_NORM_ILDW_MULT_ILDW_INIT,"Nonlinear Optimizer (300 iters, normal shrinkage)",>9000,1,0.333728551864624,0.333728551864624,
RAD_OPERA_HOURLY_RAINFALL_ACCUMULATION_202301272100_patch001,OPT_NORM_ILDW_MULT_ILDW_INIT,"Nonlinear Optimizer (300 iters, normal shrinkage)",≤125,4361,1.4851155614074714,0.024385360690930533,0.9483916266368791
RAD_OPERA_HOURLY_RAINFALL_ACCUMULATION_202301272100_patch001,OPT_NORM_ILDW_MULT_ILDW_INIT,"Nonlinear Optimizer (300 iters, normal shrinkage)","(125,375]",17119,1.2796876254139962,-0.04432750848248179,0.9642728002647659
RAD_OPERA_HOURLY_RAINFALL_ACCUMULATION_202301272100_patch001,OPT_NORM_ILDW_MULT_ILDW_INIT,"Nonlinear Optimizer (300 iters, normal shrinkage)","(375,750]",25927,1.603159998967208,-0.19670171497000366,0.9607214377018276
RAD_OPERA_HOURLY_RAINFALL_ACCUMULATION_202301272100_patch001,OPT_NORM_ILDW_MULT_ILDW_INIT,"Nonlinear Optimizer (300 iters, normal shrinkage)","(750,1500]",47998,2.2228774219901934,-0.43121557136562755,0.9348666018626777
RAD_OPERA_HOURLY_RAINFALL_ACCUMULATION_202301272100_patch001,OPT_NORM_ILDW_MULT_ILDW_INIT,"Nonlinear Optimizer (300 iters, normal shrinkage)","(1500,3125]",78136,2.9708768953395843,-0.4060033398674774,0.8477327391819492
RAD_OPERA_HOURLY_RAINFALL_ACCUMULATION_202301272100_patch001,OPT_NORM_ILDW_MULT_ILDW_INIT,"Nonlinear Optimizer (300 iters, normal shrinkage)","(3125,6000]",40134,3.4361486172964097,0.758510899404396,0.685672629831316
RAD_OPERA_HOURLY_RAINFALL_ACCUMULATION_202301272100_patch001,OPT_NORM_ILDW_MULT_ILDW_INIT,"Nonlinear Optimizer (300 iters, normal shrinkage)","(6000,9000]",6879,3.8998475745311083,3.0498483181136287,0.5240986160493346
RAD_OPERA_HOURLY_RAINFALL_ACCUMULATION_202301272100_patch001,OPT_NORM_ILDW_MULT_ILDW_INIT,"Nonlinear Optimizer (300 iters, normal shrinkage)",>9000,1654,3.8408132298763746,3.1346121658261903,0.8846233949442014
RAD_OPERA_HOURLY_RAINFALL_ACCUMULATION_202301272300_patch000,OPT_NORM_ILDW_MULT_ILDW_INIT,"Nonlinear Optimizer (300 iters, normal shrinkage)",≤125,4739,0.13448945029881038,0.005087127672057535,0.995125026614437
RAD_OPERA_HOURLY_RAINFALL_ACCUMULATION_202301272300_patch000,OPT_NORM_ILDW_MULT_ILDW_INIT,"Nonlinear Optimizer (300 iters, normal shrinkage)","(125,375]",17811,0.16906950989812136,-0.002152852909623268,0.9926697995056702
RAD_OPERA_HOURLY_RAINFALL_ACCUMULATION_202301272300_patch000,OPT_NORM_ILDW_MULT_ILDW_INIT,"Nonlinear Optimizer (300 iters, normal shrinkage)","(375,750]",26584,0.23580135080647935,-0.02808445002398813,0.9881068602672535
RAD_OPERA_HOURLY_RAINFALL_ACCUMULATION_202301272300_patch000,OPT_NORM_ILDW_MULT_ILDW_INIT,"Nonlinear Optimizer (300 iters, normal shrinkage)","(750,1500]",49607,0.33839346684540134,-0.11143241350019908,0.9817341456657476
RAD_OPERA_HOURLY_RAINFALL_ACCUMULATION_202301272300_patch000,OPT_NORM_ILDW_MULT_ILDW_INIT,"Nonlinear Optimizer (300 iters, normal shrinkage)","(1500,3125]",83724,0.566587693703427,-0.26911289067306654,0.9573009970256081
RAD_OPERA_HOURLY_RAINFALL_ACCUMULATION_202301272300_patch000,OPT_NORM_ILDW_MULT_ILDW_INIT,"Nonlinear Optimizer (300 iters, normal shrinkage)","(3125,6000]",46547,0.9853682191427574,-0.4388265632891521,0.8430847756856683
RAD_OPERA_HOURLY_RAINFALL_ACCUMULATION_202301272300_patch000,OPT_NORM_ILDW_MULT_ILDW_INIT,"Nonlinear Optimizer (300 iters, normal shrinkage)","(6000,9000]",5949,0.9176238726704522,0.019782552179678645,0.4342422464797517
RAD_OPERA_HOURLY_RAINFALL_ACCUMULATION_202301272300_patch000,OPT_NORM_ILDW_MULT_ILDW_INIT,"Nonlinear Optimizer (300 iters, normal shrinkage)",>9000,1839,0.9215398044935313,0.8433942389008531,0.6373865661677969
RAD_OPERA_HOURLY_RAINFALL_ACCUMULATION_202301272300_patch002,OPT_NORM_ILDW_MULT_ILDW_INIT,"Nonlinear Optimizer (300 iters, normal shrinkage)",≤125,5768,0.6098341485496991,0.01787810620235669,0.9878137361124105
RAD_OPERA_HOURLY_RAINFALL_ACCUMULATION_202301272300_patch002,OPT_NORM_ILDW_MULT_ILDW_INIT,"Nonlinear Optimizer (300 iters, normal shrinkage)","(125,375]",22309,0.6881092356202433,-0.032750689764015135,0.9835618328333785
RAD_OPERA_HOURLY_RAINFALL_ACCUMULATION_202301272300_patch002,OPT_NORM_ILDW_MULT_ILDW_INIT,"Nonlinear Optimizer (300 iters, normal shrinkage)","(375,750]",36274,0.9186216044605864,-0.16800555841753972,0.9693979977898883
RAD_OPERA_HOURLY_RAINFALL_ACCUMULATION_202301272300_patch002,OPT_NORM_ILDW_MULT_ILDW_INIT,"Nonlinear Optimizer (300 iters, normal shrinkage)","(750,1500]",71451,1.3496007092406628,-0.5118922911947985,0.9445786735314408
RAD_OPERA_HOURLY_RAINFALL_ACCUMULATION_202301272300_patch002,OPT_NORM_ILDW_MULT_ILDW_INIT,"Nonlinear Optimizer (300 iters, normal shrinkage)","(1500,3125]",122451,2.1126008494056085,-1.180953885716277,0.9096193295746021
RAD_OPERA_HOURLY_RAINFALL_ACCUMULATION_202301272300_patch002,OPT_NORM_ILDW_MULT_ILDW_INIT,"Nonlinear Optimizer (300 iters, normal shrinkage)","(3125,6000]",62604,2.6602236923466456,-1.514055934186774,0.8979458475823849
RAD_OPERA_HOURLY_RAINFALL_ACCUMULATION_202301272300_patch002,OPT_NORM_ILDW_MULT_ILDW_INIT,"Nonlinear Optimizer (300 iters, normal shrinkage)","(6000,9000]",1703,2.3374098916946338,-0.7576122255410717,0.9557530815940791
RAD_OPERA_HOURLY_RAINFALL_ACCUMULATION_202301280000_patch001,OPT_NORM_ILDW_MULT_ILDW_INIT,"Nonlinear Optimizer (300 iters, normal shrinkage)",≤125,4067,0.2073110864086748,0.0019637034871169616,0.9930380696019182
RAD_OPERA_HOURLY_RAINFALL_ACCUMULATION_202301280000_patch001,OPT_NORM_ILDW_MULT_ILDW_INIT,"Nonlinear Optimizer (300 iters, normal shrinkage)","(125,375]",16278,0.2405452609384881,-0.0056662122159555515,0.9906545362364945
RAD_OPERA_HOURLY_RAINFALL_ACCUMULATION_202301280000_patch001,OPT_NORM_ILDW_MULT_ILDW_INIT,"Nonlinear Optimizer (300 iters, normal shrinkage)","(375,750]",25812,0.32581014619990023,-0.04870056439876353,0.9842726798975728
RAD_OPERA_HOURLY_RAINFALL_ACCUMULATION_202301280000_patch001,OPT_NORM_ILDW_MULT_ILDW_INIT,"Nonlinear Optimizer (300 iters, normal shrinkage)","(750,1500]",48116,0.5211907780961931,-0.1900222082196135,0.9706940974368109
RAD_OPERA_HOURLY_RAINFALL_ACCUMULATION_202301280000_patch001,OPT_NORM_ILDW_MULT_ILDW_INIT,"Nonlinear Optimizer (300 iters, normal shrinkage)","(1500,3125]",75981,0.8249262072890642,-0.3598508595536977,0.9489325734006562
RAD_OPERA_HOURLY_RAINFALL_ACCUMULATION_202301280000_patch001,OPT_NORM_ILDW_MULT_ILDW_INIT,"Nonlinear Optimizer (300 iters, normal shrinkage)","(3125,6000]",35618,0.9812123221123527,-0.35542355907717066,0.9419270336302347
RAD_OPERA_HOURLY_RAINFALL_ACCUMULATION_202301280000_patch001,OPT_NORM_ILDW_MULT_ILDW_INIT,"Nonlinear Optimizer (300 iters, normal shrinkage)","(6000,9000]",1488,1.050962891267624,0.003074188947036702,0.8926501295635075
RAD_OPERA_HOURLY_RAINFALL_ACCUMULATION_202301280700_patch000,OPT_NORM_ILDW_MULT_ILDW_INIT,"Nonlinear Optimizer (300 iters, normal shrinkage)",≤125,4736,0.8534207662403729,0.01237577985808911,0.9893332375997588
RAD_OPERA_HOURLY_RAINFALL_ACCUMULATION_202301280700_patch000,OPT_NORM_ILDW_MULT_ILDW_INIT,"Nonlinear Optimizer (300 iters, normal shrinkage)","(125,375]",19319,1.0445026810809899,-0.00495781709176836,0.9800243435607295
RAD_OPERA_HOURLY_RAINFALL_ACCUMULATION_202301280700_patch000,OPT_NORM_ILDW_MULT_ILDW_INIT,"Nonlinear Optimizer (300 iters, normal shrinkage)","(375,750]",32179,1.3574782003396098,-0.1716538387723279,0.9684690537593846
RAD_OPERA_HOURLY_RAINFALL_ACCUMULATION_202301280700_patch000,OPT_NORM_ILDW_MULT_ILDW_INIT,"Nonlinear Optimizer (300 iters, normal shrinkage)","(750,1500]",64809,1.810452342921994,-0.41483277530587354,0.9525666962104768
RAD_OPERA_HOURLY_RAINFALL_ACCUMULATION_202301280700_patch000,OPT_NORM_ILDW_MULT_ILDW_INIT,"Nonlinear Optimizer (300 iters, normal shrinkage)","(1500,3125]",111200,2.610362295881715,-0.46589043176420525,0.9077084473213266
RAD_OPERA_HOURLY_RAINFALL_ACCUMULATION_202301280700_patch000,OPT_NORM_ILDW_MULT_ILDW_INIT,"Nonlinear Optimizer (300 iters, normal shrinkage)","(3125,6000]",52343,3.242338069616994,0.38265935985128546,0.7227724634675712
RAD_OPERA_HOURLY_RAINFALL_ACCUMULATION_202301280700_patch000,OPT_NORM_ILDW_MULT_ILDW_INIT,"Nonlinear Optimizer (300 iters, normal shrinkage)","(6000,9000]",2134,4.130382756402079,2.304444534485879,0.3250418137641506
RAD_OPERA_HOURLY_RAINFALL_ACCUMULATION_202301280800_patch000,OPT_NORM_ILDW_MULT_ILDW_INIT,"Nonlinear Optimizer (300 iters, normal shrinkage)",≤125,3789,0.6378571274775715,0.008694522769069193,0.9966841260906514
RAD_OPERA_HOURLY_RAINFALL_ACCUMULATION_202301280800_patch000,OPT_NORM_ILDW_MULT_ILDW_INIT,"Nonlinear Optimizer (300 iters, normal shrinkage)","(125,375]",15303,0.6924291074903648,-0.07198982996963359,0.9953827980257969
RAD_OPERA_HOURLY_RAINFALL_ACCUMULATION_202301280800_patch000,OPT_NORM_ILDW_MULT_ILDW_INIT,"Nonlinear Optimizer (300 iters, normal shrinkage)","(375,750]",24416,1.0622862198346528,-0.30681312384467135,0.987918686476183
RAD_OPERA_HOURLY_RAINFALL_ACCUMULATION_202301280800_patch000,OPT_NORM_ILDW_MULT_ILDW_INIT,"Nonlinear Optimizer (300 iters, normal shrinkage)","(750,1500]",45694,1.6629309447877205,-0.7443355884941557,0.9688958307433513
RAD_OPERA_HOURLY_RAINFALL_ACCUMULATION_202301280800_patch000,OPT_NORM_ILDW_MULT_ILDW_INIT,"Nonlinear Optimizer (300 iters, normal shrinkage)","(1500,3125]",70847,2.3852209364924364,-1.3630404136615906,0.9305353236568477
RAD_OPERA_HOURLY_RAINFALL_ACCUMULATION_202301280800_patch000,OPT_NORM_ILDW_MULT_ILDW_INIT,"Nonlinear Optimizer (300 iters, normal shrinkage)","(3125,6000]",36972,2.757325110403251,-1.4345813770144193,0.8545020488225118
RAD_OPERA_HOURLY_RAINFALL_ACCUMULATION_202301280800_patch000,OPT_NORM_ILDW_MULT_ILDW_INIT,"Nonlinear Optimizer (300 iters, normal shrinkage)","(6000,9000]",1379,1.0918595596054006,-0.47608564075479654,0.5394721724574424
RAD_OPERA_HOURLY_RAINFALL_ACCUMULATION_202301280900_patch000,OPT_NORM_ILDW_MULT_ILDW_INIT,"Nonlinear Optimizer (300 iters, normal shrinkage)",≤125,4739,0.5510485716479884,0.01644654125247601,0.9648255228447042
RAD_OPERA_HOURLY_RAINFALL_ACCUMULATION_202301280900_patch000,OPT_NORM_ILDW_MULT_ILDW_INIT,"Nonlinear Optimizer (300 iters, normal shrinkage)","(125,375]",17811,0.5430493674078162,-0.013565800012768876,0.9692109703290769
RAD_OPERA_HOURLY_RAINFALL_ACCUMULATION_202301280900_patch000,OPT_NORM_ILDW_MULT_ILDW_INIT,"Nonlinear Optimizer (300 iters, normal shrinkage)","(375,750]",26584,0.6155839236273236,-0.019714440920649976,0.9642211299103934
RAD_OPERA_HOURLY_RAINFALL_ACCUMULATION_202301280900_patch000,OPT_NORM_ILDW_MULT_ILDW_INIT,"Nonlinear Optimizer (300 iters, normal shrinkage)","(750,1500]",49607,0.7840441478556239,-0.02525221188865934,0.9422834347740927
RAD_OPERA_HOURLY_RAINFALL_ACCUMULATION_202301280900_patch000,OPT_NORM_ILDW_MULT_ILDW_INIT,"Nonlinear Optimizer (300 iters, normal shrinkage)","(1500,3125]",83724,0.9117008425057165,0.03967237359107045,0.9165563699371667
RAD_OPERA_HOURLY_RAINFALL_ACCUMULATION_202301280900_patch000,OPT_NORM_ILDW_MULT_ILDW_INIT,"Nonlinear Optimizer (300 iters, normal shrinkage)","(3125,6000]",46547,1.241654561593143,0.112976979735318,0.8499217631150501
RAD_OPERA_HOURLY_RAINFALL_ACCUMULATION_202301280900_patch000,OPT_NORM_ILDW_MULT_ILDW_INIT,"Nonlinear Optimizer (300 iters, normal shrinkage)","(6000,9000]",5949,1.324966060000966,0.6092047781928299,0.7673200531403547
RAD_OPERA_HOURLY_RAINFALL_ACCUMULATION_202301280900_patch000,OPT_NORM_ILDW_MULT_ILDW_INIT,"Nonlinear Optimizer (300 iters, normal shrinkage)",>9000,1839,1.2708889887993309,1.0549745100746342,0.13672043882573454
RAD_OPERA_HOURLY_RAINFALL_ACCUMULATION_202301281000_patch001,OPT_NORM_ILDW_MULT_ILDW_INIT,"Nonlinear Optimizer (300 iters, normal shrinkage)",≤125,4538,1.0976420046491742,0.05795438509076157,0.930499560338203
RAD_OPERA_HOURLY_RAINFALL_ACCUMULATION_202301281000_patch001,OPT_NORM_ILDW_MULT_ILDW_INIT,"Nonlinear Optimizer (300 iters, normal shrinkage)","(125,375]",16885,1.0474028351347915,-0.01676132484631814,0.9524876530626399
RAD_OPERA_HOURLY_RAINFALL_ACCUMULATION_202301281000_patch001,OPT_NORM_ILDW_MULT_ILDW_INIT,"Nonlinear Optimizer (300 iters, normal shrinkage)","(375,750]",25044,1.13375071601412,-0.09577118753646906,0.9626178411082532
RAD_OPERA_HOURLY_RAINFALL_ACCUMULATION_202301281000_patch001,OPT_NORM_ILDW_MULT_ILDW_INIT,"Nonlinear Optimizer (300 iters, normal shrinkage)","(750,1500]",46152,1.6873924519718253,-0.33088734344823395,0.9539467006661786
RAD_OPERA_HOURLY_RAINFALL_ACCUMULATION_202301281000_patch001,OPT_NORM_ILDW_MULT_ILDW_INIT,"Nonlinear Optimizer (300 iters, normal shrinkage)","(1500,3125]",77771,2.9658483907010513,-0.9031657896756579,0.9234242335123576
RAD_OPERA_HOURLY_RAINFALL_ACCUMULATION_202301281000_patch001,OPT_NORM_ILDW_MULT_ILDW_INIT,"Nonlinear Optimizer (300 iters, normal shrinkage)","(3125,6000]",38060,4.860335440371879,-2.088550270416149,0.8928390456336872
RAD_OPERA_HOURLY_RAINFALL_ACCUMULATION_202301281000_patch001,OPT_NORM_ILDW_MULT_ILDW_INIT,"Nonlinear Optimizer (300 iters, normal shrinkage)","(6000,9000]",2697,4.250430794404506,-0.41311419017897477,0.9675640240908374
RAD_OPERA_HOURLY_RAINFALL_ACCUMULATION_202301281000_patch001,OPT_NORM_ILDW_MULT_ILDW_INIT,"Nonlinear Optimizer (300 iters, normal shrinkage)",>9000,53,1.3344450854629866,1.3310590999306373,
RAD_OPERA_HOURLY_RAINFALL_ACCUMULATION_202301281900_patch000,OPT_NORM_ILDW_MULT_ILDW_INIT,"Nonlinear Optimizer (300 iters, normal shrinkage)",≤125,4624,0.1842731955327314,0.01381146299385282,0.991536975059646
RAD_OPERA_HOURLY_RAINFALL_ACCUMULATION_202301281900_patch000,OPT_NORM_ILDW_MULT_ILDW_INIT,"Nonlinear Optimizer (300 iters, normal shrinkage)","(125,375]",18731,0.21026167193588916,-0.005949395544014345,0.9899998877646087
RAD_OPERA_HOURLY_RAINFALL_ACCUMULATION_202301281900_patch000,OPT_NORM_ILDW_MULT_ILDW_INIT,"Nonlinear Optimizer (300 iters, normal shrinkage)","(375,750]",30721,0.2755848511450708,-0.038512589767852226,0.9849391524845167
RAD_OPERA_HOURLY_RAINFALL_ACCUMULATION_202301281900_patch000,OPT_NORM_ILDW_MULT_ILDW_INIT,"Nonlinear Optimizer (300 iters, normal shrinkage)","(750,1500]",60480,0.3551342096315005,-0.10123892672083996,0.979957147913747
RAD_OPERA_HOURLY_RAINFALL_ACCUMULATION_202301281900_patch000,OPT_NORM_ILDW_MULT_ILDW_INIT,"Nonlinear Optimizer (300 iters, normal shrinkage)","(1500,3125]",102275,0.5406161129405181,-0.18015131461069597,0.95856631739298
RAD_OPERA_HOURLY_RAINFALL_ACCUMULATION_202301281900_patch000,OPT_NORM_ILDW_MULT_ILDW_INIT,"Nonlinear Optimizer (300 iters, normal shrinkage)","(3125,6000]",53363,0.6101983872421137,-0.07040352054039287,0.915366263196817
RAD_OPERA_HOURLY_RAINFALL_ACCUMULATION_202301281900_patch000,OPT_NORM_ILDW_MULT_ILDW_INIT,"Nonlinear Optimizer (300 iters, normal shrinkage)","(6000,9000]",4494,0.47957044783490355,0.1565316875855234,0.8801067616560803
RAD_OPERA_HOURLY_RAINFALL_ACCUMULATION_202301282100_patch000,OPT_NORM_ILDW_MULT_ILDW_INIT,"Nonlinear Optimizer (300 iters, normal shrinkage)",≤125,4949,0.1972852272230143,0.0005275322259063505,0.9851533566768923
RAD_OPERA_HOURLY_RAINFALL_ACCUMULATION_202301282100_patch000,OPT_NORM_ILDW_MULT_ILDW_INIT,"Nonlinear Optimizer (300 iters, normal shrinkage)","(125,375]",18581,0.22524907118918425,-0.008821255019628068,0.981132416006376
RAD_OPERA_HOURLY_RAINFALL_ACCUMULATION_202301282100_patch000,OPT_NORM_ILDW_MULT_ILDW_INIT,"Nonlinear Optimizer (300 iters, normal shrinkage)","(375,750]",27724,0.2831190062579482,-0.03348336684329625,0.9691273358731803
RAD_OPERA_HOURLY_RAINFALL_ACCUMULATION_202301282100_patch000,OPT_NORM_ILDW_MULT_ILDW_INIT,"Nonlinear Optimizer (300 iters, normal shrinkage)","(750,1500]",51472,0.3875783741163325,-0.12075545894189173,0.946472415365166
RAD_OPERA_HOURLY_RAINFALL_ACCUMULATION_202301282100_patch000,OPT_NORM_ILDW_MULT_ILDW_INIT,"Nonlinear Optimizer (300 iters, normal shrinkage)","(1500,3125]",89017,0.5976971946779096,-0.24540893690754242,0.8886021052546277
RAD_OPERA_HOURLY_RAINFALL_ACCUMULATION_202301282100_patch000,OPT_NORM_ILDW_MULT_ILDW_INIT,"Nonlinear Optimizer (300 iters, normal shrinkage)","(3125,6000]",45865,0.6366494265870448,-0.13177804360274828,0.8310321556273975
RAD_OPERA_HOURLY_RAINFALL_ACCUMULATION_202301282100_patch000,OPT_NORM_ILDW_MULT_ILDW_INIT,"Nonlinear Optimizer (300 iters, normal shrinkage)","(6000,9000]",2008,0.5245327468622811,0.364082865031117,0.6547309481355581
RAD_OPERA_HOURLY_RAINFALL_ACCUMULATION_202301282200_patch000,OPT_NORM_ILDW_MULT_ILDW_INIT,"Nonlinear Optimizer (300 iters, normal shrinkage)",≤125,5612,1.8789664019585528,0.037765228145552145,0.9482680475802089
RAD_OPERA_HOURLY_RAINFALL_ACCUMULATION_202301282200_patch000,OPT_NORM_ILDW_MULT_ILDW_INIT,"Nonlinear Optimizer (300 iters, normal shrinkage)","(125,375]",22110,2.161576796326489,0.05113287392356259,0.9350146432458436
RAD_OPERA_HOURLY_RAINFALL_ACCUMULATION_202301282200_patch000,OPT_NORM_ILDW_MULT_ILDW_INIT,"Nonlinear Optimizer (300 iters, normal shrinkage)","(375,750]",35046,2.624934160132803,0.08342078473484275,0.9176199518064678
RAD_OPERA_HOURLY_RAINFALL_ACCUMULATION_202301282200_patch000,OPT_NORM_ILDW_MULT_ILDW_INIT,"Nonlinear Optimizer (300 iters, normal shrinkage)","(750,1500]",65839,3.326641707948719,0.2139426059501166,0.900841762090765
RAD_OPERA_HOURLY_RAINFALL_ACCUMULATION_202301282200_patch000,OPT_NORM_ILDW_MULT_ILDW_INIT,"Nonlinear Optimizer (300 iters, normal shrinkage)","(1500,3125]",112059,5.37808406152498,-0.056177550581707814,0.8633542417427229
RAD_OPERA_HOURLY_RAINFALL_ACCUMULATION_202301282200_patch000,OPT_NORM_ILDW_MULT_ILDW_INIT,"Nonlinear Optimizer (300 iters, normal shrinkage)","(3125,6000]",70144,6.1662490355105275,-1.0592281430110686,0.7989826779329692
RAD_OPERA_HOURLY_RAINFALL_ACCUMULATION_202301282200_patch000,OPT_NORM_ILDW_MULT_ILDW_INIT,"Nonlinear Optimizer (300 iters, normal shrinkage)","(6000,9000]",6630,6.020561871847296,1.9297190045918329,0.6089813272423049
RAD_OPERA_HOURLY_RAINFALL_ACCUMULATION_202301282200_patch001,OPT_NORM_ILDW_MULT_ILDW_INIT,"Nonlinear Optimizer (300 iters, normal shrinkage)",≤125,6976,0.8953721222341691,-0.020679064375119606,0.9914083442620667
RAD_OPERA_HOURLY_RAINFALL_ACCUMULATION_202301282200_patch001,OPT_NORM_ILDW_MULT_ILDW_INIT,"Nonlinear Optimizer (300 iters, normal shrinkage)","(125,375]",27728,1.0589807113158314,0.013495479666885237,0.9863904107257181
RAD_OPERA_HOURLY_RAINFALL_ACCUMULATION_202301282200_patch001,OPT_NORM_ILDW_MULT_ILDW_INIT,"Nonlinear Optimizer (300 iters, normal shrinkage)","(375,750]",46891,1.2778223776917812,0.03149901427638564,0.9795259439251206
RAD_OPERA_HOURLY_RAINFALL_ACCUMULATION_202301282200_patch001,OPT_NORM_ILDW_MULT_ILDW_INIT,"Nonlinear Optimizer (300 iters, normal shrinkage)","(750,1500]",95950,1.5108373328151288,0.003176046230369823,0.9709936686165092
RAD_OPERA_HOURLY_RAINFALL_ACCUMULATION_202301282200_patch001,OPT_NORM_ILDW_MULT_ILDW_INIT,"Nonlinear Optimizer (300 iters, normal shrinkage)","(1500,3125]",174165,1.8327263851995452,0.12264858514576733,0.9529450733211419
RAD_OPERA_HOURLY_RAINFALL_ACCUMULATION_202301282200_patch001,OPT_NORM_ILDW_MULT_ILDW_INIT,"Nonlinear Optimizer (300 iters, normal shrinkage)","(3125,6000]",94327,1.984784464879274,0.22152599743588783,0.9411453297009958
RAD_OPERA_HOURLY_RAINFALL_ACCUMULATION_202301282200_patch001,OPT_NORM_ILDW_MULT_ILDW_INIT,"Nonlinear Optimizer (300 iters, normal shrinkage)","(6000,9000]",4507,1.6124972735622938,1.0954326590539083,0.7795206568679546
RAD_OPERA_HOURLY_RAINFALL_ACCUMULATION_202301282200_patch001,OPT_NORM_ILDW_MULT_ILDW_INIT,"Nonlinear Optimizer (300 iters, normal shrinkage)",>9000,16,2.513793170611344,2.5068871676921844,0.8297802596839345
RAD_OPERA_HOURLY_RAINFALL_ACCUMULATION_202301290800_patch000,OPT_NORM_ILDW_MULT_ILDW_INIT,"Nonlinear Optimizer (300 iters, normal shrinkage)",≤125,5262,0.1719208376004807,0.008551053178940197,0.9660229017199672
RAD_OPERA_HOURLY_RAINFALL_ACCUMULATION_202301290800_patch000,OPT_NORM_ILDW_MULT_ILDW_INIT,"Nonlinear Optimizer (300 iters, normal shrinkage)","(125,375]",20568,0.17252139133935762,-0.003704773474416581,0.9675591019981771
RAD_OPERA_HOURLY_RAINFALL_ACCUMULATION_202301290800_patch000,OPT_NORM_ILDW_MULT_ILDW_INIT,"Nonlinear Optimizer (300 iters, normal shrinkage)","(375,750]",33486,0.20636227659268913,-0.024410682279761887,0.9582852508759023
RAD_OPERA_HOURLY_RAINFALL_ACCUMULATION_202301290800_patch000,OPT_NORM_ILDW_MULT_ILDW_INIT,"Nonlinear Optimizer (300 iters, normal shrinkage)","(750,1500]",65862,0.2693551759974908,-0.07121198481270474,0.9339811004941964
RAD_OPERA_HOURLY_RAINFALL_ACCUMULATION_202301290800_patch000,OPT_NORM_ILDW_MULT_ILDW_INIT,"Nonlinear Optimizer (300 iters, normal shrinkage)","(1500,3125]",113228,0.38773431611722214,-0.13685734597873625,0.8788449257551159
RAD_OPERA_HOURLY_RAINFALL_ACCUMULATION_202301290800_patch000,OPT_NORM_ILDW_MULT_ILDW_INIT,"Nonlinear Optimizer (300 iters, normal shrinkage)","(3125,6000]",62239,0.6186385261945014,-0.014781976641004961,0.6767695547748838
RAD_OPERA_HOURLY_RAINFALL_ACCUMULATION_202301290800_patch000,OPT_NORM_ILDW_MULT_ILDW_INIT,"Nonlinear Optimizer (300 iters, normal shrinkage)","(6000,9000]",2459,0.824872791609755,0.36229378215274755,0.48306290052446876
RAD_OPERA_HOURLY_RAINFALL_ACCUMULATION_202301291100_patch000,OPT_NORM_ILDW_MULT_ILDW_INIT,"Nonlinear Optimizer (300 iters, normal shrinkage)",≤125,3487,0.29629066394664155,0.0048001781896564386,0.9768547288531333
RAD_OPERA_HOURLY_RAINFALL_ACCUMULATION_202301291100_patch000,OPT_NORM_ILDW_MULT_ILDW_INIT,"Nonlinear Optimizer (300 iters, normal shrinkage)","(125,375]",13581,0.3069655914375546,-0.01518003333256545,0.9784912968201487
RAD_OPERA_HOURLY_RAINFALL_ACCUMULATION_202301291100_patch000,OPT_NORM_ILDW_MULT_ILDW_INIT,"Nonlinear Optimizer (300 iters, normal shrinkage)","(375,750]",20224,0.4519278706346258,-0.08387981874196307,0.9696221239916882
RAD_OPERA_HOURLY_RAINFALL_ACCUMULATION_202301291100_patch000,OPT_NORM_ILDW_MULT_ILDW_INIT,"Nonlinear Optimizer (300 iters, normal shrinkage)","(750,1500]",37125,0.7147934191372537,-0.2983981492447131,0.9587191654703319
RAD_OPERA_HOURLY_RAINFALL_ACCUMULATION_202301291100_patch000,OPT_NORM_ILDW_MULT_ILDW_INIT,"Nonlinear Optimizer (300 iters, normal shrinkage)","(1500,3125]",60628,1.2846596174691716,-0.8174218094572272,0.9427351447201575
RAD_OPERA_HOURLY_RAINFALL_ACCUMULATION_202301291100_patch000,OPT_NORM_ILDW_MULT_ILDW_INIT,"Nonlinear Optimizer (300 iters, normal shrinkage)","(3125,6000]",30024,1.5043867350545903,-0.9740920293487583,0.8923720352409988
RAD_OPERA_HOURLY_RAINFALL_ACCUMULATION_202301291100_patch000,OPT_NORM_ILDW_MULT_ILDW_INIT,"Nonlinear Optimizer (300 iters, normal shrinkage)","(6000,9000]",1331,0.824310619384493,-0.5967088192589385,0.7428366153049013
RAD_OPERA_HOURLY_RAINFALL_ACCUMULATION_202301291700_patch000,OPT_NORM_ILDW_MULT_ILDW_INIT,"Nonlinear Optimizer (300 iters, normal shrinkage)",≤125,4436,0.06743931186347343,0.0020552508606902107,0.9985847186539962
RAD_OPERA_HOURLY_RAINFALL_ACCUMULATION_202301291700_patch000,OPT_NORM_ILDW_MULT_ILDW_INIT,"Nonlinear Optimizer (300 iters, normal shrinkage)","(125,375]",18292,0.08014277274379156,-0.0022669793341839155,0.9979048120786297
RAD_OPERA_HOURLY_RAINFALL_ACCUMULATION_202301291700_patch000,OPT_NORM_ILDW_MULT_ILDW_INIT,"Nonlinear Optimizer (300 iters, normal shrinkage)","(375,750]",30466,0.1106027819965072,-0.011814500633983002,0.9955148598137368
RAD_OPERA_HOURLY_RAINFALL_ACCUMULATION_202301291700_patch000,OPT_NORM_ILDW_MULT_ILDW_INIT,"Nonlinear Optimizer (300 iters, normal shrinkage)","(750,1500]",61389,0.1603595193481657,-0.02707975686201358,0.9890386342303441
RAD_OPERA_HOURLY_RAINFALL_ACCUMULATION_202301291700_patch000,OPT_NORM_ILDW_MULT_ILDW_INIT,"Nonlinear Optimizer (300 iters, normal shrinkage)","(1500,3125]",101766,0.25004819461517425,-0.034480209104169,0.9628593467609038
RAD_OPERA_HOURLY_RAINFALL_ACCUMULATION_202301291700_patch000,OPT_NORM_ILDW_MULT_ILDW_INIT,"Nonlinear Optimizer (300 iters, normal shrinkage)","(3125,6000]",46480,0.31734029491065757,-0.010147570673113436,0.8964432949369044
RAD_OPERA_HOURLY_RAINFALL_ACCUMULATION_202301291700_patch000,OPT_NORM_ILDW_MULT_ILDW_INIT,"Nonlinear Optimizer (300 iters, normal shrinkage)","(6000,9000]",3411,0.3828281848554545,0.12348104162811709,0.8109436750509832
RAD_OPERA_HOURLY_RAINFALL_ACCUMULATION_202301291900_patch000,OPT_NORM_ILDW_MULT_ILDW_INIT,"Nonlinear Optimizer (300 iters, normal shrinkage)",≤125,7080,0.20688778924957216,0.004807576857044199,0.9956499061119106
RAD_OPERA_HOURLY_RAINFALL_ACCUMULATION_202301291900_patch000,OPT_NORM_ILDW_MULT_ILDW_INIT,"Nonlinear Optimizer (300 iters, normal shrinkage)","(125,375]",28363,0.22556976896514988,0.00035957156050437657,0.9942636598327207
RAD_OPERA_HOURLY_RAINFALL_ACCUMULATION_202301291900_patch000,OPT_NORM_ILDW_MULT_ILDW_INIT,"Nonlinear Optimizer (300 iters, normal shrinkage)","(375,750]",48321,0.2884410997144963,-0.03232943863789867,0.9897968693687378
RAD_OPERA_HOURLY_RAINFALL_ACCUMULATION_202301291900_patch000,OPT_NORM_ILDW_MULT_ILDW_INIT,"Nonlinear Optimizer (300 iters, normal shrinkage)","(750,1500]",100191,0.3887113052498169,-0.13518975495785251,0.9833801592900646
RAD_OPERA_HOURLY_RAINFALL_ACCUMULATION_202301291900_patch000,OPT_NORM_ILDW_MULT_ILDW_INIT,"Nonlinear Optimizer (300 iters, normal shrinkage)","(1500,3125]",191182,0.6357547974188549,-0.2732856505052403,0.9656532616096853
RAD_OPERA_HOURLY_RAINFALL_ACCUMULATION_202301291900_patch000,OPT_NORM_ILDW_MULT_ILDW_INIT,"Nonlinear Optimizer (300 iters, normal shrinkage)","(3125,6000]",110001,0.8730468002929503,-0.36581294542670195,0.9510149198792517
RAD_OPERA_HOURLY_RAINFALL_ACCUMULATION_202301291900_patch000,OPT_NORM_ILDW_MULT_ILDW_INIT,"Nonlinear Optimizer (300 iters, normal shrinkage)","(6000,9000]",9824,0.8216768003306048,0.38999602240768144,0.7840295208124173
RAD_OPERA_HOURLY_RAINFALL_ACCUMULATION_202301291900_patch000,OPT_NORM_ILDW_MULT_ILDW_INIT,"Nonlinear Optimizer (300 iters, normal shrinkage)",>9000,654,0.9802994430086759,0.9304895777403397,0.9220046225273344
RAD_OPERA_HOURLY_RAINFALL_ACCUMULATION_202301292200_patch002,OPT_NORM_ILDW_MULT_ILDW_INIT,"Nonlinear Optimizer (300 iters, normal shrinkage)",≤125,3390,0.08839074214501426,0.004043970171329195,0.9927513124656164
RAD_OPERA_HOURLY_RAINFALL_ACCUMULATION_202301292200_patch002,OPT_NORM_ILDW_MULT_ILDW_INIT,"Nonlinear Optimizer (300 iters, normal shrinkage)","(125,375]",13291,0.10553182827635148,0.0006653859378360355,0.9910263376157925
RAD_OPERA_HOURLY_RAINFALL_ACCUMULATION_202301292200_patch002,OPT_NORM_ILDW_MULT_ILDW_INIT,"Nonlinear Optimizer (300 iters, normal shrinkage)","(375,750]",19563,0.1565462657371823,-0.02462601680877,0.9866269740473355
RAD_OPERA_HOURLY_RAINFALL_ACCUMULATION_202301292200_patch002,OPT_NORM_ILDW_MULT_ILDW_INIT,"Nonlinear Optimizer (300 iters, normal shrinkage)","(750,1500]",36286,0.24093427082183294,-0.08390484743864568,0.9759224501466107
RAD_OPERA_HOURLY_RAINFALL_ACCUMULATION_202301292200_patch002,OPT_NORM_ILDW_MULT_ILDW_INIT,"Nonlinear Optimizer (300 iters, normal shrinkage)","(1500,3125]",59850,0.41533181893551174,-0.1926826123864629,0.9466488784350138
RAD_OPERA_HOURLY_RAINFALL_ACCUMULATION_202301292200_patch002,OPT_NORM_ILDW_MULT_ILDW_INIT,"Nonlinear Optimizer (300 iters, normal shrinkage)","(3125,6000]",31192,0.5527659150351608,-0.168858018660047,0.9398589214739086
RAD_OPERA_HOURLY_RAINFALL_ACCUMULATION_202301292200_patch002,OPT_NORM_ILDW_MULT_ILDW_INIT,"Nonlinear Optimizer (300 iters, normal shrinkage)","(6000,9000]",2828,0.6021207575634873,0.4389584936212111,0.9173509000495799
RAD_OPERA_HOURLY_RAINFALL_ACCUMULATION_202301292300_patch001,OPT_NORM_ILDW_MULT_ILDW_INIT,"Nonlinear Optimizer (300 iters, normal shrinkage)",≤125,3907,0.1893435081138489,0.005810225409621743,0.9903000810677856
RAD_OPERA_HOURLY_RAINFALL_ACCUMULATION_202301292300_patch001,OPT_NORM_ILDW_MULT_ILDW_INIT,"Nonlinear Optimizer (300 iters, normal shrinkage)","(125,375]",15106,0.2152179881186459,-0.006797759971381275,0.9879910782438308
RAD_OPERA_HOURLY_RAINFALL_ACCUMULATION_202301292300_patch001,OPT_NORM_ILDW_MULT_ILDW_INIT,"Nonlinear Optimizer (300 iters, normal shrinkage)","(375,750]",22392,0.27520638287238997,-0.03596660562948314,0.9808268929361076
RAD_OPERA_HOURLY_RAINFALL_ACCUMULATION_202301292300_patch001,OPT_NORM_ILDW_MULT_ILDW_INIT,"Nonlinear Optimizer (300 iters, normal shrinkage)","(750,1500]",41007,0.4073396292769621,-0.1496035081284924,0.9642679141684883
RAD_OPERA_HOURLY_RAINFALL_ACCUMULATION_202301292300_patch001,OPT_NORM_ILDW_MULT_ILDW_INIT,"Nonlinear Optimizer (300 iters, normal shrinkage)","(1500,3125]",70023,0.6311848983763869,-0.38148506150468275,0.9239294151142659
RAD_OPERA_HOURLY_RAINFALL_ACCUMULATION_202301292300_patch001,OPT_NORM_ILDW_MULT_ILDW_INIT,"Nonlinear Optimizer (300 iters, normal shrinkage)","(3125,6000]",32501,0.7936276770655228,-0.514194521404135,0.880570669582307
RAD_OPERA_HOURLY_RAINFALL_ACCUMULATION_202301292300_patch001,OPT_NORM_ILDW_MULT_ILDW_INIT,"Nonlinear Optimizer (300 iters, normal shrinkage)","(6000,9000]",1432,1.1160819190390676,-0.10978110584133831,0.7055415490845349
RAD_OPERA_HOURLY_RAINFALL_ACCUMULATION_202301292300_patch003,OPT_NORM_ILDW_MULT_ILDW_INIT,"Nonlinear Optimizer (300 iters, normal shrinkage)",≤125,3610,0.052224794770300835,-0.0008535483041958796,0.9947728776445718
RAD_OPERA_HOURLY_RAINFALL_ACCUMULATION_202301292300_patch003,OPT_NORM_ILDW_MULT_ILDW_INIT,"Nonlinear Optimizer (300 iters, normal shrinkage)","(125,375]",14108,0.06499399501770267,-0.001967369605976426,0.9927071719819943
RAD_OPERA_HOURLY_RAINFALL_ACCUMULATION_202301292300_patch003,OPT_NORM_ILDW_MULT_ILDW_INIT,"Nonlinear Optimizer (300 iters, normal shrinkage)","(375,750]",20775,0.08851335552896022,-0.007737684037567763,0.9889993718403052
RAD_OPERA_HOURLY_RAINFALL_ACCUMULATION_202301292300_patch003,OPT_NORM_ILDW_MULT_ILDW_INIT,"Nonlinear Optimizer (300 iters, normal shrinkage)","(750,1500]",37991,0.11765817456649778,-0.024100210806227162,0.9834685512743939
RAD_OPERA_HOURLY_RAINFALL_ACCUMULATION_202301292300_patch003,OPT_NORM_ILDW_MULT_ILDW_INIT,"Nonlinear Optimizer (300 iters, normal shrinkage)","(1500,3125]",63127,0.17534658575042933,-0.056116534446075034,0.9710144867520759
RAD_OPERA_HOURLY_RAINFALL_ACCUMULATION_202301292300_patch003,OPT_NORM_ILDW_MULT_ILDW_INIT,"Nonlinear Optimizer (300 iters, normal shrinkage)","(3125,6000]",30617,0.27933545375901014,-0.12461133903349295,0.9474708207465445
RAD_OPERA_HOURLY_RAINFALL_ACCUMULATION_202301292300_patch003,OPT_NORM_ILDW_MULT_ILDW_INIT,"Nonlinear Optimizer (300 iters, normal shrinkage)","(6000,9000]",2828,0.31190513476757425,0.05444913503978681,0.5558236088380409
RAD_OPERA_HOURLY_RAINFALL_ACCUMULATION_202301300000_patch001,OPT_NORM_ILDW_MULT_ILDW_INIT,"Nonlinear Optimizer (300 iters, normal shrinkage)",≤125,4141,0.08856648260509715,-5.913598328447376e-05,0.9877393145764177
RAD_OPERA_HOURLY_RAINFALL_ACCUMULATION_202301300000_patch001,OPT_NORM_ILDW_MULT_ILDW_INIT,"Nonlinear Optimizer (300 iters, normal shrinkage)","(125,375]",16335,0.1057546299460268,-0.001774842139957219,0.9857049220518022
RAD_OPERA_HOURLY_RAINFALL_ACCUMULATION_202301300000_patch001,OPT_NORM_ILDW_MULT_ILDW_INIT,"Nonlinear Optimizer (300 iters, normal shrinkage)","(375,750]",25337,0.1472425262676167,-0.011956337713360594,0.977461108936433
RAD_OPERA_HOURLY_RAINFALL_ACCUMULATION_202301300000_patch001,OPT_NORM_ILDW_MULT_ILDW_INIT,"Nonlinear Optimizer (300 iters, normal shrinkage)","(750,1500]",47734,0.2054747705621373,-0.04230660200868228,0.9664447337388001
RAD_OPERA_HOURLY_RAINFALL_ACCUMULATION_202301300000_patch001,OPT_NORM_ILDW_MULT_ILDW_INIT,"Nonlinear Optimizer (300 iters, normal shrinkage)","(1500,3125]",78336,0.27392527301375724,-0.08550410640724247,0.9427377831852352
RAD_OPERA_HOURLY_RAINFALL_ACCUMULATION_202301300000_patch001,OPT_NORM_ILDW_MULT_ILDW_INIT,"Nonlinear Optimizer (300 iters, normal shrinkage)","(3125,6000]",34552,0.32927057455344777,-0.10873985913622901,0.9073617584795873
RAD_OPERA_HOURLY_RAINFALL_ACCUMULATION_202301300000_patch001,OPT_NORM_ILDW_MULT_ILDW_INIT,"Nonlinear Optimizer (300 iters, normal shrinkage)","(6000,9000]",1437,0.3796099098773067,0.20219125437421273,0.83794289193225
RAD_OPERA_HOURLY_RAINFALL_ACCUMULATION_202301300200_patch001,OPT_NORM_ILDW_MULT_ILDW_INIT,"Nonlinear Optimizer (300 iters, normal shrinkage)",≤125,5782,0.0837534783687216,0.0016645019502220827,0.9934924924757289
RAD_OPERA_HOURLY_RAINFALL_ACCUMULATION_202301300200_patch001,OPT_NORM_ILDW_MULT_ILDW_INIT,"Nonlinear Optimizer (300 iters, normal shrinkage)","(125,375]",23121,0.10005207451950612,-0.0019379737576080912,0.9904929575780023
RAD_OPERA_HOURLY_RAINFALL_ACCUMULATION_202301300200_patch001,OPT_NORM_ILDW_MULT_ILDW_INIT,"Nonlinear Optimizer (300 iters, normal shrinkage)","(375,750]",39508,0.1310098103334689,-0.010192685098533171,0.9840256230452423
RAD_OPERA_HOURLY_RAINFALL_ACCUMULATION_202301300200_patch001,OPT_NORM_ILDW_MULT_ILDW_INIT,"Nonlinear Optimizer (300 iters, normal shrinkage)","(750,1500]",83743,0.17456200570433356,-0.03329926010826192,0.9726385694825825
RAD_OPERA_HOURLY_RAINFALL_ACCUMULATION_202301300200_patch001,OPT_NORM_ILDW_MULT_ILDW_INIT,"Nonlinear Optimizer (300 iters, normal shrinkage)","(1500,3125]",155901,0.26377094974548065,-0.0893427971265783,0.9477956256065532
RAD_OPERA_HOURLY_RAINFALL_ACCUMULATION_202301300200_patch001,OPT_NORM_ILDW_MULT_ILDW_INIT,"Nonlinear Optimizer (300 iters, normal shrinkage)","(3125,6000]",76905,0.3653335652168644,-0.10827788298155301,0.9065714903031808
RAD_OPERA_HOURLY_RAINFALL_ACCUMULATION_202301300200_patch001,OPT_NORM_ILDW_MULT_ILDW_INIT,"Nonlinear Optimizer (300 iters, normal shrinkage)","(6000,9000]",6563,0.36890232242902793,0.12860113354185523,0.8888097264906263
RAD_OPERA_HOURLY_RAINFALL_ACCUMULATION_202301300200_patch001,OPT_NORM_ILDW_MULT_ILDW_INIT,"Nonlinear Optimizer (300 iters, normal shrinkage)",>9000,157,0.4484544111953379,0.44753077683175446,0.8968836017173727
RAD_OPERA_HOURLY_RAINFALL_ACCUMULATION_202301301000_patch000,OPT_NORM_ILDW_MULT_ILDW_INIT,"Nonlinear Optimizer (300 iters, normal shrinkage)",≤125,6083,0.12962967242510234,0.006670158610578314,0.9903685616361696
RAD_OPERA_HOURLY_RAINFALL_ACCUMULATION_202301301000_patch000,OPT_NORM_ILDW_MULT_ILDW_INIT,"Nonlinear Optimizer (300 iters, normal shrinkage)","(125,375]",24156,0.1401030339481784,-0.0016408548644884352,0.9898978310745883
RAD_OPERA_HOURLY_RAINFALL_ACCUMULATION_202301301000_patch000,OPT_NORM_ILDW_MULT_ILDW_INIT,"Nonlinear Optimizer (300 iters, normal shrinkage)","(375,750]",39430,0.1824948579604487,-0.017138151230015126,0.984822190532513
RAD_OPERA_HOURLY_RAINFALL_ACCUMULATION_202301301000_patch000,OPT_NORM_ILDW_MULT_ILDW_INIT,"Nonlinear Optimizer (300 iters, normal shrinkage)","(750,1500]",77358,0.24263541185559698,-0.052257786373240356,0.9763479641220799
RAD_OPERA_HOURLY_RAINFALL_ACCUMULATION_202301301000_patch000,OPT_NORM_ILDW_MULT_ILDW_INIT,"Nonlinear Optimizer (300 iters, normal shrinkage)","(1500,3125]",133480,0.3504727115086513,-0.08759847897293863,0.9561600427318238
RAD_OPERA_HOURLY_RAINFALL_ACCUMULATION_202301301000_patch000,OPT_NORM_ILDW_MULT_ILDW_INIT,"Nonlinear Optimizer (300 iters, normal shrinkage)","(3125,6000]",80920,0.5966395623149411,-0.034221968436087886,0.8898367493448387
RAD_OPERA_HOURLY_RAINFALL_ACCUMULATION_202301301000_patch000,OPT_NORM_ILDW_MULT_ILDW_INIT,"Nonlinear Optimizer (300 iters, normal shrinkage)","(6000,9000]",9842,0.8415370891569254,0.4228897450651727,0.7828506220296569
RAD_OPERA_HOURLY_RAINFALL_ACCUMULATION_202301301000_patch000,OPT_NORM_ILDW_MULT_ILDW_INIT,"Nonlinear Optimizer (300 iters, normal shrinkage)",>9000,443,0.7012231246188829,0.5825161667494418,0.6400955322668965
RAD_OPERA_HOURLY_RAINFALL_ACCUMULATION_202301302200_patch000,OPT_NORM_ILDW_MULT_ILDW_INIT,"Nonlinear Optimizer (300 iters, normal shrinkage)",≤125,4949,0.35752183731407455,0.006075675917119781,0.9822411106890783
RAD_OPERA_HOURLY_RAINFALL_ACCUMULATION_202301302200_patch000,OPT_NORM_ILDW_MULT_ILDW_INIT,"Nonlinear Optimizer (300 iters, normal shrinkage)","(125,375]",18581,0.4337805495355204,-0.020441184762565973,0.9761006318398587
RAD_OPERA_HOURLY_RAINFALL_ACCUMULATION_202301302200_patch000,OPT_NORM_ILDW_MULT_ILDW_INIT,"Nonlinear Optimizer (300 iters, normal shrinkage)","(375,750]",27724,0.6471440304521436,-0.10258771952974248,0.9584008482877969
RAD_OPERA_HOURLY_RAINFALL_ACCUMULATION_202301302200_patch000,OPT_NORM_ILDW_MULT_ILDW_INIT,"Nonlinear Optimizer (300 iters, normal shrinkage)","(750,1500]",51472,1.0105423112700367,-0.3227147772230201,0.9303531325424415
RAD_OPERA_HOURLY_RAINFALL_ACCUMULATION_202301302200_patch000,OPT_NORM_ILDW_MULT_ILDW_INIT,"Nonlinear Optimizer (300 iters, normal shrinkage)","(1500,3125]",89017,1.6804301880968904,-0.7167329482082206,0.8391570781494313
RAD_OPERA_HOURLY_RAINFALL_ACCUMULATION_202301302200_patch000,OPT_NORM_ILDW_MULT_ILDW_INIT,"Nonlinear Optimizer (300 iters, normal shrinkage)","(3125,6000]",45865,2.0208124269893184,-0.799431889460121,0.6627932803551052
RAD_OPERA_HOURLY_RAINFALL_ACCUMULATION_202301302200_patch000,OPT_NORM_ILDW_MULT_ILDW_INIT,"Nonlinear Optimizer (300 iters, normal shrinkage)","(6000,9000]",2008,2.0594194630097524,-0.41784661207570734,0.43364572695536735
RAD_OPERA_HOURLY_RAINFALL_ACCUMULATION_202301302200_patch001,OPT_NORM_ILDW_MULT_ILDW_INIT,"Nonlinear Optimizer (300 iters, normal shrinkage)",≤125,6108,0.19811628932203681,0.009332187420102452,0.9849932705790386
RAD_OPERA_HOURLY_RAINFALL_ACCUMULATION_202301302200_patch001,OPT_NORM_ILDW_MULT_ILDW_INIT,"Nonlinear Optimizer (300 iters, normal shrinkage)","(125,375]",23986,0.2260781738234274,-0.0005802141882545664,0.9820579559655569
RAD_OPERA_HOURLY_RAINFALL_ACCUMULATION_202301302200_patch001,OPT_NORM_ILDW_MULT_ILDW_INIT,"Nonlinear Optimizer (300 iters, normal shrinkage)","(375,750]",39919,0.3192772847373708,-0.029516660231543423,0.9695564253581914
RAD_OPERA_HOURLY_RAINFALL_ACCUMULATION_202301302200_patch001,OPT_NORM_ILDW_MULT_ILDW_INIT,"Nonlinear Optimizer (300 iters, normal shrinkage)","(750,1500]",80953,0.41380620192564227,-0.09302937706150051,0.9538321053686232
RAD_OPERA_HOURLY_RAINFALL_ACCUMULATION_202301302200_patch001,OPT_NORM_ILDW_MULT_ILDW_INIT,"Nonlinear Optimizer (300 iters, normal shrinkage)","(1500,3125]",142104,0.6210918946759135,-0.23449569145448337,0.9023591417737167
RAD_OPERA_HOURLY_RAINFALL_ACCUMULATION_202301302200_patch001,OPT_NORM_ILDW_MULT_ILDW_INIT,"Nonlinear Optimizer (300 iters, normal shrinkage)","(3125,6000]",70835,0.7620746395713512,-0.23377390399626774,0.7945912588307141
RAD_OPERA_HOURLY_RAINFALL_ACCUMULATION_202301302200_patch001,OPT_NORM_ILDW_MULT_ILDW_INIT,"Nonlinear Optimizer (300 iters, normal shrinkage)","(6000,9000]",3393,0.6001884006805606,0.1758041526955373,0.8519177250066977
RAD_OPERA_HOURLY_RAINFALL_ACCUMULATION_202301302200_patch001,OPT_NORM_ILDW_MULT_ILDW_INIT,"Nonlinear Optimizer (300 iters, normal shrinkage)",>9000,62,0.6583318628498681,0.6583032801506981,-0.2843864491873214
RAD_OPERA_HOURLY_RAINFALL_ACCUMULATION_202301302200_patch002,OPT_NORM_ILDW_MULT_ILDW_INIT,"Nonlinear Optimizer (300 iters, normal shrinkage)",≤125,5246,0.5611704403052123,0.019774944209533196,0.9703272413555538
RAD_OPERA_HOURLY_RAINFALL_ACCUMULATION_202301302200_patch002,OPT_NORM_ILDW_MULT_ILDW_INIT,"Nonlinear Optimizer (300 iters, normal shrinkage)","(125,375]",20443,0.6087089606886156,-0.017093788355349186,0.9668302267366919
RAD_OPERA_HOURLY_RAINFALL_ACCUMULATION_202301302200_patch002,OPT_NORM_ILDW_MULT_ILDW_INIT,"Nonlinear Optimizer (300 iters, normal shrinkage)","(375,750]",33072,0.7868026659895896,-0.12536615301250278,0.9429302592521919
RAD_OPERA_HOURLY_RAINFALL_ACCUMULATION_202301302200_patch002,OPT_NORM_ILDW_MULT_ILDW_INIT,"Nonlinear Optimizer (300 iters, normal shrinkage)","(750,1500]",64408,1.1732422964764493,-0.35670337545507674,0.9018118595766749
RAD_OPERA_HOURLY_RAINFALL_ACCUMULATION_202301302200_patch002,OPT_NORM_ILDW_MULT_ILDW_INIT,"Nonlinear Optimizer (300 iters, normal shrinkage)","(1500,3125]",110070,1.5124700801428717,-0.4404380136471559,0.841591495535332
RAD_OPERA_HOURLY_RAINFALL_ACCUMULATION_202301302200_patch002,OPT_NORM_ILDW_MULT_ILDW_INIT,"Nonlinear Optimizer (300 iters, normal shrinkage)","(3125,6000]",59833,1.4378875184722137,0.043324245336957314,0.6900453549092921
RAD_OPERA_HOURLY_RAINFALL_ACCUMULATION_202301302200_patch002,OPT_NORM_ILDW_MULT_ILDW_INIT,"Nonlinear Optimizer (300 iters, normal shrinkage)","(6000,9000]",1840,1.4281733127861076,0.9660599164421791,0.654813782910567
RAD_OPERA_HOURLY_RAINFALL_ACCUMULATION_202301310000_patch001,OPT_NORM_ILDW_MULT_ILDW_INIT,"Nonlinear Optimizer (300 iters, normal shrinkage)",≤125,4040,0.2777888873064235,0.01462975467316343,0.9716264396763692
RAD_OPERA_HOURLY_RAINFALL_ACCUMULATION_202301310000_patch001,OPT_NORM_ILDW_MULT_ILDW_INIT,"Nonlinear Optimizer (300 iters, normal shrinkage)","(125,375]",16430,0.3011543619410177,-0.012127018075645235,0.9701577933212239
RAD_OPERA_HOURLY_RAINFALL_ACCUMULATION_202301310000_patch001,OPT_NORM_ILDW_MULT_ILDW_INIT,"Nonlinear Optimizer (300 iters, normal shrinkage)","(375,750]",26966,0.3991866688086509,-0.08504936796757134,0.9554341792869604
RAD_OPERA_HOURLY_RAINFALL_ACCUMULATION_202301310000_patch001,OPT_NORM_ILDW_MULT_ILDW_INIT,"Nonlinear Optimizer (300 iters, normal shrinkage)","(750,1500]",52894,0.5596212348032182,-0.24385599236129604,0.9365116491396205
RAD_OPERA_HOURLY_RAINFALL_ACCUMULATION_202301310000_patch001,OPT_NORM_ILDW_MULT_ILDW_INIT,"Nonlinear Optimizer (300 iters, normal shrinkage)","(1500,3125]",83733,0.8807200108821501,-0.5506531977120475,0.8929407831696072
RAD_OPERA_HOURLY_RAINFALL_ACCUMULATION_202301310000_patch001,OPT_NORM_ILDW_MULT_ILDW_INIT,"Nonlinear Optimizer (300 iters, normal shrinkage)","(3125,6000]",44649,1.1059966064676323,-0.711105299484808,0.7852929657955285
RAD_OPERA_HOURLY_RAINFALL_ACCUMULATION_202301310000_patch001,OPT_NORM_ILDW_MULT_ILDW_INIT,"Nonlinear Optimizer (300 iters, normal shrinkage)","(6000,9000]",1688,1.0040399962214264,-0.7090643211422374,0.7003571045376006
RAD_OPERA_HOURLY_RAINFALL_ACCUMULATION_202301310200_patch000,OPT_NORM_ILDW_MULT_ILDW_INIT,"Nonlinear Optimizer (300 iters, normal shrinkage)",≤125,3610,0.29003628267405,-0.0005222398364642981,0.9909038552776986
RAD_OPERA_HOURLY_RAINFALL_ACCUMULATION_202301310200_patch000,OPT_NORM_ILDW_MULT_ILDW_INIT,"Nonlinear Optimizer (300 iters, normal shrinkage)","(125,375]",14108,0.34883663044309043,-0.020265875046749038,0.9853168786410577
RAD_OPERA_HOURLY_RAINFALL_ACCUMULATION_202301310200_patch000,OPT_NORM_ILDW_MULT_ILDW_INIT,"Nonlinear Optimizer (300 iters, normal shrinkage)","(375,750]",20775,0.4500177721473302,-0.0879410422450799,0.9698744885812807
RAD_OPERA_HOURLY_RAINFALL_ACCUMULATION_202301310200_patch000,OPT_NORM_ILDW_MULT_ILDW_INIT,"Nonlinear Optimizer (300 iters, normal shrinkage)","(750,1500]",37991,0.6777037123330526,-0.3095022160736886,0.9334286330600066
RAD_OPERA_HOURLY_RAINFALL_ACCUMULATION_202301310200_patch000,OPT_NORM_ILDW_MULT_ILDW_INIT,"Nonlinear Optimizer (300 iters, normal shrinkage)","(1500,3125]",63127,1.2001092027694387,-0.8078865886871377,0.8368646353288035
RAD_OPERA_HOURLY_RAINFALL_ACCUMULATION_202301310200_patch000,OPT_NORM_ILDW_MULT_ILDW_INIT,"Nonlinear Optimizer (300 iters, normal shrinkage)","(3125,6000]",30617,1.6891584469762584,-1.2206030296810961,0.7162452498163479
RAD_OPERA_HOURLY_RAINFALL_ACCUMULATION_202301310200_patch000,OPT_NORM_ILDW_MULT_ILDW_INIT,"Nonlinear Optimizer (300 iters, normal shrinkage)","(6000,9000]",2828,0.8333782881449369,-0.2992651467402551,0.8515123784004385
RAD_OPERA_HOURLY_RAINFALL_ACCUMULATION_202301310900_patch000,OPT_NORM_ILDW_MULT_ILDW_INIT,"Nonlinear Optimizer (300 iters, normal shrinkage)",≤125,4327,0.3365091845120637,-0.016001143076571512,0.9783880613560888
RAD_OPERA_HOURLY_RAINFALL_ACCUMULATION_202301310900_patch000,OPT_NORM_ILDW_MULT_ILDW_INIT,"Nonlinear Optimizer (300 iters, normal shrinkage)","(125,375]",17469,0.36968696597539624,0.009442633997681582,0.97208459212374
RAD_OPERA_HOURLY_RAINFALL_ACCUMULATION_202301310900_patch000,OPT_NORM_ILDW_MULT_ILDW_INIT,"Nonlinear Optimizer (300 iters, normal shrinkage)","(375,750]",28304,0.43638433776605484,0.023357834125033998,0.9578483400127301
RAD_OPERA_HOURLY_RAINFALL_ACCUMULATION_202301310900_patch000,OPT_NORM_ILDW_MULT_ILDW_INIT,"Nonlinear Optimizer (300 iters, normal shrinkage)","(750,1500]",54744,0.5651030436436186,0.04569998836999096,0.9319021009196408
RAD_OPERA_HOURLY_RAINFALL_ACCUMULATION_202301310900_patch000,OPT_NORM_ILDW_MULT_ILDW_INIT,"Nonlinear Optimizer (300 iters, normal shrinkage)","(1500,3125]",84620,0.8362524811790127,0.08486659918242374,0.8537791575875637
RAD_OPERA_HOURLY_RAINFALL_ACCUMULATION_202301310900_patch000,OPT_NORM_ILDW_MULT_ILDW_INIT,"Nonlinear Optimizer (300 iters, normal shrinkage)","(3125,6000]",39893,1.0049899424183328,0.02627741644629185,0.7929291821764222
RAD_OPERA_HOURLY_RAINFALL_ACCUMULATION_202301310900_patch000,OPT_NORM_ILDW_MULT_ILDW_INIT,"Nonlinear Optimizer (300 iters, normal shrinkage)","(6000,9000]",4424,1.073802591676377,0.3634344014940383,0.5283054244950602
RAD_OPERA_HOURLY_RAINFALL_ACCUMULATION_202301310900_patch000,OPT_NORM_ILDW_MULT_ILDW_INIT,"Nonlinear Optimizer (300 iters, normal shrinkage)",>9000,1227,1.478586486567279,1.2236231170054268,0.2754630022117891
RAD_OPERA_HOURLY_RAINFALL_ACCUMULATION_202301311600_patch000,OPT_NORM_ILDW_MULT_ILDW_INIT,"Nonlinear Optimizer (300 iters, normal shrinkage)",≤125,4960,0.1375257356877936,0.005042781278250679,0.9957104437476763
RAD_OPERA_HOURLY_RAINFALL_ACCUMULATION_202301311600_patch000,OPT_NORM_ILDW_MULT_ILDW_INIT,"Nonlinear Optimizer (300 iters, normal shrinkage)","(125,375]",18632,0.16218531717637294,-0.002325880381619792,0.9936169979600357
RAD_OPERA_HOURLY_RAINFALL_ACCUMULATION_202301311600_patch000,OPT_NORM_ILDW_MULT_ILDW_INIT,"Nonlinear Optimizer (300 iters, normal shrinkage)","(375,750]",27830,0.21241442555132495,-0.028138938380195818,0.9883192673345252
RAD_OPERA_HOURLY_RAINFALL_ACCUMULATION_202301311600_patch000,OPT_NORM_ILDW_MULT_ILDW_INIT,"Nonlinear Optimizer (300 iters, normal shrinkage)","(750,1500]",51558,0.29156488752732523,-0.1111392426668356,0.9787045578886804
RAD_OPERA_HOURLY_RAINFALL_ACCUMULATION_202301311600_patch000,OPT_NORM_ILDW_MULT_ILDW_INIT,"Nonlinear Optimizer (300 iters, normal shrinkage)","(1500,3125]",90058,0.4268526754282239,-0.24203984983312227,0.9607279147872742
RAD_OPERA_HOURLY_RAINFALL_ACCUMULATION_202301311600_patch000,OPT_NORM_ILDW_MULT_ILDW_INIT,"Nonlinear Optimizer (300 iters, normal shrinkage)","(3125,6000]",52277,0.5733831906713758,-0.2903294779327087,0.9112795064112182
RAD_OPERA_HOURLY_RAINFALL_ACCUMULATION_202301311600_patch000,OPT_NORM_ILDW_MULT_ILDW_INIT,"Nonlinear Optimizer (300 iters, normal shrinkage)","(6000,9000]",10952,0.9154878407724492,-0.36506022157255014,0.6958815585093204
RAD_OPERA_HOURLY_RAINFALL_ACCUMULATION_202301311600_patch000,OPT_NORM_ILDW_MULT_ILDW_INIT,"Nonlinear Optimizer (300 iters, normal shrinkage)",>9000,3317,0.7529673626581794,-0.005143501203679018,0.3568433007523748
RAD_OPERA_HOURLY_RAINFALL_ACCUMULATION_202301312000_patch001,OPT_NORM_ILDW_MULT_ILDW_INIT,"Nonlinear Optimizer (300 iters, normal shrinkage)",≤125,4119,0.15486423856180292,-0.0037906337678649525,0.9869683281659357
RAD_OPERA_HOURLY_RAINFALL_ACCUMULATION_202301312000_patch001,OPT_NORM_ILDW_MULT_ILDW_INIT,"Nonlinear Optimizer (300 iters, normal shrinkage)","(125,375]",15923,0.17988074932729614,-0.006360533314494491,0.9793118875116795
RAD_OPERA_HOURLY_RAINFALL_ACCUMULATION_202301312000_patch001,OPT_NORM_ILDW_MULT_ILDW_INIT,"Nonlinear Optimizer (300 iters, normal shrinkage)","(375,750]",23477,0.24036987607128152,-0.03007618338091794,0.9629072041847716
RAD_OPERA_HOURLY_RAINFALL_ACCUMULATION_202301312000_patch001,OPT_NORM_ILDW_MULT_ILDW_INIT,"Nonlinear Optimizer (300 iters, normal shrinkage)","(750,1500]",42558,0.3852382468925618,-0.1470844241948867,0.9239501826321214
RAD_OPERA_HOURLY_RAINFALL_ACCUMULATION_202301312000_patch001,OPT_NORM_ILDW_MULT_ILDW_INIT,"Nonlinear Optimizer (300 iters, normal shrinkage)","(1500,3125]",72310,0.6996012269476906,-0.39942575250608664,0.8178927843655384
RAD_OPERA_HOURLY_RAINFALL_ACCUMULATION_202301312000_patch001,OPT_NORM_ILDW_MULT_ILDW_INIT,"Nonlinear Optimizer (300 iters, normal shrinkage)","(3125,6000]",35394,1.0404207193247852,-0.6501225090381513,0.6681955360364363
RAD_OPERA_HOURLY_RAINFALL_ACCUMULATION_202301312000_patch001,OPT_NORM_ILDW_MULT_ILDW_INIT,"Nonlinear Optimizer (300 iters, normal shrinkage)","(6000,9000]",4806,0.9181523381622443,-0.3816652276890009,0.056999325534200916
RAD_OPERA_HOURLY_RAINFALL_ACCUMULATION_202301312000_patch001,OPT_NORM_ILDW_MULT_ILDW_INIT,"Nonlinear Optimizer (300 iters, normal shrinkage)",>9000,1093,0.6939162391370625,0.6207554137499531,-0.3718448420175285
RAD_OPERA_HOURLY_RAINFALL_ACCUMULATION_202301180600_patch000,OPT_NORM_VIRTUAL_CONVEX_CONST_INIT_LONG_LIGHT_JTOTAL,Virtual Convex Light Shrinkage (2000 iters),≤125,4307,0.3111485523117948,0.008578197147056292,0.9882201954683205
RAD_OPERA_HOURLY_RAINFALL_ACCUMULATION_202301180600_patch000,OPT_NORM_VIRTUAL_CONVEX_CONST_INIT_LONG_LIGHT_JTOTAL,Virtual Convex Light Shrinkage (2000 iters),"(125,375]",16831,0.3551903852938558,0.0002687987134699005,0.9841728177029101
RAD_OPERA_HOURLY_RAINFALL_ACCUMULATION_202301180600_patch000,OPT_NORM_VIRTUAL_CONVEX_CONST_INIT_LONG_LIGHT_JTOTAL,Virtual Convex Light Shrinkage (2000 iters),"(375,750]",25567,0.46365871352027893,0.006334031022662276,0.9720706271626167
RAD_OPERA_HOURLY_RAINFALL_ACCUMULATION_202301180600_patch000,OPT_NORM_VIRTUAL_CONVEX_CONST_INIT_LONG_LIGHT_JTOTAL,Virtual Convex Light Shrinkage (2000 iters),"(750,1500]",46989,0.6318562081718913,0.03227425720593805,0.943046530399012
RAD_OPERA_HOURLY_RAINFALL_ACCUMULATION_202301180600_patch000,OPT_NORM_VIRTUAL_CONVEX_CONST_INIT_LONG_LIGHT_JTOTAL,Virtual Convex Light Shrinkage (2000 iters),"(1500,3125]",76874,0.8683955565019409,-0.03180837920277952,0.8863473867250343
RAD_OPERA_HOURLY_RAINFALL_ACCUMULATION_202301180600_patch000,OPT_NORM_VIRTUAL_CONVEX_CONST_INIT_LONG_LIGHT_JTOTAL,Virtual Convex Light Shrinkage (2000 iters),"(3125,6000]",38395,0.9873560562528418,-0.042654190342599235,0.8057142961958952
RAD_OPERA_HOURLY_RAINFALL_ACCUMULATION_202301180600_patch000,OPT_NORM_VIRTUAL_CONVEX_CONST_INIT_LONG_LIGHT_JTOTAL,Virtual Convex Light Shrinkage (2000 iters),"(6000,9000]",4984,0.7462137511861282,0.15896548543657577,0.510663055628731
RAD_OPERA_HOURLY_RAINFALL_ACCUMULATION_202301180600_patch000,OPT_NORM_VIRTUAL_CONVEX_CONST_INIT_LONG_LIGHT_JTOTAL,Virtual Convex Light Shrinkage (2000 iters),>9000,1093,0.5230373784567608,0.04924579737716493,-0.6572769581154374
RAD_OPERA_HOURLY_RAINFALL_ACCUMULATION_202301180900_patch002,OPT_NORM_VIRTUAL_CONVEX_CONST_INIT_LONG_LIGHT_JTOTAL,Virtual Convex Light Shrinkage (2000 iters),≤125,3902,0.2659586415131232,0.004907327815632282,0.9917024478348684
RAD_OPERA_HOURLY_RAINFALL_ACCUMULATION_202301180900_patch002,OPT_NORM_VIRTUAL_CONVEX_CONST_INIT_LONG_LIGHT_JTOTAL,Virtual Convex Light Shrinkage (2000 iters),"(125,375]",15131,0.3362780594740804,-0.00015007102684020038,0.9866349237140852
RAD_OPERA_HOURLY_RAINFALL_ACCUMULATION_202301180900_patch002,OPT_NORM_VIRTUAL_CONVEX_CONST_INIT_LONG_LIGHT_JTOTAL,Virtual Convex Light Shrinkage (2000 iters),"(375,750]",22331,0.42987184317928046,0.0074649768479735324,0.9777777140441063
RAD_OPERA_HOURLY_RAINFALL_ACCUMULATION_202301180900_patch002,OPT_NORM_VIRTUAL_CONVEX_CONST_INIT_LONG_LIGHT_JTOTAL,Virtual Convex Light Shrinkage (2000 iters),"(750,1500]",41053,0.5564761902602335,-0.0117716657604018,0.9631669297395208
RAD_OPERA_HOURLY_RAINFALL_ACCUMULATION_202301180900_patch002,OPT_NORM_VIRTUAL_CONVEX_CONST_INIT_LONG_LIGHT_JTOTAL,Virtual Convex Light Shrinkage (2000 iters),"(1500,3125]",69051,0.8686358208820188,-0.17128776603147502,0.9338077307620075
RAD_OPERA_HOURLY_RAINFALL_ACCUMULATION_202301180900_patch002,OPT_NORM_VIRTUAL_CONVEX_CONST_INIT_LONG_LIGHT_JTOTAL,Virtual Convex Light Shrinkage (2000 iters),"(3125,6000]",34633,1.729025527074031,-0.42821860841525394,0.8003904982063431
RAD_OPERA_HOURLY_RAINFALL_ACCUMULATION_202301180900_patch002,OPT_NORM_VIRTUAL_CONVEX_CONST_INIT_LONG_LIGHT_JTOTAL,Virtual Convex Light Shrinkage (2000 iters),"(6000,9000]",4806,1.8129829705754001,0.6100509420961229,-0.15458937003708792
RAD_OPERA_HOURLY_RAINFALL_ACCUMULATION_202301180900_patch002,OPT_NORM_VIRTUAL_CONVEX_CONST_INIT_LONG_LIGHT_JTOTAL,Virtual Convex Light Shrinkage (2000 iters),>9000,1093,2.083855777634019,-0.411391771832193,0.06045621328990026
RAD_OPERA_HOURLY_RAINFALL_ACCUMULATION_202301181200_patch003,OPT_NORM_VIRTUAL_CONVEX_CONST_INIT_LONG_LIGHT_JTOTAL,Virtual Convex Light Shrinkage (2000 iters),≤125,3836,0.33890926193665727,0.005544139816009607,0.9883528128177641
RAD_OPERA_HOURLY_RAINFALL_ACCUMULATION_202301181200_patch003,OPT_NORM_VIRTUAL_CONVEX_CONST_INIT_LONG_LIGHT_JTOTAL,Virtual Convex Light Shrinkage (2000 iters),"(125,375]",15470,0.3580894469707358,0.004774367869623549,0.982815853010133
RAD_OPERA_HOURLY_RAINFALL_ACCUMULATION_202301181200_patch003,OPT_NORM_VIRTUAL_CONVEX_CONST_INIT_LONG_LIGHT_JTOTAL,Virtual Convex Light Shrinkage (2000 iters),"(375,750]",24747,0.42665605675709356,-0.017949718919984287,0.9723359797548603
RAD_OPERA_HOURLY_RAINFALL_ACCUMULATION_202301181200_patch003,OPT_NORM_VIRTUAL_CONVEX_CONST_INIT_LONG_LIGHT_JTOTAL,Virtual Convex Light Shrinkage (2000 iters),"(750,1500]",46358,0.5828997055933091,-0.01533967515229209,0.9506861410180045
RAD_OPERA_HOURLY_RAINFALL_ACCUMULATION_202301181200_patch003,OPT_NORM_VIRTUAL_CONVEX_CONST_INIT_LONG_LIGHT_JTOTAL,Virtual Convex Light Shrinkage (2000 iters),"(1500,3125]",72954,0.8073721389226858,0.10924556165682052,0.9130188336128062
RAD_OPERA_HOURLY_RAINFALL_ACCUMULATION_202301181200_patch003,OPT_NORM_VIRTUAL_CONVEX_CONST_INIT_LONG_LIGHT_JTOTAL,Virtual Convex Light Shrinkage (2000 iters),"(3125,6000]",38442,0.9425968692070067,0.2877200152988881,0.8657085134224164
RAD_OPERA_HOURLY_RAINFALL_ACCUMULATION_202301181200_patch003,OPT_NORM_VIRTUAL_CONVEX_CONST_INIT_LONG_LIGHT_JTOTAL,Virtual Convex Light Shrinkage (2000 iters),"(6000,9000]",2993,0.8120383590354739,-0.0696119580565987,0.6731204368868089
RAD_OPERA_HOURLY_RAINFALL_ACCUMULATION_202301181300_patch002,OPT_NORM_VIRTUAL_CONVEX_CONST_INIT_LONG_LIGHT_JTOTAL,Virtual Convex Light Shrinkage (2000 iters),≤125,4067,0.18449382121177618,0.002344748034124325,0.9881491066594983
RAD_OPERA_HOURLY_RAINFALL_ACCUMULATION_202301181300_patch002,OPT_NORM_VIRTUAL_CONVEX_CONST_INIT_LONG_LIGHT_JTOTAL,Virtual Convex Light Shrinkage (2000 iters),"(125,375]",16278,0.21159034156559675,0.00027152161762834196,0.9836277180466989
RAD_OPERA_HOURLY_RAINFALL_ACCUMULATION_202301181300_patch002,OPT_NORM_VIRTUAL_CONVEX_CONST_INIT_LONG_LIGHT_JTOTAL,Virtual Convex Light Shrinkage (2000 iters),"(375,750]",25812,0.2923536198384717,-0.00989806960114172,0.959300615924478
RAD_OPERA_HOURLY_RAINFALL_ACCUMULATION_202301181300_patch002,OPT_NORM_VIRTUAL_CONVEX_CONST_INIT_LONG_LIGHT_JTOTAL,Virtual Convex Light Shrinkage (2000 iters),"(750,1500]",48116,0.3774417331113447,-0.012528202063286727,0.9312048730329748
RAD_OPERA_HOURLY_RAINFALL_ACCUMULATION_202301181300_patch002,OPT_NORM_VIRTUAL_CONVEX_CONST_INIT_LONG_LIGHT_JTOTAL,Virtual Convex Light Shrinkage (2000 iters),"(1500,3125]",75981,0.5182812890277706,-0.022041185682485552,0.8738712676365887
RAD_OPERA_HOURLY_RAINFALL_ACCUMULATION_202301181300_patch002,OPT_NORM_VIRTUAL_CONVEX_CONST_INIT_LONG_LIGHT_JTOTAL,Virtual Convex Light Shrinkage (2000 iters),"(3125,6000]",35618,0.4246827726724804,0.029114028322307778,0.8289326926201817
RAD_OPERA_HOURLY_RAINFALL_ACCUMULATION_202301181300_patch002,OPT_NORM_VIRTUAL_CONVEX_CONST_INIT_LONG_LIGHT_JTOTAL,Virtual Convex Light Shrinkage (2000 iters),"(6000,9000]",1488,0.36991503917241525,0.07146419296341558,0.7875726052315517
RAD_OPERA_HOURLY_RAINFALL_ACCUMULATION_202301181900_patch000,OPT_NORM_VIRTUAL_CONVEX_CONST_INIT_LONG_LIGHT_JTOTAL,Virtual Convex Light Shrinkage (2000 iters),≤125,5288,0.1099011351868485,0.002340332521816065,0.9953898821983731
RAD_OPERA_HOURLY_RAINFALL_ACCUMULATION_202301181900_patch000,OPT_NORM_VIRTUAL_CONVEX_CONST_INIT_LONG_LIGHT_JTOTAL,Virtual Convex Light Shrinkage (2000 iters),"(125,375]",20528,0.14305297203433837,-0.00011633730632131767,0.9927722838502202
RAD_OPERA_HOURLY_RAINFALL_ACCUMULATION_202301181900_patch000,OPT_NORM_VIRTUAL_CONVEX_CONST_INIT_LONG_LIGHT_JTOTAL,Virtual Convex Light Shrinkage (2000 iters),"(375,750]",32454,0.18186858536965325,-0.00039474270884766043,0.9897064158170092
RAD_OPERA_HOURLY_RAINFALL_ACCUMULATION_202301181900_patch000,OPT_NORM_VIRTUAL_CONVEX_CONST_INIT_LONG_LIGHT_JTOTAL,Virtual Convex Light Shrinkage (2000 iters),"(750,1500]",61361,0.2374779589874178,-0.011219232950262871,0.9845816484067187
RAD_OPERA_HOURLY_RAINFALL_ACCUMULATION_202301181900_patch000,OPT_NORM_VIRTUAL_CONVEX_CONST_INIT_LONG_LIGHT_JTOTAL,Virtual Convex Light Shrinkage (2000 iters),"(1500,3125]",101172,0.3428559620572875,-0.022265398756093187,0.969465909026794
RAD_OPERA_HOURLY_RAINFALL_ACCUMULATION_202301181900_patch000,OPT_NORM_VIRTUAL_CONVEX_CONST_INIT_LONG_LIGHT_JTOTAL,Virtual Convex Light Shrinkage (2000 iters),"(3125,6000]",52907,0.4037749652122362,-0.02428657028366483,0.9584529528024199
RAD_OPERA_HOURLY_RAINFALL_ACCUMULATION_202301181900_patch000,OPT_NORM_VIRTUAL_CONVEX_CONST_INIT_LONG_LIGHT_JTOTAL,Virtual Convex Light Shrinkage (2000 iters),"(6000,9000]",3681,0.2634840278334787,0.12337089153257151,0.9791460132785512
RAD_OPERA_HOURLY_RAINFALL_ACCUMULATION_202301181900_patch000,OPT_NORM_VIRTUAL_CONVEX_CONST_INIT_LONG_LIGHT_JTOTAL,Virtual Convex Light Shrinkage (2000 iters),>9000,369,0.10085401111468338,0.10070173397942933,0.4283915460747625
RAD_OPERA_HOURLY_RAINFALL_ACCUMULATION_202301190000_patch000,OPT_NORM_VIRTUAL_CONVEX_CONST_INIT_LONG_LIGHT_JTOTAL,Virtual Convex Light Shrinkage (2000 iters),≤125,4743,0.13430829957874624,0.0037830844474396777,0.9977519357050743
RAD_OPERA_HOURLY_RAINFALL_ACCUMULATION_202301190000_patch000,OPT_NORM_VIRTUAL_CONVEX_CONST_INIT_LONG_LIGHT_JTOTAL,Virtual Convex Light Shrinkage (2000 iters),"(125,375]",19207,0.17050647760520432,-0.0038868786207856398,0.9962005576546453
RAD_OPERA_HOURLY_RAINFALL_ACCUMULATION_202301190000_patch000,OPT_NORM_VIRTUAL_CONVEX_CONST_INIT_LONG_LIGHT_JTOTAL,Virtual Convex Light Shrinkage (2000 iters),"(375,750]",31346,0.2257112078634904,0.0007163021310138039,0.9932254259692834
RAD_OPERA_HOURLY_RAINFALL_ACCUMULATION_202301190000_patch000,OPT_NORM_VIRTUAL_CONVEX_CONST_INIT_LONG_LIGHT_JTOTAL,Virtual Convex Light Shrinkage (2000 iters),"(750,1500]",61078,0.2831516768043106,0.019913625564340672,0.9877593444365981
RAD_OPERA_HOURLY_RAINFALL_ACCUMULATION_202301190000_patch000,OPT_NORM_VIRTUAL_CONVEX_CONST_INIT_LONG_LIGHT_JTOTAL,Virtual Convex Light Shrinkage (2000 iters),"(1500,3125]",101514,0.39627002771558895,0.03973950062444062,0.9715016243675286
RAD_OPERA_HOURLY_RAINFALL_ACCUMULATION_202301190000_patch000,OPT_NORM_VIRTUAL_CONVEX_CONST_INIT_LONG_LIGHT_JTOTAL,Virtual Convex Light Shrinkage (2000 iters),"(3125,6000]",51996,0.5272370236897687,0.115995102721422,0.9394624449480529
RAD_OPERA_HOURLY_RAINFALL_ACCUMULATION_202301190000_patch000,OPT_NORM_VIRTUAL_CONVEX_CONST_INIT_LONG_LIGHT_JTOTAL,Virtual Convex Light Shrinkage (2000 iters),"(6000,9000]",5503,0.5672686394214378,0.3400004237711527,0.7725495674944676
RAD_OPERA_HOURLY_RAINFALL_ACCUMULATION_202301190000_patch000,OPT_NORM_VIRTUAL_CONVEX_CONST_INIT_LONG_LIGHT_JTOTAL,Virtual Convex Light Shrinkage (2000 iters),>9000,1093,0.9373681709107855,0.9175666543396918,0.3675458917223567
RAD_OPERA_HOURLY_RAINFALL_ACCUMULATION_202301190300_patch000,OPT_NORM_VIRTUAL_CONVEX_CONST_INIT_LONG_LIGHT_JTOTAL,Virtual Convex Light Shrinkage (2000 iters),≤125,5625,0.2614812989734385,0.00260259575313992,0.9898956604449113
RAD_OPERA_HOURLY_RAINFALL_ACCUMULATION_202301190300_patch000,OPT_NORM_VIRTUAL_CONVEX_CONST_INIT_LONG_LIGHT_JTOTAL,Virtual Convex Light Shrinkage (2000 iters),"(125,375]",22142,0.2943238972425408,0.006737570537696868,0.9861577375529273
RAD_OPERA_HOURLY_RAINFALL_ACCUMULATION_202301190300_patch000,OPT_NORM_VIRTUAL_CONVEX_CONST_INIT_LONG_LIGHT_JTOTAL,Virtual Convex Light Shrinkage (2000 iters),"(375,750]",36071,0.37689746365765964,0.007864322052211877,0.9791388650090894
RAD_OPERA_HOURLY_RAINFALL_ACCUMULATION_202301190300_patch000,OPT_NORM_VIRTUAL_CONVEX_CONST_INIT_LONG_LIGHT_JTOTAL,Virtual Convex Light Shrinkage (2000 iters),"(750,1500]",71147,0.4900144228293271,-0.00615443230489603,0.9622793788668386
RAD_OPERA_HOURLY_RAINFALL_ACCUMULATION_202301190300_patch000,OPT_NORM_VIRTUAL_CONVEX_CONST_INIT_LONG_LIGHT_JTOTAL,Virtual Convex Light Shrinkage (2000 iters),"(1500,3125]",121319,0.6697583575692716,-0.05658862371795455,0.9356656521275036
RAD_OPERA_HOURLY_RAINFALL_ACCUMULATION_202301190300_patch000,OPT_NORM_VIRTUAL_CONVEX_CONST_INIT_LONG_LIGHT_JTOTAL,Virtual Convex Light Shrinkage (2000 iters),"(3125,6000]",72157,0.9207276271948099,-0.06737559439131259,0.90692946631766
RAD_OPERA_HOURLY_RAINFALL_ACCUMULATION_202301190300_patch000,OPT_NORM_VIRTUAL_CONVEX_CONST_INIT_LONG_LIGHT_JTOTAL,Virtual Convex Light Shrinkage (2000 iters),"(6000,9000]",16588,1.0132167698846126,0.1476278737374234,0.739012104175814
RAD_OPERA_HOURLY_RAINFALL_ACCUMULATION_202301190300_patch000,OPT_NORM_VIRTUAL_CONVEX_CONST_INIT_LONG_LIGHT_JTOTAL,Virtual Convex Light Shrinkage (2000 iters),>9000,4391,1.0226033639186662,0.12389863100037762,0.5271900996325213
RAD_OPERA_HOURLY_RAINFALL_ACCUMULATION_202301190300_patch001,OPT_NORM_VIRTUAL_CONVEX_CONST_INIT_LONG_LIGHT_JTOTAL,Virtual Convex Light Shrinkage (2000 iters),≤125,6138,0.3135270288910091,-0.008132040368905217,0.9869000411108099
RAD_OPERA_HOURLY_RAINFALL_ACCUMULATION_202301190300_patch001,OPT_NORM_VIRTUAL_CONVEX_CONST_INIT_LONG_LIGHT_JTOTAL,Virtual Convex Light Shrinkage (2000 iters),"(125,375]",24392,0.33672207267737353,-0.004984550495683566,0.9829457099311026
RAD_OPERA_HOURLY_RAINFALL_ACCUMULATION_202301190300_patch001,OPT_NORM_VIRTUAL_CONVEX_CONST_INIT_LONG_LIGHT_JTOTAL,Virtual Convex Light Shrinkage (2000 iters),"(375,750]",39715,0.41737463174365746,0.006332759384218328,0.97107658836816
RAD_OPERA_HOURLY_RAINFALL_ACCUMULATION_202301190300_patch001,OPT_NORM_VIRTUAL_CONVEX_CONST_INIT_LONG_LIGHT_JTOTAL,Virtual Convex Light Shrinkage (2000 iters),"(750,1500]",78272,0.5185464919116749,0.03168173377379484,0.9506622614149244
RAD_OPERA_HOURLY_RAINFALL_ACCUMULATION_202301190300_patch001,OPT_NORM_VIRTUAL_CONVEX_CONST_INIT_LONG_LIGHT_JTOTAL,Virtual Convex Light Shrinkage (2000 iters),"(1500,3125]",134070,0.7476683610233413,0.024437358096181236,0.8979787481425868
RAD_OPERA_HOURLY_RAINFALL_ACCUMULATION_202301190300_patch001,OPT_NORM_VIRTUAL_CONVEX_CONST_INIT_LONG_LIGHT_JTOTAL,Virtual Convex Light Shrinkage (2000 iters),"(3125,6000]",75249,0.900062393668735,0.030381384892829332,0.8571939953325209
RAD_OPERA_HOURLY_RAINFALL_ACCUMULATION_202301190300_patch001,OPT_NORM_VIRTUAL_CONVEX_CONST_INIT_LONG_LIGHT_JTOTAL,Virtual Convex Light Shrinkage (2000 iters),"(6000,9000]",6503,0.5304055020479099,0.2081571112245608,0.9451907124875084
RAD_OPERA_HOURLY_RAINFALL_ACCUMULATION_202301190300_patch001,OPT_NORM_VIRTUAL_CONVEX_CONST_INIT_LONG_LIGHT_JTOTAL,Virtual Convex Light Shrinkage (2000 iters),>9000,1229,0.2080632180554084,0.20334265108900015,0.9688298632391558
RAD_OPERA_HOURLY_RAINFALL_ACCUMULATION_202301190700_patch000,OPT_NORM_VIRTUAL_CONVEX_CONST_INIT_LONG_LIGHT_JTOTAL,Virtual Convex Light Shrinkage (2000 iters),≤125,6028,0.15269119582433358,-0.0010555886552874902,0.994806929214192
RAD_OPERA_HOURLY_RAINFALL_ACCUMULATION_202301190700_patch000,OPT_NORM_VIRTUAL_CONVEX_CONST_INIT_LONG_LIGHT_JTOTAL,Virtual Convex Light Shrinkage (2000 iters),"(125,375]",23900,0.17700972761782793,0.002144917189202049,0.993159445584637
RAD_OPERA_HOURLY_RAINFALL_ACCUMULATION_202301190700_patch000,OPT_NORM_VIRTUAL_CONVEX_CONST_INIT_LONG_LIGHT_JTOTAL,Virtual Convex Light Shrinkage (2000 iters),"(375,750]",38804,0.24921451937030992,-0.00945545496693064,0.9877931015308662
RAD_OPERA_HOURLY_RAINFALL_ACCUMULATION_202301190700_patch000,OPT_NORM_VIRTUAL_CONVEX_CONST_INIT_LONG_LIGHT_JTOTAL,Virtual Convex Light Shrinkage (2000 iters),"(750,1500]",75204,0.3275580730823364,0.0004038519485235455,0.9788107896628121
RAD_OPERA_HOURLY_RAINFALL_ACCUMULATION_202301190700_patch000,OPT_NORM_VIRTUAL_CONVEX_CONST_INIT_LONG_LIGHT_JTOTAL,Virtual Convex Light Shrinkage (2000 iters),"(1500,3125]",129043,0.43870930668606756,0.04435598243784543,0.9634307900276609
RAD_OPERA_HOURLY_RAINFALL_ACCUMULATION_202301190700_patch000,OPT_NORM_VIRTUAL_CONVEX_CONST_INIT_LONG_LIGHT_JTOTAL,Virtual Convex Light Shrinkage (2000 iters),"(3125,6000]",74735,0.5957916923053072,0.0623048060588903,0.919593971520831
RAD_OPERA_HOURLY_RAINFALL_ACCUMULATION_202301190700_patch000,OPT_NORM_VIRTUAL_CONVEX_CONST_INIT_LONG_LIGHT_JTOTAL,Virtual Convex Light Shrinkage (2000 iters),"(6000,9000]",6675,0.864424652797217,-0.35386547900931664,0.7603311887177586
RAD_OPERA_HOURLY_RAINFALL_ACCUMULATION_202301190700_patch000,OPT_NORM_VIRTUAL_CONVEX_CONST_INIT_LONG_LIGHT_JTOTAL,Virtual Convex Light Shrinkage (2000 iters),>9000,427,1.1439077980960266,-0.7381556001982589,0.11544424523532781
RAD_OPERA_HOURLY_RAINFALL_ACCUMULATION_202301190800_patch001,OPT_NORM_VIRTUAL_CONVEX_CONST_INIT_LONG_LIGHT_JTOTAL,Virtual Convex Light Shrinkage (2000 iters),≤125,4739,0.23554627105569145,-0.0009715098492277652,0.985394147247428
RAD_OPERA_HOURLY_RAINFALL_ACCUMULATION_202301190800_patch001,OPT_NORM_VIRTUAL_CONVEX_CONST_INIT_LONG_LIGHT_JTOTAL,Virtual Convex Light Shrinkage (2000 iters),"(125,375]",17811,0.27950012248505507,-0.0020859505667262662,0.9777977787567592
RAD_OPERA_HOURLY_RAINFALL_ACCUMULATION_202301190800_patch001,OPT_NORM_VIRTUAL_CONVEX_CONST_INIT_LONG_LIGHT_JTOTAL,Virtual Convex Light Shrinkage (2000 iters),"(375,750]",26584,0.3748087528368368,0.003975795025609629,0.9636741698740755
RAD_OPERA_HOURLY_RAINFALL_ACCUMULATION_202301190800_patch001,OPT_NORM_VIRTUAL_CONVEX_CONST_INIT_LONG_LIGHT_JTOTAL,Virtual Convex Light Shrinkage (2000 iters),"(750,1500]",49607,0.5059025687888975,0.047236880490850626,0.9410956267153472
RAD_OPERA_HOURLY_RAINFALL_ACCUMULATION_202301190800_patch001,OPT_NORM_VIRTUAL_CONVEX_CONST_INIT_LONG_LIGHT_JTOTAL,Virtual Convex Light Shrinkage (2000 iters),"(1500,3125]",84697,0.8459115662292269,0.08585862190124931,0.8810019870470526
RAD_OPERA_HOURLY_RAINFALL_ACCUMULATION_202301190800_patch001,OPT_NORM_VIRTUAL_CONVEX_CONST_INIT_LONG_LIGHT_JTOTAL,Virtual Convex Light Shrinkage (2000 iters),"(3125,6000]",49616,1.2834342315421348,0.024752977047378652,0.8290012309544796
RAD_OPERA_HOURLY_RAINFALL_ACCUMULATION_202301190800_patch001,OPT_NORM_VIRTUAL_CONVEX_CONST_INIT_LONG_LIGHT_JTOTAL,Virtual Convex Light Shrinkage (2000 iters),"(6000,9000]",11038,0.9431701794782115,-0.2166265176946993,0.716087826705709
RAD_OPERA_HOURLY_RAINFALL_ACCUMULATION_202301190800_patch001,OPT_NORM_VIRTUAL_CONVEX_CONST_INIT_LONG_LIGHT_JTOTAL,Virtual Convex Light Shrinkage (2000 iters),>9000,5508,1.813093906124634,-1.547739906097203,0.6289370587112117
RAD_OPERA_HOURLY_RAINFALL_ACCUMULATION_202301190800_patch002,OPT_NORM_VIRTUAL_CONVEX_CONST_INIT_LONG_LIGHT_JTOTAL,Virtual Convex Light Shrinkage (2000 iters),≤125,4948,1.0866394440077936,-0.005524318276189792,0.9808931839427715
RAD_OPERA_HOURLY_RAINFALL_ACCUMULATION_202301190800_patch002,OPT_NORM_VIRTUAL_CONVEX_CONST_INIT_LONG_LIGHT_JTOTAL,Virtual Convex Light Shrinkage (2000 iters),"(125,375]",19069,1.1675570014276113,0.03645931629605037,0.9782809481189946
RAD_OPERA_HOURLY_RAINFALL_ACCUMULATION_202301190800_patch002,OPT_NORM_VIRTUAL_CONVEX_CONST_INIT_LONG_LIGHT_JTOTAL,Virtual Convex Light Shrinkage (2000 iters),"(375,750]",29951,1.3393519187387546,0.02653435874457873,0.9745387956256804
RAD_OPERA_HOURLY_RAINFALL_ACCUMULATION_202301190800_patch002,OPT_NORM_VIRTUAL_CONVEX_CONST_INIT_LONG_LIGHT_JTOTAL,Virtual Convex Light Shrinkage (2000 iters),"(750,1500]",56000,1.7550729761007051,0.037638552957899786,0.9578403056388268
RAD_OPERA_HOURLY_RAINFALL_ACCUMULATION_202301190800_patch002,OPT_NORM_VIRTUAL_CONVEX_CONST_INIT_LONG_LIGHT_JTOTAL,Virtual Convex Light Shrinkage (2000 iters),"(1500,3125]",91858,2.5828050708090196,0.2570526287635632,0.9126681753173271
RAD_OPERA_HOURLY_RAINFALL_ACCUMULATION_202301190800_patch002,OPT_NORM_VIRTUAL_CONVEX_CONST_INIT_LONG_LIGHT_JTOTAL,Virtual Convex Light Shrinkage (2000 iters),"(3125,6000]",49656,2.859188055166835,0.5347921607885016,0.8690937965313641
RAD_OPERA_HOURLY_RAINFALL_ACCUMULATION_202301190800_patch002,OPT_NORM_VIRTUAL_CONVEX_CONST_INIT_LONG_LIGHT_JTOTAL,Virtual Convex Light Shrinkage (2000 iters),"(6000,9000]",2462,0.670769937790627,0.4702692937176786,0.9566726071129364
RAD_OPERA_HOURLY_RAINFALL_ACCUMULATION_202301190800_patch002,OPT_NORM_VIRTUAL_CONVEX_CONST_INIT_LONG_LIGHT_JTOTAL,Virtual Convex Light Shrinkage (2000 iters),>9000,8,0.1635564777277948,0.16355641186237335,
RAD_OPERA_HOURLY_RAINFALL_ACCUMULATION_202301190900_patch001,OPT_NORM_VIRTUAL_CONVEX_CONST_INIT_LONG_LIGHT_JTOTAL,Virtual Convex Light Shrinkage (2000 iters),≤125,4873,0.212751750447778,0.00839266607263801,0.9878948554046563
RAD_OPERA_HOURLY_RAINFALL_ACCUMULATION_202301190900_patch001,OPT_NORM_VIRTUAL_CONVEX_CONST_INIT_LONG_LIGHT_JTOTAL,Virtual Convex Light Shrinkage (2000 iters),"(125,375]",18313,0.23520874527177935,-0.006795214026822988,0.9847237614606773
RAD_OPERA_HOURLY_RAINFALL_ACCUMULATION_202301190900_patch001,OPT_NORM_VIRTUAL_CONVEX_CONST_INIT_LONG_LIGHT_JTOTAL,Virtual Convex Light Shrinkage (2000 iters),"(375,750]",27719,0.3063442323839908,-0.0039229820961516814,0.9761526670646391
RAD_OPERA_HOURLY_RAINFALL_ACCUMULATION_202301190900_patch001,OPT_NORM_VIRTUAL_CONVEX_CONST_INIT_LONG_LIGHT_JTOTAL,Virtual Convex Light Shrinkage (2000 iters),"(750,1500]",51845,0.4378302043012557,0.006240702249100404,0.9560353378254264
RAD_OPERA_HOURLY_RAINFALL_ACCUMULATION_202301190900_patch001,OPT_NORM_VIRTUAL_CONVEX_CONST_INIT_LONG_LIGHT_JTOTAL,Virtual Convex Light Shrinkage (2000 iters),"(1500,3125]",88154,0.6791620524960291,-0.026975394225659834,0.9077703340868002
RAD_OPERA_HOURLY_RAINFALL_ACCUMULATION_202301190900_patch001,OPT_NORM_VIRTUAL_CONVEX_CONST_INIT_LONG_LIGHT_JTOTAL,Virtual Convex Light Shrinkage (2000 iters),"(3125,6000]",43325,0.8910011734842748,0.007925169374374591,0.882359301239967
RAD_OPERA_HOURLY_RAINFALL_ACCUMULATION_202301190900_patch001,OPT_NORM_VIRTUAL_CONVEX_CONST_INIT_LONG_LIGHT_JTOTAL,Virtual Convex Light Shrinkage (2000 iters),"(6000,9000]",779,0.9156642861212094,0.039636433660142384,-0.4119346680198388
RAD_OPERA_HOURLY_RAINFALL_ACCUMULATION_202301192000_patch000,OPT_NORM_VIRTUAL_CONVEX_CONST_INIT_LONG_LIGHT_JTOTAL,Virtual Convex Light Shrinkage (2000 iters),≤125,5128,0.2315916383002144,-0.003198953686128029,0.9931253695859347
RAD_OPERA_HOURLY_RAINFALL_ACCUMULATION_202301192000_patch000,OPT_NORM_VIRTUAL_CONVEX_CONST_INIT_LONG_LIGHT_JTOTAL,Virtual Convex Light Shrinkage (2000 iters),"(125,375]",21179,0.27311746729438463,0.0023817728009331556,0.989622582245452
RAD_OPERA_HOURLY_RAINFALL_ACCUMULATION_202301192000_patch000,OPT_NORM_VIRTUAL_CONVEX_CONST_INIT_LONG_LIGHT_JTOTAL,Virtual Convex Light Shrinkage (2000 iters),"(375,750]",35613,0.35292413404225725,0.011049618212972137,0.9806192151067681
RAD_OPERA_HOURLY_RAINFALL_ACCUMULATION_202301192000_patch000,OPT_NORM_VIRTUAL_CONVEX_CONST_INIT_LONG_LIGHT_JTOTAL,Virtual Convex Light Shrinkage (2000 iters),"(750,1500]",73106,0.4391817938303834,0.01183767386217618,0.96958981607808
RAD_OPERA_HOURLY_RAINFALL_ACCUMULATION_202301192000_patch000,OPT_NORM_VIRTUAL_CONVEX_CONST_INIT_LONG_LIGHT_JTOTAL,Virtual Convex Light Shrinkage (2000 iters),"(1500,3125]",132462,0.552129575143457,0.053646953273378116,0.9473334798180207
RAD_OPERA_HOURLY_RAINFALL_ACCUMULATION_202301192000_patch000,OPT_NORM_VIRTUAL_CONVEX_CONST_INIT_LONG_LIGHT_JTOTAL,Virtual Convex Light Shrinkage (2000 iters),"(3125,6000]",68585,0.5726997355695379,0.12581423669260464,0.933568958985604
RAD_OPERA_HOURLY_RAINFALL_ACCUMULATION_202301192000_patch000,OPT_NORM_VIRTUAL_CONVEX_CONST_INIT_LONG_LIGHT_JTOTAL,Virtual Convex Light Shrinkage (2000 iters),"(6000,9000]",11329,0.5463105379348001,-0.10439064705484448,0.7265353397274826
RAD_OPERA_HOURLY_RAINFALL_ACCUMULATION_202301192000_patch000,OPT_NORM_VIRTUAL_CONVEX_CONST_INIT_LONG_LIGHT_JTOTAL,Virtual Convex Light Shrinkage (2000 iters),>9000,1782,0.8508533555733183,-0.37354713604774004,-0.23201193150532204
RAD_OPERA_HOURLY_RAINFALL_ACCUMULATION_202301200400_patch000,OPT_NORM_VIRTUAL_CONVEX_CONST_INIT_LONG_LIGHT_JTOTAL,Virtual Convex Light Shrinkage (2000 iters),≤125,4653,0.06636747138152253,0.0025983658652650957,0.9961959685072848
RAD_OPERA_HOURLY_RAINFALL_ACCUMULATION_202301200400_patch000,OPT_NORM_VIRTUAL_CONVEX_CONST_INIT_LONG_LIGHT_JTOTAL,Virtual Convex Light Shrinkage (2000 iters),"(125,375]",18817,0.07921326287305094,0.00010488024678817938,0.9945021069005744
RAD_OPERA_HOURLY_RAINFALL_ACCUMULATION_202301200400_patch000,OPT_NORM_VIRTUAL_CONVEX_CONST_INIT_LONG_LIGHT_JTOTAL,Virtual Convex Light Shrinkage (2000 iters),"(375,750]",30187,0.09958804358152172,-0.002956689341977255,0.9916915218784946
RAD_OPERA_HOURLY_RAINFALL_ACCUMULATION_202301200400_patch000,OPT_NORM_VIRTUAL_CONVEX_CONST_INIT_LONG_LIGHT_JTOTAL,Virtual Convex Light Shrinkage (2000 iters),"(750,1500]",57992,0.12922102429962662,-0.005307937113642446,0.986997615748559
RAD_OPERA_HOURLY_RAINFALL_ACCUMULATION_202301200400_patch000,OPT_NORM_VIRTUAL_CONVEX_CONST_INIT_LONG_LIGHT_JTOTAL,Virtual Convex Light Shrinkage (2000 iters),"(1500,3125]",92124,0.1865362602243182,-0.001133254887687001,0.9751503238220041
RAD_OPERA_HOURLY_RAINFALL_ACCUMULATION_202301200400_patch000,OPT_NORM_VIRTUAL_CONVEX_CONST_INIT_LONG_LIGHT_JTOTAL,Virtual Convex Light Shrinkage (2000 iters),"(3125,6000]",45691,0.2149012965950036,0.03947155549086801,0.9552089373329139
RAD_OPERA_HOURLY_RAINFALL_ACCUMULATION_202301200400_patch000,OPT_NORM_VIRTUAL_CONVEX_CONST_INIT_LONG_LIGHT_JTOTAL,Virtual Convex Light Shrinkage (2000 iters),"(6000,9000]",10365,0.22348365849721283,0.1491328612422805,0.9738696620719672
RAD_OPERA_HOURLY_RAINFALL_ACCUMULATION_202301200400_patch000,OPT_NORM_VIRTUAL_CONVEX_CONST_INIT_LONG_LIGHT_JTOTAL,Virtual Convex Light Shrinkage (2000 iters),>9000,2059,0.2657721660933009,0.22089937921285976,0.9796161061376525
RAD_OPERA_HOURLY_RAINFALL_ACCUMULATION_202301200800_patch001,OPT_NORM_VIRTUAL_CONVEX_CONST_INIT_LONG_LIGHT_JTOTAL,Virtual Convex Light Shrinkage (2000 iters),≤125,5792,0.1304918513507146,0.0028983764337550703,0.9915993671635595
RAD_OPERA_HOURLY_RAINFALL_ACCUMULATION_202301200800_patch001,OPT_NORM_VIRTUAL_CONVEX_CONST_INIT_LONG_LIGHT_JTOTAL,Virtual Convex Light Shrinkage (2000 iters),"(125,375]",22486,0.14408697579458057,6.616044518591704e-05,0.9904749570258503
RAD_OPERA_HOURLY_RAINFALL_ACCUMULATION_202301200800_patch001,OPT_NORM_VIRTUAL_CONVEX_CONST_INIT_LONG_LIGHT_JTOTAL,Virtual Convex Light Shrinkage (2000 iters),"(375,750]",36877,0.1902348652922269,-0.004579795527043692,0.9863770419807035
RAD_OPERA_HOURLY_RAINFALL_ACCUMULATION_202301200800_patch001,OPT_NORM_VIRTUAL_CONVEX_CONST_INIT_LONG_LIGHT_JTOTAL,Virtual Convex Light Shrinkage (2000 iters),"(750,1500]",73632,0.2397768654741689,-0.007933197572113828,0.9807766703327767
RAD_OPERA_HOURLY_RAINFALL_ACCUMULATION_202301200800_patch001,OPT_NORM_VIRTUAL_CONVEX_CONST_INIT_LONG_LIGHT_JTOTAL,Virtual Convex Light Shrinkage (2000 iters),"(1500,3125]",126564,0.3584288616230247,0.03587979755928269,0.9670411095370125
RAD_OPERA_HOURLY_RAINFALL_ACCUMULATION_202301200800_patch001,OPT_NORM_VIRTUAL_CONVEX_CONST_INIT_LONG_LIGHT_JTOTAL,Virtual Convex Light Shrinkage (2000 iters),"(3125,6000]",63958,0.505100472183015,0.03545411997876675,0.9190843275065256
RAD_OPERA_HOURLY_RAINFALL_ACCUMULATION_202301200800_patch001,OPT_NORM_VIRTUAL_CONVEX_CONST_INIT_LONG_LIGHT_JTOTAL,Virtual Convex Light Shrinkage (2000 iters),"(6000,9000]",2211,0.8873717616671345,0.1524756002188915,0.36613788396682234
RAD_OPERA_HOURLY_RAINFALL_ACCUMULATION_202301201300_patch000,OPT_NORM_VIRTUAL_CONVEX_CONST_INIT_LONG_LIGHT_JTOTAL,Virtual Convex Light Shrinkage (2000 iters),≤125,3390,0.2715999650033754,0.005245729867687619,0.9833609690336679
RAD_OPERA_HOURLY_RAINFALL_ACCUMULATION_202301201300_patch000,OPT_NORM_VIRTUAL_CONVEX_CONST_INIT_LONG_LIGHT_JTOTAL,Virtual Convex Light Shrinkage (2000 iters),"(125,375]",13291,0.2998035337618664,-0.002777484095434726,0.9816724251496018
RAD_OPERA_HOURLY_RAINFALL_ACCUMULATION_202301201300_patch000,OPT_NORM_VIRTUAL_CONVEX_CONST_INIT_LONG_LIGHT_JTOTAL,Virtual Convex Light Shrinkage (2000 iters),"(375,750]",19563,0.3726286491383906,-0.012956404155220702,0.9746298636303589
RAD_OPERA_HOURLY_RAINFALL_ACCUMULATION_202301201300_patch000,OPT_NORM_VIRTUAL_CONVEX_CONST_INIT_LONG_LIGHT_JTOTAL,Virtual Convex Light Shrinkage (2000 iters),"(750,1500]",36286,0.531590526311055,-0.05170769259257228,0.9584836564765405
RAD_OPERA_HOURLY_RAINFALL_ACCUMULATION_202301201300_patch000,OPT_NORM_VIRTUAL_CONVEX_CONST_INIT_LONG_LIGHT_JTOTAL,Virtual Convex Light Shrinkage (2000 iters),"(1500,3125]",59850,0.8122746800612256,-0.07281907190953879,0.9206031938048092
RAD_OPERA_HOURLY_RAINFALL_ACCUMULATION_202301201300_patch000,OPT_NORM_VIRTUAL_CONVEX_CONST_INIT_LONG_LIGHT_JTOTAL,Virtual Convex Light Shrinkage (2000 iters),"(3125,6000]",31192,0.8426775702068183,0.009037240767370404,0.9077963711084224
RAD_OPERA_HOURLY_RAINFALL_ACCUMULATION_202301201300_patch000,OPT_NORM_VIRTUAL_CONVEX_CONST_INIT_LONG_LIGHT_JTOTAL,Virtual Convex Light Shrinkage (2000 iters),"(6000,9000]",2828,0.7405181101979148,0.49787883327739074,0.7234920596069929
RAD_OPERA_HOURLY_RAINFALL_ACCUMULATION_202301201600_patch002,OPT_NORM_VIRTUAL_CONVEX_CONST_INIT_LONG_LIGHT_JTOTAL,Virtual Convex Light Shrinkage (2000 iters),≤125,3270,0.10926229563252485,0.0034032491368984957,0.9934165789803158
RAD_OPERA_HOURLY_RAINFALL_ACCUMULATION_202301201600_patch002,OPT_NORM_VIRTUAL_CONVEX_CONST_INIT_LONG_LIGHT_JTOTAL,Virtual Convex Light Shrinkage (2000 iters),"(125,375]",12789,0.1276728648441547,0.0024718064644402137,0.991034045368271
RAD_OPERA_HOURLY_RAINFALL_ACCUMULATION_202301201600_patch002,OPT_NORM_VIRTUAL_CONVEX_CONST_INIT_LONG_LIGHT_JTOTAL,Virtual Convex Light Shrinkage (2000 iters),"(375,750]",19079,0.17765677524431428,0.00825557267492788,0.9843234510579117
RAD_OPERA_HOURLY_RAINFALL_ACCUMULATION_202301201600_patch002,OPT_NORM_VIRTUAL_CONVEX_CONST_INIT_LONG_LIGHT_JTOTAL,Virtual Convex Light Shrinkage (2000 iters),"(750,1500]",35634,0.23469480128790365,0.005812387635171658,0.9757236411593629
RAD_OPERA_HOURLY_RAINFALL_ACCUMULATION_202301201600_patch002,OPT_NORM_VIRTUAL_CONVEX_CONST_INIT_LONG_LIGHT_JTOTAL,Virtual Convex Light Shrinkage (2000 iters),"(1500,3125]",58364,0.3319828592749696,-0.0005437729557368862,0.9570798421269464
RAD_OPERA_HOURLY_RAINFALL_ACCUMULATION_202301201600_patch002,OPT_NORM_VIRTUAL_CONVEX_CONST_INIT_LONG_LIGHT_JTOTAL,Virtual Convex Light Shrinkage (2000 iters),"(3125,6000]",29778,0.38116164690091187,0.11809908284054664,0.9279147190516412
RAD_OPERA_HOURLY_RAINFALL_ACCUMULATION_202301201600_patch002,OPT_NORM_VIRTUAL_CONVEX_CONST_INIT_LONG_LIGHT_JTOTAL,Virtual Convex Light Shrinkage (2000 iters),"(6000,9000]",1086,0.5890868276394368,-0.020791836096656476,0.726963481740594
RAD_OPERA_HOURLY_RAINFALL_ACCUMULATION_202301210300_patch000,OPT_NORM_VIRTUAL_CONVEX_CONST_INIT_LONG_LIGHT_JTOTAL,Virtual Convex Light Shrinkage (2000 iters),≤125,4759,1.3380477071671426,0.0005495184775123794,0.9379471936851771
RAD_OPERA_HOURLY_RAINFALL_ACCUMULATION_202301210300_patch000,OPT_NORM_VIRTUAL_CONVEX_CONST_INIT_LONG_LIGHT_JTOTAL,Virtual Convex Light Shrinkage (2000 iters),"(125,375]",19284,1.119465609630553,-0.014735924805827989,0.956290528030424
RAD_OPERA_HOURLY_RAINFALL_ACCUMULATION_202301210300_patch000,OPT_NORM_VIRTUAL_CONVEX_CONST_INIT_LONG_LIGHT_JTOTAL,Virtual Convex Light Shrinkage (2000 iters),"(375,750]",31010,1.2231573893425411,-0.01968773371338392,0.948163485990321
RAD_OPERA_HOURLY_RAINFALL_ACCUMULATION_202301210300_patch000,OPT_NORM_VIRTUAL_CONVEX_CONST_INIT_LONG_LIGHT_JTOTAL,Virtual Convex Light Shrinkage (2000 iters),"(750,1500]",60712,1.7955837712945786,-0.05381634187821686,0.911043769603843
RAD_OPERA_HOURLY_RAINFALL_ACCUMULATION_202301210300_patch000,OPT_NORM_VIRTUAL_CONVEX_CONST_INIT_LONG_LIGHT_JTOTAL,Virtual Convex Light Shrinkage (2000 iters),"(1500,3125]",96412,3.685348815887194,-0.15572096255664297,0.7963539397739495
RAD_OPERA_HOURLY_RAINFALL_ACCUMULATION_202301210300_patch000,OPT_NORM_VIRTUAL_CONVEX_CONST_INIT_LONG_LIGHT_JTOTAL,Virtual Convex Light Shrinkage (2000 iters),"(3125,6000]",45122,4.435201708065308,-0.24619931667894568,0.7268779919186399
RAD_OPERA_HOURLY_RAINFALL_ACCUMULATION_202301210300_patch000,OPT_NORM_VIRTUAL_CONVEX_CONST_INIT_LONG_LIGHT_JTOTAL,Virtual Convex Light Shrinkage (2000 iters),"(6000,9000]",9644,2.0839858373596445,0.14531967314563396,0.6095266889472327
RAD_OPERA_HOURLY_RAINFALL_ACCUMULATION_202301210300_patch000,OPT_NORM_VIRTUAL_CONVEX_CONST_INIT_LONG_LIGHT_JTOTAL,Virtual Convex Light Shrinkage (2000 iters),>9000,2881,2.286907884150028,0.34931131507276825,-0.5832462555346448
RAD_OPERA_HOURLY_RAINFALL_ACCUMULATION_202301210800_patch002,OPT_NORM_VIRTUAL_CONVEX_CONST_INIT_LONG_LIGHT_JTOTAL,Virtual Convex Light Shrinkage (2000 iters),≤125,5965,0.9012711554567231,0.019203057958187088,0.9774451537644742
RAD_OPERA_HOURLY_RAINFALL_ACCUMULATION_202301210800_patch002,OPT_NORM_VIRTUAL_CONVEX_CONST_INIT_LONG_LIGHT_JTOTAL,Virtual Convex Light Shrinkage (2000 iters),"(125,375]",23267,0.9332951283787306,0.013834484401263602,0.9774682057620219
RAD_OPERA_HOURLY_RAINFALL_ACCUMULATION_202301210800_patch002,OPT_NORM_VIRTUAL_CONVEX_CONST_INIT_LONG_LIGHT_JTOTAL,Virtual Convex Light Shrinkage (2000 iters),"(375,750]",38413,1.1529256045786986,0.008797042359916832,0.9735653467372823
RAD_OPERA_HOURLY_RAINFALL_ACCUMULATION_202301210800_patch002,OPT_NORM_VIRTUAL_CONVEX_CONST_INIT_LONG_LIGHT_JTOTAL,Virtual Convex Light Shrinkage (2000 iters),"(750,1500]",76851,1.469449616427262,-0.034390026269553536,0.9673982932402825
RAD_OPERA_HOURLY_RAINFALL_ACCUMULATION_202301210800_patch002,OPT_NORM_VIRTUAL_CONVEX_CONST_INIT_LONG_LIGHT_JTOTAL,Virtual Convex Light Shrinkage (2000 iters),"(1500,3125]",134773,1.8695736352635899,-0.12208346709532067,0.9541776332702213
RAD_OPERA_HOURLY_RAINFALL_ACCUMULATION_202301210800_patch002,OPT_NORM_VIRTUAL_CONVEX_CONST_INIT_LONG_LIGHT_JTOTAL,Virtual Convex Light Shrinkage (2000 iters),"(3125,6000]",67483,1.5923198651549304,0.029300389540998555,0.9335624721192334
RAD_OPERA_HOURLY_RAINFALL_ACCUMULATION_202301210800_patch002,OPT_NORM_VIRTUAL_CONVEX_CONST_INIT_LONG_LIGHT_JTOTAL,Virtual Convex Light Shrinkage (2000 iters),"(6000,9000]",3454,0.7320356899688378,0.0737305133412728,0.9896848858520787
RAD_OPERA_HOURLY_RAINFALL_ACCUMULATION_202301210800_patch002,OPT_NORM_VIRTUAL_CONVEX_CONST_INIT_LONG_LIGHT_JTOTAL,Virtual Convex Light Shrinkage (2000 iters),>9000,2,0.37998192051182744,0.3799819052219391,
RAD_OPERA_HOURLY_RAINFALL_ACCUMULATION_202301210900_patch000,OPT_NORM_VIRTUAL_CONVEX_CONST_INIT_LONG_LIGHT_JTOTAL,Virtual Convex Light Shrinkage (2000 iters),≤125,6233,1.0316496645564033,0.027029495964910867,0.9891181755344612
RAD_OPERA_HOURLY_RAINFALL_ACCUMULATION_202301210900_patch000,OPT_NORM_VIRTUAL_CONVEX_CONST_INIT_LONG_LIGHT_JTOTAL,Virtual Convex Light Shrinkage (2000 iters),"(125,375]",24491,1.1893842788239628,-0.021973260228637378,0.9861706870954375
RAD_OPERA_HOURLY_RAINFALL_ACCUMULATION_202301210900_patch000,OPT_NORM_VIRTUAL_CONVEX_CONST_INIT_LONG_LIGHT_JTOTAL,Virtual Convex Light Shrinkage (2000 iters),"(375,750]",41092,1.3415653596107138,-0.014732797533389155,0.9809809314447535
RAD_OPERA_HOURLY_RAINFALL_ACCUMULATION_202301210900_patch000,OPT_NORM_VIRTUAL_CONVEX_CONST_INIT_LONG_LIGHT_JTOTAL,Virtual Convex Light Shrinkage (2000 iters),"(750,1500]",84004,1.5343559934206348,0.05164945854315679,0.9741156665600276
RAD_OPERA_HOURLY_RAINFALL_ACCUMULATION_202301210900_patch000,OPT_NORM_VIRTUAL_CONVEX_CONST_INIT_LONG_LIGHT_JTOTAL,Virtual Convex Light Shrinkage (2000 iters),"(1500,3125]",151272,1.8579848352493702,0.09121050787468254,0.9652785193254556
RAD_OPERA_HOURLY_RAINFALL_ACCUMULATION_202301210900_patch000,OPT_NORM_VIRTUAL_CONVEX_CONST_INIT_LONG_LIGHT_JTOTAL,Virtual Convex Light Shrinkage (2000 iters),"(3125,6000]",82886,2.0160612479178712,-0.014826537686708541,0.9668377657038346
RAD_OPERA_HOURLY_RAINFALL_ACCUMULATION_202301210900_patch000,OPT_NORM_VIRTUAL_CONVEX_CONST_INIT_LONG_LIGHT_JTOTAL,Virtual Convex Light Shrinkage (2000 iters),"(6000,9000]",7812,1.763380942447664,-0.009278965214179986,0.9903650460365769
RAD_OPERA_HOURLY_RAINFALL_ACCUMULATION_202301210900_patch000,OPT_NORM_VIRTUAL_CONVEX_CONST_INIT_LONG_LIGHT_JTOTAL,Virtual Convex Light Shrinkage (2000 iters),>9000,34,0.2839429769670367,0.2815401663675028,-0.9164665158129256
RAD_OPERA_HOURLY_RAINFALL_ACCUMULATION_202301211500_patch000,OPT_NORM_VIRTUAL_CONVEX_CONST_INIT_LONG_LIGHT_JTOTAL,Virtual Convex Light Shrinkage (2000 iters),≤125,4173,0.32462468431107105,0.002003096831436212,0.9764017854096452
RAD_OPERA_HOURLY_RAINFALL_ACCUMULATION_202301211500_patch000,OPT_NORM_VIRTUAL_CONVEX_CONST_INIT_LONG_LIGHT_JTOTAL,Virtual Convex Light Shrinkage (2000 iters),"(125,375]",16207,0.33689960669371444,0.0050774738758006185,0.975282128497943
RAD_OPERA_HOURLY_RAINFALL_ACCUMULATION_202301211500_patch000,OPT_NORM_VIRTUAL_CONVEX_CONST_INIT_LONG_LIGHT_JTOTAL,Virtual Convex Light Shrinkage (2000 iters),"(375,750]",23822,0.42181969925545504,0.0208085303632451,0.9663937139570465
RAD_OPERA_HOURLY_RAINFALL_ACCUMULATION_202301211500_patch000,OPT_NORM_VIRTUAL_CONVEX_CONST_INIT_LONG_LIGHT_JTOTAL,Virtual Convex Light Shrinkage (2000 iters),"(750,1500]",43474,0.5512235045281901,0.046605466925029,0.949272871785783
RAD_OPERA_HOURLY_RAINFALL_ACCUMULATION_202301211500_patch000,OPT_NORM_VIRTUAL_CONVEX_CONST_INIT_LONG_LIGHT_JTOTAL,Virtual Convex Light Shrinkage (2000 iters),"(1500,3125]",72595,0.807234589165171,0.09072085458456103,0.9018646220602671
RAD_OPERA_HOURLY_RAINFALL_ACCUMULATION_202301211500_patch000,OPT_NORM_VIRTUAL_CONVEX_CONST_INIT_LONG_LIGHT_JTOTAL,Virtual Convex Light Shrinkage (2000 iters),"(3125,6000]",37593,0.8703862414949453,0.10309551454924137,0.8931832661884964
RAD_OPERA_HOURLY_RAINFALL_ACCUMULATION_202301211500_patch000,OPT_NORM_VIRTUAL_CONVEX_CONST_INIT_LONG_LIGHT_JTOTAL,Virtual Convex Light Shrinkage (2000 iters),"(6000,9000]",6818,0.6324380296574516,0.39177906816570107,0.8815513074527512
RAD_OPERA_HOURLY_RAINFALL_ACCUMULATION_202301211500_patch000,OPT_NORM_VIRTUAL_CONVEX_CONST_INIT_LONG_LIGHT_JTOTAL,Virtual Convex Light Shrinkage (2000 iters),>9000,1654,0.49508696445560474,0.3949410628883265,0.9540241950013102
RAD_OPERA_HOURLY_RAINFALL_ACCUMULATION_202301211800_patch000,OPT_NORM_VIRTUAL_CONVEX_CONST_INIT_LONG_LIGHT_JTOTAL,Virtual Convex Light Shrinkage (2000 iters),≤125,3690,0.22079070481244156,-0.005542023506945401,0.9812939457651478
RAD_OPERA_HOURLY_RAINFALL_ACCUMULATION_202301211800_patch000,OPT_NORM_VIRTUAL_CONVEX_CONST_INIT_LONG_LIGHT_JTOTAL,Virtual Convex Light Shrinkage (2000 iters),"(125,375]",14314,0.2549895802358525,-0.0085553936330246,0.9792220692923356
RAD_OPERA_HOURLY_RAINFALL_ACCUMULATION_202301211800_patch000,OPT_NORM_VIRTUAL_CONVEX_CONST_INIT_LONG_LIGHT_JTOTAL,Virtual Convex Light Shrinkage (2000 iters),"(375,750]",21246,0.35031832857519374,-0.025933666920251192,0.9689799770360501
RAD_OPERA_HOURLY_RAINFALL_ACCUMULATION_202301211800_patch000,OPT_NORM_VIRTUAL_CONVEX_CONST_INIT_LONG_LIGHT_JTOTAL,Virtual Convex Light Shrinkage (2000 iters),"(750,1500]",39504,0.4831384960689093,-0.013380888833282924,0.9421918799303967
RAD_OPERA_HOURLY_RAINFALL_ACCUMULATION_202301211800_patch000,OPT_NORM_VIRTUAL_CONVEX_CONST_INIT_LONG_LIGHT_JTOTAL,Virtual Convex Light Shrinkage (2000 iters),"(1500,3125]",66874,0.7114224696729907,-0.022869528210110304,0.8830114078996409
RAD_OPERA_HOURLY_RAINFALL_ACCUMULATION_202301211800_patch000,OPT_NORM_VIRTUAL_CONVEX_CONST_INIT_LONG_LIGHT_JTOTAL,Virtual Convex Light Shrinkage (2000 iters),"(3125,6000]",32140,0.9958066221795764,-0.021817659207416306,0.7270327419120841
RAD_OPERA_HOURLY_RAINFALL_ACCUMULATION_202301211800_patch000,OPT_NORM_VIRTUAL_CONVEX_CONST_INIT_LONG_LIGHT_JTOTAL,Virtual Convex Light Shrinkage (2000 iters),"(6000,9000]",1432,1.2278270825320303,-0.11748258232570893,0.3172130131400838
RAD_OPERA_HOURLY_RAINFALL_ACCUMULATION_202301211900_patch000,OPT_NORM_VIRTUAL_CONVEX_CONST_INIT_LONG_LIGHT_JTOTAL,Virtual Convex Light Shrinkage (2000 iters),≤125,5624,0.22625340965235322,-0.0023104136255618153,0.9855602854498566
RAD_OPERA_HOURLY_RAINFALL_ACCUMULATION_202301211900_patch000,OPT_NORM_VIRTUAL_CONVEX_CONST_INIT_LONG_LIGHT_JTOTAL,Virtual Convex Light Shrinkage (2000 iters),"(125,375]",21915,0.27247827444643996,-0.01035053587173027,0.9825618987860659
RAD_OPERA_HOURLY_RAINFALL_ACCUMULATION_202301211900_patch000,OPT_NORM_VIRTUAL_CONVEX_CONST_INIT_LONG_LIGHT_JTOTAL,Virtual Convex Light Shrinkage (2000 iters),"(375,750]",34783,0.3581896713849793,-0.004566011844863773,0.9731233557461998
RAD_OPERA_HOURLY_RAINFALL_ACCUMULATION_202301211900_patch000,OPT_NORM_VIRTUAL_CONVEX_CONST_INIT_LONG_LIGHT_JTOTAL,Virtual Convex Light Shrinkage (2000 iters),"(750,1500]",66652,0.4741268305972615,0.018940190010248555,0.9573169756338574
RAD_OPERA_HOURLY_RAINFALL_ACCUMULATION_202301211900_patch000,OPT_NORM_VIRTUAL_CONVEX_CONST_INIT_LONG_LIGHT_JTOTAL,Virtual Convex Light Shrinkage (2000 iters),"(1500,3125]",114198,0.7289922654065767,-0.04792068997663805,0.9155437805367896
RAD_OPERA_HOURLY_RAINFALL_ACCUMULATION_202301211900_patch000,OPT_NORM_VIRTUAL_CONVEX_CONST_INIT_LONG_LIGHT_JTOTAL,Virtual Convex Light Shrinkage (2000 iters),"(3125,6000]",59909,0.9551653002330157,-0.030109951989441438,0.8797377891986007
RAD_OPERA_HOURLY_RAINFALL_ACCUMULATION_202301211900_patch000,OPT_NORM_VIRTUAL_CONVEX_CONST_INIT_LONG_LIGHT_JTOTAL,Virtual Convex Light Shrinkage (2000 iters),"(6000,9000]",1303,0.6644820637488846,-0.20036837198415539,0.9833804368265033
RAD_OPERA_HOURLY_RAINFALL_ACCUMULATION_202301211900_patch001,OPT_NORM_VIRTUAL_CONVEX_CONST_INIT_LONG_LIGHT_JTOTAL,Virtual Convex Light Shrinkage (2000 iters),≤125,4911,0.30805043636751767,-0.0003831410226610291,0.9756437591978993
RAD_OPERA_HOURLY_RAINFALL_ACCUMULATION_202301211900_patch001,OPT_NORM_VIRTUAL_CONVEX_CONST_INIT_LONG_LIGHT_JTOTAL,Virtual Convex Light Shrinkage (2000 iters),"(125,375]",18873,0.32818359296299887,0.012508961369539091,0.9751516046070271
RAD_OPERA_HOURLY_RAINFALL_ACCUMULATION_202301211900_patch001,OPT_NORM_VIRTUAL_CONVEX_CONST_INIT_LONG_LIGHT_JTOTAL,Virtual Convex Light Shrinkage (2000 iters),"(375,750]",29125,0.41265140670518613,0.023543488542202517,0.9675701283753549
RAD_OPERA_HOURLY_RAINFALL_ACCUMULATION_202301211900_patch001,OPT_NORM_VIRTUAL_CONVEX_CONST_INIT_LONG_LIGHT_JTOTAL,Virtual Convex Light Shrinkage (2000 iters),"(750,1500]",55476,0.5536275707832664,0.02106295334349429,0.9502867740412271
RAD_OPERA_HOURLY_RAINFALL_ACCUMULATION_202301211900_patch001,OPT_NORM_VIRTUAL_CONVEX_CONST_INIT_LONG_LIGHT_JTOTAL,Virtual Convex Light Shrinkage (2000 iters),"(1500,3125]",96752,0.7761183430608373,-0.060321271937389155,0.9162358020573635
RAD_OPERA_HOURLY_RAINFALL_ACCUMULATION_202301211900_patch001,OPT_NORM_VIRTUAL_CONVEX_CONST_INIT_LONG_LIGHT_JTOTAL,Virtual Convex Light Shrinkage (2000 iters),"(3125,6000]",57530,1.0644497337049512,-0.2615135714084631,0.8258206673894884
RAD_OPERA_HOURLY_RAINFALL_ACCUMULATION_202301211900_patch001,OPT_NORM_VIRTUAL_CONVEX_CONST_INIT_LONG_LIGHT_JTOTAL,Virtual Convex Light Shrinkage (2000 iters),"(6000,9000]",5827,1.6862768199771003,-0.8730776061244936,0.4765996128715378
RAD_OPERA_HOURLY_RAINFALL_ACCUMULATION_202301211900_patch001,OPT_NORM_VIRTUAL_CONVEX_CONST_INIT_LONG_LIGHT_JTOTAL,Virtual Convex Light Shrinkage (2000 iters),>9000,306,1.6895244286849394,-1.1450312277849983,-0.9722363640780101
RAD_OPERA_HOURLY_RAINFALL_ACCUMULATION_202301212300_patch000,OPT_NORM_VIRTUAL_CONVEX_CONST_INIT_LONG_LIGHT_JTOTAL,Virtual Convex Light Shrinkage (2000 iters),≤125,4692,0.2386350085293183,-0.004191638080868473,0.9925987716283722
RAD_OPERA_HOURLY_RAINFALL_ACCUMULATION_202301212300_patch000,OPT_NORM_VIRTUAL_CONVEX_CONST_INIT_LONG_LIGHT_JTOTAL,Virtual Convex Light Shrinkage (2000 iters),"(125,375]",17503,0.275299405945522,-0.007627400695777025,0.9891744412786114
RAD_OPERA_HOURLY_RAINFALL_ACCUMULATION_202301212300_patch000,OPT_NORM_VIRTUAL_CONVEX_CONST_INIT_LONG_LIGHT_JTOTAL,Virtual Convex Light Shrinkage (2000 iters),"(375,750]",25922,0.35903557033428923,-0.007208309800350209,0.9787778136445922
RAD_OPERA_HOURLY_RAINFALL_ACCUMULATION_202301212300_patch000,OPT_NORM_VIRTUAL_CONVEX_CONST_INIT_LONG_LIGHT_JTOTAL,Virtual Convex Light Shrinkage (2000 iters),"(750,1500]",47008,0.4410762994789107,0.005192273127776047,0.9587617137003441
RAD_OPERA_HOURLY_RAINFALL_ACCUMULATION_202301212300_patch000,OPT_NORM_VIRTUAL_CONVEX_CONST_INIT_LONG_LIGHT_JTOTAL,Virtual Convex Light Shrinkage (2000 iters),"(1500,3125]",81012,0.6247045864470001,-0.051340857195405674,0.9093099584680229
RAD_OPERA_HOURLY_RAINFALL_ACCUMULATION_202301212300_patch000,OPT_NORM_VIRTUAL_CONVEX_CONST_INIT_LONG_LIGHT_JTOTAL,Virtual Convex Light Shrinkage (2000 iters),"(3125,6000]",43894,0.7200424850445015,-0.13003886401878706,0.885877871219872
RAD_OPERA_HOURLY_RAINFALL_ACCUMULATION_202301212300_patch000,OPT_NORM_VIRTUAL_CONVEX_CONST_INIT_LONG_LIGHT_JTOTAL,Virtual Convex Light Shrinkage (2000 iters),"(6000,9000]",1153,0.4865824908059409,-0.029037872967467758,0.9790901687228372
RAD_OPERA_HOURLY_RAINFALL_ACCUMULATION_202301220000_patch001,OPT_NORM_VIRTUAL_CONVEX_CONST_INIT_LONG_LIGHT_JTOTAL,Virtual Convex Light Shrinkage (2000 iters),≤125,5230,0.2625786929754302,-0.007588591775634321,0.9944116545951738
RAD_OPERA_HOURLY_RAINFALL_ACCUMULATION_202301220000_patch001,OPT_NORM_VIRTUAL_CONVEX_CONST_INIT_LONG_LIGHT_JTOTAL,Virtual Convex Light Shrinkage (2000 iters),"(125,375]",20323,0.32062848862452215,-0.011090658007893795,0.990652186525784
RAD_OPERA_HOURLY_RAINFALL_ACCUMULATION_202301220000_patch001,OPT_NORM_VIRTUAL_CONVEX_CONST_INIT_LONG_LIGHT_JTOTAL,Virtual Convex Light Shrinkage (2000 iters),"(375,750]",32666,0.43141537516233214,-0.0007851547958736563,0.9804869452098983
RAD_OPERA_HOURLY_RAINFALL_ACCUMULATION_202301220000_patch001,OPT_NORM_VIRTUAL_CONVEX_CONST_INIT_LONG_LIGHT_JTOTAL,Virtual Convex Light Shrinkage (2000 iters),"(750,1500]",63206,0.5520692297227975,0.022294368954448824,0.964816013062167
RAD_OPERA_HOURLY_RAINFALL_ACCUMULATION_202301220000_patch001,OPT_NORM_VIRTUAL_CONVEX_CONST_INIT_LONG_LIGHT_JTOTAL,Virtual Convex Light Shrinkage (2000 iters),"(1500,3125]",104459,0.7793331754267434,0.07860624811357436,0.9295116456457336
RAD_OPERA_HOURLY_RAINFALL_ACCUMULATION_202301220000_patch001,OPT_NORM_VIRTUAL_CONVEX_CONST_INIT_LONG_LIGHT_JTOTAL,Virtual Convex Light Shrinkage (2000 iters),"(3125,6000]",53531,1.158428593929491,0.08369454747797862,0.8527088984748667
RAD_OPERA_HOURLY_RAINFALL_ACCUMULATION_202301220000_patch001,OPT_NORM_VIRTUAL_CONVEX_CONST_INIT_LONG_LIGHT_JTOTAL,Virtual Convex Light Shrinkage (2000 iters),"(6000,9000]",5048,1.4314940134112357,1.1392794416741372,0.7641761560838244
RAD_OPERA_HOURLY_RAINFALL_ACCUMULATION_202301220000_patch001,OPT_NORM_VIRTUAL_CONVEX_CONST_INIT_LONG_LIGHT_JTOTAL,Virtual Convex Light Shrinkage (2000 iters),>9000,2257,0.544635189418907,0.14034490718427464,-0.025764996231899817
RAD_OPERA_HOURLY_RAINFALL_ACCUMULATION_202301220100_patch001,OPT_NORM_VIRTUAL_CONVEX_CONST_INIT_LONG_LIGHT_JTOTAL,Virtual Convex Light Shrinkage (2000 iters),≤125,4018,0.22396558254776625,0.009540401019003927,0.994168115536654
RAD_OPERA_HOURLY_RAINFALL_ACCUMULATION_202301220100_patch001,OPT_NORM_VIRTUAL_CONVEX_CONST_INIT_LONG_LIGHT_JTOTAL,Virtual Convex Light Shrinkage (2000 iters),"(125,375]",15534,0.28549225505504383,0.010696303416189807,0.9922688991942905
RAD_OPERA_HOURLY_RAINFALL_ACCUMULATION_202301220100_patch001,OPT_NORM_VIRTUAL_CONVEX_CONST_INIT_LONG_LIGHT_JTOTAL,Virtual Convex Light Shrinkage (2000 iters),"(375,750]",22904,0.42242554969923984,-0.002022494922560899,0.9859998023812456
RAD_OPERA_HOURLY_RAINFALL_ACCUMULATION_202301220100_patch001,OPT_NORM_VIRTUAL_CONVEX_CONST_INIT_LONG_LIGHT_JTOTAL,Virtual Convex Light Shrinkage (2000 iters),"(750,1500]",41857,0.5937660283986155,0.011531411913141752,0.9755590640555174
RAD_OPERA_HOURLY_RAINFALL_ACCUMULATION_202301220100_patch001,OPT_NORM_VIRTUAL_CONVEX_CONST_INIT_LONG_LIGHT_JTOTAL,Virtual Convex Light Shrinkage (2000 iters),"(1500,3125]",71355,0.9613370135131643,-0.02248680079377535,0.9432038826900149
RAD_OPERA_HOURLY_RAINFALL_ACCUMULATION_202301220100_patch001,OPT_NORM_VIRTUAL_CONVEX_CONST_INIT_LONG_LIGHT_JTOTAL,Virtual Convex Light Shrinkage (2000 iters),"(3125,6000]",34056,1.0794952865047596,0.2256355046865412,0.9124698218726542
RAD_OPERA_HOURLY_RAINFALL_ACCUMULATION_202301220100_patch001,OPT_NORM_VIRTUAL_CONVEX_CONST_INIT_LONG_LIGHT_JTOTAL,Virtual Convex Light Shrinkage (2000 iters),"(6000,9000]",3300,0.49924204648469267,0.14606095791314588,0.981638521299348
RAD_OPERA_HOURLY_RAINFALL_ACCUMULATION_202301221200_patch000,OPT_NORM_VIRTUAL_CONVEX_CONST_INIT_LONG_LIGHT_JTOTAL,Virtual Convex Light Shrinkage (2000 iters),≤125,5692,0.20374337326369463,0.0020281107662977337,0.9964973520528141
RAD_OPERA_HOURLY_RAINFALL_ACCUMULATION_202301221200_patch000,OPT_NORM_VIRTUAL_CONVEX_CONST_INIT_LONG_LIGHT_JTOTAL,Virtual Convex Light Shrinkage (2000 iters),"(125,375]",22509,0.2833821631413857,-0.002582083155045511,0.9942599887319198
RAD_OPERA_HOURLY_RAINFALL_ACCUMULATION_202301221200_patch000,OPT_NORM_VIRTUAL_CONVEX_CONST_INIT_LONG_LIGHT_JTOTAL,Virtual Convex Light Shrinkage (2000 iters),"(375,750]",37533,0.3806876552700849,-0.013865685118263303,0.99174392275211
RAD_OPERA_HOURLY_RAINFALL_ACCUMULATION_202301221200_patch000,OPT_NORM_VIRTUAL_CONVEX_CONST_INIT_LONG_LIGHT_JTOTAL,Virtual Convex Light Shrinkage (2000 iters),"(750,1500]",75522,0.512144284465395,-0.007741434128532716,0.9835533112327977
RAD_OPERA_HOURLY_RAINFALL_ACCUMULATION_202301221200_patch000,OPT_NORM_VIRTUAL_CONVEX_CONST_INIT_LONG_LIGHT_JTOTAL,Virtual Convex Light Shrinkage (2000 iters),"(1500,3125]",133266,0.6997441064580413,0.00784449715085603,0.9532763938097468
RAD_OPERA_HOURLY_RAINFALL_ACCUMULATION_202301221200_patch000,OPT_NORM_VIRTUAL_CONVEX_CONST_INIT_LONG_LIGHT_JTOTAL,Virtual Convex Light Shrinkage (2000 iters),"(3125,6000]",68969,1.0539630950623127,0.13394720436316132,0.8645189304014321
RAD_OPERA_HOURLY_RAINFALL_ACCUMULATION_202301221200_patch000,OPT_NORM_VIRTUAL_CONVEX_CONST_INIT_LONG_LIGHT_JTOTAL,Virtual Convex Light Shrinkage (2000 iters),"(6000,9000]",8879,1.5742324511017096,0.6594421002698758,0.5303120648941658
RAD_OPERA_HOURLY_RAINFALL_ACCUMULATION_202301221200_patch000,OPT_NORM_VIRTUAL_CONVEX_CONST_INIT_LONG_LIGHT_JTOTAL,Virtual Convex Light Shrinkage (2000 iters),>9000,2446,0.677433110339864,-0.4829436623455556,0.6235289197778011
RAD_OPERA_HOURLY_RAINFALL_ACCUMULATION_202301222100_patch000,OPT_NORM_VIRTUAL_CONVEX_CONST_INIT_LONG_LIGHT_JTOTAL,Virtual Convex Light Shrinkage (2000 iters),≤125,3783,0.2374893341450483,-0.0035557488513621757,0.9946843139156027
RAD_OPERA_HOURLY_RAINFALL_ACCUMULATION_202301222100_patch000,OPT_NORM_VIRTUAL_CONVEX_CONST_INIT_LONG_LIGHT_JTOTAL,Virtual Convex Light Shrinkage (2000 iters),"(125,375]",14906,0.27552149736297055,0.005351657655495656,0.9928557077613065
RAD_OPERA_HOURLY_RAINFALL_ACCUMULATION_202301222100_patch000,OPT_NORM_VIRTUAL_CONVEX_CONST_INIT_LONG_LIGHT_JTOTAL,Virtual Convex Light Shrinkage (2000 iters),"(375,750]",22509,0.3703058381798771,-0.0016178781207613292,0.9881283685960188
RAD_OPERA_HOURLY_RAINFALL_ACCUMULATION_202301222100_patch000,OPT_NORM_VIRTUAL_CONVEX_CONST_INIT_LONG_LIGHT_JTOTAL,Virtual Convex Light Shrinkage (2000 iters),"(750,1500]",41257,0.5062426390435271,-0.030815117305047043,0.9830059690317486
RAD_OPERA_HOURLY_RAINFALL_ACCUMULATION_202301222100_patch000,OPT_NORM_VIRTUAL_CONVEX_CONST_INIT_LONG_LIGHT_JTOTAL,Virtual Convex Light Shrinkage (2000 iters),"(1500,3125]",66625,0.688434641083164,-0.11023090107751801,0.9769893501912809
RAD_OPERA_HOURLY_RAINFALL_ACCUMULATION_202301222100_patch000,OPT_NORM_VIRTUAL_CONVEX_CONST_INIT_LONG_LIGHT_JTOTAL,Virtual Convex Light Shrinkage (2000 iters),"(3125,6000]",34002,0.7468784375326243,-0.02990354968008615,0.9752167694951909
RAD_OPERA_HOURLY_RAINFALL_ACCUMULATION_202301222100_patch000,OPT_NORM_VIRTUAL_CONVEX_CONST_INIT_LONG_LIGHT_JTOTAL,Virtual Convex Light Shrinkage (2000 iters),"(6000,9000]",3286,0.6979828611377706,0.3746008109529483,0.974875739961954
RAD_OPERA_HOURLY_RAINFALL_ACCUMULATION_202301230100_patch000,OPT_NORM_VIRTUAL_CONVEX_CONST_INIT_LONG_LIGHT_JTOTAL,Virtual Convex Light Shrinkage (2000 iters),≤125,4445,0.2166628387279038,0.0049394841714794175,0.9953160215097582
RAD_OPERA_HOURLY_RAINFALL_ACCUMULATION_202301230100_patch000,OPT_NORM_VIRTUAL_CONVEX_CONST_INIT_LONG_LIGHT_JTOTAL,Virtual Convex Light Shrinkage (2000 iters),"(125,375]",17833,0.28462610611084693,-0.0012041605351634302,0.9907485546584059
RAD_OPERA_HOURLY_RAINFALL_ACCUMULATION_202301230100_patch000,OPT_NORM_VIRTUAL_CONVEX_CONST_INIT_LONG_LIGHT_JTOTAL,Virtual Convex Light Shrinkage (2000 iters),"(375,750]",28225,0.3785397858761827,-0.021162692779112355,0.9821546915635854
RAD_OPERA_HOURLY_RAINFALL_ACCUMULATION_202301230100_patch000,OPT_NORM_VIRTUAL_CONVEX_CONST_INIT_LONG_LIGHT_JTOTAL,Virtual Convex Light Shrinkage (2000 iters),"(750,1500]",52717,0.49632370313748914,-0.024014465107682605,0.9696366150245529
RAD_OPERA_HOURLY_RAINFALL_ACCUMULATION_202301230100_patch000,OPT_NORM_VIRTUAL_CONVEX_CONST_INIT_LONG_LIGHT_JTOTAL,Virtual Convex Light Shrinkage (2000 iters),"(1500,3125]",84234,0.7339844375564101,-0.006277928980416358,0.9363432148859782
RAD_OPERA_HOURLY_RAINFALL_ACCUMULATION_202301230100_patch000,OPT_NORM_VIRTUAL_CONVEX_CONST_INIT_LONG_LIGHT_JTOTAL,Virtual Convex Light Shrinkage (2000 iters),"(3125,6000]",43953,0.9182813104795209,0.18924009458063681,0.8907279672048148
RAD_OPERA_HOURLY_RAINFALL_ACCUMULATION_202301230100_patch000,OPT_NORM_VIRTUAL_CONVEX_CONST_INIT_LONG_LIGHT_JTOTAL,Virtual Convex Light Shrinkage (2000 iters),"(6000,9000]",5580,0.9173263363995655,0.7025493719481519,0.8743624396104954
RAD_OPERA_HOURLY_RAINFALL_ACCUMULATION_202301230100_patch000,OPT_NORM_VIRTUAL_CONVEX_CONST_INIT_LONG_LIGHT_JTOTAL,Virtual Convex Light Shrinkage (2000 iters),>9000,1093,0.9800260863414028,0.9352849382167547,0.8979987525264161
RAD_OPERA_HOURLY_RAINFALL_ACCUMULATION_202301230600_patch003,OPT_NORM_VIRTUAL_CONVEX_CONST_INIT_LONG_LIGHT_JTOTAL,Virtual Convex Light Shrinkage (2000 iters),≤125,5253,0.17005816656994333,-0.0013843206548699873,0.9888080898004532
RAD_OPERA_HOURLY_RAINFALL_ACCUMULATION_202301230600_patch003,OPT_NORM_VIRTUAL_CONVEX_CONST_INIT_LONG_LIGHT_JTOTAL,Virtual Convex Light Shrinkage (2000 iters),"(125,375]",20266,0.19869416459712844,0.008315895492063744,0.9848010702355018
RAD_OPERA_HOURLY_RAINFALL_ACCUMULATION_202301230600_patch003,OPT_NORM_VIRTUAL_CONVEX_CONST_INIT_LONG_LIGHT_JTOTAL,Virtual Convex Light Shrinkage (2000 iters),"(375,750]",31845,0.2580488728043083,0.01509506071094891,0.9777997468328923
RAD_OPERA_HOURLY_RAINFALL_ACCUMULATION_202301230600_patch003,OPT_NORM_VIRTUAL_CONVEX_CONST_INIT_LONG_LIGHT_JTOTAL,Virtual Convex Light Shrinkage (2000 iters),"(750,1500]",60657,0.37214568395410824,0.010995045993873544,0.9640979865344638
RAD_OPERA_HOURLY_RAINFALL_ACCUMULATION_202301230600_patch003,OPT_NORM_VIRTUAL_CONVEX_CONST_INIT_LONG_LIGHT_JTOTAL,Virtual Convex Light Shrinkage (2000 iters),"(1500,3125]",99992,0.4932745056908261,0.009737882206395432,0.9523076649035782
RAD_OPERA_HOURLY_RAINFALL_ACCUMULATION_202301230600_patch003,OPT_NORM_VIRTUAL_CONVEX_CONST_INIT_LONG_LIGHT_JTOTAL,Virtual Convex Light Shrinkage (2000 iters),"(3125,6000]",48778,0.6916827139231676,0.06255817960278272,0.9283541951772085
RAD_OPERA_HOURLY_RAINFALL_ACCUMULATION_202301230600_patch003,OPT_NORM_VIRTUAL_CONVEX_CONST_INIT_LONG_LIGHT_JTOTAL,Virtual Convex Light Shrinkage (2000 iters),"(6000,9000]",2009,1.020807311522118,0.5867925246091789,0.8894687520340538
RAD_OPERA_HOURLY_RAINFALL_ACCUMULATION_202301231200_patch001,OPT_NORM_VIRTUAL_CONVEX_CONST_INIT_LONG_LIGHT_JTOTAL,Virtual Convex Light Shrinkage (2000 iters),≤125,5395,0.1343305306260053,0.0020492664730802964,0.9891934894790929
RAD_OPERA_HOURLY_RAINFALL_ACCUMULATION_202301231200_patch001,OPT_NORM_VIRTUAL_CONVEX_CONST_INIT_LONG_LIGHT_JTOTAL,Virtual Convex Light Shrinkage (2000 iters),"(125,375]",21090,0.14861837572942402,-0.0013634316527826517,0.9877936929423395
RAD_OPERA_HOURLY_RAINFALL_ACCUMULATION_202301231200_patch001,OPT_NORM_VIRTUAL_CONVEX_CONST_INIT_LONG_LIGHT_JTOTAL,Virtual Convex Light Shrinkage (2000 iters),"(375,750]",34488,0.18431646714900904,-0.0038566540510181317,0.9807781216767625
RAD_OPERA_HOURLY_RAINFALL_ACCUMULATION_202301231200_patch001,OPT_NORM_VIRTUAL_CONVEX_CONST_INIT_LONG_LIGHT_JTOTAL,Virtual Convex Light Shrinkage (2000 iters),"(750,1500]",67771,0.2490272327759033,0.0050888015724535746,0.9673142758824509
RAD_OPERA_HOURLY_RAINFALL_ACCUMULATION_202301231200_patch001,OPT_NORM_VIRTUAL_CONVEX_CONST_INIT_LONG_LIGHT_JTOTAL,Virtual Convex Light Shrinkage (2000 iters),"(1500,3125]",115766,0.39592089511807504,-0.010436624838860339,0.932604861709475
RAD_OPERA_HOURLY_RAINFALL_ACCUMULATION_202301231200_patch001,OPT_NORM_VIRTUAL_CONVEX_CONST_INIT_LONG_LIGHT_JTOTAL,Virtual Convex Light Shrinkage (2000 iters),"(3125,6000]",63094,0.5040507368018957,0.053358516235295514,0.9285637739489335
RAD_OPERA_HOURLY_RAINFALL_ACCUMULATION_202301231200_patch001,OPT_NORM_VIRTUAL_CONVEX_CONST_INIT_LONG_LIGHT_JTOTAL,Virtual Convex Light Shrinkage (2000 iters),"(6000,9000]",4971,0.6813378665475629,0.4137772389267369,0.8996959594885531
RAD_OPERA_HOURLY_RAINFALL_ACCUMULATION_202301231200_patch001,OPT_NORM_VIRTUAL_CONVEX_CONST_INIT_LONG_LIGHT_JTOTAL,Virtual Convex Light Shrinkage (2000 iters),>9000,1,0.530463457107544,0.530463457107544,
RAD_OPERA_HOURLY_RAINFALL_ACCUMULATION_202301231200_patch002,OPT_NORM_VIRTUAL_CONVEX_CONST_INIT_LONG_LIGHT_JTOTAL,Virtual Convex Light Shrinkage (2000 iters),≤125,4808,0.23315151334569553,-0.00509335733516244,0.9961640578604686
RAD_OPERA_HOURLY_RAINFALL_ACCUMULATION_202301231200_patch002,OPT_NORM_VIRTUAL_CONVEX_CONST_INIT_LONG_LIGHT_JTOTAL,Virtual Convex Light Shrinkage (2000 iters),"(125,375]",19791,0.26152593841147714,-0.011633462248067281,0.9944497539337552
RAD_OPERA_HOURLY_RAINFALL_ACCUMULATION_202301231200_patch002,OPT_NORM_VIRTUAL_CONVEX_CONST_INIT_LONG_LIGHT_JTOTAL,Virtual Convex Light Shrinkage (2000 iters),"(375,750]",33541,0.30846295462898465,-0.017350952253192116,0.9908920686635304
RAD_OPERA_HOURLY_RAINFALL_ACCUMULATION_202301231200_patch002,OPT_NORM_VIRTUAL_CONVEX_CONST_INIT_LONG_LIGHT_JTOTAL,Virtual Convex Light Shrinkage (2000 iters),"(750,1500]",70004,0.3849230281467897,-0.02017700550988854,0.9840106469802837
RAD_OPERA_HOURLY_RAINFALL_ACCUMULATION_202301231200_patch002,OPT_NORM_VIRTUAL_CONVEX_CONST_INIT_LONG_LIGHT_JTOTAL,Virtual Convex Light Shrinkage (2000 iters),"(1500,3125]",130131,0.47563195671387243,0.011476593559809957,0.9657724008510173
RAD_OPERA_HOURLY_RAINFALL_ACCUMULATION_202301231200_patch002,OPT_NORM_VIRTUAL_CONVEX_CONST_INIT_LONG_LIGHT_JTOTAL,Virtual Convex Light Shrinkage (2000 iters),"(3125,6000]",65641,0.6187057480891971,0.08026515645992167,0.9167914930656205
RAD_OPERA_HOURLY_RAINFALL_ACCUMULATION_202301231200_patch002,OPT_NORM_VIRTUAL_CONVEX_CONST_INIT_LONG_LIGHT_JTOTAL,Virtual Convex Light Shrinkage (2000 iters),"(6000,9000]",5637,0.39226012021702455,-0.12330097469726056,0.8120702602979493
RAD_OPERA_HOURLY_RAINFALL_ACCUMULATION_202301231200_patch002,OPT_NORM_VIRTUAL_CONVEX_CONST_INIT_LONG_LIGHT_JTOTAL,Virtual Convex Light Shrinkage (2000 iters),>9000,175,0.2604269112862832,-0.1657433101109096,0.2934655624340678
RAD_OPERA_HOURLY_RAINFALL_ACCUMULATION_202301231200_patch003,OPT_NORM_VIRTUAL_CONVEX_CONST_INIT_LONG_LIGHT_JTOTAL,Virtual Convex Light Shrinkage (2000 iters),≤125,5159,0.8226203179533865,-0.021039927764031203,0.9905888338154434
RAD_OPERA_HOURLY_RAINFALL_ACCUMULATION_202301231200_patch003,OPT_NORM_VIRTUAL_CONVEX_CONST_INIT_LONG_LIGHT_JTOTAL,Virtual Convex Light Shrinkage (2000 iters),"(125,375]",19586,0.9659733552833054,-4.736285263523273e-05,0.9866589157479168
RAD_OPERA_HOURLY_RAINFALL_ACCUMULATION_202301231200_patch003,OPT_NORM_VIRTUAL_CONVEX_CONST_INIT_LONG_LIGHT_JTOTAL,Virtual Convex Light Shrinkage (2000 iters),"(375,750]",29988,1.3577091968334085,0.05799055238979141,0.973627645475797
RAD_OPERA_HOURLY_RAINFALL_ACCUMULATION_202301231200_patch003,OPT_NORM_VIRTUAL_CONVEX_CONST_INIT_LONG_LIGHT_JTOTAL,Virtual Convex Light Shrinkage (2000 iters),"(750,1500]",56176,2.0547946337149066,0.13464230967995366,0.9190471112173022
RAD_OPERA_HOURLY_RAINFALL_ACCUMULATION_202301231200_patch003,OPT_NORM_VIRTUAL_CONVEX_CONST_INIT_LONG_LIGHT_JTOTAL,Virtual Convex Light Shrinkage (2000 iters),"(1500,3125]",95580,2.2519243925552526,0.36667634776654273,0.8349519138010042
RAD_OPERA_HOURLY_RAINFALL_ACCUMULATION_202301231200_patch003,OPT_NORM_VIRTUAL_CONVEX_CONST_INIT_LONG_LIGHT_JTOTAL,Virtual Convex Light Shrinkage (2000 iters),"(3125,6000]",56911,2.452745942121541,0.3651830706622139,0.640279122705
RAD_OPERA_HOURLY_RAINFALL_ACCUMULATION_202301231200_patch003,OPT_NORM_VIRTUAL_CONVEX_CONST_INIT_LONG_LIGHT_JTOTAL,Virtual Convex Light Shrinkage (2000 iters),"(6000,9000]",8318,1.7567589967869042,-0.5393121046761868,0.43450219694476283
RAD_OPERA_HOURLY_RAINFALL_ACCUMULATION_202301231200_patch003,OPT_NORM_VIRTUAL_CONVEX_CONST_INIT_LONG_LIGHT_JTOTAL,Virtual Convex Light Shrinkage (2000 iters),>9000,666,0.7385325139104137,-0.1337762237330703,0.00981230427497448
RAD_OPERA_HOURLY_RAINFALL_ACCUMULATION_202301231300_patch001,OPT_NORM_VIRTUAL_CONVEX_CONST_INIT_LONG_LIGHT_JTOTAL,Virtual Convex Light Shrinkage (2000 iters),≤125,5511,1.048655824341173,-0.0029433241164277617,0.9813347863339182
RAD_OPERA_HOURLY_RAINFALL_ACCUMULATION_202301231300_patch001,OPT_NORM_VIRTUAL_CONVEX_CONST_INIT_LONG_LIGHT_JTOTAL,Virtual Convex Light Shrinkage (2000 iters),"(125,375]",21364,1.4194234771688043,0.014968513012990655,0.9698308030099686
RAD_OPERA_HOURLY_RAINFALL_ACCUMULATION_202301231300_patch001,OPT_NORM_VIRTUAL_CONVEX_CONST_INIT_LONG_LIGHT_JTOTAL,Virtual Convex Light Shrinkage (2000 iters),"(375,750]",33423,1.9149963494308375,0.03338269099824429,0.9584488926284638
RAD_OPERA_HOURLY_RAINFALL_ACCUMULATION_202301231300_patch001,OPT_NORM_VIRTUAL_CONVEX_CONST_INIT_LONG_LIGHT_JTOTAL,Virtual Convex Light Shrinkage (2000 iters),"(750,1500]",63975,2.7835358052893877,0.05798442732243051,0.9318970956440064
RAD_OPERA_HOURLY_RAINFALL_ACCUMULATION_202301231300_patch001,OPT_NORM_VIRTUAL_CONVEX_CONST_INIT_LONG_LIGHT_JTOTAL,Virtual Convex Light Shrinkage (2000 iters),"(1500,3125]",114461,3.2996515247270133,0.09999453412329264,0.928763660328193
RAD_OPERA_HOURLY_RAINFALL_ACCUMULATION_202301231300_patch001,OPT_NORM_VIRTUAL_CONVEX_CONST_INIT_LONG_LIGHT_JTOTAL,Virtual Convex Light Shrinkage (2000 iters),"(3125,6000]",64360,2.40816917050438,0.2902531479914011,0.9299817395260171
RAD_OPERA_HOURLY_RAINFALL_ACCUMULATION_202301231300_patch001,OPT_NORM_VIRTUAL_CONVEX_CONST_INIT_LONG_LIGHT_JTOTAL,Virtual Convex Light Shrinkage (2000 iters),"(6000,9000]",3082,1.2790765886913171,0.3949003304534978,0.6934585001610493
RAD_OPERA_HOURLY_RAINFALL_ACCUMULATION_202301231400_patch002,OPT_NORM_VIRTUAL_CONVEX_CONST_INIT_LONG_LIGHT_JTOTAL,Virtual Convex Light Shrinkage (2000 iters),≤125,5874,0.09592663819571096,-0.000711305859058862,0.9936971051685989
RAD_OPERA_HOURLY_RAINFALL_ACCUMULATION_202301231400_patch002,OPT_NORM_VIRTUAL_CONVEX_CONST_INIT_LONG_LIGHT_JTOTAL,Virtual Convex Light Shrinkage (2000 iters),"(125,375]",23308,0.11394322706272567,0.0016819792514357168,0.9911616012868407
RAD_OPERA_HOURLY_RAINFALL_ACCUMULATION_202301231400_patch002,OPT_NORM_VIRTUAL_CONVEX_CONST_INIT_LONG_LIGHT_JTOTAL,Virtual Convex Light Shrinkage (2000 iters),"(375,750]",37553,0.16011366933991047,0.0011820186836133577,0.9841119608543036
RAD_OPERA_HOURLY_RAINFALL_ACCUMULATION_202301231400_patch002,OPT_NORM_VIRTUAL_CONVEX_CONST_INIT_LONG_LIGHT_JTOTAL,Virtual Convex Light Shrinkage (2000 iters),"(750,1500]",71261,0.2180752781114623,-0.003112481152003762,0.9746808164079807
RAD_OPERA_HOURLY_RAINFALL_ACCUMULATION_202301231400_patch002,OPT_NORM_VIRTUAL_CONVEX_CONST_INIT_LONG_LIGHT_JTOTAL,Virtual Convex Light Shrinkage (2000 iters),"(1500,3125]",123639,0.32474815465785356,-0.026325795428317613,0.9486979150472418
RAD_OPERA_HOURLY_RAINFALL_ACCUMULATION_202301231400_patch002,OPT_NORM_VIRTUAL_CONVEX_CONST_INIT_LONG_LIGHT_JTOTAL,Virtual Convex Light Shrinkage (2000 iters),"(3125,6000]",70303,0.4363035615934874,-0.09143160585370044,0.9205944748171224
RAD_OPERA_HOURLY_RAINFALL_ACCUMULATION_202301231400_patch002,OPT_NORM_VIRTUAL_CONVEX_CONST_INIT_LONG_LIGHT_JTOTAL,Virtual Convex Light Shrinkage (2000 iters),"(6000,9000]",3934,0.40888848281289597,0.02667714116775753,0.682399780187913
RAD_OPERA_HOURLY_RAINFALL_ACCUMULATION_202301231400_patch003,OPT_NORM_VIRTUAL_CONVEX_CONST_INIT_LONG_LIGHT_JTOTAL,Virtual Convex Light Shrinkage (2000 iters),≤125,4953,0.10932889380317509,0.0028595731531805926,0.992630734315329
RAD_OPERA_HOURLY_RAINFALL_ACCUMULATION_202301231400_patch003,OPT_NORM_VIRTUAL_CONVEX_CONST_INIT_LONG_LIGHT_JTOTAL,Virtual Convex Light Shrinkage (2000 iters),"(125,375]",20410,0.12886446479497987,0.0049790115697543914,0.9899669057710747
RAD_OPERA_HOURLY_RAINFALL_ACCUMULATION_202301231400_patch003,OPT_NORM_VIRTUAL_CONVEX_CONST_INIT_LONG_LIGHT_JTOTAL,Virtual Convex Light Shrinkage (2000 iters),"(375,750]",34665,0.17565116982271076,0.007002352826543379,0.984084046770789
RAD_OPERA_HOURLY_RAINFALL_ACCUMULATION_202301231400_patch003,OPT_NORM_VIRTUAL_CONVEX_CONST_INIT_LONG_LIGHT_JTOTAL,Virtual Convex Light Shrinkage (2000 iters),"(750,1500]",72194,0.2336307540622432,0.00865974241199066,0.9731296561322772
RAD_OPERA_HOURLY_RAINFALL_ACCUMULATION_202301231400_patch003,OPT_NORM_VIRTUAL_CONVEX_CONST_INIT_LONG_LIGHT_JTOTAL,Virtual Convex Light Shrinkage (2000 iters),"(1500,3125]",134690,0.30981709050645945,0.017719163926692642,0.9518374525833486
RAD_OPERA_HOURLY_RAINFALL_ACCUMULATION_202301231400_patch003,OPT_NORM_VIRTUAL_CONVEX_CONST_INIT_LONG_LIGHT_JTOTAL,Virtual Convex Light Shrinkage (2000 iters),"(3125,6000]",66872,0.46679879889805515,0.06464338680043619,0.8915598323833045
RAD_OPERA_HOURLY_RAINFALL_ACCUMULATION_202301231400_patch003,OPT_NORM_VIRTUAL_CONVEX_CONST_INIT_LONG_LIGHT_JTOTAL,Virtual Convex Light Shrinkage (2000 iters),"(6000,9000]",7545,0.5821404754440413,0.34727830944904986,0.6068295426858674
RAD_OPERA_HOURLY_RAINFALL_ACCUMULATION_202301231400_patch003,OPT_NORM_VIRTUAL_CONVEX_CONST_INIT_LONG_LIGHT_JTOTAL,Virtual Convex Light Shrinkage (2000 iters),>9000,175,0.3472589504778959,0.3462700285230364,0.04083953361585008
RAD_OPERA_HOURLY_RAINFALL_ACCUMULATION_202301231600_patch001,OPT_NORM_VIRTUAL_CONVEX_CONST_INIT_LONG_LIGHT_JTOTAL,Virtual Convex Light Shrinkage (2000 iters),≤125,4914,0.18767431488334657,0.0012667901544101267,0.9935193775150711
RAD_OPERA_HOURLY_RAINFALL_ACCUMULATION_202301231600_patch001,OPT_NORM_VIRTUAL_CONVEX_CONST_INIT_LONG_LIGHT_JTOTAL,Virtual Convex Light Shrinkage (2000 iters),"(125,375]",20085,0.20317331263783697,0.005836487890684638,0.9925344270657955
RAD_OPERA_HOURLY_RAINFALL_ACCUMULATION_202301231600_patch001,OPT_NORM_VIRTUAL_CONVEX_CONST_INIT_LONG_LIGHT_JTOTAL,Virtual Convex Light Shrinkage (2000 iters),"(375,750]",33153,0.2532223632639041,0.015202271937604829,0.9895782036308821
RAD_OPERA_HOURLY_RAINFALL_ACCUMULATION_202301231600_patch001,OPT_NORM_VIRTUAL_CONVEX_CONST_INIT_LONG_LIGHT_JTOTAL,Virtual Convex Light Shrinkage (2000 iters),"(750,1500]",65856,0.3512697392673978,0.006751677361240048,0.9839072426152111
RAD_OPERA_HOURLY_RAINFALL_ACCUMULATION_202301231600_patch001,OPT_NORM_VIRTUAL_CONVEX_CONST_INIT_LONG_LIGHT_JTOTAL,Virtual Convex Light Shrinkage (2000 iters),"(1500,3125]",111781,0.49987359202025405,0.012943231157045423,0.9743830595981025
RAD_OPERA_HOURLY_RAINFALL_ACCUMULATION_202301231600_patch001,OPT_NORM_VIRTUAL_CONVEX_CONST_INIT_LONG_LIGHT_JTOTAL,Virtual Convex Light Shrinkage (2000 iters),"(3125,6000]",56017,0.6852808270820857,0.10837305731512643,0.9649927719901952
RAD_OPERA_HOURLY_RAINFALL_ACCUMULATION_202301231600_patch001,OPT_NORM_VIRTUAL_CONVEX_CONST_INIT_LONG_LIGHT_JTOTAL,Virtual Convex Light Shrinkage (2000 iters),"(6000,9000]",8106,0.6708065756882805,0.35417166040866077,0.9182148653611655
RAD_OPERA_HOURLY_RAINFALL_ACCUMULATION_202301231600_patch001,OPT_NORM_VIRTUAL_CONVEX_CONST_INIT_LONG_LIGHT_JTOTAL,Virtual Convex Light Shrinkage (2000 iters),>9000,1656,0.34744367404189286,0.19339928354906,-0.7648766764149105
RAD_OPERA_HOURLY_RAINFALL_ACCUMULATION_202301231700_patch000,OPT_NORM_VIRTUAL_CONVEX_CONST_INIT_LONG_LIGHT_JTOTAL,Virtual Convex Light Shrinkage (2000 iters),≤125,5269,0.19938477319863343,-0.0026031513397031638,0.993545734625972
RAD_OPERA_HOURLY_RAINFALL_ACCUMULATION_202301231700_patch000,OPT_NORM_VIRTUAL_CONVEX_CONST_INIT_LONG_LIGHT_JTOTAL,Virtual Convex Light Shrinkage (2000 iters),"(125,375]",20368,0.22148944207796561,0.00344516386776191,0.9915430858453406
RAD_OPERA_HOURLY_RAINFALL_ACCUMULATION_202301231700_patch000,OPT_NORM_VIRTUAL_CONVEX_CONST_INIT_LONG_LIGHT_JTOTAL,Virtual Convex Light Shrinkage (2000 iters),"(375,750]",32124,0.27164689814778614,0.00367639392132874,0.9884290076049983
RAD_OPERA_HOURLY_RAINFALL_ACCUMULATION_202301231700_patch000,OPT_NORM_VIRTUAL_CONVEX_CONST_INIT_LONG_LIGHT_JTOTAL,Virtual Convex Light Shrinkage (2000 iters),"(750,1500]",61468,0.34128681485458306,0.006902113740253698,0.9831921466368381
RAD_OPERA_HOURLY_RAINFALL_ACCUMULATION_202301231700_patch000,OPT_NORM_VIRTUAL_CONVEX_CONST_INIT_LONG_LIGHT_JTOTAL,Virtual Convex Light Shrinkage (2000 iters),"(1500,3125]",104182,0.5208823379634354,0.013714122192887706,0.9691634114444924
RAD_OPERA_HOURLY_RAINFALL_ACCUMULATION_202301231700_patch000,OPT_NORM_VIRTUAL_CONVEX_CONST_INIT_LONG_LIGHT_JTOTAL,Virtual Convex Light Shrinkage (2000 iters),"(3125,6000]",59655,0.6794280991030809,0.06660516132576329,0.9610967733675284
RAD_OPERA_HOURLY_RAINFALL_ACCUMULATION_202301231700_patch000,OPT_NORM_VIRTUAL_CONVEX_CONST_INIT_LONG_LIGHT_JTOTAL,Virtual Convex Light Shrinkage (2000 iters),"(6000,9000]",8108,0.8397207609788624,0.25954184375269607,0.8934061693238269
RAD_OPERA_HOURLY_RAINFALL_ACCUMULATION_202301231700_patch000,OPT_NORM_VIRTUAL_CONVEX_CONST_INIT_LONG_LIGHT_JTOTAL,Virtual Convex Light Shrinkage (2000 iters),>9000,666,0.5614466895995793,0.16721174599709096,0.9705266413802858
RAD_OPERA_HOURLY_RAINFALL_ACCUMULATION_202301231900_patch000,OPT_NORM_VIRTUAL_CONVEX_CONST_INIT_LONG_LIGHT_JTOTAL,Virtual Convex Light Shrinkage (2000 iters),≤125,5065,0.21703966775992814,-0.0008808363960855452,0.994211763294715
RAD_OPERA_HOURLY_RAINFALL_ACCUMULATION_202301231900_patch000,OPT_NORM_VIRTUAL_CONVEX_CONST_INIT_LONG_LIGHT_JTOTAL,Virtual Convex Light Shrinkage (2000 iters),"(125,375]",20812,0.25253833846617757,-0.006984484450887676,0.9927476571860133
RAD_OPERA_HOURLY_RAINFALL_ACCUMULATION_202301231900_patch000,OPT_NORM_VIRTUAL_CONVEX_CONST_INIT_LONG_LIGHT_JTOTAL,Virtual Convex Light Shrinkage (2000 iters),"(375,750]",35015,0.33516322306218443,0.004559839179724195,0.9879241635782318
RAD_OPERA_HOURLY_RAINFALL_ACCUMULATION_202301231900_patch000,OPT_NORM_VIRTUAL_CONVEX_CONST_INIT_LONG_LIGHT_JTOTAL,Virtual Convex Light Shrinkage (2000 iters),"(750,1500]",71144,0.41603887503648124,0.02508868305830489,0.9819487582161712
RAD_OPERA_HOURLY_RAINFALL_ACCUMULATION_202301231900_patch000,OPT_NORM_VIRTUAL_CONVEX_CONST_INIT_LONG_LIGHT_JTOTAL,Virtual Convex Light Shrinkage (2000 iters),"(1500,3125]",125239,0.5289867359217282,0.023184394176302876,0.9728525326787528
RAD_OPERA_HOURLY_RAINFALL_ACCUMULATION_202301231900_patch000,OPT_NORM_VIRTUAL_CONVEX_CONST_INIT_LONG_LIGHT_JTOTAL,Virtual Convex Light Shrinkage (2000 iters),"(3125,6000]",61768,0.5030762534305534,0.18187909588412418,0.9695661615465045
RAD_OPERA_HOURLY_RAINFALL_ACCUMULATION_202301231900_patch000,OPT_NORM_VIRTUAL_CONVEX_CONST_INIT_LONG_LIGHT_JTOTAL,Virtual Convex Light Shrinkage (2000 iters),"(6000,9000]",9857,0.4683628948041064,0.37957396714227115,0.9433499374997829
RAD_OPERA_HOURLY_RAINFALL_ACCUMULATION_202301231900_patch000,OPT_NORM_VIRTUAL_CONVEX_CONST_INIT_LONG_LIGHT_JTOTAL,Virtual Convex Light Shrinkage (2000 iters),>9000,1340,0.27738040483727017,0.2641640207521729,0.9605245390720273
RAD_OPERA_HOURLY_RAINFALL_ACCUMULATION_202301240500_patch000,OPT_NORM_VIRTUAL_CONVEX_CONST_INIT_LONG_LIGHT_JTOTAL,Virtual Convex Light Shrinkage (2000 iters),≤125,7497,2.40718155269159,0.05271114346383284,0.9810462476691628
RAD_OPERA_HOURLY_RAINFALL_ACCUMULATION_202301240500_patch000,OPT_NORM_VIRTUAL_CONVEX_CONST_INIT_LONG_LIGHT_JTOTAL,Virtual Convex Light Shrinkage (2000 iters),"(125,375]",30107,2.3723435290416535,0.03088850268666137,0.9823515460633988
RAD_OPERA_HOURLY_RAINFALL_ACCUMULATION_202301240500_patch000,OPT_NORM_VIRTUAL_CONVEX_CONST_INIT_LONG_LIGHT_JTOTAL,Virtual Convex Light Shrinkage (2000 iters),"(375,750]",51230,2.824820826690169,0.11838562486827982,0.9680005600614341
RAD_OPERA_HOURLY_RAINFALL_ACCUMULATION_202301240500_patch000,OPT_NORM_VIRTUAL_CONVEX_CONST_INIT_LONG_LIGHT_JTOTAL,Virtual Convex Light Shrinkage (2000 iters),"(750,1500]",105715,2.2892730615982,0.07621227173254407,0.9629502614188906
RAD_OPERA_HOURLY_RAINFALL_ACCUMULATION_202301240500_patch000,OPT_NORM_VIRTUAL_CONVEX_CONST_INIT_LONG_LIGHT_JTOTAL,Virtual Convex Light Shrinkage (2000 iters),"(1500,3125]",194009,3.300610791557732,-0.022372980919760335,0.9251850771372141
RAD_OPERA_HOURLY_RAINFALL_ACCUMULATION_202301240500_patch000,OPT_NORM_VIRTUAL_CONVEX_CONST_INIT_LONG_LIGHT_JTOTAL,Virtual Convex Light Shrinkage (2000 iters),"(3125,6000]",101789,4.066955409360364,0.336645750251228,0.818649406374625
RAD_OPERA_HOURLY_RAINFALL_ACCUMULATION_202301240500_patch000,OPT_NORM_VIRTUAL_CONVEX_CONST_INIT_LONG_LIGHT_JTOTAL,Virtual Convex Light Shrinkage (2000 iters),"(6000,9000]",4242,2.513830075687209,-0.017154049059795017,0.8412195101964498
RAD_OPERA_HOURLY_RAINFALL_ACCUMULATION_202301240500_patch000,OPT_NORM_VIRTUAL_CONVEX_CONST_INIT_LONG_LIGHT_JTOTAL,Virtual Convex Light Shrinkage (2000 iters),>9000,3,0.02860104422860378,-0.02859075864156087,
RAD_OPERA_HOURLY_RAINFALL_ACCUMULATION_202301240700_patch000,OPT_NORM_VIRTUAL_CONVEX_CONST_INIT_LONG_LIGHT_JTOTAL,Virtual Convex Light Shrinkage (2000 iters),≤125,3841,0.14560529467416644,0.0009732729784680729,0.9898390250389626
RAD_OPERA_HOURLY_RAINFALL_ACCUMULATION_202301240700_patch000,OPT_NORM_VIRTUAL_CONVEX_CONST_INIT_LONG_LIGHT_JTOTAL,Virtual Convex Light Shrinkage (2000 iters),"(125,375]",15308,0.17353240202405942,0.007582590377203067,0.9866931597005529
RAD_OPERA_HOURLY_RAINFALL_ACCUMULATION_202301240700_patch000,OPT_NORM_VIRTUAL_CONVEX_CONST_INIT_LONG_LIGHT_JTOTAL,Virtual Convex Light Shrinkage (2000 iters),"(375,750]",23624,0.23074462553170855,0.006328038022280385,0.9801651812927257
RAD_OPERA_HOURLY_RAINFALL_ACCUMULATION_202301240700_patch000,OPT_NORM_VIRTUAL_CONVEX_CONST_INIT_LONG_LIGHT_JTOTAL,Virtual Convex Light Shrinkage (2000 iters),"(750,1500]",44314,0.2835474669888424,-0.002752428499187928,0.9763574977258279
RAD_OPERA_HOURLY_RAINFALL_ACCUMULATION_202301240700_patch000,OPT_NORM_VIRTUAL_CONVEX_CONST_INIT_LONG_LIGHT_JTOTAL,Virtual Convex Light Shrinkage (2000 iters),"(1500,3125]",70641,0.37313194358513013,-0.042331295906151596,0.9665321715394989
RAD_OPERA_HOURLY_RAINFALL_ACCUMULATION_202301240700_patch000,OPT_NORM_VIRTUAL_CONVEX_CONST_INIT_LONG_LIGHT_JTOTAL,Virtual Convex Light Shrinkage (2000 iters),"(3125,6000]",32468,0.3642934750989024,0.06766843981926145,0.9593856802306627
RAD_OPERA_HOURLY_RAINFALL_ACCUMULATION_202301240700_patch000,OPT_NORM_VIRTUAL_CONVEX_CONST_INIT_LONG_LIGHT_JTOTAL,Virtual Convex Light Shrinkage (2000 iters),"(6000,9000]",2828,0.2697178850350859,0.24175818911536243,0.9822564377716626
RAD_OPERA_HOURLY_RAINFALL_ACCUMULATION_202301241500_patch000,OPT_NORM_VIRTUAL_CONVEX_CONST_INIT_LONG_LIGHT_JTOTAL,Virtual Convex Light Shrinkage (2000 iters),≤125,6666,0.38634275356728914,0.0064147494764265345,0.9877419122129331
RAD_OPERA_HOURLY_RAINFALL_ACCUMULATION_202301241500_patch000,OPT_NORM_VIRTUAL_CONVEX_CONST_INIT_LONG_LIGHT_JTOTAL,Virtual Convex Light Shrinkage (2000 iters),"(125,375]",26427,0.43249828217858444,0.011139565537414431,0.9827314825947
RAD_OPERA_HOURLY_RAINFALL_ACCUMULATION_202301241500_patch000,OPT_NORM_VIRTUAL_CONVEX_CONST_INIT_LONG_LIGHT_JTOTAL,Virtual Convex Light Shrinkage (2000 iters),"(375,750]",44674,0.5934342746520793,-0.015480738046954264,0.9701174331060899
RAD_OPERA_HOURLY_RAINFALL_ACCUMULATION_202301241500_patch000,OPT_NORM_VIRTUAL_CONVEX_CONST_INIT_LONG_LIGHT_JTOTAL,Virtual Convex Light Shrinkage (2000 iters),"(750,1500]",92969,0.7693710690738492,-0.021127387458190806,0.9470691154976918
RAD_OPERA_HOURLY_RAINFALL_ACCUMULATION_202301241500_patch000,OPT_NORM_VIRTUAL_CONVEX_CONST_INIT_LONG_LIGHT_JTOTAL,Virtual Convex Light Shrinkage (2000 iters),"(1500,3125]",168314,1.0186507276415324,-0.025112928043741437,0.9050105294405512
RAD_OPERA_HOURLY_RAINFALL_ACCUMULATION_202301241500_patch000,OPT_NORM_VIRTUAL_CONVEX_CONST_INIT_LONG_LIGHT_JTOTAL,Virtual Convex Light Shrinkage (2000 iters),"(3125,6000]",87948,1.4005218770502985,-0.17416252153618608,0.8694813494876361
RAD_OPERA_HOURLY_RAINFALL_ACCUMULATION_202301241500_patch000,OPT_NORM_VIRTUAL_CONVEX_CONST_INIT_LONG_LIGHT_JTOTAL,Virtual Convex Light Shrinkage (2000 iters),"(6000,9000]",6063,1.1632366533847447,0.5487819467438501,0.47089991049973473
RAD_OPERA_HOURLY_RAINFALL_ACCUMULATION_202301241500_patch000,OPT_NORM_VIRTUAL_CONVEX_CONST_INIT_LONG_LIGHT_JTOTAL,Virtual Convex Light Shrinkage (2000 iters),>9000,91,1.4289124441864658,1.4218195585104136,0.7181984046854262
RAD_OPERA_HOURLY_RAINFALL_ACCUMULATION_202301241500_patch001,OPT_NORM_VIRTUAL_CONVEX_CONST_INIT_LONG_LIGHT_JTOTAL,Virtual Convex Light Shrinkage (2000 iters),≤125,4327,0.4296528015018015,-0.00014002917191830618,0.9869559322506304
RAD_OPERA_HOURLY_RAINFALL_ACCUMULATION_202301241500_patch001,OPT_NORM_VIRTUAL_CONVEX_CONST_INIT_LONG_LIGHT_JTOTAL,Virtual Convex Light Shrinkage (2000 iters),"(125,375]",17469,0.5061886578672214,-0.021072985255056145,0.9836293571806446
RAD_OPERA_HOURLY_RAINFALL_ACCUMULATION_202301241500_patch001,OPT_NORM_VIRTUAL_CONVEX_CONST_INIT_LONG_LIGHT_JTOTAL,Virtual Convex Light Shrinkage (2000 iters),"(375,750]",28304,0.6701215420418508,-0.02024492638462012,0.9753509325762204
RAD_OPERA_HOURLY_RAINFALL_ACCUMULATION_202301241500_patch001,OPT_NORM_VIRTUAL_CONVEX_CONST_INIT_LONG_LIGHT_JTOTAL,Virtual Convex Light Shrinkage (2000 iters),"(750,1500]",54744,0.8483178946930202,-0.0039609603226785734,0.962313009809177
RAD_OPERA_HOURLY_RAINFALL_ACCUMULATION_202301241500_patch001,OPT_NORM_VIRTUAL_CONVEX_CONST_INIT_LONG_LIGHT_JTOTAL,Virtual Convex Light Shrinkage (2000 iters),"(1500,3125]",84620,1.2318215870866909,-0.10278361716662975,0.9369117799201759
RAD_OPERA_HOURLY_RAINFALL_ACCUMULATION_202301241500_patch001,OPT_NORM_VIRTUAL_CONVEX_CONST_INIT_LONG_LIGHT_JTOTAL,Virtual Convex Light Shrinkage (2000 iters),"(3125,6000]",39893,1.570621545447177,-0.11365931348968687,0.8552508375484564
RAD_OPERA_HOURLY_RAINFALL_ACCUMULATION_202301241500_patch001,OPT_NORM_VIRTUAL_CONVEX_CONST_INIT_LONG_LIGHT_JTOTAL,Virtual Convex Light Shrinkage (2000 iters),"(6000,9000]",4424,0.9893438697195055,0.29262014280391646,0.23607748080884977
RAD_OPERA_HOURLY_RAINFALL_ACCUMULATION_202301241500_patch001,OPT_NORM_VIRTUAL_CONVEX_CONST_INIT_LONG_LIGHT_JTOTAL,Virtual Convex Light Shrinkage (2000 iters),>9000,1227,0.8073601774051309,0.4645921468929051,0.4360090954337525
RAD_OPERA_HOURLY_RAINFALL_ACCUMULATION_202301241700_patch000,OPT_NORM_VIRTUAL_CONVEX_CONST_INIT_LONG_LIGHT_JTOTAL,Virtual Convex Light Shrinkage (2000 iters),≤125,4266,0.2728644180142642,0.007474026627399885,0.9759304802060833
RAD_OPERA_HOURLY_RAINFALL_ACCUMULATION_202301241700_patch000,OPT_NORM_VIRTUAL_CONVEX_CONST_INIT_LONG_LIGHT_JTOTAL,Virtual Convex Light Shrinkage (2000 iters),"(125,375]",17079,0.31338281185466804,-0.001335140149109288,0.9684562093554341
RAD_OPERA_HOURLY_RAINFALL_ACCUMULATION_202301241700_patch000,OPT_NORM_VIRTUAL_CONVEX_CONST_INIT_LONG_LIGHT_JTOTAL,Virtual Convex Light Shrinkage (2000 iters),"(375,750]",27134,0.420223145401422,0.014635903851244437,0.9493037649830738
RAD_OPERA_HOURLY_RAINFALL_ACCUMULATION_202301241700_patch000,OPT_NORM_VIRTUAL_CONVEX_CONST_INIT_LONG_LIGHT_JTOTAL,Virtual Convex Light Shrinkage (2000 iters),"(750,1500]",50938,0.5867335443415497,0.005378748917333576,0.9090725200766133
RAD_OPERA_HOURLY_RAINFALL_ACCUMULATION_202301241700_patch000,OPT_NORM_VIRTUAL_CONVEX_CONST_INIT_LONG_LIGHT_JTOTAL,Virtual Convex Light Shrinkage (2000 iters),"(1500,3125]",83633,0.8183777209738266,-0.07045242115842161,0.8384582127179252
RAD_OPERA_HOURLY_RAINFALL_ACCUMULATION_202301241700_patch000,OPT_NORM_VIRTUAL_CONVEX_CONST_INIT_LONG_LIGHT_JTOTAL,Virtual Convex Light Shrinkage (2000 iters),"(3125,6000]",42436,0.836493376897638,0.06181965658530752,0.7297988788989872
RAD_OPERA_HOURLY_RAINFALL_ACCUMULATION_202301241700_patch000,OPT_NORM_VIRTUAL_CONVEX_CONST_INIT_LONG_LIGHT_JTOTAL,Virtual Convex Light Shrinkage (2000 iters),"(6000,9000]",3890,0.7417228008410723,0.0434099637902712,0.783458956426165
RAD_OPERA_HOURLY_RAINFALL_ACCUMULATION_202301241700_patch002,OPT_NORM_VIRTUAL_CONVEX_CONST_INIT_LONG_LIGHT_JTOTAL,Virtual Convex Light Shrinkage (2000 iters),≤125,3783,0.32483164334641274,0.003781392443430308,0.9877443638573284
RAD_OPERA_HOURLY_RAINFALL_ACCUMULATION_202301241700_patch002,OPT_NORM_VIRTUAL_CONVEX_CONST_INIT_LONG_LIGHT_JTOTAL,Virtual Convex Light Shrinkage (2000 iters),"(125,375]",14906,0.3675728299985308,0.011382347822800643,0.9841116584691685
RAD_OPERA_HOURLY_RAINFALL_ACCUMULATION_202301241700_patch002,OPT_NORM_VIRTUAL_CONVEX_CONST_INIT_LONG_LIGHT_JTOTAL,Virtual Convex Light Shrinkage (2000 iters),"(375,750]",22509,0.4619472484120342,0.02708943191828039,0.9764683910985337
RAD_OPERA_HOURLY_RAINFALL_ACCUMULATION_202301241700_patch002,OPT_NORM_VIRTUAL_CONVEX_CONST_INIT_LONG_LIGHT_JTOTAL,Virtual Convex Light Shrinkage (2000 iters),"(750,1500]",41257,0.5590996118329827,0.044539871262908426,0.9681893679314516
RAD_OPERA_HOURLY_RAINFALL_ACCUMULATION_202301241700_patch002,OPT_NORM_VIRTUAL_CONVEX_CONST_INIT_LONG_LIGHT_JTOTAL,Virtual Convex Light Shrinkage (2000 iters),"(1500,3125]",66625,0.7089349106079262,0.05263192757160366,0.9524062159129454
RAD_OPERA_HOURLY_RAINFALL_ACCUMULATION_202301241700_patch002,OPT_NORM_VIRTUAL_CONVEX_CONST_INIT_LONG_LIGHT_JTOTAL,Virtual Convex Light Shrinkage (2000 iters),"(3125,6000]",34002,1.0731973395301557,0.008590185287286972,0.8829007420551174
RAD_OPERA_HOURLY_RAINFALL_ACCUMULATION_202301241700_patch002,OPT_NORM_VIRTUAL_CONVEX_CONST_INIT_LONG_LIGHT_JTOTAL,Virtual Convex Light Shrinkage (2000 iters),"(6000,9000]",3286,0.6922492544484428,0.299563930000899,0.9342155054779764
RAD_OPERA_HOURLY_RAINFALL_ACCUMULATION_202301241900_patch001,OPT_NORM_VIRTUAL_CONVEX_CONST_INIT_LONG_LIGHT_JTOTAL,Virtual Convex Light Shrinkage (2000 iters),≤125,3801,0.16298184172127694,0.004173043816380048,0.9954752248101593
RAD_OPERA_HOURLY_RAINFALL_ACCUMULATION_202301241900_patch001,OPT_NORM_VIRTUAL_CONVEX_CONST_INIT_LONG_LIGHT_JTOTAL,Virtual Convex Light Shrinkage (2000 iters),"(125,375]",14742,0.19144160703011412,0.003668652658643012,0.9933276811080893
RAD_OPERA_HOURLY_RAINFALL_ACCUMULATION_202301241900_patch001,OPT_NORM_VIRTUAL_CONVEX_CONST_INIT_LONG_LIGHT_JTOTAL,Virtual Convex Light Shrinkage (2000 iters),"(375,750]",21758,0.256084365344856,0.004870346076091386,0.9876332106937287
RAD_OPERA_HOURLY_RAINFALL_ACCUMULATION_202301241900_patch001,OPT_NORM_VIRTUAL_CONVEX_CONST_INIT_LONG_LIGHT_JTOTAL,Virtual Convex Light Shrinkage (2000 iters),"(750,1500]",40352,0.352234296904607,0.02799682178948899,0.9768128361094778
RAD_OPERA_HOURLY_RAINFALL_ACCUMULATION_202301241900_patch001,OPT_NORM_VIRTUAL_CONVEX_CONST_INIT_LONG_LIGHT_JTOTAL,Virtual Convex Light Shrinkage (2000 iters),"(1500,3125]",68193,0.5311464949018342,0.04504900406126407,0.9529511251081894
RAD_OPERA_HOURLY_RAINFALL_ACCUMULATION_202301241900_patch001,OPT_NORM_VIRTUAL_CONVEX_CONST_INIT_LONG_LIGHT_JTOTAL,Virtual Convex Light Shrinkage (2000 iters),"(3125,6000]",33486,0.6901847892972394,0.10648039395946018,0.941047389311429
RAD_OPERA_HOURLY_RAINFALL_ACCUMULATION_202301241900_patch001,OPT_NORM_VIRTUAL_CONVEX_CONST_INIT_LONG_LIGHT_JTOTAL,Virtual Convex Light Shrinkage (2000 iters),"(6000,9000]",3268,1.2886827328837214,1.0163530944783874,0.8258624879051594
RAD_OPERA_HOURLY_RAINFALL_ACCUMULATION_202301242200_patch001,OPT_NORM_VIRTUAL_CONVEX_CONST_INIT_LONG_LIGHT_JTOTAL,Virtual Convex Light Shrinkage (2000 iters),≤125,4808,0.4278826862780971,-0.01101072661579043,0.9853447250002573
RAD_OPERA_HOURLY_RAINFALL_ACCUMULATION_202301242200_patch001,OPT_NORM_VIRTUAL_CONVEX_CONST_INIT_LONG_LIGHT_JTOTAL,Virtual Convex Light Shrinkage (2000 iters),"(125,375]",19791,0.566166656411063,-0.02362008150459226,0.9764551759421474
RAD_OPERA_HOURLY_RAINFALL_ACCUMULATION_202301242200_patch001,OPT_NORM_VIRTUAL_CONVEX_CONST_INIT_LONG_LIGHT_JTOTAL,Virtual Convex Light Shrinkage (2000 iters),"(375,750]",33541,0.726079576784608,-0.0027580109496129516,0.9592343689038391
RAD_OPERA_HOURLY_RAINFALL_ACCUMULATION_202301242200_patch001,OPT_NORM_VIRTUAL_CONVEX_CONST_INIT_LONG_LIGHT_JTOTAL,Virtual Convex Light Shrinkage (2000 iters),"(750,1500]",70004,0.9388298230409644,0.031511002506897014,0.9258317892143768
RAD_OPERA_HOURLY_RAINFALL_ACCUMULATION_202301242200_patch001,OPT_NORM_VIRTUAL_CONVEX_CONST_INIT_LONG_LIGHT_JTOTAL,Virtual Convex Light Shrinkage (2000 iters),"(1500,3125]",130131,1.2407939832199042,0.022421813162672555,0.8490001050431577
RAD_OPERA_HOURLY_RAINFALL_ACCUMULATION_202301242200_patch001,OPT_NORM_VIRTUAL_CONVEX_CONST_INIT_LONG_LIGHT_JTOTAL,Virtual Convex Light Shrinkage (2000 iters),"(3125,6000]",65641,1.5004234265152505,-0.059383619158670756,0.7537641575532295
RAD_OPERA_HOURLY_RAINFALL_ACCUMULATION_202301242200_patch001,OPT_NORM_VIRTUAL_CONVEX_CONST_INIT_LONG_LIGHT_JTOTAL,Virtual Convex Light Shrinkage (2000 iters),"(6000,9000]",5637,1.605034074437876,0.9121501168396478,0.515149559049544
RAD_OPERA_HOURLY_RAINFALL_ACCUMULATION_202301242200_patch001,OPT_NORM_VIRTUAL_CONVEX_CONST_INIT_LONG_LIGHT_JTOTAL,Virtual Convex Light Shrinkage (2000 iters),>9000,175,1.064000112361023,1.0523601165839604,0.2336097064808513
RAD_OPERA_HOURLY_RAINFALL_ACCUMULATION_202301250200_patch000,OPT_NORM_VIRTUAL_CONVEX_CONST_INIT_LONG_LIGHT_JTOTAL,Virtual Convex Light Shrinkage (2000 iters),≤125,4338,0.12709011277239912,-0.006787020517294173,0.9968652002036704
RAD_OPERA_HOURLY_RAINFALL_ACCUMULATION_202301250200_patch000,OPT_NORM_VIRTUAL_CONVEX_CONST_INIT_LONG_LIGHT_JTOTAL,Virtual Convex Light Shrinkage (2000 iters),"(125,375]",17374,0.15085778304925587,-0.0001086351214377916,0.9955058639824329
RAD_OPERA_HOURLY_RAINFALL_ACCUMULATION_202301250200_patch000,OPT_NORM_VIRTUAL_CONVEX_CONST_INIT_LONG_LIGHT_JTOTAL,Virtual Convex Light Shrinkage (2000 iters),"(375,750]",27861,0.19707389853732743,0.0011333931484956126,0.9916471097826757
RAD_OPERA_HOURLY_RAINFALL_ACCUMULATION_202301250200_patch000,OPT_NORM_VIRTUAL_CONVEX_CONST_INIT_LONG_LIGHT_JTOTAL,Virtual Convex Light Shrinkage (2000 iters),"(750,1500]",53465,0.2546775363094364,0.0009913549642394303,0.9839017669249288
RAD_OPERA_HOURLY_RAINFALL_ACCUMULATION_202301250200_patch000,OPT_NORM_VIRTUAL_CONVEX_CONST_INIT_LONG_LIGHT_JTOTAL,Virtual Convex Light Shrinkage (2000 iters),"(1500,3125]",85070,0.3408419030457606,0.014147847650792269,0.9645374806409145
RAD_OPERA_HOURLY_RAINFALL_ACCUMULATION_202301250200_patch000,OPT_NORM_VIRTUAL_CONVEX_CONST_INIT_LONG_LIGHT_JTOTAL,Virtual Convex Light Shrinkage (2000 iters),"(3125,6000]",42760,0.46797695093767533,-0.026510616941455928,0.9245851589091058
RAD_OPERA_HOURLY_RAINFALL_ACCUMULATION_202301250200_patch000,OPT_NORM_VIRTUAL_CONVEX_CONST_INIT_LONG_LIGHT_JTOTAL,Virtual Convex Light Shrinkage (2000 iters),"(6000,9000]",5271,0.8456140694794892,0.39635706671024723,0.3474696436885477
RAD_OPERA_HOURLY_RAINFALL_ACCUMULATION_202301250200_patch000,OPT_NORM_VIRTUAL_CONVEX_CONST_INIT_LONG_LIGHT_JTOTAL,Virtual Convex Light Shrinkage (2000 iters),>9000,405,0.7138892831157357,0.6990963141123454,0.7177218041980006
RAD_OPERA_HOURLY_RAINFALL_ACCUMULATION_202301250200_patch001,OPT_NORM_VIRTUAL_CONVEX_CONST_INIT_LONG_LIGHT_JTOTAL,Virtual Convex Light Shrinkage (2000 iters),≤125,7047,0.24868350307181977,0.002383795244702549,0.9970018210959598
RAD_OPERA_HOURLY_RAINFALL_ACCUMULATION_202301250200_patch001,OPT_NORM_VIRTUAL_CONVEX_CONST_INIT_LONG_LIGHT_JTOTAL,Virtual Convex Light Shrinkage (2000 iters),"(125,375]",28082,0.29958799337009057,0.003974590842451676,0.995016907990838
RAD_OPERA_HOURLY_RAINFALL_ACCUMULATION_202301250200_patch001,OPT_NORM_VIRTUAL_CONVEX_CONST_INIT_LONG_LIGHT_JTOTAL,Virtual Convex Light Shrinkage (2000 iters),"(375,750]",47439,0.3708928899153765,0.01610075681988486,0.9914748661696966
RAD_OPERA_HOURLY_RAINFALL_ACCUMULATION_202301250200_patch001,OPT_NORM_VIRTUAL_CONVEX_CONST_INIT_LONG_LIGHT_JTOTAL,Virtual Convex Light Shrinkage (2000 iters),"(750,1500]",96948,0.4823158911237422,-9.792088219176929e-05,0.9835294274325286
RAD_OPERA_HOURLY_RAINFALL_ACCUMULATION_202301250200_patch001,OPT_NORM_VIRTUAL_CONVEX_CONST_INIT_LONG_LIGHT_JTOTAL,Virtual Convex Light Shrinkage (2000 iters),"(1500,3125]",177373,0.617667949710112,-0.014164856268972223,0.9733989534578904
RAD_OPERA_HOURLY_RAINFALL_ACCUMULATION_202301250200_patch001,OPT_NORM_VIRTUAL_CONVEX_CONST_INIT_LONG_LIGHT_JTOTAL,Virtual Convex Light Shrinkage (2000 iters),"(3125,6000]",99828,0.6941044724143034,-0.02335684135158305,0.9691046439138863
RAD_OPERA_HOURLY_RAINFALL_ACCUMULATION_202301250200_patch001,OPT_NORM_VIRTUAL_CONVEX_CONST_INIT_LONG_LIGHT_JTOTAL,Virtual Convex Light Shrinkage (2000 iters),"(6000,9000]",5091,0.28100225264743783,0.18429584351597753,0.889162484815762
RAD_OPERA_HOURLY_RAINFALL_ACCUMULATION_202301250200_patch001,OPT_NORM_VIRTUAL_CONVEX_CONST_INIT_LONG_LIGHT_JTOTAL,Virtual Convex Light Shrinkage (2000 iters),>9000,16,0.2209854215565444,0.22097560483962297,
RAD_OPERA_HOURLY_RAINFALL_ACCUMULATION_202301250300_patch000,OPT_NORM_VIRTUAL_CONVEX_CONST_INIT_LONG_LIGHT_JTOTAL,Virtual Convex Light Shrinkage (2000 iters),≤125,5148,0.10472076461142785,-0.00044828809641457937,0.9941923324140123
RAD_OPERA_HOURLY_RAINFALL_ACCUMULATION_202301250300_patch000,OPT_NORM_VIRTUAL_CONVEX_CONST_INIT_LONG_LIGHT_JTOTAL,Virtual Convex Light Shrinkage (2000 iters),"(125,375]",19535,0.11868097920209565,-0.00012379196985682654,0.9925625454784127
RAD_OPERA_HOURLY_RAINFALL_ACCUMULATION_202301250300_patch000,OPT_NORM_VIRTUAL_CONVEX_CONST_INIT_LONG_LIGHT_JTOTAL,Virtual Convex Light Shrinkage (2000 iters),"(375,750]",29882,0.15539958833945336,0.0015955648782238743,0.986570756215115
RAD_OPERA_HOURLY_RAINFALL_ACCUMULATION_202301250300_patch000,OPT_NORM_VIRTUAL_CONVEX_CONST_INIT_LONG_LIGHT_JTOTAL,Virtual Convex Light Shrinkage (2000 iters),"(750,1500]",56090,0.19923805913312842,0.0007420030182579831,0.9755355921099648
RAD_OPERA_HOURLY_RAINFALL_ACCUMULATION_202301250300_patch000,OPT_NORM_VIRTUAL_CONVEX_CONST_INIT_LONG_LIGHT_JTOTAL,Virtual Convex Light Shrinkage (2000 iters),"(1500,3125]",95021,0.2661818564854092,0.014101527020391809,0.9587838885967616
RAD_OPERA_HOURLY_RAINFALL_ACCUMULATION_202301250300_patch000,OPT_NORM_VIRTUAL_CONVEX_CONST_INIT_LONG_LIGHT_JTOTAL,Virtual Convex Light Shrinkage (2000 iters),"(3125,6000]",50175,0.31722549576037623,0.044594436007824236,0.9436559600539921
RAD_OPERA_HOURLY_RAINFALL_ACCUMULATION_202301250300_patch000,OPT_NORM_VIRTUAL_CONVEX_CONST_INIT_LONG_LIGHT_JTOTAL,Virtual Convex Light Shrinkage (2000 iters),"(6000,9000]",2197,0.27241054693741173,0.049099035028658186,0.9000122418607038
RAD_OPERA_HOURLY_RAINFALL_ACCUMULATION_202301250500_patch000,OPT_NORM_VIRTUAL_CONVEX_CONST_INIT_LONG_LIGHT_JTOTAL,Virtual Convex Light Shrinkage (2000 iters),≤125,5599,0.48926055893752046,-0.01159773735589993,0.9659060100086025
RAD_OPERA_HOURLY_RAINFALL_ACCUMULATION_202301250500_patch000,OPT_NORM_VIRTUAL_CONVEX_CONST_INIT_LONG_LIGHT_JTOTAL,Virtual Convex Light Shrinkage (2000 iters),"(125,375]",22297,0.624131073347899,-0.0024014112108993162,0.9619883228964127
RAD_OPERA_HOURLY_RAINFALL_ACCUMULATION_202301250500_patch000,OPT_NORM_VIRTUAL_CONVEX_CONST_INIT_LONG_LIGHT_JTOTAL,Virtual Convex Light Shrinkage (2000 iters),"(375,750]",37594,0.8500050238420787,-0.01762036643948093,0.9484877951801836
RAD_OPERA_HOURLY_RAINFALL_ACCUMULATION_202301250500_patch000,OPT_NORM_VIRTUAL_CONVEX_CONST_INIT_LONG_LIGHT_JTOTAL,Virtual Convex Light Shrinkage (2000 iters),"(750,1500]",78259,1.094316508864194,0.005983688712887783,0.9155033504773139
RAD_OPERA_HOURLY_RAINFALL_ACCUMULATION_202301250500_patch000,OPT_NORM_VIRTUAL_CONVEX_CONST_INIT_LONG_LIGHT_JTOTAL,Virtual Convex Light Shrinkage (2000 iters),"(1500,3125]",147305,1.3429294742320923,-0.011923313557086023,0.858526601454432
RAD_OPERA_HOURLY_RAINFALL_ACCUMULATION_202301250500_patch000,OPT_NORM_VIRTUAL_CONVEX_CONST_INIT_LONG_LIGHT_JTOTAL,Virtual Convex Light Shrinkage (2000 iters),"(3125,6000]",77648,1.1730187059968789,-0.1505403731118288,0.8559188769389101
RAD_OPERA_HOURLY_RAINFALL_ACCUMULATION_202301250500_patch000,OPT_NORM_VIRTUAL_CONVEX_CONST_INIT_LONG_LIGHT_JTOTAL,Virtual Convex Light Shrinkage (2000 iters),"(6000,9000]",7911,1.1876875938384597,-0.5767540888228168,0.6764794190106699
RAD_OPERA_HOURLY_RAINFALL_ACCUMULATION_202301250500_patch000,OPT_NORM_VIRTUAL_CONVEX_CONST_INIT_LONG_LIGHT_JTOTAL,Virtual Convex Light Shrinkage (2000 iters),>9000,219,0.7977363244664962,0.06088526063858102,-0.8267162987925938
RAD_OPERA_HOURLY_RAINFALL_ACCUMULATION_202301251000_patch001,OPT_NORM_VIRTUAL_CONVEX_CONST_INIT_LONG_LIGHT_JTOTAL,Virtual Convex Light Shrinkage (2000 iters),≤125,4154,0.10635197706075648,-0.0023583573222818737,0.9982511060062197
RAD_OPERA_HOURLY_RAINFALL_ACCUMULATION_202301251000_patch001,OPT_NORM_VIRTUAL_CONVEX_CONST_INIT_LONG_LIGHT_JTOTAL,Virtual Convex Light Shrinkage (2000 iters),"(125,375]",16892,0.1262364605577063,8.357691881435734e-05,0.9973733660117401
RAD_OPERA_HOURLY_RAINFALL_ACCUMULATION_202301251000_patch001,OPT_NORM_VIRTUAL_CONVEX_CONST_INIT_LONG_LIGHT_JTOTAL,Virtual Convex Light Shrinkage (2000 iters),"(375,750]",27234,0.17714615637405284,-8.297684611275084e-05,0.9944808186231892
RAD_OPERA_HOURLY_RAINFALL_ACCUMULATION_202301251000_patch001,OPT_NORM_VIRTUAL_CONVEX_CONST_INIT_LONG_LIGHT_JTOTAL,Virtual Convex Light Shrinkage (2000 iters),"(750,1500]",52950,0.23260074242880807,-0.013429095212577123,0.9901474599820654
RAD_OPERA_HOURLY_RAINFALL_ACCUMULATION_202301251000_patch001,OPT_NORM_VIRTUAL_CONVEX_CONST_INIT_LONG_LIGHT_JTOTAL,Virtual Convex Light Shrinkage (2000 iters),"(1500,3125]",82477,0.34953749016875135,0.0073767026187749555,0.9762227977803717
RAD_OPERA_HOURLY_RAINFALL_ACCUMULATION_202301251000_patch001,OPT_NORM_VIRTUAL_CONVEX_CONST_INIT_LONG_LIGHT_JTOTAL,Virtual Convex Light Shrinkage (2000 iters),"(3125,6000]",40696,0.4435752562041935,0.17580608365934536,0.9561469084066101
RAD_OPERA_HOURLY_RAINFALL_ACCUMULATION_202301251000_patch001,OPT_NORM_VIRTUAL_CONVEX_CONST_INIT_LONG_LIGHT_JTOTAL,Virtual Convex Light Shrinkage (2000 iters),"(6000,9000]",6300,0.5657192057944676,0.272586162720053,0.5327932206512417
RAD_OPERA_HOURLY_RAINFALL_ACCUMULATION_202301251000_patch001,OPT_NORM_VIRTUAL_CONVEX_CONST_INIT_LONG_LIGHT_JTOTAL,Virtual Convex Light Shrinkage (2000 iters),>9000,2257,0.3484142981101153,0.2323170665834771,0.6321843306156972
RAD_OPERA_HOURLY_RAINFALL_ACCUMULATION_202301251300_patch000,OPT_NORM_VIRTUAL_CONVEX_CONST_INIT_LONG_LIGHT_JTOTAL,Virtual Convex Light Shrinkage (2000 iters),≤125,4088,0.1026116055214933,-0.00046255426215273995,0.9911171726895659
RAD_OPERA_HOURLY_RAINFALL_ACCUMULATION_202301251300_patch000,OPT_NORM_VIRTUAL_CONVEX_CONST_INIT_LONG_LIGHT_JTOTAL,Virtual Convex Light Shrinkage (2000 iters),"(125,375]",15882,0.12468075349811011,0.00026511742082865316,0.988035865067783
RAD_OPERA_HOURLY_RAINFALL_ACCUMULATION_202301251300_patch000,OPT_NORM_VIRTUAL_CONVEX_CONST_INIT_LONG_LIGHT_JTOTAL,Virtual Convex Light Shrinkage (2000 iters),"(375,750]",23638,0.17140952116960234,0.004478172098486362,0.9833525128949427
RAD_OPERA_HOURLY_RAINFALL_ACCUMULATION_202301251300_patch000,OPT_NORM_VIRTUAL_CONVEX_CONST_INIT_LONG_LIGHT_JTOTAL,Virtual Convex Light Shrinkage (2000 iters),"(750,1500]",43117,0.2187048355766512,0.009866197527652078,0.9793163814942378
RAD_OPERA_HOURLY_RAINFALL_ACCUMULATION_202301251300_patch000,OPT_NORM_VIRTUAL_CONVEX_CONST_INIT_LONG_LIGHT_JTOTAL,Virtual Convex Light Shrinkage (2000 iters),"(1500,3125]",73229,0.2888807403779799,0.029457338827794857,0.9756994199339275
RAD_OPERA_HOURLY_RAINFALL_ACCUMULATION_202301251300_patch000,OPT_NORM_VIRTUAL_CONVEX_CONST_INIT_LONG_LIGHT_JTOTAL,Virtual Convex Light Shrinkage (2000 iters),"(3125,6000]",37125,0.3356530419312984,0.04726881055685281,0.9816494640309351
RAD_OPERA_HOURLY_RAINFALL_ACCUMULATION_202301251300_patch000,OPT_NORM_VIRTUAL_CONVEX_CONST_INIT_LONG_LIGHT_JTOTAL,Virtual Convex Light Shrinkage (2000 iters),"(6000,9000]",3369,0.4767770741595914,0.3521811527246868,0.9786148949768642
RAD_OPERA_HOURLY_RAINFALL_ACCUMULATION_202301251600_patch002,OPT_NORM_VIRTUAL_CONVEX_CONST_INIT_LONG_LIGHT_JTOTAL,Virtual Convex Light Shrinkage (2000 iters),≤125,4119,0.13943541967232836,-0.001806352735310315,0.9948995825003836
RAD_OPERA_HOURLY_RAINFALL_ACCUMULATION_202301251600_patch002,OPT_NORM_VIRTUAL_CONVEX_CONST_INIT_LONG_LIGHT_JTOTAL,Virtual Convex Light Shrinkage (2000 iters),"(125,375]",15923,0.16613022034125619,0.003037273058056305,0.9932499400481378
RAD_OPERA_HOURLY_RAINFALL_ACCUMULATION_202301251600_patch002,OPT_NORM_VIRTUAL_CONVEX_CONST_INIT_LONG_LIGHT_JTOTAL,Virtual Convex Light Shrinkage (2000 iters),"(375,750]",23477,0.2063939619534472,0.008101068262018044,0.9902230899877674
RAD_OPERA_HOURLY_RAINFALL_ACCUMULATION_202301251600_patch002,OPT_NORM_VIRTUAL_CONVEX_CONST_INIT_LONG_LIGHT_JTOTAL,Virtual Convex Light Shrinkage (2000 iters),"(750,1500]",42558,0.2818015692193406,0.009948160198576594,0.9827931705957043
RAD_OPERA_HOURLY_RAINFALL_ACCUMULATION_202301251600_patch002,OPT_NORM_VIRTUAL_CONVEX_CONST_INIT_LONG_LIGHT_JTOTAL,Virtual Convex Light Shrinkage (2000 iters),"(1500,3125]",72310,0.4225342011542375,0.008803478976994997,0.9635881068005313
RAD_OPERA_HOURLY_RAINFALL_ACCUMULATION_202301251600_patch002,OPT_NORM_VIRTUAL_CONVEX_CONST_INIT_LONG_LIGHT_JTOTAL,Virtual Convex Light Shrinkage (2000 iters),"(3125,6000]",35394,0.5436170483199408,0.03859077319516388,0.9164137238370446
RAD_OPERA_HOURLY_RAINFALL_ACCUMULATION_202301251600_patch002,OPT_NORM_VIRTUAL_CONVEX_CONST_INIT_LONG_LIGHT_JTOTAL,Virtual Convex Light Shrinkage (2000 iters),"(6000,9000]",4806,0.6959874697512144,0.4267345213463442,0.4400424498381573
RAD_OPERA_HOURLY_RAINFALL_ACCUMULATION_202301251600_patch002,OPT_NORM_VIRTUAL_CONVEX_CONST_INIT_LONG_LIGHT_JTOTAL,Virtual Convex Light Shrinkage (2000 iters),>9000,1093,0.42233412309183155,0.32810342519084795,-0.5312240570877205
RAD_OPERA_HOURLY_RAINFALL_ACCUMULATION_202301252100_patch000,OPT_NORM_VIRTUAL_CONVEX_CONST_INIT_LONG_LIGHT_JTOTAL,Virtual Convex Light Shrinkage (2000 iters),≤125,5395,0.10910636676207343,-0.0019714710914613583,0.9970373009226609
RAD_OPERA_HOURLY_RAINFALL_ACCUMULATION_202301252100_patch000,OPT_NORM_VIRTUAL_CONVEX_CONST_INIT_LONG_LIGHT_JTOTAL,Virtual Convex Light Shrinkage (2000 iters),"(125,375]",21090,0.12707060867150102,-0.00409496198225044,0.9960164559567412
RAD_OPERA_HOURLY_RAINFALL_ACCUMULATION_202301252100_patch000,OPT_NORM_VIRTUAL_CONVEX_CONST_INIT_LONG_LIGHT_JTOTAL,Virtual Convex Light Shrinkage (2000 iters),"(375,750]",34488,0.17496848668359238,-0.00262044158417881,0.9923237659656123
RAD_OPERA_HOURLY_RAINFALL_ACCUMULATION_202301252100_patch000,OPT_NORM_VIRTUAL_CONVEX_CONST_INIT_LONG_LIGHT_JTOTAL,Virtual Convex Light Shrinkage (2000 iters),"(750,1500]",67771,0.20527071684248582,0.001861326427357765,0.9889906178475131
RAD_OPERA_HOURLY_RAINFALL_ACCUMULATION_202301252100_patch000,OPT_NORM_VIRTUAL_CONVEX_CONST_INIT_LONG_LIGHT_JTOTAL,Virtual Convex Light Shrinkage (2000 iters),"(1500,3125]",115766,0.23389663962154142,0.030384032841912594,0.9841322898820942
RAD_OPERA_HOURLY_RAINFALL_ACCUMULATION_202301252100_patch000,OPT_NORM_VIRTUAL_CONVEX_CONST_INIT_LONG_LIGHT_JTOTAL,Virtual Convex Light Shrinkage (2000 iters),"(3125,6000]",63094,0.2930194964191193,0.10357441723650902,0.9759917651598663
RAD_OPERA_HOURLY_RAINFALL_ACCUMULATION_202301252100_patch000,OPT_NORM_VIRTUAL_CONVEX_CONST_INIT_LONG_LIGHT_JTOTAL,Virtual Convex Light Shrinkage (2000 iters),"(6000,9000]",4971,0.34650655987614853,0.2625107498259833,0.9757083366981153
RAD_OPERA_HOURLY_RAINFALL_ACCUMULATION_202301252100_patch000,OPT_NORM_VIRTUAL_CONVEX_CONST_INIT_LONG_LIGHT_JTOTAL,Virtual Convex Light Shrinkage (2000 iters),>9000,1,0.20113837718963623,0.20113837718963623,
RAD_OPERA_HOURLY_RAINFALL_ACCUMULATION_202301252200_patch000,OPT_NORM_VIRTUAL_CONVEX_CONST_INIT_LONG_LIGHT_JTOTAL,Virtual Convex Light Shrinkage (2000 iters),≤125,3907,0.14926976379316007,0.005008239910246803,0.9932109942603821
RAD_OPERA_HOURLY_RAINFALL_ACCUMULATION_202301252200_patch000,OPT_NORM_VIRTUAL_CONVEX_CONST_INIT_LONG_LIGHT_JTOTAL,Virtual Convex Light Shrinkage (2000 iters),"(125,375]",15106,0.16455542868342973,0.004526129066667919,0.992083679389388
RAD_OPERA_HOURLY_RAINFALL_ACCUMULATION_202301252200_patch000,OPT_NORM_VIRTUAL_CONVEX_CONST_INIT_LONG_LIGHT_JTOTAL,Virtual Convex Light Shrinkage (2000 iters),"(375,750]",22392,0.1968228456081134,0.004951705748202674,0.9898580284389193
RAD_OPERA_HOURLY_RAINFALL_ACCUMULATION_202301252200_patch000,OPT_NORM_VIRTUAL_CONVEX_CONST_INIT_LONG_LIGHT_JTOTAL,Virtual Convex Light Shrinkage (2000 iters),"(750,1500]",41007,0.2869208140747511,0.005701239800277019,0.9802063963817061
RAD_OPERA_HOURLY_RAINFALL_ACCUMULATION_202301252200_patch000,OPT_NORM_VIRTUAL_CONVEX_CONST_INIT_LONG_LIGHT_JTOTAL,Virtual Convex Light Shrinkage (2000 iters),"(1500,3125]",70023,0.3522206879823576,0.03739928036480012,0.9713817009712626
RAD_OPERA_HOURLY_RAINFALL_ACCUMULATION_202301252200_patch000,OPT_NORM_VIRTUAL_CONVEX_CONST_INIT_LONG_LIGHT_JTOTAL,Virtual Convex Light Shrinkage (2000 iters),"(3125,6000]",32501,0.405919087836546,0.09921919742931473,0.9693513518988811
RAD_OPERA_HOURLY_RAINFALL_ACCUMULATION_202301252200_patch000,OPT_NORM_VIRTUAL_CONVEX_CONST_INIT_LONG_LIGHT_JTOTAL,Virtual Convex Light Shrinkage (2000 iters),"(6000,9000]",1432,0.5211510034546024,0.438319174021316,0.9730260538730229
RAD_OPERA_HOURLY_RAINFALL_ACCUMULATION_202301260000_patch000,OPT_NORM_VIRTUAL_CONVEX_CONST_INIT_LONG_LIGHT_JTOTAL,Virtual Convex Light Shrinkage (2000 iters),≤125,3884,3.3044174282223553,-0.11462388480674932,0.9813758420601592
RAD_OPERA_HOURLY_RAINFALL_ACCUMULATION_202301260000_patch000,OPT_NORM_VIRTUAL_CONVEX_CONST_INIT_LONG_LIGHT_JTOTAL,Virtual Convex Light Shrinkage (2000 iters),"(125,375]",15623,3.45102837243306,-0.1295511350045135,0.9721891677060586
RAD_OPERA_HOURLY_RAINFALL_ACCUMULATION_202301260000_patch000,OPT_NORM_VIRTUAL_CONVEX_CONST_INIT_LONG_LIGHT_JTOTAL,Virtual Convex Light Shrinkage (2000 iters),"(375,750]",24479,4.489293468896533,0.05331847638414979,0.9354001190053571
RAD_OPERA_HOURLY_RAINFALL_ACCUMULATION_202301260000_patch000,OPT_NORM_VIRTUAL_CONVEX_CONST_INIT_LONG_LIGHT_JTOTAL,Virtual Convex Light Shrinkage (2000 iters),"(750,1500]",46137,4.673637463736124,-0.040838774941118934,0.8999497369481331
RAD_OPERA_HOURLY_RAINFALL_ACCUMULATION_202301260000_patch000,OPT_NORM_VIRTUAL_CONVEX_CONST_INIT_LONG_LIGHT_JTOTAL,Virtual Convex Light Shrinkage (2000 iters),"(1500,3125]",72453,4.2011618016315175,0.3686333696103348,0.8042622682675963
RAD_OPERA_HOURLY_RAINFALL_ACCUMULATION_202301260000_patch000,OPT_NORM_VIRTUAL_CONVEX_CONST_INIT_LONG_LIGHT_JTOTAL,Virtual Convex Light Shrinkage (2000 iters),"(3125,6000]",34265,4.2033470957783505,0.6260186755039244,0.7358056916942962
RAD_OPERA_HOURLY_RAINFALL_ACCUMULATION_202301260000_patch000,OPT_NORM_VIRTUAL_CONVEX_CONST_INIT_LONG_LIGHT_JTOTAL,Virtual Convex Light Shrinkage (2000 iters),"(6000,9000]",2839,1.3897550877509408,0.000780010723135796,0.882754831623016
RAD_OPERA_HOURLY_RAINFALL_ACCUMULATION_202301260200_patch000,OPT_NORM_VIRTUAL_CONVEX_CONST_INIT_LONG_LIGHT_JTOTAL,Virtual Convex Light Shrinkage (2000 iters),≤125,4421,0.16563937280058094,-0.0027497394013953147,0.9973223895138701
RAD_OPERA_HOURLY_RAINFALL_ACCUMULATION_202301260200_patch000,OPT_NORM_VIRTUAL_CONVEX_CONST_INIT_LONG_LIGHT_JTOTAL,Virtual Convex Light Shrinkage (2000 iters),"(125,375]",17544,0.1984640922800115,-0.0017503280579948028,0.99610286415046
RAD_OPERA_HOURLY_RAINFALL_ACCUMULATION_202301260200_patch000,OPT_NORM_VIRTUAL_CONVEX_CONST_INIT_LONG_LIGHT_JTOTAL,Virtual Convex Light Shrinkage (2000 iters),"(375,750]",27121,0.2771933123178554,-0.0007270818666031756,0.9930207458119765
RAD_OPERA_HOURLY_RAINFALL_ACCUMULATION_202301260200_patch000,OPT_NORM_VIRTUAL_CONVEX_CONST_INIT_LONG_LIGHT_JTOTAL,Virtual Convex Light Shrinkage (2000 iters),"(750,1500]",51199,0.3652657032451256,0.010695422354433978,0.9892867554874898
RAD_OPERA_HOURLY_RAINFALL_ACCUMULATION_202301260200_patch000,OPT_NORM_VIRTUAL_CONVEX_CONST_INIT_LONG_LIGHT_JTOTAL,Virtual Convex Light Shrinkage (2000 iters),"(1500,3125]",82409,0.5261560005262381,0.04936594715494905,0.9814999626616554
RAD_OPERA_HOURLY_RAINFALL_ACCUMULATION_202301260200_patch000,OPT_NORM_VIRTUAL_CONVEX_CONST_INIT_LONG_LIGHT_JTOTAL,Virtual Convex Light Shrinkage (2000 iters),"(3125,6000]",39095,0.7654875353283797,0.21691694344247522,0.9620772346815463
RAD_OPERA_HOURLY_RAINFALL_ACCUMULATION_202301260200_patch000,OPT_NORM_VIRTUAL_CONVEX_CONST_INIT_LONG_LIGHT_JTOTAL,Virtual Convex Light Shrinkage (2000 iters),"(6000,9000]",6701,0.593159818332732,0.4573145879466193,0.9046151226189107
RAD_OPERA_HOURLY_RAINFALL_ACCUMULATION_202301260200_patch000,OPT_NORM_VIRTUAL_CONVEX_CONST_INIT_LONG_LIGHT_JTOTAL,Virtual Convex Light Shrinkage (2000 iters),>9000,1654,0.410537434118804,0.3586171758569498,0.7534406032013565
RAD_OPERA_HOURLY_RAINFALL_ACCUMULATION_202301260200_patch001,OPT_NORM_VIRTUAL_CONVEX_CONST_INIT_LONG_LIGHT_JTOTAL,Virtual Convex Light Shrinkage (2000 iters),≤125,4870,0.14682303759965507,-0.0021026329399379128,0.9938611819456726
RAD_OPERA_HOURLY_RAINFALL_ACCUMULATION_202301260200_patch001,OPT_NORM_VIRTUAL_CONVEX_CONST_INIT_LONG_LIGHT_JTOTAL,Virtual Convex Light Shrinkage (2000 iters),"(125,375]",18492,0.17353690807289263,0.0011553922541183283,0.9908683898991555
RAD_OPERA_HOURLY_RAINFALL_ACCUMULATION_202301260200_patch001,OPT_NORM_VIRTUAL_CONVEX_CONST_INIT_LONG_LIGHT_JTOTAL,Virtual Convex Light Shrinkage (2000 iters),"(375,750]",28487,0.23506163069487826,-0.005368866153249963,0.9831739014039611
RAD_OPERA_HOURLY_RAINFALL_ACCUMULATION_202301260200_patch001,OPT_NORM_VIRTUAL_CONVEX_CONST_INIT_LONG_LIGHT_JTOTAL,Virtual Convex Light Shrinkage (2000 iters),"(750,1500]",53473,0.33561058712947217,-0.020419843010708184,0.9680268941805322
RAD_OPERA_HOURLY_RAINFALL_ACCUMULATION_202301260200_patch001,OPT_NORM_VIRTUAL_CONVEX_CONST_INIT_LONG_LIGHT_JTOTAL,Virtual Convex Light Shrinkage (2000 iters),"(1500,3125]",88711,0.45241171863971197,-0.023869066386704402,0.9416068243502655
RAD_OPERA_HOURLY_RAINFALL_ACCUMULATION_202301260200_patch001,OPT_NORM_VIRTUAL_CONVEX_CONST_INIT_LONG_LIGHT_JTOTAL,Virtual Convex Light Shrinkage (2000 iters),"(3125,6000]",42560,0.4987130593426998,0.06698513351156747,0.9176344376389246
RAD_OPERA_HOURLY_RAINFALL_ACCUMULATION_202301260200_patch001,OPT_NORM_VIRTUAL_CONVEX_CONST_INIT_LONG_LIGHT_JTOTAL,Virtual Convex Light Shrinkage (2000 iters),"(6000,9000]",975,0.5478345354265377,0.14979372926247425,0.5031858894233795
RAD_OPERA_HOURLY_RAINFALL_ACCUMULATION_202301260600_patch000,OPT_NORM_VIRTUAL_CONVEX_CONST_INIT_LONG_LIGHT_JTOTAL,Virtual Convex Light Shrinkage (2000 iters),≤125,3390,1.9455999965851625,-0.014739969260015327,0.9847153928559196
RAD_OPERA_HOURLY_RAINFALL_ACCUMULATION_202301260600_patch000,OPT_NORM_VIRTUAL_CONVEX_CONST_INIT_LONG_LIGHT_JTOTAL,Virtual Convex Light Shrinkage (2000 iters),"(125,375]",13291,2.4940564534673535,-0.01964779005900173,0.9711700871850995
RAD_OPERA_HOURLY_RAINFALL_ACCUMULATION_202301260600_patch000,OPT_NORM_VIRTUAL_CONVEX_CONST_INIT_LONG_LIGHT_JTOTAL,Virtual Convex Light Shrinkage (2000 iters),"(375,750]",19563,3.172782975859933,0.03870760598434498,0.9571506180207122
RAD_OPERA_HOURLY_RAINFALL_ACCUMULATION_202301260600_patch000,OPT_NORM_VIRTUAL_CONVEX_CONST_INIT_LONG_LIGHT_JTOTAL,Virtual Convex Light Shrinkage (2000 iters),"(750,1500]",36286,3.131173211638552,-0.005202344931610366,0.9431558604207788
RAD_OPERA_HOURLY_RAINFALL_ACCUMULATION_202301260600_patch000,OPT_NORM_VIRTUAL_CONVEX_CONST_INIT_LONG_LIGHT_JTOTAL,Virtual Convex Light Shrinkage (2000 iters),"(1500,3125]",59850,2.9987654058815085,0.2553251905430802,0.863479695974293
RAD_OPERA_HOURLY_RAINFALL_ACCUMULATION_202301260600_patch000,OPT_NORM_VIRTUAL_CONVEX_CONST_INIT_LONG_LIGHT_JTOTAL,Virtual Convex Light Shrinkage (2000 iters),"(3125,6000]",31192,3.869545113765358,1.404930491346082,0.7038655798930072
RAD_OPERA_HOURLY_RAINFALL_ACCUMULATION_202301260600_patch000,OPT_NORM_VIRTUAL_CONVEX_CONST_INIT_LONG_LIGHT_JTOTAL,Virtual Convex Light Shrinkage (2000 iters),"(6000,9000]",2828,7.523775730316843,6.224381750099489,0.3867624281276749
RAD_OPERA_HOURLY_RAINFALL_ACCUMULATION_202301260800_patch001,OPT_NORM_VIRTUAL_CONVEX_CONST_INIT_LONG_LIGHT_JTOTAL,Virtual Convex Light Shrinkage (2000 iters),≤125,5680,0.15370709702175925,0.0018784924462752442,0.9913006039874027
RAD_OPERA_HOURLY_RAINFALL_ACCUMULATION_202301260800_patch001,OPT_NORM_VIRTUAL_CONVEX_CONST_INIT_LONG_LIGHT_JTOTAL,Virtual Convex Light Shrinkage (2000 iters),"(125,375]",22152,0.18674275249564534,0.00013252948476395136,0.9870616006799773
RAD_OPERA_HOURLY_RAINFALL_ACCUMULATION_202301260800_patch001,OPT_NORM_VIRTUAL_CONVEX_CONST_INIT_LONG_LIGHT_JTOTAL,Virtual Convex Light Shrinkage (2000 iters),"(375,750]",35262,0.2631416817376948,-0.0008954372932917545,0.9748491243367814
RAD_OPERA_HOURLY_RAINFALL_ACCUMULATION_202301260800_patch001,OPT_NORM_VIRTUAL_CONVEX_CONST_INIT_LONG_LIGHT_JTOTAL,Virtual Convex Light Shrinkage (2000 iters),"(750,1500]",67772,0.3566536685835981,-0.025651039090969482,0.9517225749118288
RAD_OPERA_HOURLY_RAINFALL_ACCUMULATION_202301260800_patch001,OPT_NORM_VIRTUAL_CONVEX_CONST_INIT_LONG_LIGHT_JTOTAL,Virtual Convex Light Shrinkage (2000 iters),"(1500,3125]",116937,0.5315216696365673,-0.043577697312096764,0.9031629587853005
RAD_OPERA_HOURLY_RAINFALL_ACCUMULATION_202301260800_patch001,OPT_NORM_VIRTUAL_CONVEX_CONST_INIT_LONG_LIGHT_JTOTAL,Virtual Convex Light Shrinkage (2000 iters),"(3125,6000]",62770,0.7135821368445252,-0.12195766119416093,0.8192352572492342
RAD_OPERA_HOURLY_RAINFALL_ACCUMULATION_202301260800_patch001,OPT_NORM_VIRTUAL_CONVEX_CONST_INIT_LONG_LIGHT_JTOTAL,Virtual Convex Light Shrinkage (2000 iters),"(6000,9000]",1235,0.6708261694641913,-0.05729599500957288,0.8418161411535636
RAD_OPERA_HOURLY_RAINFALL_ACCUMULATION_202301260900_patch000,OPT_NORM_VIRTUAL_CONVEX_CONST_INIT_LONG_LIGHT_JTOTAL,Virtual Convex Light Shrinkage (2000 iters),≤125,3711,0.20624748348202163,-0.0037033904180215783,0.9906921107505384
RAD_OPERA_HOURLY_RAINFALL_ACCUMULATION_202301260900_patch000,OPT_NORM_VIRTUAL_CONVEX_CONST_INIT_LONG_LIGHT_JTOTAL,Virtual Convex Light Shrinkage (2000 iters),"(125,375]",14727,0.2454094212191322,-0.0006129269712591491,0.985842680292018
RAD_OPERA_HOURLY_RAINFALL_ACCUMULATION_202301260900_patch000,OPT_NORM_VIRTUAL_CONVEX_CONST_INIT_LONG_LIGHT_JTOTAL,Virtual Convex Light Shrinkage (2000 iters),"(375,750]",22957,0.3137783239954778,-0.0014523241665531867,0.9764200002333386
RAD_OPERA_HOURLY_RAINFALL_ACCUMULATION_202301260900_patch000,OPT_NORM_VIRTUAL_CONVEX_CONST_INIT_LONG_LIGHT_JTOTAL,Virtual Convex Light Shrinkage (2000 iters),"(750,1500]",43184,0.40188442533171476,-0.007059718490822884,0.9631667416991602
RAD_OPERA_HOURLY_RAINFALL_ACCUMULATION_202301260900_patch000,OPT_NORM_VIRTUAL_CONVEX_CONST_INIT_LONG_LIGHT_JTOTAL,Virtual Convex Light Shrinkage (2000 iters),"(1500,3125]",67966,0.5663403562622502,0.020695450364134938,0.9233822870547428
RAD_OPERA_HOURLY_RAINFALL_ACCUMULATION_202301260900_patch000,OPT_NORM_VIRTUAL_CONVEX_CONST_INIT_LONG_LIGHT_JTOTAL,Virtual Convex Light Shrinkage (2000 iters),"(3125,6000]",32037,0.9209149068994203,0.25521904795894007,0.7350514392230851
RAD_OPERA_HOURLY_RAINFALL_ACCUMULATION_202301260900_patch000,OPT_NORM_VIRTUAL_CONVEX_CONST_INIT_LONG_LIGHT_JTOTAL,Virtual Convex Light Shrinkage (2000 iters),"(6000,9000]",1018,1.065353968960246,0.6147575871415129,0.6694060188959771
RAD_OPERA_HOURLY_RAINFALL_ACCUMULATION_202301260900_patch001,OPT_NORM_VIRTUAL_CONVEX_CONST_INIT_LONG_LIGHT_JTOTAL,Virtual Convex Light Shrinkage (2000 iters),≤125,5159,0.1524815644014143,0.0016012135189063421,0.9910516264389035
RAD_OPERA_HOURLY_RAINFALL_ACCUMULATION_202301260900_patch001,OPT_NORM_VIRTUAL_CONVEX_CONST_INIT_LONG_LIGHT_JTOTAL,Virtual Convex Light Shrinkage (2000 iters),"(125,375]",19586,0.16830182271518862,0.0031311283751380317,0.9898407996933072
RAD_OPERA_HOURLY_RAINFALL_ACCUMULATION_202301260900_patch001,OPT_NORM_VIRTUAL_CONVEX_CONST_INIT_LONG_LIGHT_JTOTAL,Virtual Convex Light Shrinkage (2000 iters),"(375,750]",29988,0.23508311099624724,0.0031952728368654973,0.9819607131684573
RAD_OPERA_HOURLY_RAINFALL_ACCUMULATION_202301260900_patch001,OPT_NORM_VIRTUAL_CONVEX_CONST_INIT_LONG_LIGHT_JTOTAL,Virtual Convex Light Shrinkage (2000 iters),"(750,1500]",56176,0.32850556786461677,8.117381087550748e-05,0.9680424966513043
RAD_OPERA_HOURLY_RAINFALL_ACCUMULATION_202301260900_patch001,OPT_NORM_VIRTUAL_CONVEX_CONST_INIT_LONG_LIGHT_JTOTAL,Virtual Convex Light Shrinkage (2000 iters),"(1500,3125]",95580,0.4798973263313085,-0.028111746426898582,0.9405206466045061
RAD_OPERA_HOURLY_RAINFALL_ACCUMULATION_202301260900_patch001,OPT_NORM_VIRTUAL_CONVEX_CONST_INIT_LONG_LIGHT_JTOTAL,Virtual Convex Light Shrinkage (2000 iters),"(3125,6000]",56911,0.6584862521960455,0.02597792692421857,0.9213609115871461
RAD_OPERA_HOURLY_RAINFALL_ACCUMULATION_202301260900_patch001,OPT_NORM_VIRTUAL_CONVEX_CONST_INIT_LONG_LIGHT_JTOTAL,Virtual Convex Light Shrinkage (2000 iters),"(6000,9000]",8318,0.6734769919066489,0.30482177109952213,0.8861420100223655
RAD_OPERA_HOURLY_RAINFALL_ACCUMULATION_202301260900_patch001,OPT_NORM_VIRTUAL_CONVEX_CONST_INIT_LONG_LIGHT_JTOTAL,Virtual Convex Light Shrinkage (2000 iters),>9000,666,0.4239135882761165,0.23548106137696687,0.9493265773567847
RAD_OPERA_HOURLY_RAINFALL_ACCUMULATION_202301270400_patch000,OPT_NORM_VIRTUAL_CONVEX_CONST_INIT_LONG_LIGHT_JTOTAL,Virtual Convex Light Shrinkage (2000 iters),≤125,4024,0.2559432959516734,-0.002359746694611216,0.9917188582136565
RAD_OPERA_HOURLY_RAINFALL_ACCUMULATION_202301270400_patch000,OPT_NORM_VIRTUAL_CONVEX_CONST_INIT_LONG_LIGHT_JTOTAL,Virtual Convex Light Shrinkage (2000 iters),"(125,375]",16310,0.3030188036656459,0.006267113229352101,0.9869726406775285
RAD_OPERA_HOURLY_RAINFALL_ACCUMULATION_202301270400_patch000,OPT_NORM_VIRTUAL_CONVEX_CONST_INIT_LONG_LIGHT_JTOTAL,Virtual Convex Light Shrinkage (2000 iters),"(375,750]",26560,0.42625172358272423,0.007401401384823504,0.9750320987068359
RAD_OPERA_HOURLY_RAINFALL_ACCUMULATION_202301270400_patch000,OPT_NORM_VIRTUAL_CONVEX_CONST_INIT_LONG_LIGHT_JTOTAL,Virtual Convex Light Shrinkage (2000 iters),"(750,1500]",51739,0.5835869534922461,-0.019431992413800846,0.9538377162136081
RAD_OPERA_HOURLY_RAINFALL_ACCUMULATION_202301270400_patch000,OPT_NORM_VIRTUAL_CONVEX_CONST_INIT_LONG_LIGHT_JTOTAL,Virtual Convex Light Shrinkage (2000 iters),"(1500,3125]",79134,0.8457610307024683,0.011551977832510557,0.9078224158494426
RAD_OPERA_HOURLY_RAINFALL_ACCUMULATION_202301270400_patch000,OPT_NORM_VIRTUAL_CONVEX_CONST_INIT_LONG_LIGHT_JTOTAL,Virtual Convex Light Shrinkage (2000 iters),"(3125,6000]",39529,1.2109768904151812,-0.05613813210360521,0.8837076409806166
RAD_OPERA_HOURLY_RAINFALL_ACCUMULATION_202301270400_patch000,OPT_NORM_VIRTUAL_CONVEX_CONST_INIT_LONG_LIGHT_JTOTAL,Virtual Convex Light Shrinkage (2000 iters),"(6000,9000]",4447,1.100759044977176,-0.5925029587659885,0.7233581276428067
RAD_OPERA_HOURLY_RAINFALL_ACCUMULATION_202301270400_patch000,OPT_NORM_VIRTUAL_CONVEX_CONST_INIT_LONG_LIGHT_JTOTAL,Virtual Convex Light Shrinkage (2000 iters),>9000,2257,1.107246528818687,-0.7479878997295686,-0.7440445595559118
RAD_OPERA_HOURLY_RAINFALL_ACCUMULATION_202301270700_patch000,OPT_NORM_VIRTUAL_CONVEX_CONST_INIT_LONG_LIGHT_JTOTAL,Virtual Convex Light Shrinkage (2000 iters),≤125,6209,0.5344732402919253,-0.004335122263705929,0.9897697393732605
RAD_OPERA_HOURLY_RAINFALL_ACCUMULATION_202301270700_patch000,OPT_NORM_VIRTUAL_CONVEX_CONST_INIT_LONG_LIGHT_JTOTAL,Virtual Convex Light Shrinkage (2000 iters),"(125,375]",24640,0.6037919993579991,0.0010981682351154445,0.9854444950297584
RAD_OPERA_HOURLY_RAINFALL_ACCUMULATION_202301270700_patch000,OPT_NORM_VIRTUAL_CONVEX_CONST_INIT_LONG_LIGHT_JTOTAL,Virtual Convex Light Shrinkage (2000 iters),"(375,750]",40310,0.7873164089181426,0.014580593400947852,0.9767270510599402
RAD_OPERA_HOURLY_RAINFALL_ACCUMULATION_202301270700_patch000,OPT_NORM_VIRTUAL_CONVEX_CONST_INIT_LONG_LIGHT_JTOTAL,Virtual Convex Light Shrinkage (2000 iters),"(750,1500]",79643,1.1308411661921887,0.02121424799444196,0.9591667446359258
RAD_OPERA_HOURLY_RAINFALL_ACCUMULATION_202301270700_patch000,OPT_NORM_VIRTUAL_CONVEX_CONST_INIT_LONG_LIGHT_JTOTAL,Virtual Convex Light Shrinkage (2000 iters),"(1500,3125]",137983,1.6733061779679284,0.028472129046568647,0.9329169449862923
RAD_OPERA_HOURLY_RAINFALL_ACCUMULATION_202301270700_patch000,OPT_NORM_VIRTUAL_CONVEX_CONST_INIT_LONG_LIGHT_JTOTAL,Virtual Convex Light Shrinkage (2000 iters),"(3125,6000]",83142,1.89716707413228,0.04374961678051171,0.9350712397815536
RAD_OPERA_HOURLY_RAINFALL_ACCUMULATION_202301270700_patch000,OPT_NORM_VIRTUAL_CONVEX_CONST_INIT_LONG_LIGHT_JTOTAL,Virtual Convex Light Shrinkage (2000 iters),"(6000,9000]",10359,0.7653233318756045,0.3432639112363084,0.9082920476506404
RAD_OPERA_HOURLY_RAINFALL_ACCUMULATION_202301270700_patch000,OPT_NORM_VIRTUAL_CONVEX_CONST_INIT_LONG_LIGHT_JTOTAL,Virtual Convex Light Shrinkage (2000 iters),>9000,2994,1.223928092446317,-0.5096808935765366,0.7924350270588252
RAD_OPERA_HOURLY_RAINFALL_ACCUMULATION_202301270800_patch000,OPT_NORM_VIRTUAL_CONVEX_CONST_INIT_LONG_LIGHT_JTOTAL,Virtual Convex Light Shrinkage (2000 iters),≤125,3487,0.12707373188097662,-0.0034746045467331857,0.9726303384747078
RAD_OPERA_HOURLY_RAINFALL_ACCUMULATION_202301270800_patch000,OPT_NORM_VIRTUAL_CONVEX_CONST_INIT_LONG_LIGHT_JTOTAL,Virtual Convex Light Shrinkage (2000 iters),"(125,375]",13581,0.11318237977832636,-0.0050601282120453185,0.9781025045959185
RAD_OPERA_HOURLY_RAINFALL_ACCUMULATION_202301270800_patch000,OPT_NORM_VIRTUAL_CONVEX_CONST_INIT_LONG_LIGHT_JTOTAL,Virtual Convex Light Shrinkage (2000 iters),"(375,750]",20224,0.12924478236294842,-0.005097022645552701,0.9704188835948603
RAD_OPERA_HOURLY_RAINFALL_ACCUMULATION_202301270800_patch000,OPT_NORM_VIRTUAL_CONVEX_CONST_INIT_LONG_LIGHT_JTOTAL,Virtual Convex Light Shrinkage (2000 iters),"(750,1500]",37125,0.15860112761068607,-0.0038663761639835858,0.9524786152415257
RAD_OPERA_HOURLY_RAINFALL_ACCUMULATION_202301270800_patch000,OPT_NORM_VIRTUAL_CONVEX_CONST_INIT_LONG_LIGHT_JTOTAL,Virtual Convex Light Shrinkage (2000 iters),"(1500,3125]",60628,0.19372365787155324,0.039084726045870516,0.9255779739200459
RAD_OPERA_HOURLY_RAINFALL_ACCUMULATION_202301270800_patch000,OPT_NORM_VIRTUAL_CONVEX_CONST_INIT_LONG_LIGHT_JTOTAL,Virtual Convex Light Shrinkage (2000 iters),"(3125,6000]",30024,0.32530369460941133,0.11759870779885949,0.9032878312743493
RAD_OPERA_HOURLY_RAINFALL_ACCUMULATION_202301270800_patch000,OPT_NORM_VIRTUAL_CONVEX_CONST_INIT_LONG_LIGHT_JTOTAL,Virtual Convex Light Shrinkage (2000 iters),"(6000,9000]",1331,0.5824982795036489,0.45952855645042895,0.9460370423834348
RAD_OPERA_HOURLY_RAINFALL_ACCUMULATION_202301270900_patch000,OPT_NORM_VIRTUAL_CONVEX_CONST_INIT_LONG_LIGHT_JTOTAL,Virtual Convex Light Shrinkage (2000 iters),≤125,5395,0.31952307777179956,0.007621167737565955,0.9912090644119121
RAD_OPERA_HOURLY_RAINFALL_ACCUMULATION_202301270900_patch000,OPT_NORM_VIRTUAL_CONVEX_CONST_INIT_LONG_LIGHT_JTOTAL,Virtual Convex Light Shrinkage (2000 iters),"(125,375]",21090,0.4144923245135429,-0.0001938347608882593,0.9840085035622793
RAD_OPERA_HOURLY_RAINFALL_ACCUMULATION_202301270900_patch000,OPT_NORM_VIRTUAL_CONVEX_CONST_INIT_LONG_LIGHT_JTOTAL,Virtual Convex Light Shrinkage (2000 iters),"(375,750]",34488,0.5880008417902117,-0.036594542727378575,0.9651883364170886
RAD_OPERA_HOURLY_RAINFALL_ACCUMULATION_202301270900_patch000,OPT_NORM_VIRTUAL_CONVEX_CONST_INIT_LONG_LIGHT_JTOTAL,Virtual Convex Light Shrinkage (2000 iters),"(750,1500]",67771,0.7956103533822909,-0.07419881798072243,0.9250772034646912
RAD_OPERA_HOURLY_RAINFALL_ACCUMULATION_202301270900_patch000,OPT_NORM_VIRTUAL_CONVEX_CONST_INIT_LONG_LIGHT_JTOTAL,Virtual Convex Light Shrinkage (2000 iters),"(1500,3125]",115766,0.9531308551332925,-0.028348175143498053,0.8737270446913473
RAD_OPERA_HOURLY_RAINFALL_ACCUMULATION_202301270900_patch000,OPT_NORM_VIRTUAL_CONVEX_CONST_INIT_LONG_LIGHT_JTOTAL,Virtual Convex Light Shrinkage (2000 iters),"(3125,6000]",63094,1.0053228001149779,0.14832012835478744,0.8463398915098205
RAD_OPERA_HOURLY_RAINFALL_ACCUMULATION_202301270900_patch000,OPT_NORM_VIRTUAL_CONVEX_CONST_INIT_LONG_LIGHT_JTOTAL,Virtual Convex Light Shrinkage (2000 iters),"(6000,9000]",4971,0.9982707354524849,0.6730280160544381,0.7747290293345649
RAD_OPERA_HOURLY_RAINFALL_ACCUMULATION_202301270900_patch000,OPT_NORM_VIRTUAL_CONVEX_CONST_INIT_LONG_LIGHT_JTOTAL,Virtual Convex Light Shrinkage (2000 iters),>9000,1,0.3647865951061249,0.3647865951061249,
RAD_OPERA_HOURLY_RAINFALL_ACCUMULATION_202301271000_patch001,OPT_NORM_VIRTUAL_CONVEX_CONST_INIT_LONG_LIGHT_JTOTAL,Virtual Convex Light Shrinkage (2000 iters),≤125,5081,0.6947770545858406,-0.013064763699560089,0.9752230622709094
RAD_OPERA_HOURLY_RAINFALL_ACCUMULATION_202301271000_patch001,OPT_NORM_VIRTUAL_CONVEX_CONST_INIT_LONG_LIGHT_JTOTAL,Virtual Convex Light Shrinkage (2000 iters),"(125,375]",19591,0.843741120566757,0.011778936189056873,0.9762838897527127
RAD_OPERA_HOURLY_RAINFALL_ACCUMULATION_202301271000_patch001,OPT_NORM_VIRTUAL_CONVEX_CONST_INIT_LONG_LIGHT_JTOTAL,Virtual Convex Light Shrinkage (2000 iters),"(375,750]",30953,1.1688695890874627,0.041393807052731636,0.9679109711648685
RAD_OPERA_HOURLY_RAINFALL_ACCUMULATION_202301271000_patch001,OPT_NORM_VIRTUAL_CONVEX_CONST_INIT_LONG_LIGHT_JTOTAL,Virtual Convex Light Shrinkage (2000 iters),"(750,1500]",57909,1.8081103441547666,-0.01955050030250931,0.9333552508717234
RAD_OPERA_HOURLY_RAINFALL_ACCUMULATION_202301271000_patch001,OPT_NORM_VIRTUAL_CONVEX_CONST_INIT_LONG_LIGHT_JTOTAL,Virtual Convex Light Shrinkage (2000 iters),"(1500,3125]",94396,2.545049714071992,-0.06005823601735838,0.8516497012653432
RAD_OPERA_HOURLY_RAINFALL_ACCUMULATION_202301271000_patch001,OPT_NORM_VIRTUAL_CONVEX_CONST_INIT_LONG_LIGHT_JTOTAL,Virtual Convex Light Shrinkage (2000 iters),"(3125,6000]",50338,2.405861036181349,0.0067972619976034215,0.9061011345206538
RAD_OPERA_HOURLY_RAINFALL_ACCUMULATION_202301271000_patch001,OPT_NORM_VIRTUAL_CONVEX_CONST_INIT_LONG_LIGHT_JTOTAL,Virtual Convex Light Shrinkage (2000 iters),"(6000,9000]",3450,2.2325062270941016,-0.17690864303189774,0.9886780298321498
RAD_OPERA_HOURLY_RAINFALL_ACCUMULATION_202301271000_patch001,OPT_NORM_VIRTUAL_CONVEX_CONST_INIT_LONG_LIGHT_JTOTAL,Virtual Convex Light Shrinkage (2000 iters),>9000,170,1.1180848383336452,1.1158029451089746,0.6376473434974477
RAD_OPERA_HOURLY_RAINFALL_ACCUMULATION_202301271800_patch000,OPT_NORM_VIRTUAL_CONVEX_CONST_INIT_LONG_LIGHT_JTOTAL,Virtual Convex Light Shrinkage (2000 iters),≤125,5395,0.06570733091304946,-0.0004063368727478084,0.9944600365549919
RAD_OPERA_HOURLY_RAINFALL_ACCUMULATION_202301271800_patch000,OPT_NORM_VIRTUAL_CONVEX_CONST_INIT_LONG_LIGHT_JTOTAL,Virtual Convex Light Shrinkage (2000 iters),"(125,375]",21090,0.07603783991093362,0.001183801304395304,0.9934188958094334
RAD_OPERA_HOURLY_RAINFALL_ACCUMULATION_202301271800_patch000,OPT_NORM_VIRTUAL_CONVEX_CONST_INIT_LONG_LIGHT_JTOTAL,Virtual Convex Light Shrinkage (2000 iters),"(375,750]",34488,0.09649294510942943,0.0027769174149406394,0.9906676433955101
RAD_OPERA_HOURLY_RAINFALL_ACCUMULATION_202301271800_patch000,OPT_NORM_VIRTUAL_CONVEX_CONST_INIT_LONG_LIGHT_JTOTAL,Virtual Convex Light Shrinkage (2000 iters),"(750,1500]",67771,0.12284777814115544,0.0025336998634869173,0.9852977108206633
RAD_OPERA_HOURLY_RAINFALL_ACCUMULATION_202301271800_patch000,OPT_NORM_VIRTUAL_CONVEX_CONST_INIT_LONG_LIGHT_JTOTAL,Virtual Convex Light Shrinkage (2000 iters),"(1500,3125]",115766,0.1655565477861555,0.007851105494796019,0.973111714473432
RAD_OPERA_HOURLY_RAINFALL_ACCUMULATION_202301271800_patch000,OPT_NORM_VIRTUAL_CONVEX_CONST_INIT_LONG_LIGHT_JTOTAL,Virtual Convex Light Shrinkage (2000 iters),"(3125,6000]",63094,0.24952972261887763,0.007665436847026962,0.9631378436872438
RAD_OPERA_HOURLY_RAINFALL_ACCUMULATION_202301271800_patch000,OPT_NORM_VIRTUAL_CONVEX_CONST_INIT_LONG_LIGHT_JTOTAL,Virtual Convex Light Shrinkage (2000 iters),"(6000,9000]",4971,0.3943275117140286,0.28755528315095397,0.9657259644030548
RAD_OPERA_HOURLY_RAINFALL_ACCUMULATION_202301271800_patch000,OPT_NORM_VIRTUAL_CONVEX_CONST_INIT_LONG_LIGHT_JTOTAL,Virtual Convex Light Shrinkage (2000 iters),>9000,1,0.33082854747772217,0.33082854747772217,
RAD_OPERA_HOURLY_RAINFALL_ACCUMULATION_202301272100_patch001,OPT_NORM_VIRTUAL_CONVEX_CONST_INIT_LONG_LIGHT_JTOTAL,Virtual Convex Light Shrinkage (2000 iters),≤125,4361,0.6661674530802214,0.00014080627381702425,0.9897921290350152
RAD_OPERA_HOURLY_RAINFALL_ACCUMULATION_202301272100_patch001,OPT_NORM_VIRTUAL_CONVEX_CONST_INIT_LONG_LIGHT_JTOTAL,Virtual Convex Light Shrinkage (2000 iters),"(125,375]",17119,0.7349158824821267,-0.0001258085575998083,0.9875824831725537
RAD_OPERA_HOURLY_RAINFALL_ACCUMULATION_202301272100_patch001,OPT_NORM_VIRTUAL_CONVEX_CONST_INIT_LONG_LIGHT_JTOTAL,Virtual Convex Light Shrinkage (2000 iters),"(375,750]",25927,0.9880272788703613,-0.015012441622579394,0.9820831972778563
RAD_OPERA_HOURLY_RAINFALL_ACCUMULATION_202301272100_patch001,OPT_NORM_VIRTUAL_CONVEX_CONST_INIT_LONG_LIGHT_JTOTAL,Virtual Convex Light Shrinkage (2000 iters),"(750,1500]",47998,1.3044793576821927,-0.04377266929518505,0.972725453608492
RAD_OPERA_HOURLY_RAINFALL_ACCUMULATION_202301272100_patch001,OPT_NORM_VIRTUAL_CONVEX_CONST_INIT_LONG_LIGHT_JTOTAL,Virtual Convex Light Shrinkage (2000 iters),"(1500,3125]",78136,1.822342286142268,-0.040320977788519306,0.94306344928801
RAD_OPERA_HOURLY_RAINFALL_ACCUMULATION_202301272100_patch001,OPT_NORM_VIRTUAL_CONVEX_CONST_INIT_LONG_LIGHT_JTOTAL,Virtual Convex Light Shrinkage (2000 iters),"(3125,6000]",40134,2.148737898655086,0.44189639241700274,0.8892040322743893
RAD_OPERA_HOURLY_RAINFALL_ACCUMULATION_202301272100_patch001,OPT_NORM_VIRTUAL_CONVEX_CONST_INIT_LONG_LIGHT_JTOTAL,Virtual Convex Light Shrinkage (2000 iters),"(6000,9000]",6879,1.0723408351323662,0.7765970522413601,0.9506626318630637
RAD_OPERA_HOURLY_RAINFALL_ACCUMULATION_202301272100_patch001,OPT_NORM_VIRTUAL_CONVEX_CONST_INIT_LONG_LIGHT_JTOTAL,Virtual Convex Light Shrinkage (2000 iters),>9000,1654,0.730655648506375,0.6443670569449975,0.8596518214787118
RAD_OPERA_HOURLY_RAINFALL_ACCUMULATION_202301272300_patch000,OPT_NORM_VIRTUAL_CONVEX_CONST_INIT_LONG_LIGHT_JTOTAL,Virtual Convex Light Shrinkage (2000 iters),≤125,4739,0.13457001776243957,0.002264880428436965,0.9951145399462671
RAD_OPERA_HOURLY_RAINFALL_ACCUMULATION_202301272300_patch000,OPT_NORM_VIRTUAL_CONVEX_CONST_INIT_LONG_LIGHT_JTOTAL,Virtual Convex Light Shrinkage (2000 iters),"(125,375]",17811,0.1672100201747844,0.0032099680709973396,0.9928298408255201
RAD_OPERA_HOURLY_RAINFALL_ACCUMULATION_202301272300_patch000,OPT_NORM_VIRTUAL_CONVEX_CONST_INIT_LONG_LIGHT_JTOTAL,Virtual Convex Light Shrinkage (2000 iters),"(375,750]",26584,0.22631146850970582,0.008007720665764618,0.9887302047975216
RAD_OPERA_HOURLY_RAINFALL_ACCUMULATION_202301272300_patch000,OPT_NORM_VIRTUAL_CONVEX_CONST_INIT_LONG_LIGHT_JTOTAL,Virtual Convex Light Shrinkage (2000 iters),"(750,1500]",49607,0.2919735670945604,0.0017632923918610309,0.9836101703654657
RAD_OPERA_HOURLY_RAINFALL_ACCUMULATION_202301272300_patch000,OPT_NORM_VIRTUAL_CONVEX_CONST_INIT_LONG_LIGHT_JTOTAL,Virtual Convex Light Shrinkage (2000 iters),"(1500,3125]",83724,0.42365876373353967,0.0229585472204969,0.9643726141604015
RAD_OPERA_HOURLY_RAINFALL_ACCUMULATION_202301272300_patch000,OPT_NORM_VIRTUAL_CONVEX_CONST_INIT_LONG_LIGHT_JTOTAL,Virtual Convex Light Shrinkage (2000 iters),"(3125,6000]",46547,0.678341641219374,0.009300540023352823,0.9037452667312583
RAD_OPERA_HOURLY_RAINFALL_ACCUMULATION_202301272300_patch000,OPT_NORM_VIRTUAL_CONVEX_CONST_INIT_LONG_LIGHT_JTOTAL,Virtual Convex Light Shrinkage (2000 iters),"(6000,9000]",5949,0.805447237656172,0.13453775396826367,0.6313379317099684
RAD_OPERA_HOURLY_RAINFALL_ACCUMULATION_202301272300_patch000,OPT_NORM_VIRTUAL_CONVEX_CONST_INIT_LONG_LIGHT_JTOTAL,Virtual Convex Light Shrinkage (2000 iters),>9000,1839,0.6828382161157487,0.5696437747793525,0.5007120109552512
RAD_OPERA_HOURLY_RAINFALL_ACCUMULATION_202301272300_patch002,OPT_NORM_VIRTUAL_CONVEX_CONST_INIT_LONG_LIGHT_JTOTAL,Virtual Convex Light Shrinkage (2000 iters),≤125,5768,0.5409648891799276,-0.003849414191447746,0.9904286077191466
RAD_OPERA_HOURLY_RAINFALL_ACCUMULATION_202301272300_patch002,OPT_NORM_VIRTUAL_CONVEX_CONST_INIT_LONG_LIGHT_JTOTAL,Virtual Convex Light Shrinkage (2000 iters),"(125,375]",22309,0.627004536742824,-0.010042254602237405,0.9863214332819664
RAD_OPERA_HOURLY_RAINFALL_ACCUMULATION_202301272300_patch002,OPT_NORM_VIRTUAL_CONVEX_CONST_INIT_LONG_LIGHT_JTOTAL,Virtual Convex Light Shrinkage (2000 iters),"(375,750]",36274,0.817483351227243,0.0001552175959895594,0.9745600902948113
RAD_OPERA_HOURLY_RAINFALL_ACCUMULATION_202301272300_patch002,OPT_NORM_VIRTUAL_CONVEX_CONST_INIT_LONG_LIGHT_JTOTAL,Virtual Convex Light Shrinkage (2000 iters),"(750,1500]",71451,1.064091444167745,0.009278242663888957,0.9574752615679958
RAD_OPERA_HOURLY_RAINFALL_ACCUMULATION_202301272300_patch002,OPT_NORM_VIRTUAL_CONVEX_CONST_INIT_LONG_LIGHT_JTOTAL,Virtual Convex Light Shrinkage (2000 iters),"(1500,3125]",122451,1.313797201841875,0.08561758854391313,0.9410710201446862
RAD_OPERA_HOURLY_RAINFALL_ACCUMULATION_202301272300_patch002,OPT_NORM_VIRTUAL_CONVEX_CONST_INIT_LONG_LIGHT_JTOTAL,Virtual Convex Light Shrinkage (2000 iters),"(3125,6000]",62604,1.5084556208467281,0.1506861282095887,0.9333150596181002
RAD_OPERA_HOURLY_RAINFALL_ACCUMULATION_202301272300_patch002,OPT_NORM_VIRTUAL_CONVEX_CONST_INIT_LONG_LIGHT_JTOTAL,Virtual Convex Light Shrinkage (2000 iters),"(6000,9000]",1703,1.6286826351554944,0.6773053765891932,0.9455343799133867
RAD_OPERA_HOURLY_RAINFALL_ACCUMULATION_202301280000_patch001,OPT_NORM_VIRTUAL_CONVEX_CONST_INIT_LONG_LIGHT_JTOTAL,Virtual Convex Light Shrinkage (2000 iters),≤125,4067,0.19945560458464262,-0.0045783057907801865,0.9935670343236873
RAD_OPERA_HOURLY_RAINFALL_ACCUMULATION_202301280000_patch001,OPT_NORM_VIRTUAL_CONVEX_CONST_INIT_LONG_LIGHT_JTOTAL,Virtual Convex Light Shrinkage (2000 iters),"(125,375]",16278,0.2306255218933359,0.003067412494785561,0.991406060578707
RAD_OPERA_HOURLY_RAINFALL_ACCUMULATION_202301280000_patch001,OPT_NORM_VIRTUAL_CONVEX_CONST_INIT_LONG_LIGHT_JTOTAL,Virtual Convex Light Shrinkage (2000 iters),"(375,750]",25812,0.30360345932376603,0.010532054107987786,0.9859262138026346
RAD_OPERA_HOURLY_RAINFALL_ACCUMULATION_202301280000_patch001,OPT_NORM_VIRTUAL_CONVEX_CONST_INIT_LONG_LIGHT_JTOTAL,Virtual Convex Light Shrinkage (2000 iters),"(750,1500]",48116,0.4409661445092499,-0.005943799998850604,0.9741776486828673
RAD_OPERA_HOURLY_RAINFALL_ACCUMULATION_202301280000_patch001,OPT_NORM_VIRTUAL_CONVEX_CONST_INIT_LONG_LIGHT_JTOTAL,Virtual Convex Light Shrinkage (2000 iters),"(1500,3125]",75981,0.6462120475704188,0.04667026272101661,0.9534018965513836
RAD_OPERA_HOURLY_RAINFALL_ACCUMULATION_202301280000_patch001,OPT_NORM_VIRTUAL_CONVEX_CONST_INIT_LONG_LIGHT_JTOTAL,Virtual Convex Light Shrinkage (2000 iters),"(3125,6000]",35618,0.6554930093366443,0.030258357896375872,0.951147116340511
RAD_OPERA_HOURLY_RAINFALL_ACCUMULATION_202301280000_patch001,OPT_NORM_VIRTUAL_CONVEX_CONST_INIT_LONG_LIGHT_JTOTAL,Virtual Convex Light Shrinkage (2000 iters),"(6000,9000]",1488,0.7833192087110497,0.08693959531925058,0.920804040635507
RAD_OPERA_HOURLY_RAINFALL_ACCUMULATION_202301280700_patch000,OPT_NORM_VIRTUAL_CONVEX_CONST_INIT_LONG_LIGHT_JTOTAL,Virtual Convex Light Shrinkage (2000 iters),≤125,4736,0.7790282270786517,0.008902479414228953,0.9911205204152715
RAD_OPERA_HOURLY_RAINFALL_ACCUMULATION_202301280700_patch000,OPT_NORM_VIRTUAL_CONVEX_CONST_INIT_LONG_LIGHT_JTOTAL,Virtual Convex Light Shrinkage (2000 iters),"(125,375]",19319,0.9092115511409943,0.028450499189794587,0.9849425141490723
RAD_OPERA_HOURLY_RAINFALL_ACCUMULATION_202301280700_patch000,OPT_NORM_VIRTUAL_CONVEX_CONST_INIT_LONG_LIGHT_JTOTAL,Virtual Convex Light Shrinkage (2000 iters),"(375,750]",32179,1.1136932135958217,-0.006580525479443346,0.9781088133561092
RAD_OPERA_HOURLY_RAINFALL_ACCUMULATION_202301280700_patch000,OPT_NORM_VIRTUAL_CONVEX_CONST_INIT_LONG_LIGHT_JTOTAL,Virtual Convex Light Shrinkage (2000 iters),"(750,1500]",64809,1.371293939851698,-0.04562009507939264,0.9691401635979915
RAD_OPERA_HOURLY_RAINFALL_ACCUMULATION_202301280700_patch000,OPT_NORM_VIRTUAL_CONVEX_CONST_INIT_LONG_LIGHT_JTOTAL,Virtual Convex Light Shrinkage (2000 iters),"(1500,3125]",111200,1.6739114104742754,-0.0343616629793464,0.9600093251317616
RAD_OPERA_HOURLY_RAINFALL_ACCUMULATION_202301280700_patch000,OPT_NORM_VIRTUAL_CONVEX_CONST_INIT_LONG_LIGHT_JTOTAL,Virtual Convex Light Shrinkage (2000 iters),"(3125,6000]",52343,1.8344450791906863,0.36940629535805575,0.927764213416347
RAD_OPERA_HOURLY_RAINFALL_ACCUMULATION_202301280700_patch000,OPT_NORM_VIRTUAL_CONVEX_CONST_INIT_LONG_LIGHT_JTOTAL,Virtual Convex Light Shrinkage (2000 iters),"(6000,9000]",2134,2.107924049699648,1.1676050693969806,0.541370445918212
RAD_OPERA_HOURLY_RAINFALL_ACCUMULATION_202301280800_patch000,OPT_NORM_VIRTUAL_CONVEX_CONST_INIT_LONG_LIGHT_JTOTAL,Virtual Convex Light Shrinkage (2000 iters),≤125,3789,0.5406858439633152,0.002931517609570831,0.9976206613363284
RAD_OPERA_HOURLY_RAINFALL_ACCUMULATION_202301280800_patch000,OPT_NORM_VIRTUAL_CONVEX_CONST_INIT_LONG_LIGHT_JTOTAL,Virtual Convex Light Shrinkage (2000 iters),"(125,375]",15303,0.552391943270402,-0.006356160940473036,0.9969640316408876
RAD_OPERA_HOURLY_RAINFALL_ACCUMULATION_202301280800_patch000,OPT_NORM_VIRTUAL_CONVEX_CONST_INIT_LONG_LIGHT_JTOTAL,Virtual Convex Light Shrinkage (2000 iters),"(375,750]",24416,0.7745028088080775,-0.032840997842415134,0.9922956281539268
RAD_OPERA_HOURLY_RAINFALL_ACCUMULATION_202301280800_patch000,OPT_NORM_VIRTUAL_CONVEX_CONST_INIT_LONG_LIGHT_JTOTAL,Virtual Convex Light Shrinkage (2000 iters),"(750,1500]",45694,1.0503898483960739,-0.03791281400783143,0.9821944876419525
RAD_OPERA_HOURLY_RAINFALL_ACCUMULATION_202301280800_patch000,OPT_NORM_VIRTUAL_CONVEX_CONST_INIT_LONG_LIGHT_JTOTAL,Virtual Convex Light Shrinkage (2000 iters),"(1500,3125]",70847,1.2044891442065349,0.061472650279941164,0.9669644879117689
RAD_OPERA_HOURLY_RAINFALL_ACCUMULATION_202301280800_patch000,OPT_NORM_VIRTUAL_CONVEX_CONST_INIT_LONG_LIGHT_JTOTAL,Virtual Convex Light Shrinkage (2000 iters),"(3125,6000]",36972,1.4932613013880742,0.23814335373699516,0.9289950417865622
RAD_OPERA_HOURLY_RAINFALL_ACCUMULATION_202301280800_patch000,OPT_NORM_VIRTUAL_CONVEX_CONST_INIT_LONG_LIGHT_JTOTAL,Virtual Convex Light Shrinkage (2000 iters),"(6000,9000]",1379,0.9063998169640806,0.6541048327246121,0.8018917684458995
RAD_OPERA_HOURLY_RAINFALL_ACCUMULATION_202301280900_patch000,OPT_NORM_VIRTUAL_CONVEX_CONST_INIT_LONG_LIGHT_JTOTAL,Virtual Convex Light Shrinkage (2000 iters),≤125,4739,0.33984711361388326,0.008299916159680832,0.9867752717591374
RAD_OPERA_HOURLY_RAINFALL_ACCUMULATION_202301280900_patch000,OPT_NORM_VIRTUAL_CONVEX_CONST_INIT_LONG_LIGHT_JTOTAL,Virtual Convex Light Shrinkage (2000 iters),"(125,375]",17811,0.34218975552669223,0.0022121738592543695,0.9877584625845772
RAD_OPERA_HOURLY_RAINFALL_ACCUMULATION_202301280900_patch000,OPT_NORM_VIRTUAL_CONVEX_CONST_INIT_LONG_LIGHT_JTOTAL,Virtual Convex Light Shrinkage (2000 iters),"(375,750]",26584,0.40325319041539703,0.006672264401253074,0.9845101742412405
RAD_OPERA_HOURLY_RAINFALL_ACCUMULATION_202301280900_patch000,OPT_NORM_VIRTUAL_CONVEX_CONST_INIT_LONG_LIGHT_JTOTAL,Virtual Convex Light Shrinkage (2000 iters),"(750,1500]",49607,0.5238986972155277,0.011845820654220282,0.974700416918564
RAD_OPERA_HOURLY_RAINFALL_ACCUMULATION_202301280900_patch000,OPT_NORM_VIRTUAL_CONVEX_CONST_INIT_LONG_LIGHT_JTOTAL,Virtual Convex Light Shrinkage (2000 iters),"(1500,3125]",83724,0.6529671392098051,0.07224062878725689,0.9598637511032801
RAD_OPERA_HOURLY_RAINFALL_ACCUMULATION_202301280900_patch000,OPT_NORM_VIRTUAL_CONVEX_CONST_INIT_LONG_LIGHT_JTOTAL,Virtual Convex Light Shrinkage (2000 iters),"(3125,6000]",46547,1.0214197346429204,0.15972782428638388,0.9038052120445427
RAD_OPERA_HOURLY_RAINFALL_ACCUMULATION_202301280900_patch000,OPT_NORM_VIRTUAL_CONVEX_CONST_INIT_LONG_LIGHT_JTOTAL,Virtual Convex Light Shrinkage (2000 iters),"(6000,9000]",5949,1.3786716922199211,0.42345621800111194,0.6977920573994251
RAD_OPERA_HOURLY_RAINFALL_ACCUMULATION_202301280900_patch000,OPT_NORM_VIRTUAL_CONVEX_CONST_INIT_LONG_LIGHT_JTOTAL,Virtual Convex Light Shrinkage (2000 iters),>9000,1839,0.5015882730439537,-0.26305594659486886,0.3243867756607671
RAD_OPERA_HOURLY_RAINFALL_ACCUMULATION_202301281000_patch001,OPT_NORM_VIRTUAL_CONVEX_CONST_INIT_LONG_LIGHT_JTOTAL,Virtual Convex Light Shrinkage (2000 iters),≤125,4538,0.3737465913051444,0.006162115227206418,0.9921577652955456
RAD_OPERA_HOURLY_RAINFALL_ACCUMULATION_202301281000_patch001,OPT_NORM_VIRTUAL_CONVEX_CONST_INIT_LONG_LIGHT_JTOTAL,Virtual Convex Light Shrinkage (2000 iters),"(125,375]",16885,0.4679306049887295,0.008767993545232906,0.9905254459305561
RAD_OPERA_HOURLY_RAINFALL_ACCUMULATION_202301281000_patch001,OPT_NORM_VIRTUAL_CONVEX_CONST_INIT_LONG_LIGHT_JTOTAL,Virtual Convex Light Shrinkage (2000 iters),"(375,750]",25044,0.6414306711121109,0.01633641074444644,0.9868362035856033
RAD_OPERA_HOURLY_RAINFALL_ACCUMULATION_202301281000_patch001,OPT_NORM_VIRTUAL_CONVEX_CONST_INIT_LONG_LIGHT_JTOTAL,Virtual Convex Light Shrinkage (2000 iters),"(750,1500]",46152,0.9286206237051455,0.0029620400429970573,0.9822575053852821
RAD_OPERA_HOURLY_RAINFALL_ACCUMULATION_202301281000_patch001,OPT_NORM_VIRTUAL_CONVEX_CONST_INIT_LONG_LIGHT_JTOTAL,Virtual Convex Light Shrinkage (2000 iters),"(1500,3125]",77771,1.6333083014934164,-0.13438764437016068,0.9671963346203589
RAD_OPERA_HOURLY_RAINFALL_ACCUMULATION_202301281000_patch001,OPT_NORM_VIRTUAL_CONVEX_CONST_INIT_LONG_LIGHT_JTOTAL,Virtual Convex Light Shrinkage (2000 iters),"(3125,6000]",38060,2.691494843124508,-0.7773106882379206,0.9578935482334792
RAD_OPERA_HOURLY_RAINFALL_ACCUMULATION_202301281000_patch001,OPT_NORM_VIRTUAL_CONVEX_CONST_INIT_LONG_LIGHT_JTOTAL,Virtual Convex Light Shrinkage (2000 iters),"(6000,9000]",2697,2.068619756350194,-0.6850767522597251,0.9945970873469521
RAD_OPERA_HOURLY_RAINFALL_ACCUMULATION_202301281000_patch001,OPT_NORM_VIRTUAL_CONVEX_CONST_INIT_LONG_LIGHT_JTOTAL,Virtual Convex Light Shrinkage (2000 iters),>9000,53,0.4987717046137169,0.49864365413503825,
RAD_OPERA_HOURLY_RAINFALL_ACCUMULATION_202301281900_patch000,OPT_NORM_VIRTUAL_CONVEX_CONST_INIT_LONG_LIGHT_JTOTAL,Virtual Convex Light Shrinkage (2000 iters),≤125,4624,0.16971466287581013,0.008867769492435621,0.9928106608650628
RAD_OPERA_HOURLY_RAINFALL_ACCUMULATION_202301281900_patch000,OPT_NORM_VIRTUAL_CONVEX_CONST_INIT_LONG_LIGHT_JTOTAL,Virtual Convex Light Shrinkage (2000 iters),"(125,375]",18731,0.19620587022533187,-0.0017754890235080955,0.991282304570714
RAD_OPERA_HOURLY_RAINFALL_ACCUMULATION_202301281900_patch000,OPT_NORM_VIRTUAL_CONVEX_CONST_INIT_LONG_LIGHT_JTOTAL,Virtual Convex Light Shrinkage (2000 iters),"(375,750]",30721,0.2515979732801851,-0.003724184432558543,0.9871633277538253
RAD_OPERA_HOURLY_RAINFALL_ACCUMULATION_202301281900_patch000,OPT_NORM_VIRTUAL_CONVEX_CONST_INIT_LONG_LIGHT_JTOTAL,Virtual Convex Light Shrinkage (2000 iters),"(750,1500]",60480,0.2992401692669267,0.0026218903098235687,0.9843425266901069
RAD_OPERA_HOURLY_RAINFALL_ACCUMULATION_202301281900_patch000,OPT_NORM_VIRTUAL_CONVEX_CONST_INIT_LONG_LIGHT_JTOTAL,Virtual Convex Light Shrinkage (2000 iters),"(1500,3125]",102275,0.40052540447937335,0.044470150336692396,0.9713892510104825
RAD_OPERA_HOURLY_RAINFALL_ACCUMULATION_202301281900_patch000,OPT_NORM_VIRTUAL_CONVEX_CONST_INIT_LONG_LIGHT_JTOTAL,Virtual Convex Light Shrinkage (2000 iters),"(3125,6000]",53363,0.48039673440591285,0.15160659352152736,0.945922656147996
RAD_OPERA_HOURLY_RAINFALL_ACCUMULATION_202301281900_patch000,OPT_NORM_VIRTUAL_CONVEX_CONST_INIT_LONG_LIGHT_JTOTAL,Virtual Convex Light Shrinkage (2000 iters),"(6000,9000]",4494,0.4431226507856478,0.21062723088646446,0.9001734108615588
RAD_OPERA_HOURLY_RAINFALL_ACCUMULATION_202301282100_patch000,OPT_NORM_VIRTUAL_CONVEX_CONST_INIT_LONG_LIGHT_JTOTAL,Virtual Convex Light Shrinkage (2000 iters),≤125,4949,0.19485311887694431,-0.0018258255180239266,0.9855264820897707
RAD_OPERA_HOURLY_RAINFALL_ACCUMULATION_202301282100_patch000,OPT_NORM_VIRTUAL_CONVEX_CONST_INIT_LONG_LIGHT_JTOTAL,Virtual Convex Light Shrinkage (2000 iters),"(125,375]",18581,0.22093227032444068,-0.0018557328337666938,0.9817977229624901
RAD_OPERA_HOURLY_RAINFALL_ACCUMULATION_202301282100_patch000,OPT_NORM_VIRTUAL_CONVEX_CONST_INIT_LONG_LIGHT_JTOTAL,Virtual Convex Light Shrinkage (2000 iters),"(375,750]",27724,0.2720422410214872,0.011340332111784542,0.9709744282843958
RAD_OPERA_HOURLY_RAINFALL_ACCUMULATION_202301282100_patch000,OPT_NORM_VIRTUAL_CONVEX_CONST_INIT_LONG_LIGHT_JTOTAL,Virtual Convex Light Shrinkage (2000 iters),"(750,1500]",51472,0.3456474925574083,0.01673183361743935,0.952165561280325
RAD_OPERA_HOURLY_RAINFALL_ACCUMULATION_202301282100_patch000,OPT_NORM_VIRTUAL_CONVEX_CONST_INIT_LONG_LIGHT_JTOTAL,Virtual Convex Light Shrinkage (2000 iters),"(1500,3125]",89017,0.48331559681570724,0.03582830908150804,0.9068480985664523
RAD_OPERA_HOURLY_RAINFALL_ACCUMULATION_202301282100_patch000,OPT_NORM_VIRTUAL_CONVEX_CONST_INIT_LONG_LIGHT_JTOTAL,Virtual Convex Light Shrinkage (2000 iters),"(3125,6000]",45865,0.5873566351888823,0.16663526843343476,0.8402663703581508
RAD_OPERA_HOURLY_RAINFALL_ACCUMULATION_202301282100_patch000,OPT_NORM_VIRTUAL_CONVEX_CONST_INIT_LONG_LIGHT_JTOTAL,Virtual Convex Light Shrinkage (2000 iters),"(6000,9000]",2008,0.8340383116204804,0.43347406630734525,0.6465636936023158
RAD_OPERA_HOURLY_RAINFALL_ACCUMULATION_202301282200_patch000,OPT_NORM_VIRTUAL_CONVEX_CONST_INIT_LONG_LIGHT_JTOTAL,Virtual Convex Light Shrinkage (2000 iters),≤125,5612,1.1731799197440103,0.018438474713842645,0.9802712401798214
RAD_OPERA_HOURLY_RAINFALL_ACCUMULATION_202301282200_patch000,OPT_NORM_VIRTUAL_CONVEX_CONST_INIT_LONG_LIGHT_JTOTAL,Virtual Convex Light Shrinkage (2000 iters),"(125,375]",22110,1.3534022162214305,-0.020541564458794917,0.9750290497246711
RAD_OPERA_HOURLY_RAINFALL_ACCUMULATION_202301282200_patch000,OPT_NORM_VIRTUAL_CONVEX_CONST_INIT_LONG_LIGHT_JTOTAL,Virtual Convex Light Shrinkage (2000 iters),"(375,750]",35046,1.8766471101234512,0.00028023995483561205,0.9586577461071882
RAD_OPERA_HOURLY_RAINFALL_ACCUMULATION_202301282200_patch000,OPT_NORM_VIRTUAL_CONVEX_CONST_INIT_LONG_LIGHT_JTOTAL,Virtual Convex Light Shrinkage (2000 iters),"(750,1500]",65839,2.7322609309005217,0.13986701315690397,0.9325909651473505
RAD_OPERA_HOURLY_RAINFALL_ACCUMULATION_202301282200_patch000,OPT_NORM_VIRTUAL_CONVEX_CONST_INIT_LONG_LIGHT_JTOTAL,Virtual Convex Light Shrinkage (2000 iters),"(1500,3125]",112059,4.6886029059193906,0.008560065539243003,0.8909315106229917
RAD_OPERA_HOURLY_RAINFALL_ACCUMULATION_202301282200_patch000,OPT_NORM_VIRTUAL_CONVEX_CONST_INIT_LONG_LIGHT_JTOTAL,Virtual Convex Light Shrinkage (2000 iters),"(3125,6000]",70144,5.445128704391298,-0.24658427041941147,0.8308347848399524
RAD_OPERA_HOURLY_RAINFALL_ACCUMULATION_202301282200_patch000,OPT_NORM_VIRTUAL_CONVEX_CONST_INIT_LONG_LIGHT_JTOTAL,Virtual Convex Light Shrinkage (2000 iters),"(6000,9000]",6630,7.888428572230569,3.194866498381606,0.6495912371540409
RAD_OPERA_HOURLY_RAINFALL_ACCUMULATION_202301282200_patch001,OPT_NORM_VIRTUAL_CONVEX_CONST_INIT_LONG_LIGHT_JTOTAL,Virtual Convex Light Shrinkage (2000 iters),≤125,6976,0.5051640736053198,-0.0033968667947236013,0.9972675430891035
RAD_OPERA_HOURLY_RAINFALL_ACCUMULATION_202301282200_patch001,OPT_NORM_VIRTUAL_CONVEX_CONST_INIT_LONG_LIGHT_JTOTAL,Virtual Convex Light Shrinkage (2000 iters),"(125,375]",27728,0.6127636726592038,0.008925647752027742,0.995453032800868
RAD_OPERA_HOURLY_RAINFALL_ACCUMULATION_202301282200_patch001,OPT_NORM_VIRTUAL_CONVEX_CONST_INIT_LONG_LIGHT_JTOTAL,Virtual Convex Light Shrinkage (2000 iters),"(375,750]",46891,0.7753894920856236,-0.0015034231885719407,0.9924840329453605
RAD_OPERA_HOURLY_RAINFALL_ACCUMULATION_202301282200_patch001,OPT_NORM_VIRTUAL_CONVEX_CONST_INIT_LONG_LIGHT_JTOTAL,Virtual Convex Light Shrinkage (2000 iters),"(750,1500]",95950,0.9876917366686598,-0.013278366879858472,0.9877528504589045
RAD_OPERA_HOURLY_RAINFALL_ACCUMULATION_202301282200_patch001,OPT_NORM_VIRTUAL_CONVEX_CONST_INIT_LONG_LIGHT_JTOTAL,Virtual Convex Light Shrinkage (2000 iters),"(1500,3125]",174165,1.30488584886253,0.04055856590168738,0.9769484403631243
RAD_OPERA_HOURLY_RAINFALL_ACCUMULATION_202301282200_patch001,OPT_NORM_VIRTUAL_CONVEX_CONST_INIT_LONG_LIGHT_JTOTAL,Virtual Convex Light Shrinkage (2000 iters),"(3125,6000]",94327,1.5647398090578128,0.12498488299034013,0.9643432177922138
RAD_OPERA_HOURLY_RAINFALL_ACCUMULATION_202301282200_patch001,OPT_NORM_VIRTUAL_CONVEX_CONST_INIT_LONG_LIGHT_JTOTAL,Virtual Convex Light Shrinkage (2000 iters),"(6000,9000]",4507,1.1240740470601984,0.23620264306414918,0.7503050187691926
RAD_OPERA_HOURLY_RAINFALL_ACCUMULATION_202301282200_patch001,OPT_NORM_VIRTUAL_CONVEX_CONST_INIT_LONG_LIGHT_JTOTAL,Virtual Convex Light Shrinkage (2000 iters),>9000,16,0.1767716653481707,0.047897860407829285,0.8408926687342382
RAD_OPERA_HOURLY_RAINFALL_ACCUMULATION_202301290800_patch000,OPT_NORM_VIRTUAL_CONVEX_CONST_INIT_LONG_LIGHT_JTOTAL,Virtual Convex Light Shrinkage (2000 iters),≤125,5262,0.16679169174510042,0.005541482088639227,0.9680090268498148
RAD_OPERA_HOURLY_RAINFALL_ACCUMULATION_202301290800_patch000,OPT_NORM_VIRTUAL_CONVEX_CONST_INIT_LONG_LIGHT_JTOTAL,Virtual Convex Light Shrinkage (2000 iters),"(125,375]",20568,0.1670416123279647,-0.0022912493293640542,0.9696036992354998
RAD_OPERA_HOURLY_RAINFALL_ACCUMULATION_202301290800_patch000,OPT_NORM_VIRTUAL_CONVEX_CONST_INIT_LONG_LIGHT_JTOTAL,Virtual Convex Light Shrinkage (2000 iters),"(375,750]",33486,0.19841741117338504,-0.002805139477631884,0.960964170586787
RAD_OPERA_HOURLY_RAINFALL_ACCUMULATION_202301290800_patch000,OPT_NORM_VIRTUAL_CONVEX_CONST_INIT_LONG_LIGHT_JTOTAL,Virtual Convex Light Shrinkage (2000 iters),"(750,1500]",65862,0.2502278041686895,0.007011078057137519,0.9387218007746626
RAD_OPERA_HOURLY_RAINFALL_ACCUMULATION_202301290800_patch000,OPT_NORM_VIRTUAL_CONVEX_CONST_INIT_LONG_LIGHT_JTOTAL,Virtual Convex Light Shrinkage (2000 iters),"(1500,3125]",113228,0.35645417791089756,0.05975047231865994,0.884845531822477
RAD_OPERA_HOURLY_RAINFALL_ACCUMULATION_202301290800_patch000,OPT_NORM_VIRTUAL_CONVEX_CONST_INIT_LONG_LIGHT_JTOTAL,Virtual Convex Light Shrinkage (2000 iters),"(3125,6000]",62239,0.6295969670505613,0.21356007882321726,0.711595092763177
RAD_OPERA_HOURLY_RAINFALL_ACCUMULATION_202301290800_patch000,OPT_NORM_VIRTUAL_CONVEX_CONST_INIT_LONG_LIGHT_JTOTAL,Virtual Convex Light Shrinkage (2000 iters),"(6000,9000]",2459,0.8448861609970971,0.4703571350897362,0.5775599249236106
RAD_OPERA_HOURLY_RAINFALL_ACCUMULATION_202301291100_patch000,OPT_NORM_VIRTUAL_CONVEX_CONST_INIT_LONG_LIGHT_JTOTAL,Virtual Convex Light Shrinkage (2000 iters),≤125,3487,0.25470319463767244,-0.001147783927326733,0.9829749592802022
RAD_OPERA_HOURLY_RAINFALL_ACCUMULATION_202301291100_patch000,OPT_NORM_VIRTUAL_CONVEX_CONST_INIT_LONG_LIGHT_JTOTAL,Virtual Convex Light Shrinkage (2000 iters),"(125,375]",13581,0.263912420078555,0.0036238887929554743,0.9839549032289471
RAD_OPERA_HOURLY_RAINFALL_ACCUMULATION_202301291100_patch000,OPT_NORM_VIRTUAL_CONVEX_CONST_INIT_LONG_LIGHT_JTOTAL,Virtual Convex Light Shrinkage (2000 iters),"(375,750]",20224,0.36325993392864775,0.015352437086992814,0.9791154802491183
RAD_OPERA_HOURLY_RAINFALL_ACCUMULATION_202301291100_patch000,OPT_NORM_VIRTUAL_CONVEX_CONST_INIT_LONG_LIGHT_JTOTAL,Virtual Convex Light Shrinkage (2000 iters),"(750,1500]",37125,0.49428955446513023,0.01757048805956086,0.9741967716446168
RAD_OPERA_HOURLY_RAINFALL_ACCUMULATION_202301291100_patch000,OPT_NORM_VIRTUAL_CONVEX_CONST_INIT_LONG_LIGHT_JTOTAL,Virtual Convex Light Shrinkage (2000 iters),"(1500,3125]",60628,0.7050814184325137,-0.019256256457336852,0.9649486411742562
RAD_OPERA_HOURLY_RAINFALL_ACCUMULATION_202301291100_patch000,OPT_NORM_VIRTUAL_CONVEX_CONST_INIT_LONG_LIGHT_JTOTAL,Virtual Convex Light Shrinkage (2000 iters),"(3125,6000]",30024,0.9169767769340391,0.10899676250523642,0.9067398862232033
RAD_OPERA_HOURLY_RAINFALL_ACCUMULATION_202301291100_patch000,OPT_NORM_VIRTUAL_CONVEX_CONST_INIT_LONG_LIGHT_JTOTAL,Virtual Convex Light Shrinkage (2000 iters),"(6000,9000]",1331,0.6853310681987599,0.35693967978279006,0.7724129066375629
RAD_OPERA_HOURLY_RAINFALL_ACCUMULATION_202301291700_patch000,OPT_NORM_VIRTUAL_CONVEX_CONST_INIT_LONG_LIGHT_JTOTAL,Virtual Convex Light Shrinkage (2000 iters),≤125,4436,0.06425401231619308,0.0007627196173285234,0.9987116717218815
RAD_OPERA_HOURLY_RAINFALL_ACCUMULATION_202301291700_patch000,OPT_NORM_VIRTUAL_CONVEX_CONST_INIT_LONG_LIGHT_JTOTAL,Virtual Convex Light Shrinkage (2000 iters),"(125,375]",18292,0.07624022432373756,-0.0012973530982532831,0.9981029508717412
RAD_OPERA_HOURLY_RAINFALL_ACCUMULATION_202301291700_patch000,OPT_NORM_VIRTUAL_CONVEX_CONST_INIT_LONG_LIGHT_JTOTAL,Virtual Convex Light Shrinkage (2000 iters),"(375,750]",30466,0.10453273732298111,-0.002321418284047325,0.9959385340445077
RAD_OPERA_HOURLY_RAINFALL_ACCUMULATION_202301291700_patch000,OPT_NORM_VIRTUAL_CONVEX_CONST_INIT_LONG_LIGHT_JTOTAL,Virtual Convex Light Shrinkage (2000 iters),"(750,1500]",61389,0.1478930863658701,0.0020061968508459428,0.9902674485660536
RAD_OPERA_HOURLY_RAINFALL_ACCUMULATION_202301291700_patch000,OPT_NORM_VIRTUAL_CONVEX_CONST_INIT_LONG_LIGHT_JTOTAL,Virtual Convex Light Shrinkage (2000 iters),"(1500,3125]",101766,0.20587301082254472,0.01842682924943579,0.9747681369647069
RAD_OPERA_HOURLY_RAINFALL_ACCUMULATION_202301291700_patch000,OPT_NORM_VIRTUAL_CONVEX_CONST_INIT_LONG_LIGHT_JTOTAL,Virtual Convex Light Shrinkage (2000 iters),"(3125,6000]",46480,0.24325288346333093,0.04390630450760128,0.9437091497041807
RAD_OPERA_HOURLY_RAINFALL_ACCUMULATION_202301291700_patch000,OPT_NORM_VIRTUAL_CONVEX_CONST_INIT_LONG_LIGHT_JTOTAL,Virtual Convex Light Shrinkage (2000 iters),"(6000,9000]",3411,0.27731933829642264,0.12335657353486458,0.9085938494334691
RAD_OPERA_HOURLY_RAINFALL_ACCUMULATION_202301291900_patch000,OPT_NORM_VIRTUAL_CONVEX_CONST_INIT_LONG_LIGHT_JTOTAL,Virtual Convex Light Shrinkage (2000 iters),≤125,7080,0.19319640833900792,-0.0021020511701955636,0.9962074543542028
RAD_OPERA_HOURLY_RAINFALL_ACCUMULATION_202301291900_patch000,OPT_NORM_VIRTUAL_CONVEX_CONST_INIT_LONG_LIGHT_JTOTAL,Virtual Convex Light Shrinkage (2000 iters),"(125,375]",28363,0.21069024446781726,0.0029444780890403553,0.9949985211184116
RAD_OPERA_HOURLY_RAINFALL_ACCUMULATION_202301291900_patch000,OPT_NORM_VIRTUAL_CONVEX_CONST_INIT_LONG_LIGHT_JTOTAL,Virtual Convex Light Shrinkage (2000 iters),"(375,750]",48321,0.26218164907824815,0.005859139994554983,0.991428162172283
RAD_OPERA_HOURLY_RAINFALL_ACCUMULATION_202301291900_patch000,OPT_NORM_VIRTUAL_CONVEX_CONST_INIT_LONG_LIGHT_JTOTAL,Virtual Convex Light Shrinkage (2000 iters),"(750,1500]",100191,0.32203625490198556,-0.01288163478545982,0.9863921425307152
RAD_OPERA_HOURLY_RAINFALL_ACCUMULATION_202301291900_patch000,OPT_NORM_VIRTUAL_CONVEX_CONST_INIT_LONG_LIGHT_JTOTAL,Virtual Convex Light Shrinkage (2000 iters),"(1500,3125]",191182,0.4740519926546164,-0.04030606150065952,0.9729378065376405
RAD_OPERA_HOURLY_RAINFALL_ACCUMULATION_202301291900_patch000,OPT_NORM_VIRTUAL_CONVEX_CONST_INIT_LONG_LIGHT_JTOTAL,Virtual Convex Light Shrinkage (2000 iters),"(3125,6000]",110001,0.5966307858808932,-0.12025190763948783,0.9670192371971015
RAD_OPERA_HOURLY_RAINFALL_ACCUMULATION_202301291900_patch000,OPT_NORM_VIRTUAL_CONVEX_CONST_INIT_LONG_LIGHT_JTOTAL,Virtual Convex Light Shrinkage (2000 iters),"(6000,9000]",9824,0.5400439587285105,0.16685746589839362,0.9017272886401936
RAD_OPERA_HOURLY_RAINFALL_ACCUMULATION_202301291900_patch000,OPT_NORM_VIRTUAL_CONVEX_CONST_INIT_LONG_LIGHT_JTOTAL,Virtual Convex Light Shrinkage (2000 iters),>9000,654,0.5226723182153562,0.46147286445358116,0.9263947470584155
RAD_OPERA_HOURLY_RAINFALL_ACCUMULATION_202301292200_patch002,OPT_NORM_VIRTUAL_CONVEX_CONST_INIT_LONG_LIGHT_JTOTAL,Virtual Convex Light Shrinkage (2000 iters),≤125,3390,0.08883962210906257,0.0024381167593255505,0.9926681017713164
RAD_OPERA_HOURLY_RAINFALL_ACCUMULATION_202301292200_patch002,OPT_NORM_VIRTUAL_CONVEX_CONST_INIT_LONG_LIGHT_JTOTAL,Virtual Convex Light Shrinkage (2000 iters),"(125,375]",13291,0.10313595931678257,0.004216142826734713,0.9914329529524545
RAD_OPERA_HOURLY_RAINFALL_ACCUMULATION_202301292200_patch002,OPT_NORM_VIRTUAL_CONVEX_CONST_INIT_LONG_LIGHT_JTOTAL,Virtual Convex Light Shrinkage (2000 iters),"(375,750]",19563,0.14754884921504088,-0.003102208368435646,0.9876061953870303
RAD_OPERA_HOURLY_RAINFALL_ACCUMULATION_202301292200_patch002,OPT_NORM_VIRTUAL_CONVEX_CONST_INIT_LONG_LIGHT_JTOTAL,Virtual Convex Light Shrinkage (2000 iters),"(750,1500]",36286,0.20614873187059238,-0.011857774034524407,0.9793355972777184
RAD_OPERA_HOURLY_RAINFALL_ACCUMULATION_202301292200_patch002,OPT_NORM_VIRTUAL_CONVEX_CONST_INIT_LONG_LIGHT_JTOTAL,Virtual Convex Light Shrinkage (2000 iters),"(1500,3125]",59850,0.3114031652608129,-0.0029230546806888373,0.9595351426502221
RAD_OPERA_HOURLY_RAINFALL_ACCUMULATION_202301292200_patch002,OPT_NORM_VIRTUAL_CONVEX_CONST_INIT_LONG_LIGHT_JTOTAL,Virtual Convex Light Shrinkage (2000 iters),"(3125,6000]",31192,0.40327754241410035,0.08194133829756345,0.9591020526928171
RAD_OPERA_HOURLY_RAINFALL_ACCUMULATION_202301292200_patch002,OPT_NORM_VIRTUAL_CONVEX_CONST_INIT_LONG_LIGHT_JTOTAL,Virtual Convex Light Shrinkage (2000 iters),"(6000,9000]",2828,0.5357128718627222,0.43760372898534805,0.9283079186765155
RAD_OPERA_HOURLY_RAINFALL_ACCUMULATION_202301292300_patch001,OPT_NORM_VIRTUAL_CONVEX_CONST_INIT_LONG_LIGHT_JTOTAL,Virtual Convex Light Shrinkage (2000 iters),≤125,3907,0.17948504991136405,0.0028442751729705006,0.9912824258706878
RAD_OPERA_HOURLY_RAINFALL_ACCUMULATION_202301292300_patch001,OPT_NORM_VIRTUAL_CONVEX_CONST_INIT_LONG_LIGHT_JTOTAL,Virtual Convex Light Shrinkage (2000 iters),"(125,375]",15106,0.2017490804849384,-0.00021986972097212253,0.989456206546938
RAD_OPERA_HOURLY_RAINFALL_ACCUMULATION_202301292300_patch001,OPT_NORM_VIRTUAL_CONVEX_CONST_INIT_LONG_LIGHT_JTOTAL,Virtual Convex Light Shrinkage (2000 iters),"(375,750]",22392,0.25075762431619947,0.006861999260927789,0.9837234025386931
RAD_OPERA_HOURLY_RAINFALL_ACCUMULATION_202301292300_patch001,OPT_NORM_VIRTUAL_CONVEX_CONST_INIT_LONG_LIGHT_JTOTAL,Virtual Convex Light Shrinkage (2000 iters),"(750,1500]",41007,0.337792844484573,-0.006146532580716866,0.9708359870329432
RAD_OPERA_HOURLY_RAINFALL_ACCUMULATION_202301292300_patch001,OPT_NORM_VIRTUAL_CONVEX_CONST_INIT_LONG_LIGHT_JTOTAL,Virtual Convex Light Shrinkage (2000 iters),"(1500,3125]",70023,0.44150762563234996,-0.02395053790467289,0.9391877527260717
RAD_OPERA_HOURLY_RAINFALL_ACCUMULATION_202301292300_patch001,OPT_NORM_VIRTUAL_CONVEX_CONST_INIT_LONG_LIGHT_JTOTAL,Virtual Convex Light Shrinkage (2000 iters),"(3125,6000]",32501,0.498352562063176,-0.014670804527619336,0.9113094042081579
RAD_OPERA_HOURLY_RAINFALL_ACCUMULATION_202301292300_patch001,OPT_NORM_VIRTUAL_CONVEX_CONST_INIT_LONG_LIGHT_JTOTAL,Virtual Convex Light Shrinkage (2000 iters),"(6000,9000]",1432,0.8588843384362974,0.2662581205368042,0.9136360486879858
RAD_OPERA_HOURLY_RAINFALL_ACCUMULATION_202301292300_patch003,OPT_NORM_VIRTUAL_CONVEX_CONST_INIT_LONG_LIGHT_JTOTAL,Virtual Convex Light Shrinkage (2000 iters),≤125,3610,0.052738573410364205,-0.001513428651725156,0.994672096164852
RAD_OPERA_HOURLY_RAINFALL_ACCUMULATION_202301292300_patch003,OPT_NORM_VIRTUAL_CONVEX_CONST_INIT_LONG_LIGHT_JTOTAL,Virtual Convex Light Shrinkage (2000 iters),"(125,375]",14108,0.06459356145189084,-0.0008766291616048832,0.99279001104264
RAD_OPERA_HOURLY_RAINFALL_ACCUMULATION_202301292300_patch003,OPT_NORM_VIRTUAL_CONVEX_CONST_INIT_LONG_LIGHT_JTOTAL,Virtual Convex Light Shrinkage (2000 iters),"(375,750]",20775,0.0862613989281174,-0.0005174303226952949,0.9894303644864256
RAD_OPERA_HOURLY_RAINFALL_ACCUMULATION_202301292300_patch003,OPT_NORM_VIRTUAL_CONVEX_CONST_INIT_LONG_LIGHT_JTOTAL,Virtual Convex Light Shrinkage (2000 iters),"(750,1500]",37991,0.1103367137311868,0.0006234826864903406,0.9845568152305961
RAD_OPERA_HOURLY_RAINFALL_ACCUMULATION_202301292300_patch003,OPT_NORM_VIRTUAL_CONVEX_CONST_INIT_LONG_LIGHT_JTOTAL,Virtual Convex Light Shrinkage (2000 iters),"(1500,3125]",63127,0.1493700141032778,0.00702879288064111,0.9745401461645548
RAD_OPERA_HOURLY_RAINFALL_ACCUMULATION_202301292300_patch003,OPT_NORM_VIRTUAL_CONVEX_CONST_INIT_LONG_LIGHT_JTOTAL,Virtual Convex Light Shrinkage (2000 iters),"(3125,6000]",30617,0.21292618475217404,-0.03436775631450924,0.9575393292826508
RAD_OPERA_HOURLY_RAINFALL_ACCUMULATION_202301292300_patch003,OPT_NORM_VIRTUAL_CONVEX_CONST_INIT_LONG_LIGHT_JTOTAL,Virtual Convex Light Shrinkage (2000 iters),"(6000,9000]",2828,0.25826083136916006,0.10994578385791481,0.8123520427181188
RAD_OPERA_HOURLY_RAINFALL_ACCUMULATION_202301300000_patch001,OPT_NORM_VIRTUAL_CONVEX_CONST_INIT_LONG_LIGHT_JTOTAL,Virtual Convex Light Shrinkage (2000 iters),≤125,4141,0.0867852739284701,-0.0006113316062221606,0.9882305144399475
RAD_OPERA_HOURLY_RAINFALL_ACCUMULATION_202301300000_patch001,OPT_NORM_VIRTUAL_CONVEX_CONST_INIT_LONG_LIGHT_JTOTAL,Virtual Convex Light Shrinkage (2000 iters),"(125,375]",16335,0.10361768446585645,0.00025695682411205526,0.9862739906350948
RAD_OPERA_HOURLY_RAINFALL_ACCUMULATION_202301300000_patch001,OPT_NORM_VIRTUAL_CONVEX_CONST_INIT_LONG_LIGHT_JTOTAL,Virtual Convex Light Shrinkage (2000 iters),"(375,750]",25337,0.1443743425262191,0.0013266314119106451,0.9780786623631098
RAD_OPERA_HOURLY_RAINFALL_ACCUMULATION_202301300000_patch001,OPT_NORM_VIRTUAL_CONVEX_CONST_INIT_LONG_LIGHT_JTOTAL,Virtual Convex Light Shrinkage (2000 iters),"(750,1500]",47734,0.19723860198674284,9.49853096019489e-05,0.9668785830984233
RAD_OPERA_HOURLY_RAINFALL_ACCUMULATION_202301300000_patch001,OPT_NORM_VIRTUAL_CONVEX_CONST_INIT_LONG_LIGHT_JTOTAL,Virtual Convex Light Shrinkage (2000 iters),"(1500,3125]",78336,0.2497932649233397,0.017146404191936835,0.9447883712990164
RAD_OPERA_HOURLY_RAINFALL_ACCUMULATION_202301300000_patch001,OPT_NORM_VIRTUAL_CONVEX_CONST_INIT_LONG_LIGHT_JTOTAL,Virtual Convex Light Shrinkage (2000 iters),"(3125,6000]",34552,0.3090215568862712,0.03302624556692035,0.9014971376137753
RAD_OPERA_HOURLY_RAINFALL_ACCUMULATION_202301300000_patch001,OPT_NORM_VIRTUAL_CONVEX_CONST_INIT_LONG_LIGHT_JTOTAL,Virtual Convex Light Shrinkage (2000 iters),"(6000,9000]",1437,0.5122146331877137,0.36815559532215963,0.7495187002937722
RAD_OPERA_HOURLY_RAINFALL_ACCUMULATION_202301300200_patch001,OPT_NORM_VIRTUAL_CONVEX_CONST_INIT_LONG_LIGHT_JTOTAL,Virtual Convex Light Shrinkage (2000 iters),≤125,5782,0.08193113839522957,0.00015964815460740799,0.9937736520150375
RAD_OPERA_HOURLY_RAINFALL_ACCUMULATION_202301300200_patch001,OPT_NORM_VIRTUAL_CONVEX_CONST_INIT_LONG_LIGHT_JTOTAL,Virtual Convex Light Shrinkage (2000 iters),"(125,375]",23121,0.09703218326136617,-0.001288480904269273,0.9910654694104919
RAD_OPERA_HOURLY_RAINFALL_ACCUMULATION_202301300200_patch001,OPT_NORM_VIRTUAL_CONVEX_CONST_INIT_LONG_LIGHT_JTOTAL,Virtual Convex Light Shrinkage (2000 iters),"(375,750]",39508,0.12536303920947064,-0.0010499758247036774,0.9852825533780231
RAD_OPERA_HOURLY_RAINFALL_ACCUMULATION_202301300200_patch001,OPT_NORM_VIRTUAL_CONVEX_CONST_INIT_LONG_LIGHT_JTOTAL,Virtual Convex Light Shrinkage (2000 iters),"(750,1500]",83743,0.1607523508203971,-0.0037565203863667114,0.975854090667195
RAD_OPERA_HOURLY_RAINFALL_ACCUMULATION_202301300200_patch001,OPT_NORM_VIRTUAL_CONVEX_CONST_INIT_LONG_LIGHT_JTOTAL,Virtual Convex Light Shrinkage (2000 iters),"(1500,3125]",155901,0.2184043842130823,-0.023362659936461985,0.9593399354813706
RAD_OPERA_HOURLY_RAINFALL_ACCUMULATION_202301300200_patch001,OPT_NORM_VIRTUAL_CONVEX_CONST_INIT_LONG_LIGHT_JTOTAL,Virtual Convex Light Shrinkage (2000 iters),"(3125,6000]",76905,0.26802138216529925,-0.040188733056961704,0.9473994570706715
RAD_OPERA_HOURLY_RAINFALL_ACCUMULATION_202301300200_patch001,OPT_NORM_VIRTUAL_CONVEX_CONST_INIT_LONG_LIGHT_JTOTAL,Virtual Convex Light Shrinkage (2000 iters),"(6000,9000]",6563,0.27343148121632943,0.08207536372182284,0.9464370805870643
RAD_OPERA_HOURLY_RAINFALL_ACCUMULATION_202301300200_patch001,OPT_NORM_VIRTUAL_CONVEX_CONST_INIT_LONG_LIGHT_JTOTAL,Virtual Convex Light Shrinkage (2000 iters),>9000,157,0.31267382533862254,0.3107137938213956,0.799416854544991
RAD_OPERA_HOURLY_RAINFALL_ACCUMULATION_202301301000_patch000,OPT_NORM_VIRTUAL_CONVEX_CONST_INIT_LONG_LIGHT_JTOTAL,Virtual Convex Light Shrinkage (2000 iters),≤125,6083,0.12251508507703528,0.00416807167706042,0.991395272635663
RAD_OPERA_HOURLY_RAINFALL_ACCUMULATION_202301301000_patch000,OPT_NORM_VIRTUAL_CONVEX_CONST_INIT_LONG_LIGHT_JTOTAL,Virtual Convex Light Shrinkage (2000 iters),"(125,375]",24156,0.1350805361542569,0.0006347878629905851,0.9906058449753993
RAD_OPERA_HOURLY_RAINFALL_ACCUMULATION_202301301000_patch000,OPT_NORM_VIRTUAL_CONVEX_CONST_INIT_LONG_LIGHT_JTOTAL,Virtual Convex Light Shrinkage (2000 iters),"(375,750]",39430,0.17545601885251827,0.0028033930306624495,0.9857629502550326
RAD_OPERA_HOURLY_RAINFALL_ACCUMULATION_202301301000_patch000,OPT_NORM_VIRTUAL_CONVEX_CONST_INIT_LONG_LIGHT_JTOTAL,Virtual Convex Light Shrinkage (2000 iters),"(750,1500]",77358,0.22712805643557984,0.011465188218986407,0.9779468049320486
RAD_OPERA_HOURLY_RAINFALL_ACCUMULATION_202301301000_patch000,OPT_NORM_VIRTUAL_CONVEX_CONST_INIT_LONG_LIGHT_JTOTAL,Virtual Convex Light Shrinkage (2000 iters),"(1500,3125]",133480,0.3095724236768501,0.059373585802327385,0.9622723604591404
RAD_OPERA_HOURLY_RAINFALL_ACCUMULATION_202301301000_patch000,OPT_NORM_VIRTUAL_CONVEX_CONST_INIT_LONG_LIGHT_JTOTAL,Virtual Convex Light Shrinkage (2000 iters),"(3125,6000]",80920,0.4877259863736016,0.12946258074472408,0.9260641511666102
RAD_OPERA_HOURLY_RAINFALL_ACCUMULATION_202301301000_patch000,OPT_NORM_VIRTUAL_CONVEX_CONST_INIT_LONG_LIGHT_JTOTAL,Virtual Convex Light Shrinkage (2000 iters),"(6000,9000]",9842,0.6665473683312434,0.31453172408066876,0.8600225978468056
RAD_OPERA_HOURLY_RAINFALL_ACCUMULATION_202301301000_patch000,OPT_NORM_VIRTUAL_CONVEX_CONST_INIT_LONG_LIGHT_JTOTAL,Virtual Convex Light Shrinkage (2000 iters),>9000,443,0.48606791909242536,0.37895314553521287,0.8002542932277288
RAD_OPERA_HOURLY_RAINFALL_ACCUMULATION_202301302200_patch000,OPT_NORM_VIRTUAL_CONVEX_CONST_INIT_LONG_LIGHT_JTOTAL,Virtual Convex Light Shrinkage (2000 iters),≤125,4949,0.34438531888151547,-0.001421734187838573,0.9835616584566055
RAD_OPERA_HOURLY_RAINFALL_ACCUMULATION_202301302200_patch000,OPT_NORM_VIRTUAL_CONVEX_CONST_INIT_LONG_LIGHT_JTOTAL,Virtual Convex Light Shrinkage (2000 iters),"(125,375]",18581,0.41115772570492987,-0.005715671053205276,0.9784747721932786
RAD_OPERA_HOURLY_RAINFALL_ACCUMULATION_202301302200_patch000,OPT_NORM_VIRTUAL_CONVEX_CONST_INIT_LONG_LIGHT_JTOTAL,Virtual Convex Light Shrinkage (2000 iters),"(375,750]",27724,0.5973314093849884,-0.014492513940045713,0.9633253339175697
RAD_OPERA_HOURLY_RAINFALL_ACCUMULATION_202301302200_patch000,OPT_NORM_VIRTUAL_CONVEX_CONST_INIT_LONG_LIGHT_JTOTAL,Virtual Convex Light Shrinkage (2000 iters),"(750,1500]",51472,0.8497719353112766,-0.062007878496223884,0.9437582432913567
RAD_OPERA_HOURLY_RAINFALL_ACCUMULATION_202301302200_patch000,OPT_NORM_VIRTUAL_CONVEX_CONST_INIT_LONG_LIGHT_JTOTAL,Virtual Convex Light Shrinkage (2000 iters),"(1500,3125]",89017,1.2987006672553982,-0.1316389447418796,0.8755069096927527
RAD_OPERA_HOURLY_RAINFALL_ACCUMULATION_202301302200_patch000,OPT_NORM_VIRTUAL_CONVEX_CONST_INIT_LONG_LIGHT_JTOTAL,Virtual Convex Light Shrinkage (2000 iters),"(3125,6000]",45865,1.6438908528279559,-0.14508809234260056,0.7226785946298537
RAD_OPERA_HOURLY_RAINFALL_ACCUMULATION_202301302200_patch000,OPT_NORM_VIRTUAL_CONVEX_CONST_INIT_LONG_LIGHT_JTOTAL,Virtual Convex Light Shrinkage (2000 iters),"(6000,9000]",2008,1.767475047303372,-0.4976005372313033,0.6612040384011434
RAD_OPERA_HOURLY_RAINFALL_ACCUMULATION_202301302200_patch001,OPT_NORM_VIRTUAL_CONVEX_CONST_INIT_LONG_LIGHT_JTOTAL,Virtual Convex Light Shrinkage (2000 iters),≤125,6108,0.19422317280161255,0.002509898212741385,0.9855169626218357
RAD_OPERA_HOURLY_RAINFALL_ACCUMULATION_202301302200_patch001,OPT_NORM_VIRTUAL_CONVEX_CONST_INIT_LONG_LIGHT_JTOTAL,Virtual Convex Light Shrinkage (2000 iters),"(125,375]",23986,0.22190573734879163,0.00014924096283856598,0.9827526999751536
RAD_OPERA_HOURLY_RAINFALL_ACCUMULATION_202301302200_patch001,OPT_NORM_VIRTUAL_CONVEX_CONST_INIT_LONG_LIGHT_JTOTAL,Virtual Convex Light Shrinkage (2000 iters),"(375,750]",39919,0.3075618605557083,0.0048085326374274415,0.9713949768143688
RAD_OPERA_HOURLY_RAINFALL_ACCUMULATION_202301302200_patch001,OPT_NORM_VIRTUAL_CONVEX_CONST_INIT_LONG_LIGHT_JTOTAL,Virtual Convex Light Shrinkage (2000 iters),"(750,1500]",80953,0.3813963326969743,0.02390856092157852,0.9575320093861976
RAD_OPERA_HOURLY_RAINFALL_ACCUMULATION_202301302200_patch001,OPT_NORM_VIRTUAL_CONVEX_CONST_INIT_LONG_LIGHT_JTOTAL,Virtual Convex Light Shrinkage (2000 iters),"(1500,3125]",142104,0.5378928221902431,0.0368805060063837,0.910393961872256
RAD_OPERA_HOURLY_RAINFALL_ACCUMULATION_202301302200_patch001,OPT_NORM_VIRTUAL_CONVEX_CONST_INIT_LONG_LIGHT_JTOTAL,Virtual Convex Light Shrinkage (2000 iters),"(3125,6000]",70835,0.670858103273812,0.1162362883676964,0.8251567194826412
RAD_OPERA_HOURLY_RAINFALL_ACCUMULATION_202301302200_patch001,OPT_NORM_VIRTUAL_CONVEX_CONST_INIT_LONG_LIGHT_JTOTAL,Virtual Convex Light Shrinkage (2000 iters),"(6000,9000]",3393,0.5958437085954758,0.31100288814500815,0.8856187270314486
RAD_OPERA_HOURLY_RAINFALL_ACCUMULATION_202301302200_patch001,OPT_NORM_VIRTUAL_CONVEX_CONST_INIT_LONG_LIGHT_JTOTAL,Virtual Convex Light Shrinkage (2000 iters),>9000,62,0.7132368036894572,0.7132196898662275,-0.3498434684251909
RAD_OPERA_HOURLY_RAINFALL_ACCUMULATION_202301302200_patch002,OPT_NORM_VIRTUAL_CONVEX_CONST_INIT_LONG_LIGHT_JTOTAL,Virtual Convex Light Shrinkage (2000 iters),≤125,5246,0.5397926395477772,0.001676240876404724,0.9727180188630279
RAD_OPERA_HOURLY_RAINFALL_ACCUMULATION_202301302200_patch002,OPT_NORM_VIRTUAL_CONVEX_CONST_INIT_LONG_LIGHT_JTOTAL,Virtual Convex Light Shrinkage (2000 iters),"(125,375]",20443,0.572763225466843,-0.005333031470859582,0.9707654574389455
RAD_OPERA_HOURLY_RAINFALL_ACCUMULATION_202301302200_patch002,OPT_NORM_VIRTUAL_CONVEX_CONST_INIT_LONG_LIGHT_JTOTAL,Virtual Convex Light Shrinkage (2000 iters),"(375,750]",33072,0.720048379519221,-0.020085833442290684,0.9505314279003378
RAD_OPERA_HOURLY_RAINFALL_ACCUMULATION_202301302200_patch002,OPT_NORM_VIRTUAL_CONVEX_CONST_INIT_LONG_LIGHT_JTOTAL,Virtual Convex Light Shrinkage (2000 iters),"(750,1500]",64408,1.0034519458801403,-0.07038139863072664,0.9160958789755205
RAD_OPERA_HOURLY_RAINFALL_ACCUMULATION_202301302200_patch002,OPT_NORM_VIRTUAL_CONVEX_CONST_INIT_LONG_LIGHT_JTOTAL,Virtual Convex Light Shrinkage (2000 iters),"(1500,3125]",110070,1.2080598656965382,-0.021173997335987967,0.8815244420591939
RAD_OPERA_HOURLY_RAINFALL_ACCUMULATION_202301302200_patch002,OPT_NORM_VIRTUAL_CONVEX_CONST_INIT_LONG_LIGHT_JTOTAL,Virtual Convex Light Shrinkage (2000 iters),"(3125,6000]",59833,1.1765074678446046,0.23091013998296453,0.8146589065813536
RAD_OPERA_HOURLY_RAINFALL_ACCUMULATION_202301302200_patch002,OPT_NORM_VIRTUAL_CONVEX_CONST_INIT_LONG_LIGHT_JTOTAL,Virtual Convex Light Shrinkage (2000 iters),"(6000,9000]",1840,1.2986969747887214,0.8343879476351582,0.6707112931467435
RAD_OPERA_HOURLY_RAINFALL_ACCUMULATION_202301310000_patch001,OPT_NORM_VIRTUAL_CONVEX_CONST_INIT_LONG_LIGHT_JTOTAL,Virtual Convex Light Shrinkage (2000 iters),≤125,4040,0.25253293503754254,0.008161114707302722,0.9766749316842519
RAD_OPERA_HOURLY_RAINFALL_ACCUMULATION_202301310000_patch001,OPT_NORM_VIRTUAL_CONVEX_CONST_INIT_LONG_LIGHT_JTOTAL,Virtual Convex Light Shrinkage (2000 iters),"(125,375]",16430,0.27608151883872495,-0.003965487590277022,0.9750287899364465
RAD_OPERA_HOURLY_RAINFALL_ACCUMULATION_202301310000_patch001,OPT_NORM_VIRTUAL_CONVEX_CONST_INIT_LONG_LIGHT_JTOTAL,Virtual Convex Light Shrinkage (2000 iters),"(375,750]",26966,0.3567033363556754,-0.022292744887372266,0.96288521024266
RAD_OPERA_HOURLY_RAINFALL_ACCUMULATION_202301310000_patch001,OPT_NORM_VIRTUAL_CONVEX_CONST_INIT_LONG_LIGHT_JTOTAL,Virtual Convex Light Shrinkage (2000 iters),"(750,1500]",52894,0.4468089439872348,-0.039148687308468134,0.950252819711061
RAD_OPERA_HOURLY_RAINFALL_ACCUMULATION_202301310000_patch001,OPT_NORM_VIRTUAL_CONVEX_CONST_INIT_LONG_LIGHT_JTOTAL,Virtual Convex Light Shrinkage (2000 iters),"(1500,3125]",83733,0.5997213341254578,-0.04856534281412552,0.917644760605434
RAD_OPERA_HOURLY_RAINFALL_ACCUMULATION_202301310000_patch001,OPT_NORM_VIRTUAL_CONVEX_CONST_INIT_LONG_LIGHT_JTOTAL,Virtual Convex Light Shrinkage (2000 iters),"(3125,6000]",44649,0.7201507032335046,0.027597575544116893,0.8368346881485712
RAD_OPERA_HOURLY_RAINFALL_ACCUMULATION_202301310000_patch001,OPT_NORM_VIRTUAL_CONVEX_CONST_INIT_LONG_LIGHT_JTOTAL,Virtual Convex Light Shrinkage (2000 iters),"(6000,9000]",1688,0.646067943111479,0.039915711005434604,0.7378067332263792
RAD_OPERA_HOURLY_RAINFALL_ACCUMULATION_202301310200_patch000,OPT_NORM_VIRTUAL_CONVEX_CONST_INIT_LONG_LIGHT_JTOTAL,Virtual Convex Light Shrinkage (2000 iters),≤125,3610,0.273773714266494,-0.007171309427706489,0.9919165490871246
RAD_OPERA_HOURLY_RAINFALL_ACCUMULATION_202301310200_patch000,OPT_NORM_VIRTUAL_CONVEX_CONST_INIT_LONG_LIGHT_JTOTAL,Virtual Convex Light Shrinkage (2000 iters),"(125,375]",14108,0.3244263469672443,0.0026777723578613136,0.9872417862138685
RAD_OPERA_HOURLY_RAINFALL_ACCUMULATION_202301310200_patch000,OPT_NORM_VIRTUAL_CONVEX_CONST_INIT_LONG_LIGHT_JTOTAL,Virtual Convex Light Shrinkage (2000 iters),"(375,750]",20775,0.39215768952940205,0.026373601750202844,0.9762154988824935
RAD_OPERA_HOURLY_RAINFALL_ACCUMULATION_202301310200_patch000,OPT_NORM_VIRTUAL_CONVEX_CONST_INIT_LONG_LIGHT_JTOTAL,Virtual Convex Light Shrinkage (2000 iters),"(750,1500]",37991,0.4841778571444026,0.024626740347052256,0.9571722768837788
RAD_OPERA_HOURLY_RAINFALL_ACCUMULATION_202301310200_patch000,OPT_NORM_VIRTUAL_CONVEX_CONST_INIT_LONG_LIGHT_JTOTAL,Virtual Convex Light Shrinkage (2000 iters),"(1500,3125]",63127,0.6609109667994846,0.05030754364074841,0.9107303827359713
RAD_OPERA_HOURLY_RAINFALL_ACCUMULATION_202301310200_patch000,OPT_NORM_VIRTUAL_CONVEX_CONST_INIT_LONG_LIGHT_JTOTAL,Virtual Convex Light Shrinkage (2000 iters),"(3125,6000]",30617,0.9363843777923041,0.15382266485660312,0.8306996151220462
RAD_OPERA_HOURLY_RAINFALL_ACCUMULATION_202301310200_patch000,OPT_NORM_VIRTUAL_CONVEX_CONST_INIT_LONG_LIGHT_JTOTAL,Virtual Convex Light Shrinkage (2000 iters),"(6000,9000]",2828,1.2806135229058213,1.1443260482590134,0.8973401217261874
RAD_OPERA_HOURLY_RAINFALL_ACCUMULATION_202301310900_patch000,OPT_NORM_VIRTUAL_CONVEX_CONST_INIT_LONG_LIGHT_JTOTAL,Virtual Convex Light Shrinkage (2000 iters),≤125,4327,0.1988737865556996,-0.00819596590102752,0.9924852261771077
RAD_OPERA_HOURLY_RAINFALL_ACCUMULATION_202301310900_patch000,OPT_NORM_VIRTUAL_CONVEX_CONST_INIT_LONG_LIGHT_JTOTAL,Virtual Convex Light Shrinkage (2000 iters),"(125,375]",17469,0.23668005494648428,-0.001743454930334524,0.9885899413948982
RAD_OPERA_HOURLY_RAINFALL_ACCUMULATION_202301310900_patch000,OPT_NORM_VIRTUAL_CONVEX_CONST_INIT_LONG_LIGHT_JTOTAL,Virtual Convex Light Shrinkage (2000 iters),"(375,750]",28304,0.29810722459445826,0.014138152173848232,0.9803354519941735
RAD_OPERA_HOURLY_RAINFALL_ACCUMULATION_202301310900_patch000,OPT_NORM_VIRTUAL_CONVEX_CONST_INIT_LONG_LIGHT_JTOTAL,Virtual Convex Light Shrinkage (2000 iters),"(750,1500]",54744,0.3900438361730799,0.02443134364960262,0.9672427437507584
RAD_OPERA_HOURLY_RAINFALL_ACCUMULATION_202301310900_patch000,OPT_NORM_VIRTUAL_CONVEX_CONST_INIT_LONG_LIGHT_JTOTAL,Virtual Convex Light Shrinkage (2000 iters),"(1500,3125]",84620,0.5882064976911996,0.0749101539771089,0.930458984811715
RAD_OPERA_HOURLY_RAINFALL_ACCUMULATION_202301310900_patch000,OPT_NORM_VIRTUAL_CONVEX_CONST_INIT_LONG_LIGHT_JTOTAL,Virtual Convex Light Shrinkage (2000 iters),"(3125,6000]",39893,0.7568023186919209,0.1118695967448855,0.8911767698311005
RAD_OPERA_HOURLY_RAINFALL_ACCUMULATION_202301310900_patch000,OPT_NORM_VIRTUAL_CONVEX_CONST_INIT_LONG_LIGHT_JTOTAL,Virtual Convex Light Shrinkage (2000 iters),"(6000,9000]",4424,1.2385658140769917,0.648580761326588,0.4989124220201659
RAD_OPERA_HOURLY_RAINFALL_ACCUMULATION_202301310900_patch000,OPT_NORM_VIRTUAL_CONVEX_CONST_INIT_LONG_LIGHT_JTOTAL,Virtual Convex Light Shrinkage (2000 iters),>9000,1227,1.8491111644189426,1.620392989412788,-0.6420169192581521
RAD_OPERA_HOURLY_RAINFALL_ACCUMULATION_202301311600_patch000,OPT_NORM_VIRTUAL_CONVEX_CONST_INIT_LONG_LIGHT_JTOTAL,Virtual Convex Light Shrinkage (2000 iters),≤125,4960,0.13113179929150856,0.0027251804187413183,0.9960981600066787
RAD_OPERA_HOURLY_RAINFALL_ACCUMULATION_202301311600_patch000,OPT_NORM_VIRTUAL_CONVEX_CONST_INIT_LONG_LIGHT_JTOTAL,Virtual Convex Light Shrinkage (2000 iters),"(125,375]",18632,0.1560128419494593,0.0037686051988791067,0.9940918291136193
RAD_OPERA_HOURLY_RAINFALL_ACCUMULATION_202301311600_patch000,OPT_NORM_VIRTUAL_CONVEX_CONST_INIT_LONG_LIGHT_JTOTAL,Virtual Convex Light Shrinkage (2000 iters),"(375,750]",27830,0.1992842186245319,0.003339549771667683,0.9894560539878435
RAD_OPERA_HOURLY_RAINFALL_ACCUMULATION_202301311600_patch000,OPT_NORM_VIRTUAL_CONVEX_CONST_INIT_LONG_LIGHT_JTOTAL,Virtual Convex Light Shrinkage (2000 iters),"(750,1500]",51558,0.2462146442746924,-0.010678812656240183,0.9817643368753273
RAD_OPERA_HOURLY_RAINFALL_ACCUMULATION_202301311600_patch000,OPT_NORM_VIRTUAL_CONVEX_CONST_INIT_LONG_LIGHT_JTOTAL,Virtual Convex Light Shrinkage (2000 iters),"(1500,3125]",90058,0.3096237771958725,-0.008873469792522352,0.9669502007600047
RAD_OPERA_HOURLY_RAINFALL_ACCUMULATION_202301311600_patch000,OPT_NORM_VIRTUAL_CONVEX_CONST_INIT_LONG_LIGHT_JTOTAL,Virtual Convex Light Shrinkage (2000 iters),"(3125,6000]",52277,0.4137690708252845,0.005411184439277937,0.9330080788702108
RAD_OPERA_HOURLY_RAINFALL_ACCUMULATION_202301311600_patch000,OPT_NORM_VIRTUAL_CONVEX_CONST_INIT_LONG_LIGHT_JTOTAL,Virtual Convex Light Shrinkage (2000 iters),"(6000,9000]",10952,0.7644428600663564,-0.054760028215613654,0.7587178671187701
RAD_OPERA_HOURLY_RAINFALL_ACCUMULATION_202301311600_patch000,OPT_NORM_VIRTUAL_CONVEX_CONST_INIT_LONG_LIGHT_JTOTAL,Virtual Convex Light Shrinkage (2000 iters),>9000,3317,0.7332526230919664,0.3581699080987619,0.45993362056406534
RAD_OPERA_HOURLY_RAINFALL_ACCUMULATION_202301312000_patch001,OPT_NORM_VIRTUAL_CONVEX_CONST_INIT_LONG_LIGHT_JTOTAL,Virtual Convex Light Shrinkage (2000 iters),≤125,4119,0.1497062526835852,-0.0055841689594279915,0.9878531743336705
RAD_OPERA_HOURLY_RAINFALL_ACCUMULATION_202301312000_patch001,OPT_NORM_VIRTUAL_CONVEX_CONST_INIT_LONG_LIGHT_JTOTAL,Virtual Convex Light Shrinkage (2000 iters),"(125,375]",15923,0.17250380244765587,-0.00036009332908051086,0.98096574496997
RAD_OPERA_HOURLY_RAINFALL_ACCUMULATION_202301312000_patch001,OPT_NORM_VIRTUAL_CONVEX_CONST_INIT_LONG_LIGHT_JTOTAL,Virtual Convex Light Shrinkage (2000 iters),"(375,750]",23477,0.22065774176448405,0.005909873584966347,0.9682964210026831
RAD_OPERA_HOURLY_RAINFALL_ACCUMULATION_202301312000_patch001,OPT_NORM_VIRTUAL_CONVEX_CONST_INIT_LONG_LIGHT_JTOTAL,Virtual Convex Light Shrinkage (2000 iters),"(750,1500]",42558,0.3207305775589234,-0.02852181202333176,0.9400771765304762
RAD_OPERA_HOURLY_RAINFALL_ACCUMULATION_202301312000_patch001,OPT_NORM_VIRTUAL_CONVEX_CONST_INIT_LONG_LIGHT_JTOTAL,Virtual Convex Light Shrinkage (2000 iters),"(1500,3125]",72310,0.5221062684478636,-0.09968072926951978,0.8622907311377146
RAD_OPERA_HOURLY_RAINFALL_ACCUMULATION_202301312000_patch001,OPT_NORM_VIRTUAL_CONVEX_CONST_INIT_LONG_LIGHT_JTOTAL,Virtual Convex Light Shrinkage (2000 iters),"(3125,6000]",35394,0.7547252519818493,-0.19123074957551395,0.7533605630111994
RAD_OPERA_HOURLY_RAINFALL_ACCUMULATION_202301312000_patch001,OPT_NORM_VIRTUAL_CONVEX_CONST_INIT_LONG_LIGHT_JTOTAL,Virtual Convex Light Shrinkage (2000 iters),"(6000,9000]",4806,0.8473431873668414,0.19610609672886106,0.11603050485277695
RAD_OPERA_HOURLY_RAINFALL_ACCUMULATION_202301312000_patch001,OPT_NORM_VIRTUAL_CONVEX_CONST_INIT_LONG_LIGHT_JTOTAL,Virtual Convex Light Shrinkage (2000 iters),>9000,1093,1.2969695664022047,1.2596475107344813,-0.43805845141206323
RAD_OPERA_HOURLY_RAINFALL_ACCUMULATION_202301180600_patch000,OPT_NORM_VIRTUAL_HOMOTOPY_CONST_INIT_LONG_LIGHT_JTOTAL,Homotopy Light Shrinkage (2000 iters),≤125,4307,0.3105454843178609,0.008597400810094673,0.9882606536722249
RAD_OPERA_HOURLY_RAINFALL_ACCUMULATION_202301180600_patch000,OPT_NORM_VIRTUAL_HOMOTOPY_CONST_INIT_LONG_LIGHT_JTOTAL,Homotopy Light Shrinkage (2000 iters),"(125,375]",16831,0.35436099550021655,-0.0005499002456268407,0.9842525794074476
RAD_OPERA_HOURLY_RAINFALL_ACCUMULATION_202301180600_patch000,OPT_NORM_VIRTUAL_HOMOTOPY_CONST_INIT_LONG_LIGHT_JTOTAL,Homotopy Light Shrinkage (2000 iters),"(375,750]",25567,0.4632820782581534,0.004974883936062031,0.9721422860998394
RAD_OPERA_HOURLY_RAINFALL_ACCUMULATION_202301180600_patch000,OPT_NORM_VIRTUAL_HOMOTOPY_CONST_INIT_LONG_LIGHT_JTOTAL,Homotopy Light Shrinkage (2000 iters),"(750,1500]",46989,0.6316759566793906,0.03115693787493971,0.9431330678535823
RAD_OPERA_HOURLY_RAINFALL_ACCUMULATION_202301180600_patch000,OPT_NORM_VIRTUAL_HOMOTOPY_CONST_INIT_LONG_LIGHT_JTOTAL,Homotopy Light Shrinkage (2000 iters),"(1500,3125]",76874,0.8679284770989038,-0.03217968008843372,0.886561043275087
RAD_OPERA_HOURLY_RAINFALL_ACCUMULATION_202301180600_patch000,OPT_NORM_VIRTUAL_HOMOTOPY_CONST_INIT_LONG_LIGHT_JTOTAL,Homotopy Light Shrinkage (2000 iters),"(3125,6000]",38395,0.9874793938082086,-0.04330875496951875,0.8056199692244069
RAD_OPERA_HOURLY_RAINFALL_ACCUMULATION_202301180600_patch000,OPT_NORM_VIRTUAL_HOMOTOPY_CONST_INIT_LONG_LIGHT_JTOTAL,Homotopy Light Shrinkage (2000 iters),"(6000,9000]",4984,0.7470001484924871,0.16217917825781514,0.5110619236041426
RAD_OPERA_HOURLY_RAINFALL_ACCUMULATION_202301180600_patch000,OPT_NORM_VIRTUAL_HOMOTOPY_CONST_INIT_LONG_LIGHT_JTOTAL,Homotopy Light Shrinkage (2000 iters),>9000,1093,0.5245913177775308,0.05415719611210661,-0.6576093234020235
RAD_OPERA_HOURLY_RAINFALL_ACCUMULATION_202301180900_patch002,OPT_NORM_VIRTUAL_HOMOTOPY_CONST_INIT_LONG_LIGHT_JTOTAL,Homotopy Light Shrinkage (2000 iters),≤125,3902,0.266247654347311,0.005888981249893631,0.9916852082933423
RAD_OPERA_HOURLY_RAINFALL_ACCUMULATION_202301180900_patch002,OPT_NORM_VIRTUAL_HOMOTOPY_CONST_INIT_LONG_LIGHT_JTOTAL,Homotopy Light Shrinkage (2000 iters),"(125,375]",15131,0.3364593997920777,-0.000906009827690424,0.9866263085248171
RAD_OPERA_HOURLY_RAINFALL_ACCUMULATION_202301180900_patch002,OPT_NORM_VIRTUAL_HOMOTOPY_CONST_INIT_LONG_LIGHT_JTOTAL,Homotopy Light Shrinkage (2000 iters),"(375,750]",22331,0.42956681397764673,0.006261576574708573,0.9778140549296702
RAD_OPERA_HOURLY_RAINFALL_ACCUMULATION_202301180900_patch002,OPT_NORM_VIRTUAL_HOMOTOPY_CONST_INIT_LONG_LIGHT_JTOTAL,Homotopy Light Shrinkage (2000 iters),"(750,1500]",41053,0.5562607293659432,-0.0127201296851778,0.9632233651685245
RAD_OPERA_HOURLY_RAINFALL_ACCUMULATION_202301180900_patch002,OPT_NORM_VIRTUAL_HOMOTOPY_CONST_INIT_LONG_LIGHT_JTOTAL,Homotopy Light Shrinkage (2000 iters),"(1500,3125]",69051,0.8688287397629274,-0.17182039805205507,0.9338579886310923
RAD_OPERA_HOURLY_RAINFALL_ACCUMULATION_202301180900_patch002,OPT_NORM_VIRTUAL_HOMOTOPY_CONST_INIT_LONG_LIGHT_JTOTAL,Homotopy Light Shrinkage (2000 iters),"(3125,6000]",34633,1.7288046856916655,-0.42811450634794446,0.8004455761958055
RAD_OPERA_HOURLY_RAINFALL_ACCUMULATION_202301180900_patch002,OPT_NORM_VIRTUAL_HOMOTOPY_CONST_INIT_LONG_LIGHT_JTOTAL,Homotopy Light Shrinkage (2000 iters),"(6000,9000]",4806,1.8148987699524766,0.6111167015951968,-0.16162186037760895
RAD_OPERA_HOURLY_RAINFALL_ACCUMULATION_202301180900_patch002,OPT_NORM_VIRTUAL_HOMOTOPY_CONST_INIT_LONG_LIGHT_JTOTAL,Homotopy Light Shrinkage (2000 iters),>9000,1093,2.084529959056052,-0.41075242089221814,0.016348938881029545
RAD_OPERA_HOURLY_RAINFALL_ACCUMULATION_202301181200_patch003,OPT_NORM_VIRTUAL_HOMOTOPY_CONST_INIT_LONG_LIGHT_JTOTAL,Homotopy Light Shrinkage (2000 iters),≤125,3836,0.3389617448417429,0.004181956534266154,0.9883477749182663
RAD_OPERA_HOURLY_RAINFALL_ACCUMULATION_202301181200_patch003,OPT_NORM_VIRTUAL_HOMOTOPY_CONST_INIT_LONG_LIGHT_JTOTAL,Homotopy Light Shrinkage (2000 iters),"(125,375]",15470,0.35742395576999797,0.0027077714636868904,0.9828810091065828
RAD_OPERA_HOURLY_RAINFALL_ACCUMULATION_202301181200_patch003,OPT_NORM_VIRTUAL_HOMOTOPY_CONST_INIT_LONG_LIGHT_JTOTAL,Homotopy Light Shrinkage (2000 iters),"(375,750]",24747,0.426498864332994,-0.02116783509456022,0.9724138060889179
RAD_OPERA_HOURLY_RAINFALL_ACCUMULATION_202301181200_patch003,OPT_NORM_VIRTUAL_HOMOTOPY_CONST_INIT_LONG_LIGHT_JTOTAL,Homotopy Light Shrinkage (2000 iters),"(750,1500]",46358,0.5838797199832068,-0.019621623675857944,0.950579758020535
RAD_OPERA_HOURLY_RAINFALL_ACCUMULATION_202301181200_patch003,OPT_NORM_VIRTUAL_HOMOTOPY_CONST_INIT_LONG_LIGHT_JTOTAL,Homotopy Light Shrinkage (2000 iters),"(1500,3125]",72954,0.8081417177295143,0.10730074519580113,0.9126961544103012
RAD_OPERA_HOURLY_RAINFALL_ACCUMULATION_202301181200_patch003,OPT_NORM_VIRTUAL_HOMOTOPY_CONST_INIT_LONG_LIGHT_JTOTAL,Homotopy Light Shrinkage (2000 iters),"(3125,6000]",38442,0.9378431505247635,0.291605854846311,0.8668054578368399
RAD_OPERA_HOURLY_RAINFALL_ACCUMULATION_202301181200_patch003,OPT_NORM_VIRTUAL_HOMOTOPY_CONST_INIT_LONG_LIGHT_JTOTAL,Homotopy Light Shrinkage (2000 iters),"(6000,9000]",2993,0.8043450916096558,-0.03364774905396591,0.6731418979400495
RAD_OPERA_HOURLY_RAINFALL_ACCUMULATION_202301181300_patch002,OPT_NORM_VIRTUAL_HOMOTOPY_CONST_INIT_LONG_LIGHT_JTOTAL,Homotopy Light Shrinkage (2000 iters),≤125,4067,0.184139199949207,0.0024347880679792522,0.9881927284540031
RAD_OPERA_HOURLY_RAINFALL_ACCUMULATION_202301181300_patch002,OPT_NORM_VIRTUAL_HOMOTOPY_CONST_INIT_LONG_LIGHT_JTOTAL,Homotopy Light Shrinkage (2000 iters),"(125,375]",16278,0.211368081756865,0.00037179642512209804,0.9836625447389983
RAD_OPERA_HOURLY_RAINFALL_ACCUMULATION_202301181300_patch002,OPT_NORM_VIRTUAL_HOMOTOPY_CONST_INIT_LONG_LIGHT_JTOTAL,Homotopy Light Shrinkage (2000 iters),"(375,750]",25812,0.29223194838417554,-0.009722188482280113,0.9593385367608592
RAD_OPERA_HOURLY_RAINFALL_ACCUMULATION_202301181300_patch002,OPT_NORM_VIRTUAL_HOMOTOPY_CONST_INIT_LONG_LIGHT_JTOTAL,Homotopy Light Shrinkage (2000 iters),"(750,1500]",48116,0.37740064059460987,-0.012499890052744036,0.9312482598608497
RAD_OPERA_HOURLY_RAINFALL_ACCUMULATION_202301181300_patch002,OPT_NORM_VIRTUAL_HOMOTOPY_CONST_INIT_LONG_LIGHT_JTOTAL,Homotopy Light Shrinkage (2000 iters),"(1500,3125]",75981,0.5182554861095908,-0.022015707133008697,0.8738805250980016
RAD_OPERA_HOURLY_RAINFALL_ACCUMULATION_202301181300_patch002,OPT_NORM_VIRTUAL_HOMOTOPY_CONST_INIT_LONG_LIGHT_JTOTAL,Homotopy Light Shrinkage (2000 iters),"(3125,6000]",35618,0.4246194394977421,0.029223150704669968,0.8289938755819634
RAD_OPERA_HOURLY_RAINFALL_ACCUMULATION_202301181300_patch002,OPT_NORM_VIRTUAL_HOMOTOPY_CONST_INIT_LONG_LIGHT_JTOTAL,Homotopy Light Shrinkage (2000 iters),"(6000,9000]",1488,0.36988046821627546,0.07231977325613781,0.7879414950684571
RAD_OPERA_HOURLY_RAINFALL_ACCUMULATION_202301181900_patch000,OPT_NORM_VIRTUAL_HOMOTOPY_CONST_INIT_LONG_LIGHT_JTOTAL,Homotopy Light Shrinkage (2000 iters),≤125,5288,0.10990508335693482,0.0023062085527109488,0.9953898151058347
RAD_OPERA_HOURLY_RAINFALL_ACCUMULATION_202301181900_patch000,OPT_NORM_VIRTUAL_HOMOTOPY_CONST_INIT_LONG_LIGHT_JTOTAL,Homotopy Light Shrinkage (2000 iters),"(125,375]",20528,0.14307918519933646,-0.0002308471232873336,0.992770670436247
RAD_OPERA_HOURLY_RAINFALL_ACCUMULATION_202301181900_patch000,OPT_NORM_VIRTUAL_HOMOTOPY_CONST_INIT_LONG_LIGHT_JTOTAL,Homotopy Light Shrinkage (2000 iters),"(375,750]",32454,0.18195846473081478,-0.000539379158680163,0.9896985926135169
RAD_OPERA_HOURLY_RAINFALL_ACCUMULATION_202301181900_patch000,OPT_NORM_VIRTUAL_HOMOTOPY_CONST_INIT_LONG_LIGHT_JTOTAL,Homotopy Light Shrinkage (2000 iters),"(750,1500]",61361,0.23755083390282555,-0.01128944134935053,0.9845754971483958
RAD_OPERA_HOURLY_RAINFALL_ACCUMULATION_202301181900_patch000,OPT_NORM_VIRTUAL_HOMOTOPY_CONST_INIT_LONG_LIGHT_JTOTAL,Homotopy Light Shrinkage (2000 iters),"(1500,3125]",101172,0.34283248134358063,-0.022300766527126047,0.9694699099857325
RAD_OPERA_HOURLY_RAINFALL_ACCUMULATION_202301181900_patch000,OPT_NORM_VIRTUAL_HOMOTOPY_CONST_INIT_LONG_LIGHT_JTOTAL,Homotopy Light Shrinkage (2000 iters),"(3125,6000]",52907,0.40381801444372495,-0.024239540293026673,0.9584446938143251
RAD_OPERA_HOURLY_RAINFALL_ACCUMULATION_202301181900_patch000,OPT_NORM_VIRTUAL_HOMOTOPY_CONST_INIT_LONG_LIGHT_JTOTAL,Homotopy Light Shrinkage (2000 iters),"(6000,9000]",3681,0.26372708370374504,0.12378178009420787,0.9791304964933135
RAD_OPERA_HOURLY_RAINFALL_ACCUMULATION_202301181900_patch000,OPT_NORM_VIRTUAL_HOMOTOPY_CONST_INIT_LONG_LIGHT_JTOTAL,Homotopy Light Shrinkage (2000 iters),>9000,369,0.10145174580711677,0.10130202350254627,0.43026349144425685
RAD_OPERA_HOURLY_RAINFALL_ACCUMULATION_202301190000_patch000,OPT_NORM_VIRTUAL_HOMOTOPY_CONST_INIT_LONG_LIGHT_JTOTAL,Homotopy Light Shrinkage (2000 iters),≤125,4743,0.13417154074536675,0.0035793256362530593,0.9977566514587101
RAD_OPERA_HOURLY_RAINFALL_ACCUMULATION_202301190000_patch000,OPT_NORM_VIRTUAL_HOMOTOPY_CONST_INIT_LONG_LIGHT_JTOTAL,Homotopy Light Shrinkage (2000 iters),"(125,375]",19207,0.17049329042283554,-0.004178663906862655,0.996202224284703
RAD_OPERA_HOURLY_RAINFALL_ACCUMULATION_202301190000_patch000,OPT_NORM_VIRTUAL_HOMOTOPY_CONST_INIT_LONG_LIGHT_JTOTAL,Homotopy Light Shrinkage (2000 iters),"(375,750]",31346,0.22569360908689914,0.0003695393395105957,0.9932276502971941
RAD_OPERA_HOURLY_RAINFALL_ACCUMULATION_202301190000_patch000,OPT_NORM_VIRTUAL_HOMOTOPY_CONST_INIT_LONG_LIGHT_JTOTAL,Homotopy Light Shrinkage (2000 iters),"(750,1500]",61078,0.28315071505534123,0.019682895748252785,0.9877592693741152
RAD_OPERA_HOURLY_RAINFALL_ACCUMULATION_202301190000_patch000,OPT_NORM_VIRTUAL_HOMOTOPY_CONST_INIT_LONG_LIGHT_JTOTAL,Homotopy Light Shrinkage (2000 iters),"(1500,3125]",101514,0.3962726096808276,0.03969533192159521,0.9715030731198824
RAD_OPERA_HOURLY_RAINFALL_ACCUMULATION_202301190000_patch000,OPT_NORM_VIRTUAL_HOMOTOPY_CONST_INIT_LONG_LIGHT_JTOTAL,Homotopy Light Shrinkage (2000 iters),"(3125,6000]",51996,0.5271188736278726,0.11596608844681221,0.9394906816734677
RAD_OPERA_HOURLY_RAINFALL_ACCUMULATION_202301190000_patch000,OPT_NORM_VIRTUAL_HOMOTOPY_CONST_INIT_LONG_LIGHT_JTOTAL,Homotopy Light Shrinkage (2000 iters),"(6000,9000]",5503,0.5674014919608014,0.3402300623467071,0.7725004996708869
RAD_OPERA_HOURLY_RAINFALL_ACCUMULATION_202301190000_patch000,OPT_NORM_VIRTUAL_HOMOTOPY_CONST_INIT_LONG_LIGHT_JTOTAL,Homotopy Light Shrinkage (2000 iters),>9000,1093,0.9376084161215412,0.9179232002722486,0.36885980889657427
RAD_OPERA_HOURLY_RAINFALL_ACCUMULATION_202301190300_patch000,OPT_NORM_VIRTUAL_HOMOTOPY_CONST_INIT_LONG_LIGHT_JTOTAL,Homotopy Light Shrinkage (2000 iters),≤125,5625,0.2613709385482284,0.0016115956836276583,0.9899038562484375
RAD_OPERA_HOURLY_RAINFALL_ACCUMULATION_202301190300_patch000,OPT_NORM_VIRTUAL_HOMOTOPY_CONST_INIT_LONG_LIGHT_JTOTAL,Homotopy Light Shrinkage (2000 iters),"(125,375]",22142,0.29447028371955614,0.006436777224160395,0.9861423770267289
RAD_OPERA_HOURLY_RAINFALL_ACCUMULATION_202301190300_patch000,OPT_NORM_VIRTUAL_HOMOTOPY_CONST_INIT_LONG_LIGHT_JTOTAL,Homotopy Light Shrinkage (2000 iters),"(375,750]",36071,0.37696461268883147,0.007325816743073988,0.9791316777520588
RAD_OPERA_HOURLY_RAINFALL_ACCUMULATION_202301190300_patch000,OPT_NORM_VIRTUAL_HOMOTOPY_CONST_INIT_LONG_LIGHT_JTOTAL,Homotopy Light Shrinkage (2000 iters),"(750,1500]",71147,0.49008494963488203,-0.006755888338914827,0.9622759974143722
RAD_OPERA_HOURLY_RAINFALL_ACCUMULATION_202301190300_patch000,OPT_NORM_VIRTUAL_HOMOTOPY_CONST_INIT_LONG_LIGHT_JTOTAL,Homotopy Light Shrinkage (2000 iters),"(1500,3125]",121319,0.6698798800070832,-0.057004370819509334,0.9356683678337789
RAD_OPERA_HOURLY_RAINFALL_ACCUMULATION_202301190300_patch000,OPT_NORM_VIRTUAL_HOMOTOPY_CONST_INIT_LONG_LIGHT_JTOTAL,Homotopy Light Shrinkage (2000 iters),"(3125,6000]",72157,0.9207903677285303,-0.06734086145957449,0.9069205124715536
RAD_OPERA_HOURLY_RAINFALL_ACCUMULATION_202301190300_patch000,OPT_NORM_VIRTUAL_HOMOTOPY_CONST_INIT_LONG_LIGHT_JTOTAL,Homotopy Light Shrinkage (2000 iters),"(6000,9000]",16588,1.0136265902191397,0.14879295209610005,0.7385557895745362
RAD_OPERA_HOURLY_RAINFALL_ACCUMULATION_202301190300_patch000,OPT_NORM_VIRTUAL_HOMOTOPY_CONST_INIT_LONG_LIGHT_JTOTAL,Homotopy Light Shrinkage (2000 iters),>9000,4391,1.0232213753747306,0.12565980661949736,0.5260465396047568
RAD_OPERA_HOURLY_RAINFALL_ACCUMULATION_202301190300_patch001,OPT_NORM_VIRTUAL_HOMOTOPY_CONST_INIT_LONG_LIGHT_JTOTAL,Homotopy Light Shrinkage (2000 iters),≤125,6138,0.3137183225513364,-0.010092472819479795,0.9869233892165399
RAD_OPERA_HOURLY_RAINFALL_ACCUMULATION_202301190300_patch001,OPT_NORM_VIRTUAL_HOMOTOPY_CONST_INIT_LONG_LIGHT_JTOTAL,Homotopy Light Shrinkage (2000 iters),"(125,375]",24392,0.33681869831214833,-0.0058439051488341845,0.9829456031129707
RAD_OPERA_HOURLY_RAINFALL_ACCUMULATION_202301190300_patch001,OPT_NORM_VIRTUAL_HOMOTOPY_CONST_INIT_LONG_LIGHT_JTOTAL,Homotopy Light Shrinkage (2000 iters),"(375,750]",39715,0.4174620836662332,0.006035126460427303,0.97106217819069
RAD_OPERA_HOURLY_RAINFALL_ACCUMULATION_202301190300_patch001,OPT_NORM_VIRTUAL_HOMOTOPY_CONST_INIT_LONG_LIGHT_JTOTAL,Homotopy Light Shrinkage (2000 iters),"(750,1500]",78272,0.5184773593065886,0.031473159491149,0.950673453520665
RAD_OPERA_HOURLY_RAINFALL_ACCUMULATION_202301190300_patch001,OPT_NORM_VIRTUAL_HOMOTOPY_CONST_INIT_LONG_LIGHT_JTOTAL,Homotopy Light Shrinkage (2000 iters),"(1500,3125]",134070,0.7477227056083084,0.02433962698281204,0.8979620337389905
RAD_OPERA_HOURLY_RAINFALL_ACCUMULATION_202301190300_patch001,OPT_NORM_VIRTUAL_HOMOTOPY_CONST_INIT_LONG_LIGHT_JTOTAL,Homotopy Light Shrinkage (2000 iters),"(3125,6000]",75249,0.9000949887500685,0.030482016725101667,0.8571901777638812
RAD_OPERA_HOURLY_RAINFALL_ACCUMULATION_202301190300_patch001,OPT_NORM_VIRTUAL_HOMOTOPY_CONST_INIT_LONG_LIGHT_JTOTAL,Homotopy Light Shrinkage (2000 iters),"(6000,9000]",6503,0.5303811073105065,0.20849671982583706,0.9452365112911927
RAD_OPERA_HOURLY_RAINFALL_ACCUMULATION_202301190300_patch001,OPT_NORM_VIRTUAL_HOMOTOPY_CONST_INIT_LONG_LIGHT_JTOTAL,Homotopy Light Shrinkage (2000 iters),>9000,1229,0.20720240363729336,0.20255170031424166,0.9696874218539473
RAD_OPERA_HOURLY_RAINFALL_ACCUMULATION_202301190700_patch000,OPT_NORM_VIRTUAL_HOMOTOPY_CONST_INIT_LONG_LIGHT_JTOTAL,Homotopy Light Shrinkage (2000 iters),≤125,6028,0.15276315310378905,-0.001783122173210763,0.9948016745629384
RAD_OPERA_HOURLY_RAINFALL_ACCUMULATION_202301190700_patch000,OPT_NORM_VIRTUAL_HOMOTOPY_CONST_INIT_LONG_LIGHT_JTOTAL,Homotopy Light Shrinkage (2000 iters),"(125,375]",23900,0.1771371861242957,0.0016617464981817302,0.9931492452745907
RAD_OPERA_HOURLY_RAINFALL_ACCUMULATION_202301190700_patch000,OPT_NORM_VIRTUAL_HOMOTOPY_CONST_INIT_LONG_LIGHT_JTOTAL,Homotopy Light Shrinkage (2000 iters),"(375,750]",38804,0.24993070279077303,-0.009886476816163088,0.9877273330577901
RAD_OPERA_HOURLY_RAINFALL_ACCUMULATION_202301190700_patch000,OPT_NORM_VIRTUAL_HOMOTOPY_CONST_INIT_LONG_LIGHT_JTOTAL,Homotopy Light Shrinkage (2000 iters),"(750,1500]",75204,0.3289651722611631,0.0005194593834598663,0.978641478960349
RAD_OPERA_HOURLY_RAINFALL_ACCUMULATION_202301190700_patch000,OPT_NORM_VIRTUAL_HOMOTOPY_CONST_INIT_LONG_LIGHT_JTOTAL,Homotopy Light Shrinkage (2000 iters),"(1500,3125]",129043,0.43852396546456957,0.047663098758824775,0.9635722800313427
RAD_OPERA_HOURLY_RAINFALL_ACCUMULATION_202301190700_patch000,OPT_NORM_VIRTUAL_HOMOTOPY_CONST_INIT_LONG_LIGHT_JTOTAL,Homotopy Light Shrinkage (2000 iters),"(3125,6000]",74735,0.584817010078616,0.06735499867501606,0.9229178554157871
RAD_OPERA_HOURLY_RAINFALL_ACCUMULATION_202301190700_patch000,OPT_NORM_VIRTUAL_HOMOTOPY_CONST_INIT_LONG_LIGHT_JTOTAL,Homotopy Light Shrinkage (2000 iters),"(6000,9000]",6675,0.7929881325618015,-0.3073830079959796,0.7984600905476443
RAD_OPERA_HOURLY_RAINFALL_ACCUMULATION_202301190700_patch000,OPT_NORM_VIRTUAL_HOMOTOPY_CONST_INIT_LONG_LIGHT_JTOTAL,Homotopy Light Shrinkage (2000 iters),>9000,427,1.0286177035291302,-0.6384081847494604,0.1943765994628571
RAD_OPERA_HOURLY_RAINFALL_ACCUMULATION_202301190800_patch001,OPT_NORM_VIRTUAL_HOMOTOPY_CONST_INIT_LONG_LIGHT_JTOTAL,Homotopy Light Shrinkage (2000 iters),≤125,4739,0.23567841367315867,0.0003246565607434764,0.9853801342570782
RAD_OPERA_HOURLY_RAINFALL_ACCUMULATION_202301190800_patch001,OPT_NORM_VIRTUAL_HOMOTOPY_CONST_INIT_LONG_LIGHT_JTOTAL,Homotopy Light Shrinkage (2000 iters),"(125,375]",17811,0.27952324496674685,-0.0020369860420970777,0.9777934515867566
RAD_OPERA_HOURLY_RAINFALL_ACCUMULATION_202301190800_patch001,OPT_NORM_VIRTUAL_HOMOTOPY_CONST_INIT_LONG_LIGHT_JTOTAL,Homotopy Light Shrinkage (2000 iters),"(375,750]",26584,0.37489981210752216,0.003405468628649033,0.9636714580452644
RAD_OPERA_HOURLY_RAINFALL_ACCUMULATION_202301190800_patch001,OPT_NORM_VIRTUAL_HOMOTOPY_CONST_INIT_LONG_LIGHT_JTOTAL,Homotopy Light Shrinkage (2000 iters),"(750,1500]",49607,0.5059090294366273,0.04671217925501285,0.9411081389126523
RAD_OPERA_HOURLY_RAINFALL_ACCUMULATION_202301190800_patch001,OPT_NORM_VIRTUAL_HOMOTOPY_CONST_INIT_LONG_LIGHT_JTOTAL,Homotopy Light Shrinkage (2000 iters),"(1500,3125]",84697,0.8458701719977577,0.08565233914980533,0.8810428554728291
RAD_OPERA_HOURLY_RAINFALL_ACCUMULATION_202301190800_patch001,OPT_NORM_VIRTUAL_HOMOTOPY_CONST_INIT_LONG_LIGHT_JTOTAL,Homotopy Light Shrinkage (2000 iters),"(3125,6000]",49616,1.2833436634154174,0.024548381931001007,0.8290819033242112
RAD_OPERA_HOURLY_RAINFALL_ACCUMULATION_202301190800_patch001,OPT_NORM_VIRTUAL_HOMOTOPY_CONST_INIT_LONG_LIGHT_JTOTAL,Homotopy Light Shrinkage (2000 iters),"(6000,9000]",11038,0.9426793036154585,-0.21650532047306634,0.716301999575088
RAD_OPERA_HOURLY_RAINFALL_ACCUMULATION_202301190800_patch001,OPT_NORM_VIRTUAL_HOMOTOPY_CONST_INIT_LONG_LIGHT_JTOTAL,Homotopy Light Shrinkage (2000 iters),>9000,5508,1.8119481768134107,-1.5468986339450488,0.6290148223341551
RAD_OPERA_HOURLY_RAINFALL_ACCUMULATION_202301190800_patch002,OPT_NORM_VIRTUAL_HOMOTOPY_CONST_INIT_LONG_LIGHT_JTOTAL,Homotopy Light Shrinkage (2000 iters),≤125,4948,1.0862189473429806,-0.018037190191951928,0.9809868542967012
RAD_OPERA_HOURLY_RAINFALL_ACCUMULATION_202301190800_patch002,OPT_NORM_VIRTUAL_HOMOTOPY_CONST_INIT_LONG_LIGHT_JTOTAL,Homotopy Light Shrinkage (2000 iters),"(125,375]",19069,1.1684696240927004,0.03225664689882804,0.97825721694315
RAD_OPERA_HOURLY_RAINFALL_ACCUMULATION_202301190800_patch002,OPT_NORM_VIRTUAL_HOMOTOPY_CONST_INIT_LONG_LIGHT_JTOTAL,Homotopy Light Shrinkage (2000 iters),"(375,750]",29951,1.3404685680718844,0.024611134735479653,0.974488309597267
RAD_OPERA_HOURLY_RAINFALL_ACCUMULATION_202301190800_patch002,OPT_NORM_VIRTUAL_HOMOTOPY_CONST_INIT_LONG_LIGHT_JTOTAL,Homotopy Light Shrinkage (2000 iters),"(750,1500]",56000,1.7548293063790366,0.03818923016616294,0.9578072446656495
RAD_OPERA_HOURLY_RAINFALL_ACCUMULATION_202301190800_patch002,OPT_NORM_VIRTUAL_HOMOTOPY_CONST_INIT_LONG_LIGHT_JTOTAL,Homotopy Light Shrinkage (2000 iters),"(1500,3125]",91858,2.581910561301287,0.2577536899476101,0.9127549188586237
RAD_OPERA_HOURLY_RAINFALL_ACCUMULATION_202301190800_patch002,OPT_NORM_VIRTUAL_HOMOTOPY_CONST_INIT_LONG_LIGHT_JTOTAL,Homotopy Light Shrinkage (2000 iters),"(3125,6000]",49656,2.856934141376689,0.5369639607811691,0.8693439901572957
RAD_OPERA_HOURLY_RAINFALL_ACCUMULATION_202301190800_patch002,OPT_NORM_VIRTUAL_HOMOTOPY_CONST_INIT_LONG_LIGHT_JTOTAL,Homotopy Light Shrinkage (2000 iters),"(6000,9000]",2462,0.6806961087023551,0.47719491230084105,0.9560151325610149
RAD_OPERA_HOURLY_RAINFALL_ACCUMULATION_202301190800_patch002,OPT_NORM_VIRTUAL_HOMOTOPY_CONST_INIT_LONG_LIGHT_JTOTAL,Homotopy Light Shrinkage (2000 iters),>9000,8,0.16004168121529375,0.16004151850938797,
RAD_OPERA_HOURLY_RAINFALL_ACCUMULATION_202301190900_patch001,OPT_NORM_VIRTUAL_HOMOTOPY_CONST_INIT_LONG_LIGHT_JTOTAL,Homotopy Light Shrinkage (2000 iters),≤125,4873,0.2118384520010279,0.0067222548074211495,0.9879922352057847
RAD_OPERA_HOURLY_RAINFALL_ACCUMULATION_202301190900_patch001,OPT_NORM_VIRTUAL_HOMOTOPY_CONST_INIT_LONG_LIGHT_JTOTAL,Homotopy Light Shrinkage (2000 iters),"(125,375]",18313,0.23487178808250553,-0.0073535635360291165,0.9847730790214244
RAD_OPERA_HOURLY_RAINFALL_ACCUMULATION_202301190900_patch001,OPT_NORM_VIRTUAL_HOMOTOPY_CONST_INIT_LONG_LIGHT_JTOTAL,Homotopy Light Shrinkage (2000 iters),"(375,750]",27719,0.3065492113656332,-0.004326517473391681,0.9761296118764545
RAD_OPERA_HOURLY_RAINFALL_ACCUMULATION_202301190900_patch001,OPT_NORM_VIRTUAL_HOMOTOPY_CONST_INIT_LONG_LIGHT_JTOTAL,Homotopy Light Shrinkage (2000 iters),"(750,1500]",51845,0.43786388418012356,0.00611709562788728,0.956044727087201
RAD_OPERA_HOURLY_RAINFALL_ACCUMULATION_202301190900_patch001,OPT_NORM_VIRTUAL_HOMOTOPY_CONST_INIT_LONG_LIGHT_JTOTAL,Homotopy Light Shrinkage (2000 iters),"(1500,3125]",88154,0.679134352633621,-0.027046206364504104,0.9078173753061908
RAD_OPERA_HOURLY_RAINFALL_ACCUMULATION_202301190900_patch001,OPT_NORM_VIRTUAL_HOMOTOPY_CONST_INIT_LONG_LIGHT_JTOTAL,Homotopy Light Shrinkage (2000 iters),"(3125,6000]",43325,0.8910574686250641,0.008495003007700591,0.8824283838994662
RAD_OPERA_HOURLY_RAINFALL_ACCUMULATION_202301190900_patch001,OPT_NORM_VIRTUAL_HOMOTOPY_CONST_INIT_LONG_LIGHT_JTOTAL,Homotopy Light Shrinkage (2000 iters),"(6000,9000]",779,0.9126491348250946,0.04476010202596368,-0.41037802880652097
RAD_OPERA_HOURLY_RAINFALL_ACCUMULATION_202301192000_patch000,OPT_NORM_VIRTUAL_HOMOTOPY_CONST_INIT_LONG_LIGHT_JTOTAL,Homotopy Light Shrinkage (2000 iters),≤125,5128,0.2317096183298468,-0.003794430808110421,0.9931201867587477
RAD_OPERA_HOURLY_RAINFALL_ACCUMULATION_202301192000_patch000,OPT_NORM_VIRTUAL_HOMOTOPY_CONST_INIT_LONG_LIGHT_JTOTAL,Homotopy Light Shrinkage (2000 iters),"(125,375]",21179,0.2736509561991332,0.001699326760334133,0.98958525834601
RAD_OPERA_HOURLY_RAINFALL_ACCUMULATION_202301192000_patch000,OPT_NORM_VIRTUAL_HOMOTOPY_CONST_INIT_LONG_LIGHT_JTOTAL,Homotopy Light Shrinkage (2000 iters),"(375,750]",35613,0.3534998007499053,0.01003076487730746,0.9805644761571394
RAD_OPERA_HOURLY_RAINFALL_ACCUMULATION_202301192000_patch000,OPT_NORM_VIRTUAL_HOMOTOPY_CONST_INIT_LONG_LIGHT_JTOTAL,Homotopy Light Shrinkage (2000 iters),"(750,1500]",73106,0.43973305361423226,0.011141351356715526,0.9695376190232298
RAD_OPERA_HOURLY_RAINFALL_ACCUMULATION_202301192000_patch000,OPT_NORM_VIRTUAL_HOMOTOPY_CONST_INIT_LONG_LIGHT_JTOTAL,Homotopy Light Shrinkage (2000 iters),"(1500,3125]",132462,0.5522802274284557,0.0534972317419609,0.9473228652342027
RAD_OPERA_HOURLY_RAINFALL_ACCUMULATION_202301192000_patch000,OPT_NORM_VIRTUAL_HOMOTOPY_CONST_INIT_LONG_LIGHT_JTOTAL,Homotopy Light Shrinkage (2000 iters),"(3125,6000]",68585,0.5722246144092304,0.12567865934404626,0.9337019451350586
RAD_OPERA_HOURLY_RAINFALL_ACCUMULATION_202301192000_patch000,OPT_NORM_VIRTUAL_HOMOTOPY_CONST_INIT_LONG_LIGHT_JTOTAL,Homotopy Light Shrinkage (2000 iters),"(6000,9000]",11329,0.5452166870643731,-0.10267501312380109,0.727476839066229
RAD_OPERA_HOURLY_RAINFALL_ACCUMULATION_202301192000_patch000,OPT_NORM_VIRTUAL_HOMOTOPY_CONST_INIT_LONG_LIGHT_JTOTAL,Homotopy Light Shrinkage (2000 iters),>9000,1782,0.8493250415175269,-0.36993246625034365,-0.23131361121156416
RAD_OPERA_HOURLY_RAINFALL_ACCUMULATION_202301200400_patch000,OPT_NORM_VIRTUAL_HOMOTOPY_CONST_INIT_LONG_LIGHT_JTOTAL,Homotopy Light Shrinkage (2000 iters),≤125,4653,0.06627848021003668,0.0025655885114737437,0.9962050628948961
RAD_OPERA_HOURLY_RAINFALL_ACCUMULATION_202301200400_patch000,OPT_NORM_VIRTUAL_HOMOTOPY_CONST_INIT_LONG_LIGHT_JTOTAL,Homotopy Light Shrinkage (2000 iters),"(125,375]",18817,0.07918678552596291,7.389857790932213e-05,0.994506094341096
RAD_OPERA_HOURLY_RAINFALL_ACCUMULATION_202301200400_patch000,OPT_NORM_VIRTUAL_HOMOTOPY_CONST_INIT_LONG_LIGHT_JTOTAL,Homotopy Light Shrinkage (2000 iters),"(375,750]",30187,0.09962394207097058,-0.0029888537395516596,0.9916871311746668
RAD_OPERA_HOURLY_RAINFALL_ACCUMULATION_202301200400_patch000,OPT_NORM_VIRTUAL_HOMOTOPY_CONST_INIT_LONG_LIGHT_JTOTAL,Homotopy Light Shrinkage (2000 iters),"(750,1500]",57992,0.12924092637673182,-0.0052919340147645185,0.986997388323126
RAD_OPERA_HOURLY_RAINFALL_ACCUMULATION_202301200400_patch000,OPT_NORM_VIRTUAL_HOMOTOPY_CONST_INIT_LONG_LIGHT_JTOTAL,Homotopy Light Shrinkage (2000 iters),"(1500,3125]",92124,0.18657647826818585,-0.0011456352416145306,0.9751456742330382
RAD_OPERA_HOURLY_RAINFALL_ACCUMULATION_202301200400_patch000,OPT_NORM_VIRTUAL_HOMOTOPY_CONST_INIT_LONG_LIGHT_JTOTAL,Homotopy Light Shrinkage (2000 iters),"(3125,6000]",45691,0.21497102517976924,0.03951932942702127,0.9551833691757867
RAD_OPERA_HOURLY_RAINFALL_ACCUMULATION_202301200400_patch000,OPT_NORM_VIRTUAL_HOMOTOPY_CONST_INIT_LONG_LIGHT_JTOTAL,Homotopy Light Shrinkage (2000 iters),"(6000,9000]",10365,0.22357112059363896,0.14917431283675697,0.9738820786477606
RAD_OPERA_HOURLY_RAINFALL_ACCUMULATION_202301200400_patch000,OPT_NORM_VIRTUAL_HOMOTOPY_CONST_INIT_LONG_LIGHT_JTOTAL,Homotopy Light Shrinkage (2000 iters),>9000,2059,0.26572449381097757,0.22062850206902213,0.9795628393770166
RAD_OPERA_HOURLY_RAINFALL_ACCUMULATION_202301200800_patch001,OPT_NORM_VIRTUAL_HOMOTOPY_CONST_INIT_LONG_LIGHT_JTOTAL,Homotopy Light Shrinkage (2000 iters),≤125,5792,0.13044268529072262,0.002464387448792711,0.9916046084994168
RAD_OPERA_HOURLY_RAINFALL_ACCUMULATION_202301200800_patch001,OPT_NORM_VIRTUAL_HOMOTOPY_CONST_INIT_LONG_LIGHT_JTOTAL,Homotopy Light Shrinkage (2000 iters),"(125,375]",22486,0.1441626870391342,-0.00028432198143761106,0.9904648671018834
RAD_OPERA_HOURLY_RAINFALL_ACCUMULATION_202301200800_patch001,OPT_NORM_VIRTUAL_HOMOTOPY_CONST_INIT_LONG_LIGHT_JTOTAL,Homotopy Light Shrinkage (2000 iters),"(375,750]",36877,0.1903033781784161,-0.005039023634405888,0.9863690231889027
RAD_OPERA_HOURLY_RAINFALL_ACCUMULATION_202301200800_patch001,OPT_NORM_VIRTUAL_HOMOTOPY_CONST_INIT_LONG_LIGHT_JTOTAL,Homotopy Light Shrinkage (2000 iters),"(750,1500]",73632,0.23969677303414239,-0.008269708635137821,0.9807914526242071
RAD_OPERA_HOURLY_RAINFALL_ACCUMULATION_202301200800_patch001,OPT_NORM_VIRTUAL_HOMOTOPY_CONST_INIT_LONG_LIGHT_JTOTAL,Homotopy Light Shrinkage (2000 iters),"(1500,3125]",126564,0.3583915666497028,0.03574692239365561,0.9670388542076339
RAD_OPERA_HOURLY_RAINFALL_ACCUMULATION_202301200800_patch001,OPT_NORM_VIRTUAL_HOMOTOPY_CONST_INIT_LONG_LIGHT_JTOTAL,Homotopy Light Shrinkage (2000 iters),"(3125,6000]",63958,0.5051329595409559,0.03535852711784529,0.9190671333331087
RAD_OPERA_HOURLY_RAINFALL_ACCUMULATION_202301200800_patch001,OPT_NORM_VIRTUAL_HOMOTOPY_CONST_INIT_LONG_LIGHT_JTOTAL,Homotopy Light Shrinkage (2000 iters),"(6000,9000]",2211,0.8873954197762075,0.1518776015640114,0.36591795672811694
RAD_OPERA_HOURLY_RAINFALL_ACCUMULATION_202301201300_patch000,OPT_NORM_VIRTUAL_HOMOTOPY_CONST_INIT_LONG_LIGHT_JTOTAL,Homotopy Light Shrinkage (2000 iters),≤125,3390,0.2718396527488384,0.005670985781689309,0.9833341656481637
RAD_OPERA_HOURLY_RAINFALL_ACCUMULATION_202301201300_patch000,OPT_NORM_VIRTUAL_HOMOTOPY_CONST_INIT_LONG_LIGHT_JTOTAL,Homotopy Light Shrinkage (2000 iters),"(125,375]",13291,0.3004396475518194,-0.002867632324454675,0.9816028975411977
RAD_OPERA_HOURLY_RAINFALL_ACCUMULATION_202301201300_patch000,OPT_NORM_VIRTUAL_HOMOTOPY_CONST_INIT_LONG_LIGHT_JTOTAL,Homotopy Light Shrinkage (2000 iters),"(375,750]",19563,0.37286855754035286,-0.012533155920461284,0.9746079169893209
RAD_OPERA_HOURLY_RAINFALL_ACCUMULATION_202301201300_patch000,OPT_NORM_VIRTUAL_HOMOTOPY_CONST_INIT_LONG_LIGHT_JTOTAL,Homotopy Light Shrinkage (2000 iters),"(750,1500]",36286,0.5312778788742097,-0.04994258056078292,0.958539992585252
RAD_OPERA_HOURLY_RAINFALL_ACCUMULATION_202301201300_patch000,OPT_NORM_VIRTUAL_HOMOTOPY_CONST_INIT_LONG_LIGHT_JTOTAL,Homotopy Light Shrinkage (2000 iters),"(1500,3125]",59850,0.8126247185488127,-0.0726057241494793,0.9205784551352676
RAD_OPERA_HOURLY_RAINFALL_ACCUMULATION_202301201300_patch000,OPT_NORM_VIRTUAL_HOMOTOPY_CONST_INIT_LONG_LIGHT_JTOTAL,Homotopy Light Shrinkage (2000 iters),"(3125,6000]",31192,0.841620825377678,0.014181336489747077,0.9081522261416958
RAD_OPERA_HOURLY_RAINFALL_ACCUMULATION_202301201300_patch000,OPT_NORM_VIRTUAL_HOMOTOPY_CONST_INIT_LONG_LIGHT_JTOTAL,Homotopy Light Shrinkage (2000 iters),"(6000,9000]",2828,0.7508965632202059,0.5135468392931926,0.721001469152774
RAD_OPERA_HOURLY_RAINFALL_ACCUMULATION_202301201600_patch002,OPT_NORM_VIRTUAL_HOMOTOPY_CONST_INIT_LONG_LIGHT_JTOTAL,Homotopy Light Shrinkage (2000 iters),≤125,3270,0.10917298043634886,0.0029387914077222163,0.9934258341322483
RAD_OPERA_HOURLY_RAINFALL_ACCUMULATION_202301201600_patch002,OPT_NORM_VIRTUAL_HOMOTOPY_CONST_INIT_LONG_LIGHT_JTOTAL,Homotopy Light Shrinkage (2000 iters),"(125,375]",12789,0.12790557438852102,0.0022198285440571267,0.991001926582881
RAD_OPERA_HOURLY_RAINFALL_ACCUMULATION_202301201600_patch002,OPT_NORM_VIRTUAL_HOMOTOPY_CONST_INIT_LONG_LIGHT_JTOTAL,Homotopy Light Shrinkage (2000 iters),"(375,750]",19079,0.17783089575996713,0.007952644918829561,0.9842925108953338
RAD_OPERA_HOURLY_RAINFALL_ACCUMULATION_202301201600_patch002,OPT_NORM_VIRTUAL_HOMOTOPY_CONST_INIT_LONG_LIGHT_JTOTAL,Homotopy Light Shrinkage (2000 iters),"(750,1500]",35634,0.23467707185665387,0.00546782403279416,0.9757347900974443
RAD_OPERA_HOURLY_RAINFALL_ACCUMULATION_202301201600_patch002,OPT_NORM_VIRTUAL_HOMOTOPY_CONST_INIT_LONG_LIGHT_JTOTAL,Homotopy Light Shrinkage (2000 iters),"(1500,3125]",58364,0.3320939195699895,-0.0004341166432517737,0.9570455205094022
RAD_OPERA_HOURLY_RAINFALL_ACCUMULATION_202301201600_patch002,OPT_NORM_VIRTUAL_HOMOTOPY_CONST_INIT_LONG_LIGHT_JTOTAL,Homotopy Light Shrinkage (2000 iters),"(3125,6000]",29778,0.3810372000009311,0.11818593590340738,0.9279818332340275
RAD_OPERA_HOURLY_RAINFALL_ACCUMULATION_202301201600_patch002,OPT_NORM_VIRTUAL_HOMOTOPY_CONST_INIT_LONG_LIGHT_JTOTAL,Homotopy Light Shrinkage (2000 iters),"(6000,9000]",1086,0.5887480954859975,-0.020431113067472396,0.7272492114125226
RAD_OPERA_HOURLY_RAINFALL_ACCUMULATION_202301210300_patch000,OPT_NORM_VIRTUAL_HOMOTOPY_CONST_INIT_LONG_LIGHT_JTOTAL,Homotopy Light Shrinkage (2000 iters),≤125,4759,1.3367114707691123,0.0036114515399417895,0.9380557380448453
RAD_OPERA_HOURLY_RAINFALL_ACCUMULATION_202301210300_patch000,OPT_NORM_VIRTUAL_HOMOTOPY_CONST_INIT_LONG_LIGHT_JTOTAL,Homotopy Light Shrinkage (2000 iters),"(125,375]",19284,1.1194802444007903,-0.013839617220011582,0.9562819606036301
RAD_OPERA_HOURLY_RAINFALL_ACCUMULATION_202301210300_patch000,OPT_NORM_VIRTUAL_HOMOTOPY_CONST_INIT_LONG_LIGHT_JTOTAL,Homotopy Light Shrinkage (2000 iters),"(375,750]",31010,1.2231300490802468,-0.019357865910734476,0.9481611199379251
RAD_OPERA_HOURLY_RAINFALL_ACCUMULATION_202301210300_patch000,OPT_NORM_VIRTUAL_HOMOTOPY_CONST_INIT_LONG_LIGHT_JTOTAL,Homotopy Light Shrinkage (2000 iters),"(750,1500]",60712,1.7956277470511635,-0.053745683211440076,0.9110345998392676
RAD_OPERA_HOURLY_RAINFALL_ACCUMULATION_202301210300_patch000,OPT_NORM_VIRTUAL_HOMOTOPY_CONST_INIT_LONG_LIGHT_JTOTAL,Homotopy Light Shrinkage (2000 iters),"(1500,3125]",96412,3.6852818257681976,-0.1557301119948908,0.7963652320667439
RAD_OPERA_HOURLY_RAINFALL_ACCUMULATION_202301210300_patch000,OPT_NORM_VIRTUAL_HOMOTOPY_CONST_INIT_LONG_LIGHT_JTOTAL,Homotopy Light Shrinkage (2000 iters),"(3125,6000]",45122,4.435118598820954,-0.24619303867924994,0.7268895344895908
RAD_OPERA_HOURLY_RAINFALL_ACCUMULATION_202301210300_patch000,OPT_NORM_VIRTUAL_HOMOTOPY_CONST_INIT_LONG_LIGHT_JTOTAL,Homotopy Light Shrinkage (2000 iters),"(6000,9000]",9644,2.0839638800145095,0.14597668537363853,0.6095430622464905
RAD_OPERA_HOURLY_RAINFALL_ACCUMULATION_202301210300_patch000,OPT_NORM_VIRTUAL_HOMOTOPY_CONST_INIT_LONG_LIGHT_JTOTAL,Homotopy Light Shrinkage (2000 iters),>9000,2881,2.2868502510675808,0.3502331719498116,-0.5832214550662411
RAD_OPERA_HOURLY_RAINFALL_ACCUMULATION_202301210800_patch002,OPT_NORM_VIRTUAL_HOMOTOPY_CONST_INIT_LONG_LIGHT_JTOTAL,Homotopy Light Shrinkage (2000 iters),≤125,5965,0.8984028545149578,0.019069506608636634,0.9775742806933696
RAD_OPERA_HOURLY_RAINFALL_ACCUMULATION_202301210800_patch002,OPT_NORM_VIRTUAL_HOMOTOPY_CONST_INIT_LONG_LIGHT_JTOTAL,Homotopy Light Shrinkage (2000 iters),"(125,375]",23267,0.931089558949836,0.013033809705792801,0.9775678483050143
RAD_OPERA_HOURLY_RAINFALL_ACCUMULATION_202301210800_patch002,OPT_NORM_VIRTUAL_HOMOTOPY_CONST_INIT_LONG_LIGHT_JTOTAL,Homotopy Light Shrinkage (2000 iters),"(375,750]",38413,1.1510011174007084,0.007361034742215038,0.9736643091118046
RAD_OPERA_HOURLY_RAINFALL_ACCUMULATION_202301210800_patch002,OPT_NORM_VIRTUAL_HOMOTOPY_CONST_INIT_LONG_LIGHT_JTOTAL,Homotopy Light Shrinkage (2000 iters),"(750,1500]",76851,1.4692406681373278,-0.035712968253178067,0.9674452787973675
RAD_OPERA_HOURLY_RAINFALL_ACCUMULATION_202301210800_patch002,OPT_NORM_VIRTUAL_HOMOTOPY_CONST_INIT_LONG_LIGHT_JTOTAL,Homotopy Light Shrinkage (2000 iters),"(1500,3125]",134773,1.8706379988191741,-0.12288815505339515,0.9541814644084
RAD_OPERA_HOURLY_RAINFALL_ACCUMULATION_202301210800_patch002,OPT_NORM_VIRTUAL_HOMOTOPY_CONST_INIT_LONG_LIGHT_JTOTAL,Homotopy Light Shrinkage (2000 iters),"(3125,6000]",67483,1.5925917810368913,0.029531001229237883,0.9335305219723409
RAD_OPERA_HOURLY_RAINFALL_ACCUMULATION_202301210800_patch002,OPT_NORM_VIRTUAL_HOMOTOPY_CONST_INIT_LONG_LIGHT_JTOTAL,Homotopy Light Shrinkage (2000 iters),"(6000,9000]",3454,0.7303289457723658,0.07386478518531223,0.9896721544605578
RAD_OPERA_HOURLY_RAINFALL_ACCUMULATION_202301210800_patch002,OPT_NORM_VIRTUAL_HOMOTOPY_CONST_INIT_LONG_LIGHT_JTOTAL,Homotopy Light Shrinkage (2000 iters),>9000,2,0.3782926979920086,0.37829266488552094,
RAD_OPERA_HOURLY_RAINFALL_ACCUMULATION_202301210900_patch000,OPT_NORM_VIRTUAL_HOMOTOPY_CONST_INIT_LONG_LIGHT_JTOTAL,Homotopy Light Shrinkage (2000 iters),≤125,6233,1.0310082061136674,0.027589615565974546,0.9891340644445152
RAD_OPERA_HOURLY_RAINFALL_ACCUMULATION_202301210900_patch000,OPT_NORM_VIRTUAL_HOMOTOPY_CONST_INIT_LONG_LIGHT_JTOTAL,Homotopy Light Shrinkage (2000 iters),"(125,375]",24491,1.1891691609426298,-0.02148966796532336,0.9861750083501929
RAD_OPERA_HOURLY_RAINFALL_ACCUMULATION_202301210900_patch000,OPT_NORM_VIRTUAL_HOMOTOPY_CONST_INIT_LONG_LIGHT_JTOTAL,Homotopy Light Shrinkage (2000 iters),"(375,750]",41092,1.341559928208865,-0.014560337488568555,0.9809801422246489
RAD_OPERA_HOURLY_RAINFALL_ACCUMULATION_202301210900_patch000,OPT_NORM_VIRTUAL_HOMOTOPY_CONST_INIT_LONG_LIGHT_JTOTAL,Homotopy Light Shrinkage (2000 iters),"(750,1500]",84004,1.534352989267579,0.05153585906497267,0.9741171877496395
RAD_OPERA_HOURLY_RAINFALL_ACCUMULATION_202301210900_patch000,OPT_NORM_VIRTUAL_HOMOTOPY_CONST_INIT_LONG_LIGHT_JTOTAL,Homotopy Light Shrinkage (2000 iters),"(1500,3125]",151272,1.8579858847924149,0.09125991933190937,0.965278728416427
RAD_OPERA_HOURLY_RAINFALL_ACCUMULATION_202301210900_patch000,OPT_NORM_VIRTUAL_HOMOTOPY_CONST_INIT_LONG_LIGHT_JTOTAL,Homotopy Light Shrinkage (2000 iters),"(3125,6000]",82886,2.0159897496695836,-0.014787008898825312,0.9668425979788808
RAD_OPERA_HOURLY_RAINFALL_ACCUMULATION_202301210900_patch000,OPT_NORM_VIRTUAL_HOMOTOPY_CONST_INIT_LONG_LIGHT_JTOTAL,Homotopy Light Shrinkage (2000 iters),"(6000,9000]",7812,1.7633845073280447,-0.009231388613048043,0.9903621464424418
RAD_OPERA_HOURLY_RAINFALL_ACCUMULATION_202301210900_patch000,OPT_NORM_VIRTUAL_HOMOTOPY_CONST_INIT_LONG_LIGHT_JTOTAL,Homotopy Light Shrinkage (2000 iters),>9000,34,0.2836982795862345,0.28130042509121056,-0.9153477244540027
RAD_OPERA_HOURLY_RAINFALL_ACCUMULATION_202301211500_patch000,OPT_NORM_VIRTUAL_HOMOTOPY_CONST_INIT_LONG_LIGHT_JTOTAL,Homotopy Light Shrinkage (2000 iters),≤125,4173,0.32295781007221447,0.0017143481145680964,0.9766952832358531
RAD_OPERA_HOURLY_RAINFALL_ACCUMULATION_202301211500_patch000,OPT_NORM_VIRTUAL_HOMOTOPY_CONST_INIT_LONG_LIGHT_JTOTAL,Homotopy Light Shrinkage (2000 iters),"(125,375]",16207,0.33585401683554755,0.003484827695993548,0.9754832579733141
RAD_OPERA_HOURLY_RAINFALL_ACCUMULATION_202301211500_patch000,OPT_NORM_VIRTUAL_HOMOTOPY_CONST_INIT_LONG_LIGHT_JTOTAL,Homotopy Light Shrinkage (2000 iters),"(375,750]",23822,0.4210934259583727,0.018108311694341527,0.9665200037941195
RAD_OPERA_HOURLY_RAINFALL_ACCUMULATION_202301211500_patch000,OPT_NORM_VIRTUAL_HOMOTOPY_CONST_INIT_LONG_LIGHT_JTOTAL,Homotopy Light Shrinkage (2000 iters),"(750,1500]",43474,0.5509416035510564,0.04430279952707487,0.9493522528788881
RAD_OPERA_HOURLY_RAINFALL_ACCUMULATION_202301211500_patch000,OPT_NORM_VIRTUAL_HOMOTOPY_CONST_INIT_LONG_LIGHT_JTOTAL,Homotopy Light Shrinkage (2000 iters),"(1500,3125]",72595,0.8060327162184672,0.08939294787722273,0.902245478692003
RAD_OPERA_HOURLY_RAINFALL_ACCUMULATION_202301211500_patch000,OPT_NORM_VIRTUAL_HOMOTOPY_CONST_INIT_LONG_LIGHT_JTOTAL,Homotopy Light Shrinkage (2000 iters),"(3125,6000]",37593,0.8701606362479304,0.10516518621259767,0.8935548679429302
RAD_OPERA_HOURLY_RAINFALL_ACCUMULATION_202301211500_patch000,OPT_NORM_VIRTUAL_HOMOTOPY_CONST_INIT_LONG_LIGHT_JTOTAL,Homotopy Light Shrinkage (2000 iters),"(6000,9000]",6818,0.6454246179504188,0.40618325011948403,0.8788089602240011
RAD_OPERA_HOURLY_RAINFALL_ACCUMULATION_202301211500_patch000,OPT_NORM_VIRTUAL_HOMOTOPY_CONST_INIT_LONG_LIGHT_JTOTAL,Homotopy Light Shrinkage (2000 iters),>9000,1654,0.5142334138358374,0.4157263162346532,0.9536727285430249
RAD_OPERA_HOURLY_RAINFALL_ACCUMULATION_202301211800_patch000,OPT_NORM_VIRTUAL_HOMOTOPY_CONST_INIT_LONG_LIGHT_JTOTAL,Homotopy Light Shrinkage (2000 iters),≤125,3690,0.22068825027464808,-0.005812836269540001,0.9813256288894495
RAD_OPERA_HOURLY_RAINFALL_ACCUMULATION_202301211800_patch000,OPT_NORM_VIRTUAL_HOMOTOPY_CONST_INIT_LONG_LIGHT_JTOTAL,Homotopy Light Shrinkage (2000 iters),"(125,375]",14314,0.25493716441590974,-0.008781015562313223,0.9792367673525026
RAD_OPERA_HOURLY_RAINFALL_ACCUMULATION_202301211800_patch000,OPT_NORM_VIRTUAL_HOMOTOPY_CONST_INIT_LONG_LIGHT_JTOTAL,Homotopy Light Shrinkage (2000 iters),"(375,750]",21246,0.3504665306821886,-0.02610762729644778,0.9689511718384364
RAD_OPERA_HOURLY_RAINFALL_ACCUMULATION_202301211800_patch000,OPT_NORM_VIRTUAL_HOMOTOPY_CONST_INIT_LONG_LIGHT_JTOTAL,Homotopy Light Shrinkage (2000 iters),"(750,1500]",39504,0.48312137564234,-0.013488015390517158,0.9421986469737628
RAD_OPERA_HOURLY_RAINFALL_ACCUMULATION_202301211800_patch000,OPT_NORM_VIRTUAL_HOMOTOPY_CONST_INIT_LONG_LIGHT_JTOTAL,Homotopy Light Shrinkage (2000 iters),"(1500,3125]",66874,0.7113132889723207,-0.022908936634209683,0.8830508750401407
RAD_OPERA_HOURLY_RAINFALL_ACCUMULATION_202301211800_patch000,OPT_NORM_VIRTUAL_HOMOTOPY_CONST_INIT_LONG_LIGHT_JTOTAL,Homotopy Light Shrinkage (2000 iters),"(3125,6000]",32140,0.9957107186088909,-0.021777094965516667,0.7271176325338639
RAD_OPERA_HOURLY_RAINFALL_ACCUMULATION_202301211800_patch000,OPT_NORM_VIRTUAL_HOMOTOPY_CONST_INIT_LONG_LIGHT_JTOTAL,Homotopy Light Shrinkage (2000 iters),"(6000,9000]",1432,1.2275659763141216,-0.11695653362480622,0.31756100872173304
RAD_OPERA_HOURLY_RAINFALL_ACCUMULATION_202301211900_patch000,OPT_NORM_VIRTUAL_HOMOTOPY_CONST_INIT_LONG_LIGHT_JTOTAL,Homotopy Light Shrinkage (2000 iters),≤125,5624,0.22623768853441162,-0.0018941397213038283,0.9855625189863002
RAD_OPERA_HOURLY_RAINFALL_ACCUMULATION_202301211900_patch000,OPT_NORM_VIRTUAL_HOMOTOPY_CONST_INIT_LONG_LIGHT_JTOTAL,Homotopy Light Shrinkage (2000 iters),"(125,375]",21915,0.27244525026713423,-0.010221865848366074,0.9825655625532614
RAD_OPERA_HOURLY_RAINFALL_ACCUMULATION_202301211900_patch000,OPT_NORM_VIRTUAL_HOMOTOPY_CONST_INIT_LONG_LIGHT_JTOTAL,Homotopy Light Shrinkage (2000 iters),"(375,750]",34783,0.3581427480409696,-0.0045771336157984874,0.973131178977977
RAD_OPERA_HOURLY_RAINFALL_ACCUMULATION_202301211900_patch000,OPT_NORM_VIRTUAL_HOMOTOPY_CONST_INIT_LONG_LIGHT_JTOTAL,Homotopy Light Shrinkage (2000 iters),"(750,1500]",66652,0.4741344795066132,0.018895815593853282,0.9573168707386955
RAD_OPERA_HOURLY_RAINFALL_ACCUMULATION_202301211900_patch000,OPT_NORM_VIRTUAL_HOMOTOPY_CONST_INIT_LONG_LIGHT_JTOTAL,Homotopy Light Shrinkage (2000 iters),"(1500,3125]",114198,0.7289948619061406,-0.04792985215655525,0.9155449041962633
RAD_OPERA_HOURLY_RAINFALL_ACCUMULATION_202301211900_patch000,OPT_NORM_VIRTUAL_HOMOTOPY_CONST_INIT_LONG_LIGHT_JTOTAL,Homotopy Light Shrinkage (2000 iters),"(3125,6000]",59909,0.9551551426354858,-0.03010848793437324,0.8797423904664141
RAD_OPERA_HOURLY_RAINFALL_ACCUMULATION_202301211900_patch000,OPT_NORM_VIRTUAL_HOMOTOPY_CONST_INIT_LONG_LIGHT_JTOTAL,Homotopy Light Shrinkage (2000 iters),"(6000,9000]",1303,0.6644377952712258,-0.20031970568370747,0.9833851044761516
RAD_OPERA_HOURLY_RAINFALL_ACCUMULATION_202301211900_patch001,OPT_NORM_VIRTUAL_HOMOTOPY_CONST_INIT_LONG_LIGHT_JTOTAL,Homotopy Light Shrinkage (2000 iters),≤125,4911,0.30849209051547916,0.0005790294839017192,0.9755841497573351
RAD_OPERA_HOURLY_RAINFALL_ACCUMULATION_202301211900_patch001,OPT_NORM_VIRTUAL_HOMOTOPY_CONST_INIT_LONG_LIGHT_JTOTAL,Homotopy Light Shrinkage (2000 iters),"(125,375]",18873,0.3281035525019757,0.012486248093104606,0.9751654872066723
RAD_OPERA_HOURLY_RAINFALL_ACCUMULATION_202301211900_patch001,OPT_NORM_VIRTUAL_HOMOTOPY_CONST_INIT_LONG_LIGHT_JTOTAL,Homotopy Light Shrinkage (2000 iters),"(375,750]",29125,0.41257074609517475,0.023108771233971887,0.9675865033441844
RAD_OPERA_HOURLY_RAINFALL_ACCUMULATION_202301211900_patch001,OPT_NORM_VIRTUAL_HOMOTOPY_CONST_INIT_LONG_LIGHT_JTOTAL,Homotopy Light Shrinkage (2000 iters),"(750,1500]",55476,0.5536334601946361,0.02062926475619722,0.9502886106338647
RAD_OPERA_HOURLY_RAINFALL_ACCUMULATION_202301211900_patch001,OPT_NORM_VIRTUAL_HOMOTOPY_CONST_INIT_LONG_LIGHT_JTOTAL,Homotopy Light Shrinkage (2000 iters),"(1500,3125]",96752,0.7760861890614934,-0.06041383252016533,0.9162440894939395
RAD_OPERA_HOURLY_RAINFALL_ACCUMULATION_202301211900_patch001,OPT_NORM_VIRTUAL_HOMOTOPY_CONST_INIT_LONG_LIGHT_JTOTAL,Homotopy Light Shrinkage (2000 iters),"(3125,6000]",57530,1.064255158898443,-0.2615585088115247,0.825904440902673
RAD_OPERA_HOURLY_RAINFALL_ACCUMULATION_202301211900_patch001,OPT_NORM_VIRTUAL_HOMOTOPY_CONST_INIT_LONG_LIGHT_JTOTAL,Homotopy Light Shrinkage (2000 iters),"(6000,9000]",5827,1.6853301101578508,-0.8718945096126226,0.47701747672978123
RAD_OPERA_HOURLY_RAINFALL_ACCUMULATION_202301211900_patch001,OPT_NORM_VIRTUAL_HOMOTOPY_CONST_INIT_LONG_LIGHT_JTOTAL,Homotopy Light Shrinkage (2000 iters),>9000,306,1.6885089006112046,-1.1433951426175684,-0.9721076806859694
RAD_OPERA_HOURLY_RAINFALL_ACCUMULATION_202301212300_patch000,OPT_NORM_VIRTUAL_HOMOTOPY_CONST_INIT_LONG_LIGHT_JTOTAL,Homotopy Light Shrinkage (2000 iters),≤125,4692,0.23960351305169594,-0.005120466527579081,0.9925437189091031
RAD_OPERA_HOURLY_RAINFALL_ACCUMULATION_202301212300_patch000,OPT_NORM_VIRTUAL_HOMOTOPY_CONST_INIT_LONG_LIGHT_JTOTAL,Homotopy Light Shrinkage (2000 iters),"(125,375]",17503,0.27625179580803566,-0.008141958944417337,0.9891071727729486
RAD_OPERA_HOURLY_RAINFALL_ACCUMULATION_202301212300_patch000,OPT_NORM_VIRTUAL_HOMOTOPY_CONST_INIT_LONG_LIGHT_JTOTAL,Homotopy Light Shrinkage (2000 iters),"(375,750]",25922,0.35955150220906124,-0.007780133751235013,0.9787393055111837
RAD_OPERA_HOURLY_RAINFALL_ACCUMULATION_202301212300_patch000,OPT_NORM_VIRTUAL_HOMOTOPY_CONST_INIT_LONG_LIGHT_JTOTAL,Homotopy Light Shrinkage (2000 iters),"(750,1500]",47008,0.44143885762631146,0.005319607429525899,0.9587077548440303
RAD_OPERA_HOURLY_RAINFALL_ACCUMULATION_202301212300_patch000,OPT_NORM_VIRTUAL_HOMOTOPY_CONST_INIT_LONG_LIGHT_JTOTAL,Homotopy Light Shrinkage (2000 iters),"(1500,3125]",81012,0.6246627399104862,-0.0504312322183061,0.9093096502333702
RAD_OPERA_HOURLY_RAINFALL_ACCUMULATION_202301212300_patch000,OPT_NORM_VIRTUAL_HOMOTOPY_CONST_INIT_LONG_LIGHT_JTOTAL,Homotopy Light Shrinkage (2000 iters),"(3125,6000]",43894,0.719709304899293,-0.1292350404051087,0.8862453687199343
RAD_OPERA_HOURLY_RAINFALL_ACCUMULATION_202301212300_patch000,OPT_NORM_VIRTUAL_HOMOTOPY_CONST_INIT_LONG_LIGHT_JTOTAL,Homotopy Light Shrinkage (2000 iters),"(6000,9000]",1153,0.4907028754711815,-0.021403117119904093,0.9782108523316303
RAD_OPERA_HOURLY_RAINFALL_ACCUMULATION_202301220000_patch001,OPT_NORM_VIRTUAL_HOMOTOPY_CONST_INIT_LONG_LIGHT_JTOTAL,Homotopy Light Shrinkage (2000 iters),≤125,5230,0.26275188343741235,-0.009546573591163919,0.9944103222322617
RAD_OPERA_HOURLY_RAINFALL_ACCUMULATION_202301220000_patch001,OPT_NORM_VIRTUAL_HOMOTOPY_CONST_INIT_LONG_LIGHT_JTOTAL,Homotopy Light Shrinkage (2000 iters),"(125,375]",20323,0.3212175376703401,-0.012799631886164784,0.990626835403239
RAD_OPERA_HOURLY_RAINFALL_ACCUMULATION_202301220000_patch001,OPT_NORM_VIRTUAL_HOMOTOPY_CONST_INIT_LONG_LIGHT_JTOTAL,Homotopy Light Shrinkage (2000 iters),"(375,750]",32666,0.4322786306191032,-0.002609150041151797,0.9804189225337993
RAD_OPERA_HOURLY_RAINFALL_ACCUMULATION_202301220000_patch001,OPT_NORM_VIRTUAL_HOMOTOPY_CONST_INIT_LONG_LIGHT_JTOTAL,Homotopy Light Shrinkage (2000 iters),"(750,1500]",63206,0.5523755396750021,0.02096951805159964,0.9647779955606559
RAD_OPERA_HOURLY_RAINFALL_ACCUMULATION_202301220000_patch001,OPT_NORM_VIRTUAL_HOMOTOPY_CONST_INIT_LONG_LIGHT_JTOTAL,Homotopy Light Shrinkage (2000 iters),"(1500,3125]",104459,0.779232010234414,0.07759731580195497,0.9295301245142976
RAD_OPERA_HOURLY_RAINFALL_ACCUMULATION_202301220000_patch001,OPT_NORM_VIRTUAL_HOMOTOPY_CONST_INIT_LONG_LIGHT_JTOTAL,Homotopy Light Shrinkage (2000 iters),"(3125,6000]",53531,1.1584615505282017,0.08253702922143048,0.8526889429261535
RAD_OPERA_HOURLY_RAINFALL_ACCUMULATION_202301220000_patch001,OPT_NORM_VIRTUAL_HOMOTOPY_CONST_INIT_LONG_LIGHT_JTOTAL,Homotopy Light Shrinkage (2000 iters),"(6000,9000]",5048,1.4315270927948727,1.1393907210722456,0.7639713350432732
RAD_OPERA_HOURLY_RAINFALL_ACCUMULATION_202301220000_patch001,OPT_NORM_VIRTUAL_HOMOTOPY_CONST_INIT_LONG_LIGHT_JTOTAL,Homotopy Light Shrinkage (2000 iters),>9000,2257,0.5460161495069161,0.14560152040311705,-0.03568415621293604
RAD_OPERA_HOURLY_RAINFALL_ACCUMULATION_202301220100_patch001,OPT_NORM_VIRTUAL_HOMOTOPY_CONST_INIT_LONG_LIGHT_JTOTAL,Homotopy Light Shrinkage (2000 iters),≤125,4018,0.2236883309894579,0.009499166928502445,0.9941818769603163
RAD_OPERA_HOURLY_RAINFALL_ACCUMULATION_202301220100_patch001,OPT_NORM_VIRTUAL_HOMOTOPY_CONST_INIT_LONG_LIGHT_JTOTAL,Homotopy Light Shrinkage (2000 iters),"(125,375]",15534,0.2865507505931185,0.009308273197170066,0.9922137828879188
RAD_OPERA_HOURLY_RAINFALL_ACCUMULATION_202301220100_patch001,OPT_NORM_VIRTUAL_HOMOTOPY_CONST_INIT_LONG_LIGHT_JTOTAL,Homotopy Light Shrinkage (2000 iters),"(375,750]",22904,0.4241123536863029,-0.004370621392204759,0.9858940193095466
RAD_OPERA_HOURLY_RAINFALL_ACCUMULATION_202301220100_patch001,OPT_NORM_VIRTUAL_HOMOTOPY_CONST_INIT_LONG_LIGHT_JTOTAL,Homotopy Light Shrinkage (2000 iters),"(750,1500]",41857,0.5942767865053931,0.00973911818260105,0.9755242556917408
RAD_OPERA_HOURLY_RAINFALL_ACCUMULATION_202301220100_patch001,OPT_NORM_VIRTUAL_HOMOTOPY_CONST_INIT_LONG_LIGHT_JTOTAL,Homotopy Light Shrinkage (2000 iters),"(1500,3125]",71355,0.9612198504509034,-0.022939609284167474,0.9432472893108391
RAD_OPERA_HOURLY_RAINFALL_ACCUMULATION_202301220100_patch001,OPT_NORM_VIRTUAL_HOMOTOPY_CONST_INIT_LONG_LIGHT_JTOTAL,Homotopy Light Shrinkage (2000 iters),"(3125,6000]",34056,1.0790305322778027,0.22594541519909173,0.9125803303673556
RAD_OPERA_HOURLY_RAINFALL_ACCUMULATION_202301220100_patch001,OPT_NORM_VIRTUAL_HOMOTOPY_CONST_INIT_LONG_LIGHT_JTOTAL,Homotopy Light Shrinkage (2000 iters),"(6000,9000]",3300,0.5017234774803061,0.15341912984396472,0.9815608929123628
RAD_OPERA_HOURLY_RAINFALL_ACCUMULATION_202301221200_patch000,OPT_NORM_VIRTUAL_HOMOTOPY_CONST_INIT_LONG_LIGHT_JTOTAL,Homotopy Light Shrinkage (2000 iters),≤125,5692,0.2038784907637475,0.0017781544788279169,0.996492500765155
RAD_OPERA_HOURLY_RAINFALL_ACCUMULATION_202301221200_patch000,OPT_NORM_VIRTUAL_HOMOTOPY_CONST_INIT_LONG_LIGHT_JTOTAL,Homotopy Light Shrinkage (2000 iters),"(125,375]",22509,0.28357118166211487,-0.003036298526721505,0.9942542598120087
RAD_OPERA_HOURLY_RAINFALL_ACCUMULATION_202301221200_patch000,OPT_NORM_VIRTUAL_HOMOTOPY_CONST_INIT_LONG_LIGHT_JTOTAL,Homotopy Light Shrinkage (2000 iters),"(375,750]",37533,0.3809709204198248,-0.014699848288715789,0.9917377979392219
RAD_OPERA_HOURLY_RAINFALL_ACCUMULATION_202301221200_patch000,OPT_NORM_VIRTUAL_HOMOTOPY_CONST_INIT_LONG_LIGHT_JTOTAL,Homotopy Light Shrinkage (2000 iters),"(750,1500]",75522,0.5121710396929854,-0.008547953137234261,0.983559549377507
RAD_OPERA_HOURLY_RAINFALL_ACCUMULATION_202301221200_patch000,OPT_NORM_VIRTUAL_HOMOTOPY_CONST_INIT_LONG_LIGHT_JTOTAL,Homotopy Light Shrinkage (2000 iters),"(1500,3125]",133266,0.6996757683241422,0.007741995808141044,0.9532994650162804
RAD_OPERA_HOURLY_RAINFALL_ACCUMULATION_202301221200_patch000,OPT_NORM_VIRTUAL_HOMOTOPY_CONST_INIT_LONG_LIGHT_JTOTAL,Homotopy Light Shrinkage (2000 iters),"(3125,6000]",68969,1.0540512263473794,0.1339362188673529,0.864513790324259
RAD_OPERA_HOURLY_RAINFALL_ACCUMULATION_202301221200_patch000,OPT_NORM_VIRTUAL_HOMOTOPY_CONST_INIT_LONG_LIGHT_JTOTAL,Homotopy Light Shrinkage (2000 iters),"(6000,9000]",8879,1.5740584882771798,0.6626477111703655,0.5308424306004222
RAD_OPERA_HOURLY_RAINFALL_ACCUMULATION_202301221200_patch000,OPT_NORM_VIRTUAL_HOMOTOPY_CONST_INIT_LONG_LIGHT_JTOTAL,Homotopy Light Shrinkage (2000 iters),>9000,2446,0.6694482049399502,-0.4726215198891921,0.625893108410238
RAD_OPERA_HOURLY_RAINFALL_ACCUMULATION_202301222100_patch000,OPT_NORM_VIRTUAL_HOMOTOPY_CONST_INIT_LONG_LIGHT_JTOTAL,Homotopy Light Shrinkage (2000 iters),≤125,3783,0.2371606547874374,-0.0026065187152580094,0.9946975075013471
RAD_OPERA_HOURLY_RAINFALL_ACCUMULATION_202301222100_patch000,OPT_NORM_VIRTUAL_HOMOTOPY_CONST_INIT_LONG_LIGHT_JTOTAL,Homotopy Light Shrinkage (2000 iters),"(125,375]",14906,0.2753240972911565,0.005626119464238886,0.9928664283318235
RAD_OPERA_HOURLY_RAINFALL_ACCUMULATION_202301222100_patch000,OPT_NORM_VIRTUAL_HOMOTOPY_CONST_INIT_LONG_LIGHT_JTOTAL,Homotopy Light Shrinkage (2000 iters),"(375,750]",22509,0.3703083233190024,-0.0018385903990216683,0.9881305510456382
RAD_OPERA_HOURLY_RAINFALL_ACCUMULATION_202301222100_patch000,OPT_NORM_VIRTUAL_HOMOTOPY_CONST_INIT_LONG_LIGHT_JTOTAL,Homotopy Light Shrinkage (2000 iters),"(750,1500]",41257,0.5061671750229769,-0.031015217836676063,0.9830169749917226
RAD_OPERA_HOURLY_RAINFALL_ACCUMULATION_202301222100_patch000,OPT_NORM_VIRTUAL_HOMOTOPY_CONST_INIT_LONG_LIGHT_JTOTAL,Homotopy Light Shrinkage (2000 iters),"(1500,3125]",66625,0.6882884603206293,-0.10977096865566906,0.9769967447502348
RAD_OPERA_HOURLY_RAINFALL_ACCUMULATION_202301222100_patch000,OPT_NORM_VIRTUAL_HOMOTOPY_CONST_INIT_LONG_LIGHT_JTOTAL,Homotopy Light Shrinkage (2000 iters),"(3125,6000]",34002,0.7472490124194558,-0.02937029126384803,0.9752009851152904
RAD_OPERA_HOURLY_RAINFALL_ACCUMULATION_202301222100_patch000,OPT_NORM_VIRTUAL_HOMOTOPY_CONST_INIT_LONG_LIGHT_JTOTAL,Homotopy Light Shrinkage (2000 iters),"(6000,9000]",3286,0.7016922001577632,0.3783708836599035,0.9746770126515261
RAD_OPERA_HOURLY_RAINFALL_ACCUMULATION_202301230100_patch000,OPT_NORM_VIRTUAL_HOMOTOPY_CONST_INIT_LONG_LIGHT_JTOTAL,Homotopy Light Shrinkage (2000 iters),≤125,4445,0.21646417039086358,0.004663461126390665,0.995324459483708
RAD_OPERA_HOURLY_RAINFALL_ACCUMULATION_202301230100_patch000,OPT_NORM_VIRTUAL_HOMOTOPY_CONST_INIT_LONG_LIGHT_JTOTAL,Homotopy Light Shrinkage (2000 iters),"(125,375]",17833,0.2846446055630846,-0.0015237989352007689,0.9907486350924259
RAD_OPERA_HOURLY_RAINFALL_ACCUMULATION_202301230100_patch000,OPT_NORM_VIRTUAL_HOMOTOPY_CONST_INIT_LONG_LIGHT_JTOTAL,Homotopy Light Shrinkage (2000 iters),"(375,750]",28225,0.3785341905328217,-0.021438663393997213,0.9821582698987958
RAD_OPERA_HOURLY_RAINFALL_ACCUMULATION_202301230100_patch000,OPT_NORM_VIRTUAL_HOMOTOPY_CONST_INIT_LONG_LIGHT_JTOTAL,Homotopy Light Shrinkage (2000 iters),"(750,1500]",52717,0.49628532564565664,-0.024217697392126092,0.9696417735167097
RAD_OPERA_HOURLY_RAINFALL_ACCUMULATION_202301230100_patch000,OPT_NORM_VIRTUAL_HOMOTOPY_CONST_INIT_LONG_LIGHT_JTOTAL,Homotopy Light Shrinkage (2000 iters),"(1500,3125]",84234,0.7339158087072196,-0.0063875092884383596,0.936355097192904
RAD_OPERA_HOURLY_RAINFALL_ACCUMULATION_202301230100_patch000,OPT_NORM_VIRTUAL_HOMOTOPY_CONST_INIT_LONG_LIGHT_JTOTAL,Homotopy Light Shrinkage (2000 iters),"(3125,6000]",43953,0.9180987770233164,0.18919610138235785,0.8907769949433331
RAD_OPERA_HOURLY_RAINFALL_ACCUMULATION_202301230100_patch000,OPT_NORM_VIRTUAL_HOMOTOPY_CONST_INIT_LONG_LIGHT_JTOTAL,Homotopy Light Shrinkage (2000 iters),"(6000,9000]",5580,0.9177311717826108,0.7029210930546632,0.8742574371275654
RAD_OPERA_HOURLY_RAINFALL_ACCUMULATION_202301230100_patch000,OPT_NORM_VIRTUAL_HOMOTOPY_CONST_INIT_LONG_LIGHT_JTOTAL,Homotopy Light Shrinkage (2000 iters),>9000,1093,0.9807791877005136,0.9361302546700097,0.8980665365739966
RAD_OPERA_HOURLY_RAINFALL_ACCUMULATION_202301230600_patch003,OPT_NORM_VIRTUAL_HOMOTOPY_CONST_INIT_LONG_LIGHT_JTOTAL,Homotopy Light Shrinkage (2000 iters),≤125,5253,0.1699766633032039,-0.001281002385716608,0.9888187862027216
RAD_OPERA_HOURLY_RAINFALL_ACCUMULATION_202301230600_patch003,OPT_NORM_VIRTUAL_HOMOTOPY_CONST_INIT_LONG_LIGHT_JTOTAL,Homotopy Light Shrinkage (2000 iters),"(125,375]",20266,0.19876025655964913,0.008232060241567456,0.9847820589399551
RAD_OPERA_HOURLY_RAINFALL_ACCUMULATION_202301230600_patch003,OPT_NORM_VIRTUAL_HOMOTOPY_CONST_INIT_LONG_LIGHT_JTOTAL,Homotopy Light Shrinkage (2000 iters),"(375,750]",31845,0.25838940536311356,0.01473037707672742,0.9777329312408046
RAD_OPERA_HOURLY_RAINFALL_ACCUMULATION_202301230600_patch003,OPT_NORM_VIRTUAL_HOMOTOPY_CONST_INIT_LONG_LIGHT_JTOTAL,Homotopy Light Shrinkage (2000 iters),"(750,1500]",60657,0.3723773494845642,0.010538673207100184,0.964057506358114
RAD_OPERA_HOURLY_RAINFALL_ACCUMULATION_202301230600_patch003,OPT_NORM_VIRTUAL_HOMOTOPY_CONST_INIT_LONG_LIGHT_JTOTAL,Homotopy Light Shrinkage (2000 iters),"(1500,3125]",99992,0.49324600846937877,0.00924534681197624,0.9523266060207648
RAD_OPERA_HOURLY_RAINFALL_ACCUMULATION_202301230600_patch003,OPT_NORM_VIRTUAL_HOMOTOPY_CONST_INIT_LONG_LIGHT_JTOTAL,Homotopy Light Shrinkage (2000 iters),"(3125,6000]",48778,0.6920139404391537,0.06252600199778663,0.9282809305872293
RAD_OPERA_HOURLY_RAINFALL_ACCUMULATION_202301230600_patch003,OPT_NORM_VIRTUAL_HOMOTOPY_CONST_INIT_LONG_LIGHT_JTOTAL,Homotopy Light Shrinkage (2000 iters),"(6000,9000]",2009,1.0234181613900921,0.5882507461318334,0.88895643290566
RAD_OPERA_HOURLY_RAINFALL_ACCUMULATION_202301231200_patch001,OPT_NORM_VIRTUAL_HOMOTOPY_CONST_INIT_LONG_LIGHT_JTOTAL,Homotopy Light Shrinkage (2000 iters),≤125,5395,0.13431138173336987,0.002222936239311052,0.9891973163625969
RAD_OPERA_HOURLY_RAINFALL_ACCUMULATION_202301231200_patch001,OPT_NORM_VIRTUAL_HOMOTOPY_CONST_INIT_LONG_LIGHT_JTOTAL,Homotopy Light Shrinkage (2000 iters),"(125,375]",21090,0.14892077110940596,-0.001398029037424036,0.987751961012156
RAD_OPERA_HOURLY_RAINFALL_ACCUMULATION_202301231200_patch001,OPT_NORM_VIRTUAL_HOMOTOPY_CONST_INIT_LONG_LIGHT_JTOTAL,Homotopy Light Shrinkage (2000 iters),"(375,750]",34488,0.18485830068395176,-0.004160514618139399,0.9806966827404369
RAD_OPERA_HOURLY_RAINFALL_ACCUMULATION_202301231200_patch001,OPT_NORM_VIRTUAL_HOMOTOPY_CONST_INIT_LONG_LIGHT_JTOTAL,Homotopy Light Shrinkage (2000 iters),"(750,1500]",67771,0.24972256863166914,0.004939711435170863,0.9672012140255257
RAD_OPERA_HOURLY_RAINFALL_ACCUMULATION_202301231200_patch001,OPT_NORM_VIRTUAL_HOMOTOPY_CONST_INIT_LONG_LIGHT_JTOTAL,Homotopy Light Shrinkage (2000 iters),"(1500,3125]",115766,0.396672708902562,-0.009655653926748279,0.9324177097427271
RAD_OPERA_HOURLY_RAINFALL_ACCUMULATION_202301231200_patch001,OPT_NORM_VIRTUAL_HOMOTOPY_CONST_INIT_LONG_LIGHT_JTOTAL,Homotopy Light Shrinkage (2000 iters),"(3125,6000]",63094,0.5038043142688682,0.054683514857123215,0.9287162582030432
RAD_OPERA_HOURLY_RAINFALL_ACCUMULATION_202301231200_patch001,OPT_NORM_VIRTUAL_HOMOTOPY_CONST_INIT_LONG_LIGHT_JTOTAL,Homotopy Light Shrinkage (2000 iters),"(6000,9000]",4971,0.6796242725956207,0.4146595972269216,0.9007510799013992
RAD_OPERA_HOURLY_RAINFALL_ACCUMULATION_202301231200_patch001,OPT_NORM_VIRTUAL_HOMOTOPY_CONST_INIT_LONG_LIGHT_JTOTAL,Homotopy Light Shrinkage (2000 iters),>9000,1,0.5537185668945312,0.5537185668945312,
RAD_OPERA_HOURLY_RAINFALL_ACCUMULATION_202301231200_patch002,OPT_NORM_VIRTUAL_HOMOTOPY_CONST_INIT_LONG_LIGHT_JTOTAL,Homotopy Light Shrinkage (2000 iters),≤125,4808,0.23279906154073543,-0.004570152127058454,0.9961752488379674
RAD_OPERA_HOURLY_RAINFALL_ACCUMULATION_202301231200_patch002,OPT_NORM_VIRTUAL_HOMOTOPY_CONST_INIT_LONG_LIGHT_JTOTAL,Homotopy Light Shrinkage (2000 iters),"(125,375]",19791,0.26099990075705765,-0.011325504827882478,0.9944716769335143
RAD_OPERA_HOURLY_RAINFALL_ACCUMULATION_202301231200_patch002,OPT_NORM_VIRTUAL_HOMOTOPY_CONST_INIT_LONG_LIGHT_JTOTAL,Homotopy Light Shrinkage (2000 iters),"(375,750]",33541,0.30797694961821553,-0.017246263685630474,0.9909263797133859
RAD_OPERA_HOURLY_RAINFALL_ACCUMULATION_202301231200_patch002,OPT_NORM_VIRTUAL_HOMOTOPY_CONST_INIT_LONG_LIGHT_JTOTAL,Homotopy Light Shrinkage (2000 iters),"(750,1500]",70004,0.38477560209835393,-0.02005171362100128,0.9840383665009566
RAD_OPERA_HOURLY_RAINFALL_ACCUMULATION_202301231200_patch002,OPT_NORM_VIRTUAL_HOMOTOPY_CONST_INIT_LONG_LIGHT_JTOTAL,Homotopy Light Shrinkage (2000 iters),"(1500,3125]",130131,0.47534386304743015,0.01201113812483589,0.9658447215367862
RAD_OPERA_HOURLY_RAINFALL_ACCUMULATION_202301231200_patch002,OPT_NORM_VIRTUAL_HOMOTOPY_CONST_INIT_LONG_LIGHT_JTOTAL,Homotopy Light Shrinkage (2000 iters),"(3125,6000]",65641,0.6177117820346022,0.08206192948163292,0.9171698267873039
RAD_OPERA_HOURLY_RAINFALL_ACCUMULATION_202301231200_patch002,OPT_NORM_VIRTUAL_HOMOTOPY_CONST_INIT_LONG_LIGHT_JTOTAL,Homotopy Light Shrinkage (2000 iters),"(6000,9000]",5637,0.38457486170965244,-0.11079047697749737,0.8163436770331702
RAD_OPERA_HOURLY_RAINFALL_ACCUMULATION_202301231200_patch002,OPT_NORM_VIRTUAL_HOMOTOPY_CONST_INIT_LONG_LIGHT_JTOTAL,Homotopy Light Shrinkage (2000 iters),>9000,175,0.24576654658881683,-0.1412307834625244,0.2881872939036568
RAD_OPERA_HOURLY_RAINFALL_ACCUMULATION_202301231200_patch003,OPT_NORM_VIRTUAL_HOMOTOPY_CONST_INIT_LONG_LIGHT_JTOTAL,Homotopy Light Shrinkage (2000 iters),≤125,5159,0.8189302555790925,-0.02073107710548593,0.990679864162366
RAD_OPERA_HOURLY_RAINFALL_ACCUMULATION_202301231200_patch003,OPT_NORM_VIRTUAL_HOMOTOPY_CONST_INIT_LONG_LIGHT_JTOTAL,Homotopy Light Shrinkage (2000 iters),"(125,375]",19586,0.9642934017606978,4.803992590885135e-05,0.9866993032751888
RAD_OPERA_HOURLY_RAINFALL_ACCUMULATION_202301231200_patch003,OPT_NORM_VIRTUAL_HOMOTOPY_CONST_INIT_LONG_LIGHT_JTOTAL,Homotopy Light Shrinkage (2000 iters),"(375,750]",29988,1.3569784352217893,0.05802833153913107,0.9736525125958662
RAD_OPERA_HOURLY_RAINFALL_ACCUMULATION_202301231200_patch003,OPT_NORM_VIRTUAL_HOMOTOPY_CONST_INIT_LONG_LIGHT_JTOTAL,Homotopy Light Shrinkage (2000 iters),"(750,1500]",56176,2.0546909937801483,0.13452752794416203,0.9190550719286222
RAD_OPERA_HOURLY_RAINFALL_ACCUMULATION_202301231200_patch003,OPT_NORM_VIRTUAL_HOMOTOPY_CONST_INIT_LONG_LIGHT_JTOTAL,Homotopy Light Shrinkage (2000 iters),"(1500,3125]",95580,2.2520654692424875,0.36692889055395234,0.8349399104690222
RAD_OPERA_HOURLY_RAINFALL_ACCUMULATION_202301231200_patch003,OPT_NORM_VIRTUAL_HOMOTOPY_CONST_INIT_LONG_LIGHT_JTOTAL,Homotopy Light Shrinkage (2000 iters),"(3125,6000]",56911,2.452074860539844,0.3653404627737697,0.6404048013137664
RAD_OPERA_HOURLY_RAINFALL_ACCUMULATION_202301231200_patch003,OPT_NORM_VIRTUAL_HOMOTOPY_CONST_INIT_LONG_LIGHT_JTOTAL,Homotopy Light Shrinkage (2000 iters),"(6000,9000]",8318,1.755631829370371,-0.5366703760343342,0.4348650680178448
RAD_OPERA_HOURLY_RAINFALL_ACCUMULATION_202301231200_patch003,OPT_NORM_VIRTUAL_HOMOTOPY_CONST_INIT_LONG_LIGHT_JTOTAL,Homotopy Light Shrinkage (2000 iters),>9000,666,0.7376815570354591,-0.1307974774935828,0.01341718150228457
RAD_OPERA_HOURLY_RAINFALL_ACCUMULATION_202301231300_patch001,OPT_NORM_VIRTUAL_HOMOTOPY_CONST_INIT_LONG_LIGHT_JTOTAL,Homotopy Light Shrinkage (2000 iters),≤125,5511,1.0475372284911446,-0.0010959269637036962,0.9813771337228608
RAD_OPERA_HOURLY_RAINFALL_ACCUMULATION_202301231300_patch001,OPT_NORM_VIRTUAL_HOMOTOPY_CONST_INIT_LONG_LIGHT_JTOTAL,Homotopy Light Shrinkage (2000 iters),"(125,375]",21364,1.4187310821482193,0.014215421527775794,0.9698644732973842
RAD_OPERA_HOURLY_RAINFALL_ACCUMULATION_202301231300_patch001,OPT_NORM_VIRTUAL_HOMOTOPY_CONST_INIT_LONG_LIGHT_JTOTAL,Homotopy Light Shrinkage (2000 iters),"(375,750]",33423,1.9148397178643042,0.031681725424610487,0.9584730620309972
RAD_OPERA_HOURLY_RAINFALL_ACCUMULATION_202301231300_patch001,OPT_NORM_VIRTUAL_HOMOTOPY_CONST_INIT_LONG_LIGHT_JTOTAL,Homotopy Light Shrinkage (2000 iters),"(750,1500]",63975,2.7831560179107804,0.05737894048671169,0.931935680514417
RAD_OPERA_HOURLY_RAINFALL_ACCUMULATION_202301231300_patch001,OPT_NORM_VIRTUAL_HOMOTOPY_CONST_INIT_LONG_LIGHT_JTOTAL,Homotopy Light Shrinkage (2000 iters),"(1500,3125]",114461,3.2998975436251516,0.10031299461995918,0.928764485435822
RAD_OPERA_HOURLY_RAINFALL_ACCUMULATION_202301231300_patch001,OPT_NORM_VIRTUAL_HOMOTOPY_CONST_INIT_LONG_LIGHT_JTOTAL,Homotopy Light Shrinkage (2000 iters),"(3125,6000]",64360,2.4092462546890476,0.29115847883704693,0.9299226404697647
RAD_OPERA_HOURLY_RAINFALL_ACCUMULATION_202301231300_patch001,OPT_NORM_VIRTUAL_HOMOTOPY_CONST_INIT_LONG_LIGHT_JTOTAL,Homotopy Light Shrinkage (2000 iters),"(6000,9000]",3082,1.2822595291799932,0.3970360237165307,0.6930666218003236
RAD_OPERA_HOURLY_RAINFALL_ACCUMULATION_202301231400_patch002,OPT_NORM_VIRTUAL_HOMOTOPY_CONST_INIT_LONG_LIGHT_JTOTAL,Homotopy Light Shrinkage (2000 iters),≤125,5874,0.09594812277570686,-0.0005553716658571767,0.9936931066864897
RAD_OPERA_HOURLY_RAINFALL_ACCUMULATION_202301231400_patch002,OPT_NORM_VIRTUAL_HOMOTOPY_CONST_INIT_LONG_LIGHT_JTOTAL,Homotopy Light Shrinkage (2000 iters),"(125,375]",23308,0.11400203069536619,0.0017843380869611246,0.991153298749351
RAD_OPERA_HOURLY_RAINFALL_ACCUMULATION_202301231400_patch002,OPT_NORM_VIRTUAL_HOMOTOPY_CONST_INIT_LONG_LIGHT_JTOTAL,Homotopy Light Shrinkage (2000 iters),"(375,750]",37553,0.15998845100439324,0.0012083859480868846,0.9841407778485315
RAD_OPERA_HOURLY_RAINFALL_ACCUMULATION_202301231400_patch002,OPT_NORM_VIRTUAL_HOMOTOPY_CONST_INIT_LONG_LIGHT_JTOTAL,Homotopy Light Shrinkage (2000 iters),"(750,1500]",71261,0.2179977876414852,-0.003110898934366714,0.974709398003837
RAD_OPERA_HOURLY_RAINFALL_ACCUMULATION_202301231400_patch002,OPT_NORM_VIRTUAL_HOMOTOPY_CONST_INIT_LONG_LIGHT_JTOTAL,Homotopy Light Shrinkage (2000 iters),"(1500,3125]",123639,0.32481139945285675,-0.02641959002412919,0.948685708673676
RAD_OPERA_HOURLY_RAINFALL_ACCUMULATION_202301231400_patch002,OPT_NORM_VIRTUAL_HOMOTOPY_CONST_INIT_LONG_LIGHT_JTOTAL,Homotopy Light Shrinkage (2000 iters),"(3125,6000]",70303,0.43630768445622553,-0.0913681662503363,0.9205867965953269
RAD_OPERA_HOURLY_RAINFALL_ACCUMULATION_202301231400_patch002,OPT_NORM_VIRTUAL_HOMOTOPY_CONST_INIT_LONG_LIGHT_JTOTAL,Homotopy Light Shrinkage (2000 iters),"(6000,9000]",3934,0.40844785484587587,0.02732756571776987,0.6834128124788751
RAD_OPERA_HOURLY_RAINFALL_ACCUMULATION_202301231400_patch003,OPT_NORM_VIRTUAL_HOMOTOPY_CONST_INIT_LONG_LIGHT_JTOTAL,Homotopy Light Shrinkage (2000 iters),≤125,4953,0.10945347131916652,0.002774002670928875,0.9926136124322285
RAD_OPERA_HOURLY_RAINFALL_ACCUMULATION_202301231400_patch003,OPT_NORM_VIRTUAL_HOMOTOPY_CONST_INIT_LONG_LIGHT_JTOTAL,Homotopy Light Shrinkage (2000 iters),"(125,375]",20410,0.1288645725141418,0.004653888715943071,0.9899673071014373
RAD_OPERA_HOURLY_RAINFALL_ACCUMULATION_202301231400_patch003,OPT_NORM_VIRTUAL_HOMOTOPY_CONST_INIT_LONG_LIGHT_JTOTAL,Homotopy Light Shrinkage (2000 iters),"(375,750]",34665,0.1756382789282672,0.006389463403499025,0.9840905019177933
RAD_OPERA_HOURLY_RAINFALL_ACCUMULATION_202301231400_patch003,OPT_NORM_VIRTUAL_HOMOTOPY_CONST_INIT_LONG_LIGHT_JTOTAL,Homotopy Light Shrinkage (2000 iters),"(750,1500]",72194,0.2338564483128231,0.008435775896028478,0.9730795460788773
RAD_OPERA_HOURLY_RAINFALL_ACCUMULATION_202301231400_patch003,OPT_NORM_VIRTUAL_HOMOTOPY_CONST_INIT_LONG_LIGHT_JTOTAL,Homotopy Light Shrinkage (2000 iters),"(1500,3125]",134690,0.31003523532433613,0.017660594105109825,0.9517657745447119
RAD_OPERA_HOURLY_RAINFALL_ACCUMULATION_202301231400_patch003,OPT_NORM_VIRTUAL_HOMOTOPY_CONST_INIT_LONG_LIGHT_JTOTAL,Homotopy Light Shrinkage (2000 iters),"(3125,6000]",66872,0.46713412430443,0.06491500508378448,0.8914127225785158
RAD_OPERA_HOURLY_RAINFALL_ACCUMULATION_202301231400_patch003,OPT_NORM_VIRTUAL_HOMOTOPY_CONST_INIT_LONG_LIGHT_JTOTAL,Homotopy Light Shrinkage (2000 iters),"(6000,9000]",7545,0.5827852909910703,0.3487886223238458,0.6068204530680605
RAD_OPERA_HOURLY_RAINFALL_ACCUMULATION_202301231400_patch003,OPT_NORM_VIRTUAL_HOMOTOPY_CONST_INIT_LONG_LIGHT_JTOTAL,Homotopy Light Shrinkage (2000 iters),>9000,175,0.3505027605551691,0.34949536323547364,0.019289470182294537
RAD_OPERA_HOURLY_RAINFALL_ACCUMULATION_202301231600_patch001,OPT_NORM_VIRTUAL_HOMOTOPY_CONST_INIT_LONG_LIGHT_JTOTAL,Homotopy Light Shrinkage (2000 iters),≤125,4914,0.1870868127839354,-1.5793775318597555e-05,0.9935615843874318
RAD_OPERA_HOURLY_RAINFALL_ACCUMULATION_202301231600_patch001,OPT_NORM_VIRTUAL_HOMOTOPY_CONST_INIT_LONG_LIGHT_JTOTAL,Homotopy Light Shrinkage (2000 iters),"(125,375]",20085,0.20281846803408815,0.0046953494702520315,0.9925562249447026
RAD_OPERA_HOURLY_RAINFALL_ACCUMULATION_202301231600_patch001,OPT_NORM_VIRTUAL_HOMOTOPY_CONST_INIT_LONG_LIGHT_JTOTAL,Homotopy Light Shrinkage (2000 iters),"(375,750]",33153,0.2526474068190718,0.01397037023016976,0.9896209230707596
RAD_OPERA_HOURLY_RAINFALL_ACCUMULATION_202301231600_patch001,OPT_NORM_VIRTUAL_HOMOTOPY_CONST_INIT_LONG_LIGHT_JTOTAL,Homotopy Light Shrinkage (2000 iters),"(750,1500]",65856,0.35129964947999376,0.005572132566677672,0.9839148077275807
RAD_OPERA_HOURLY_RAINFALL_ACCUMULATION_202301231600_patch001,OPT_NORM_VIRTUAL_HOMOTOPY_CONST_INIT_LONG_LIGHT_JTOTAL,Homotopy Light Shrinkage (2000 iters),"(1500,3125]",111781,0.49991880196647653,0.012757100348253716,0.9743813084318285
RAD_OPERA_HOURLY_RAINFALL_ACCUMULATION_202301231600_patch001,OPT_NORM_VIRTUAL_HOMOTOPY_CONST_INIT_LONG_LIGHT_JTOTAL,Homotopy Light Shrinkage (2000 iters),"(3125,6000]",56017,0.6862198999427139,0.10966740919457195,0.9649434938430616
RAD_OPERA_HOURLY_RAINFALL_ACCUMULATION_202301231600_patch001,OPT_NORM_VIRTUAL_HOMOTOPY_CONST_INIT_LONG_LIGHT_JTOTAL,Homotopy Light Shrinkage (2000 iters),"(6000,9000]",8106,0.6744720710583441,0.36039013473113435,0.9180680314581221
RAD_OPERA_HOURLY_RAINFALL_ACCUMULATION_202301231600_patch001,OPT_NORM_VIRTUAL_HOMOTOPY_CONST_INIT_LONG_LIGHT_JTOTAL,Homotopy Light Shrinkage (2000 iters),>9000,1656,0.3500729411845555,0.20018530122323888,-0.7572811538847344
RAD_OPERA_HOURLY_RAINFALL_ACCUMULATION_202301231700_patch000,OPT_NORM_VIRTUAL_HOMOTOPY_CONST_INIT_LONG_LIGHT_JTOTAL,Homotopy Light Shrinkage (2000 iters),≤125,5269,0.19894786458537453,-0.006086880675946361,0.993586237933076
RAD_OPERA_HOURLY_RAINFALL_ACCUMULATION_202301231700_patch000,OPT_NORM_VIRTUAL_HOMOTOPY_CONST_INIT_LONG_LIGHT_JTOTAL,Homotopy Light Shrinkage (2000 iters),"(125,375]",20368,0.22172171825082174,0.0013220965937628627,0.991534440607699
RAD_OPERA_HOURLY_RAINFALL_ACCUMULATION_202301231700_patch000,OPT_NORM_VIRTUAL_HOMOTOPY_CONST_INIT_LONG_LIGHT_JTOTAL,Homotopy Light Shrinkage (2000 iters),"(375,750]",32124,0.27297394181631673,0.0008689958032565253,0.9883418868984453
RAD_OPERA_HOURLY_RAINFALL_ACCUMULATION_202301231700_patch000,OPT_NORM_VIRTUAL_HOMOTOPY_CONST_INIT_LONG_LIGHT_JTOTAL,Homotopy Light Shrinkage (2000 iters),"(750,1500]",61468,0.3442871322153531,0.0027775072001816276,0.9829627926131164
RAD_OPERA_HOURLY_RAINFALL_ACCUMULATION_202301231700_patch000,OPT_NORM_VIRTUAL_HOMOTOPY_CONST_INIT_LONG_LIGHT_JTOTAL,Homotopy Light Shrinkage (2000 iters),"(1500,3125]",104182,0.5237565661752496,0.007452659326217011,0.9689715237452722
RAD_OPERA_HOURLY_RAINFALL_ACCUMULATION_202301231700_patch000,OPT_NORM_VIRTUAL_HOMOTOPY_CONST_INIT_LONG_LIGHT_JTOTAL,Homotopy Light Shrinkage (2000 iters),"(3125,6000]",59655,0.681983734099437,0.06298877762227953,0.9609190572736878
RAD_OPERA_HOURLY_RAINFALL_ACCUMULATION_202301231700_patch000,OPT_NORM_VIRTUAL_HOMOTOPY_CONST_INIT_LONG_LIGHT_JTOTAL,Homotopy Light Shrinkage (2000 iters),"(6000,9000]",8108,0.8461217782542536,0.26563496840543416,0.8917086664025025
RAD_OPERA_HOURLY_RAINFALL_ACCUMULATION_202301231700_patch000,OPT_NORM_VIRTUAL_HOMOTOPY_CONST_INIT_LONG_LIGHT_JTOTAL,Homotopy Light Shrinkage (2000 iters),>9000,666,0.5657713660742487,0.1802235030465656,0.9700087111927184
RAD_OPERA_HOURLY_RAINFALL_ACCUMULATION_202301231900_patch000,OPT_NORM_VIRTUAL_HOMOTOPY_CONST_INIT_LONG_LIGHT_JTOTAL,Homotopy Light Shrinkage (2000 iters),≤125,5065,0.21720818984204196,-0.00110814874846514,0.9942036971061973
RAD_OPERA_HOURLY_RAINFALL_ACCUMULATION_202301231900_patch000,OPT_NORM_VIRTUAL_HOMOTOPY_CONST_INIT_LONG_LIGHT_JTOTAL,Homotopy Light Shrinkage (2000 iters),"(125,375]",20812,0.2525909353802539,-0.007614721162643842,0.99274970235625
RAD_OPERA_HOURLY_RAINFALL_ACCUMULATION_202301231900_patch000,OPT_NORM_VIRTUAL_HOMOTOPY_CONST_INIT_LONG_LIGHT_JTOTAL,Homotopy Light Shrinkage (2000 iters),"(375,750]",35015,0.3355550421797284,0.0033732396880422474,0.9879043547377314
RAD_OPERA_HOURLY_RAINFALL_ACCUMULATION_202301231900_patch000,OPT_NORM_VIRTUAL_HOMOTOPY_CONST_INIT_LONG_LIGHT_JTOTAL,Homotopy Light Shrinkage (2000 iters),"(750,1500]",71144,0.4164539562394119,0.02420125846205101,0.9819169076488669
RAD_OPERA_HOURLY_RAINFALL_ACCUMULATION_202301231900_patch000,OPT_NORM_VIRTUAL_HOMOTOPY_CONST_INIT_LONG_LIGHT_JTOTAL,Homotopy Light Shrinkage (2000 iters),"(1500,3125]",125239,0.5291672963716657,0.022416256771449046,0.9728570566654061
RAD_OPERA_HOURLY_RAINFALL_ACCUMULATION_202301231900_patch000,OPT_NORM_VIRTUAL_HOMOTOPY_CONST_INIT_LONG_LIGHT_JTOTAL,Homotopy Light Shrinkage (2000 iters),"(3125,6000]",61768,0.5032728350446447,0.18216633584222247,0.969559753698554
RAD_OPERA_HOURLY_RAINFALL_ACCUMULATION_202301231900_patch000,OPT_NORM_VIRTUAL_HOMOTOPY_CONST_INIT_LONG_LIGHT_JTOTAL,Homotopy Light Shrinkage (2000 iters),"(6000,9000]",9857,0.4708507729585968,0.381696275825132,0.9430986780005799
RAD_OPERA_HOURLY_RAINFALL_ACCUMULATION_202301231900_patch000,OPT_NORM_VIRTUAL_HOMOTOPY_CONST_INIT_LONG_LIGHT_JTOTAL,Homotopy Light Shrinkage (2000 iters),>9000,1340,0.2781462261632967,0.2651420301326842,0.9608476769261666
RAD_OPERA_HOURLY_RAINFALL_ACCUMULATION_202301240500_patch000,OPT_NORM_VIRTUAL_HOMOTOPY_CONST_INIT_LONG_LIGHT_JTOTAL,Homotopy Light Shrinkage (2000 iters),≤125,7497,2.4067665425466798,0.05095890143308406,0.981052751622922
RAD_OPERA_HOURLY_RAINFALL_ACCUMULATION_202301240500_patch000,OPT_NORM_VIRTUAL_HOMOTOPY_CONST_INIT_LONG_LIGHT_JTOTAL,Homotopy Light Shrinkage (2000 iters),"(125,375]",30107,2.372322803455726,0.030742133220215895,0.9823534650769024
RAD_OPERA_HOURLY_RAINFALL_ACCUMULATION_202301240500_patch000,OPT_NORM_VIRTUAL_HOMOTOPY_CONST_INIT_LONG_LIGHT_JTOTAL,Homotopy Light Shrinkage (2000 iters),"(375,750]",51230,2.824931342356059,0.11810700440125962,0.9679987981811162
RAD_OPERA_HOURLY_RAINFALL_ACCUMULATION_202301240500_patch000,OPT_NORM_VIRTUAL_HOMOTOPY_CONST_INIT_LONG_LIGHT_JTOTAL,Homotopy Light Shrinkage (2000 iters),"(750,1500]",105715,2.289214126596216,0.07607123553447517,0.9629527130153772
RAD_OPERA_HOURLY_RAINFALL_ACCUMULATION_202301240500_patch000,OPT_NORM_VIRTUAL_HOMOTOPY_CONST_INIT_LONG_LIGHT_JTOTAL,Homotopy Light Shrinkage (2000 iters),"(1500,3125]",194009,3.300421190952412,-0.022476086674172367,0.9251969836108325
RAD_OPERA_HOURLY_RAINFALL_ACCUMULATION_202301240500_patch000,OPT_NORM_VIRTUAL_HOMOTOPY_CONST_INIT_LONG_LIGHT_JTOTAL,Homotopy Light Shrinkage (2000 iters),"(3125,6000]",101789,4.066955443436581,0.3366987814113355,0.8186501486552358
RAD_OPERA_HOURLY_RAINFALL_ACCUMULATION_202301240500_patch000,OPT_NORM_VIRTUAL_HOMOTOPY_CONST_INIT_LONG_LIGHT_JTOTAL,Homotopy Light Shrinkage (2000 iters),"(6000,9000]",4242,2.5138219047573886,-0.017099842390520627,0.8412148968427854
RAD_OPERA_HOURLY_RAINFALL_ACCUMULATION_202301240500_patch000,OPT_NORM_VIRTUAL_HOMOTOPY_CONST_INIT_LONG_LIGHT_JTOTAL,Homotopy Light Shrinkage (2000 iters),>9000,3,0.028459376282303894,-0.02844822406768799,
RAD_OPERA_HOURLY_RAINFALL_ACCUMULATION_202301240700_patch000,OPT_NORM_VIRTUAL_HOMOTOPY_CONST_INIT_LONG_LIGHT_JTOTAL,Homotopy Light Shrinkage (2000 iters),≤125,3841,0.14488692786934607,0.0007955749126127442,0.9899399431996438
RAD_OPERA_HOURLY_RAINFALL_ACCUMULATION_202301240700_patch000,OPT_NORM_VIRTUAL_HOMOTOPY_CONST_INIT_LONG_LIGHT_JTOTAL,Homotopy Light Shrinkage (2000 iters),"(125,375]",15308,0.17333267924698895,0.007134025440939979,0.9867251885771968
RAD_OPERA_HOURLY_RAINFALL_ACCUMULATION_202301240700_patch000,OPT_NORM_VIRTUAL_HOMOTOPY_CONST_INIT_LONG_LIGHT_JTOTAL,Homotopy Light Shrinkage (2000 iters),"(375,750]",23624,0.23135296573270006,0.005401735463678898,0.980071664662033
RAD_OPERA_HOURLY_RAINFALL_ACCUMULATION_202301240700_patch000,OPT_NORM_VIRTUAL_HOMOTOPY_CONST_INIT_LONG_LIGHT_JTOTAL,Homotopy Light Shrinkage (2000 iters),"(750,1500]",44314,0.2843110263526739,-0.0036711319356305333,0.9762629416285159
RAD_OPERA_HOURLY_RAINFALL_ACCUMULATION_202301240700_patch000,OPT_NORM_VIRTUAL_HOMOTOPY_CONST_INIT_LONG_LIGHT_JTOTAL,Homotopy Light Shrinkage (2000 iters),"(1500,3125]",70641,0.3732294117871101,-0.043115264796142146,0.9665731736600985
RAD_OPERA_HOURLY_RAINFALL_ACCUMULATION_202301240700_patch000,OPT_NORM_VIRTUAL_HOMOTOPY_CONST_INIT_LONG_LIGHT_JTOTAL,Homotopy Light Shrinkage (2000 iters),"(3125,6000]",32468,0.3640268110876101,0.06757849158031447,0.9594931259477792
RAD_OPERA_HOURLY_RAINFALL_ACCUMULATION_202301240700_patch000,OPT_NORM_VIRTUAL_HOMOTOPY_CONST_INIT_LONG_LIGHT_JTOTAL,Homotopy Light Shrinkage (2000 iters),"(6000,9000]",2828,0.27156842816119625,0.24412188688464348,0.9823811694406487
RAD_OPERA_HOURLY_RAINFALL_ACCUMULATION_202301241500_patch000,OPT_NORM_VIRTUAL_HOMOTOPY_CONST_INIT_LONG_LIGHT_JTOTAL,Homotopy Light Shrinkage (2000 iters),≤125,6666,0.3855423642921385,0.004963585496309901,0.9877946625558922
RAD_OPERA_HOURLY_RAINFALL_ACCUMULATION_202301241500_patch000,OPT_NORM_VIRTUAL_HOMOTOPY_CONST_INIT_LONG_LIGHT_JTOTAL,Homotopy Light Shrinkage (2000 iters),"(125,375]",26427,0.4321423909803999,0.010431622214225781,0.982758335633786
RAD_OPERA_HOURLY_RAINFALL_ACCUMULATION_202301241500_patch000,OPT_NORM_VIRTUAL_HOMOTOPY_CONST_INIT_LONG_LIGHT_JTOTAL,Homotopy Light Shrinkage (2000 iters),"(375,750]",44674,0.5937186796884321,-0.015839188972100175,0.9700959949451163
RAD_OPERA_HOURLY_RAINFALL_ACCUMULATION_202301241500_patch000,OPT_NORM_VIRTUAL_HOMOTOPY_CONST_INIT_LONG_LIGHT_JTOTAL,Homotopy Light Shrinkage (2000 iters),"(750,1500]",92969,0.7693799761019696,-0.021215755211078956,0.9470743530800655
RAD_OPERA_HOURLY_RAINFALL_ACCUMULATION_202301241500_patch000,OPT_NORM_VIRTUAL_HOMOTOPY_CONST_INIT_LONG_LIGHT_JTOTAL,Homotopy Light Shrinkage (2000 iters),"(1500,3125]",168314,1.0186236898431702,-0.025223618994571678,0.905022769461485
RAD_OPERA_HOURLY_RAINFALL_ACCUMULATION_202301241500_patch000,OPT_NORM_VIRTUAL_HOMOTOPY_CONST_INIT_LONG_LIGHT_JTOTAL,Homotopy Light Shrinkage (2000 iters),"(3125,6000]",87948,1.400564567874631,-0.17428275525203793,0.869505267998124
RAD_OPERA_HOURLY_RAINFALL_ACCUMULATION_202301241500_patch000,OPT_NORM_VIRTUAL_HOMOTOPY_CONST_INIT_LONG_LIGHT_JTOTAL,Homotopy Light Shrinkage (2000 iters),"(6000,9000]",6063,1.1636901439386513,0.549211058001913,0.4707386475410591
RAD_OPERA_HOURLY_RAINFALL_ACCUMULATION_202301241500_patch000,OPT_NORM_VIRTUAL_HOMOTOPY_CONST_INIT_LONG_LIGHT_JTOTAL,Homotopy Light Shrinkage (2000 iters),>9000,91,1.4303489872336737,1.4232684753753326,0.7164423349897137
RAD_OPERA_HOURLY_RAINFALL_ACCUMULATION_202301241500_patch001,OPT_NORM_VIRTUAL_HOMOTOPY_CONST_INIT_LONG_LIGHT_JTOTAL,Homotopy Light Shrinkage (2000 iters),≤125,4327,0.43039523761315157,0.0008942074040909705,0.9869140497142416
RAD_OPERA_HOURLY_RAINFALL_ACCUMULATION_202301241500_patch001,OPT_NORM_VIRTUAL_HOMOTOPY_CONST_INIT_LONG_LIGHT_JTOTAL,Homotopy Light Shrinkage (2000 iters),"(125,375]",17469,0.5068887619460878,-0.021692352796240544,0.98359600188698
RAD_OPERA_HOURLY_RAINFALL_ACCUMULATION_202301241500_patch001,OPT_NORM_VIRTUAL_HOMOTOPY_CONST_INIT_LONG_LIGHT_JTOTAL,Homotopy Light Shrinkage (2000 iters),"(375,750]",28304,0.6710240515260266,-0.02165092170291401,0.9753070641720086
RAD_OPERA_HOURLY_RAINFALL_ACCUMULATION_202301241500_patch001,OPT_NORM_VIRTUAL_HOMOTOPY_CONST_INIT_LONG_LIGHT_JTOTAL,Homotopy Light Shrinkage (2000 iters),"(750,1500]",54744,0.8485999019205042,-0.005075270203312168,0.9623039749941804
RAD_OPERA_HOURLY_RAINFALL_ACCUMULATION_202301241500_patch001,OPT_NORM_VIRTUAL_HOMOTOPY_CONST_INIT_LONG_LIGHT_JTOTAL,Homotopy Light Shrinkage (2000 iters),"(1500,3125]",84620,1.2318300302742085,-0.10335070591933132,0.9369344013284163
RAD_OPERA_HOURLY_RAINFALL_ACCUMULATION_202301241500_patch001,OPT_NORM_VIRTUAL_HOMOTOPY_CONST_INIT_LONG_LIGHT_JTOTAL,Homotopy Light Shrinkage (2000 iters),"(3125,6000]",39893,1.5707170343733003,-0.11423051780458081,0.8552434617911968
RAD_OPERA_HOURLY_RAINFALL_ACCUMULATION_202301241500_patch001,OPT_NORM_VIRTUAL_HOMOTOPY_CONST_INIT_LONG_LIGHT_JTOTAL,Homotopy Light Shrinkage (2000 iters),"(6000,9000]",4424,0.9889544988906506,0.29344020862044734,0.2357323153826487
RAD_OPERA_HOURLY_RAINFALL_ACCUMULATION_202301241500_patch001,OPT_NORM_VIRTUAL_HOMOTOPY_CONST_INIT_LONG_LIGHT_JTOTAL,Homotopy Light Shrinkage (2000 iters),>9000,1227,0.8102980964684422,0.46917155649765,0.43537780011230803
RAD_OPERA_HOURLY_RAINFALL_ACCUMULATION_202301241700_patch000,OPT_NORM_VIRTUAL_HOMOTOPY_CONST_INIT_LONG_LIGHT_JTOTAL,Homotopy Light Shrinkage (2000 iters),≤125,4266,0.27401565976632936,0.00823423332712096,0.9757356915033527
RAD_OPERA_HOURLY_RAINFALL_ACCUMULATION_202301241700_patch000,OPT_NORM_VIRTUAL_HOMOTOPY_CONST_INIT_LONG_LIGHT_JTOTAL,Homotopy Light Shrinkage (2000 iters),"(125,375]",17079,0.3148597760821385,-0.0009575196270384927,0.9681897378268378
RAD_OPERA_HOURLY_RAINFALL_ACCUMULATION_202301241700_patch000,OPT_NORM_VIRTUAL_HOMOTOPY_CONST_INIT_LONG_LIGHT_JTOTAL,Homotopy Light Shrinkage (2000 iters),"(375,750]",27134,0.4218748264531112,0.013745005168496685,0.9489461669355449
RAD_OPERA_HOURLY_RAINFALL_ACCUMULATION_202301241700_patch000,OPT_NORM_VIRTUAL_HOMOTOPY_CONST_INIT_LONG_LIGHT_JTOTAL,Homotopy Light Shrinkage (2000 iters),"(750,1500]",50938,0.5878182489415096,0.003271846394688455,0.9087868141683464
RAD_OPERA_HOURLY_RAINFALL_ACCUMULATION_202301241700_patch000,OPT_NORM_VIRTUAL_HOMOTOPY_CONST_INIT_LONG_LIGHT_JTOTAL,Homotopy Light Shrinkage (2000 iters),"(1500,3125]",83633,0.8185741991118785,-0.07251839996966505,0.8385814510560599
RAD_OPERA_HOURLY_RAINFALL_ACCUMULATION_202301241700_patch000,OPT_NORM_VIRTUAL_HOMOTOPY_CONST_INIT_LONG_LIGHT_JTOTAL,Homotopy Light Shrinkage (2000 iters),"(3125,6000]",42436,0.8368225420426411,0.06131965100860336,0.7295088693113679
RAD_OPERA_HOURLY_RAINFALL_ACCUMULATION_202301241700_patch000,OPT_NORM_VIRTUAL_HOMOTOPY_CONST_INIT_LONG_LIGHT_JTOTAL,Homotopy Light Shrinkage (2000 iters),"(6000,9000]",3890,0.7429242146091847,0.04651532579892495,0.7828001198350697
RAD_OPERA_HOURLY_RAINFALL_ACCUMULATION_202301241700_patch002,OPT_NORM_VIRTUAL_HOMOTOPY_CONST_INIT_LONG_LIGHT_JTOTAL,Homotopy Light Shrinkage (2000 iters),≤125,3783,0.32436634240659834,0.0037661900353883108,0.987778538532176
RAD_OPERA_HOURLY_RAINFALL_ACCUMULATION_202301241700_patch002,OPT_NORM_VIRTUAL_HOMOTOPY_CONST_INIT_LONG_LIGHT_JTOTAL,Homotopy Light Shrinkage (2000 iters),"(125,375]",14906,0.3676246802581261,0.011391676399773235,0.9841074323098618
RAD_OPERA_HOURLY_RAINFALL_ACCUMULATION_202301241700_patch002,OPT_NORM_VIRTUAL_HOMOTOPY_CONST_INIT_LONG_LIGHT_JTOTAL,Homotopy Light Shrinkage (2000 iters),"(375,750]",22509,0.46203471724799067,0.027062391960753725,0.9764596691707175
RAD_OPERA_HOURLY_RAINFALL_ACCUMULATION_202301241700_patch002,OPT_NORM_VIRTUAL_HOMOTOPY_CONST_INIT_LONG_LIGHT_JTOTAL,Homotopy Light Shrinkage (2000 iters),"(750,1500]",41257,0.55908338583239,0.044476882687434445,0.9681925344119643
RAD_OPERA_HOURLY_RAINFALL_ACCUMULATION_202301241700_patch002,OPT_NORM_VIRTUAL_HOMOTOPY_CONST_INIT_LONG_LIGHT_JTOTAL,Homotopy Light Shrinkage (2000 iters),"(1500,3125]",66625,0.708938278621059,0.05262254950497824,0.9524078885631556
RAD_OPERA_HOURLY_RAINFALL_ACCUMULATION_202301241700_patch002,OPT_NORM_VIRTUAL_HOMOTOPY_CONST_INIT_LONG_LIGHT_JTOTAL,Homotopy Light Shrinkage (2000 iters),"(3125,6000]",34002,1.0732491485036042,0.008602836400749901,0.8828894185677181
RAD_OPERA_HOURLY_RAINFALL_ACCUMULATION_202301241700_patch002,OPT_NORM_VIRTUAL_HOMOTOPY_CONST_INIT_LONG_LIGHT_JTOTAL,Homotopy Light Shrinkage (2000 iters),"(6000,9000]",3286,0.6924197722557138,0.29974275322237615,0.9341908063642681
RAD_OPERA_HOURLY_RAINFALL_ACCUMULATION_202301241900_patch001,OPT_NORM_VIRTUAL_HOMOTOPY_CONST_INIT_LONG_LIGHT_JTOTAL,Homotopy Light Shrinkage (2000 iters),≤125,3801,0.16301104608751207,0.004148377004155232,0.9954724631442604
RAD_OPERA_HOURLY_RAINFALL_ACCUMULATION_202301241900_patch001,OPT_NORM_VIRTUAL_HOMOTOPY_CONST_INIT_LONG_LIGHT_JTOTAL,Homotopy Light Shrinkage (2000 iters),"(125,375]",14742,0.19203507918122442,0.003396315840525893,0.9932859057859896
RAD_OPERA_HOURLY_RAINFALL_ACCUMULATION_202301241900_patch001,OPT_NORM_VIRTUAL_HOMOTOPY_CONST_INIT_LONG_LIGHT_JTOTAL,Homotopy Light Shrinkage (2000 iters),"(375,750]",21758,0.25683174547487614,0.0047362995343300796,0.9875657587969059
RAD_OPERA_HOURLY_RAINFALL_ACCUMULATION_202301241900_patch001,OPT_NORM_VIRTUAL_HOMOTOPY_CONST_INIT_LONG_LIGHT_JTOTAL,Homotopy Light Shrinkage (2000 iters),"(750,1500]",40352,0.35314780771237625,0.028090649425856398,0.976698715734162
RAD_OPERA_HOURLY_RAINFALL_ACCUMULATION_202301241900_patch001,OPT_NORM_VIRTUAL_HOMOTOPY_CONST_INIT_LONG_LIGHT_JTOTAL,Homotopy Light Shrinkage (2000 iters),"(1500,3125]",68193,0.531160773229881,0.04518485834185007,0.9529628896953641
RAD_OPERA_HOURLY_RAINFALL_ACCUMULATION_202301241900_patch001,OPT_NORM_VIRTUAL_HOMOTOPY_CONST_INIT_LONG_LIGHT_JTOTAL,Homotopy Light Shrinkage (2000 iters),"(3125,6000]",33486,0.6906240508583888,0.1064505354446628,0.9409978252954386
RAD_OPERA_HOURLY_RAINFALL_ACCUMULATION_202301241900_patch001,OPT_NORM_VIRTUAL_HOMOTOPY_CONST_INIT_LONG_LIGHT_JTOTAL,Homotopy Light Shrinkage (2000 iters),"(6000,9000]",3268,1.2900429175852803,1.0176616795452236,0.8256029079218091
RAD_OPERA_HOURLY_RAINFALL_ACCUMULATION_202301242200_patch001,OPT_NORM_VIRTUAL_HOMOTOPY_CONST_INIT_LONG_LIGHT_JTOTAL,Homotopy Light Shrinkage (2000 iters),≤125,4808,0.42805841347974444,-0.01021515946678795,0.9853311627682594
RAD_OPERA_HOURLY_RAINFALL_ACCUMULATION_202301242200_patch001,OPT_NORM_VIRTUAL_HOMOTOPY_CONST_INIT_LONG_LIGHT_JTOTAL,Homotopy Light Shrinkage (2000 iters),"(125,375]",19791,0.566017824917289,-0.02336720517478598,0.9764675166038697
RAD_OPERA_HOURLY_RAINFALL_ACCUMULATION_202301242200_patch001,OPT_NORM_VIRTUAL_HOMOTOPY_CONST_INIT_LONG_LIGHT_JTOTAL,Homotopy Light Shrinkage (2000 iters),"(375,750]",33541,0.7260578741436224,-0.0028473439413218963,0.9592385858949867
RAD_OPERA_HOURLY_RAINFALL_ACCUMULATION_202301242200_patch001,OPT_NORM_VIRTUAL_HOMOTOPY_CONST_INIT_LONG_LIGHT_JTOTAL,Homotopy Light Shrinkage (2000 iters),"(750,1500]",70004,0.9388344832677035,0.031369732826720544,0.9258333985543862
RAD_OPERA_HOURLY_RAINFALL_ACCUMULATION_202301242200_patch001,OPT_NORM_VIRTUAL_HOMOTOPY_CONST_INIT_LONG_LIGHT_JTOTAL,Homotopy Light Shrinkage (2000 iters),"(1500,3125]",130131,1.2408189885991463,0.02233049551491196,0.8489967688311238
RAD_OPERA_HOURLY_RAINFALL_ACCUMULATION_202301242200_patch001,OPT_NORM_VIRTUAL_HOMOTOPY_CONST_INIT_LONG_LIGHT_JTOTAL,Homotopy Light Shrinkage (2000 iters),"(3125,6000]",65641,1.5004656985408902,-0.05937448085830794,0.7537445874952895
RAD_OPERA_HOURLY_RAINFALL_ACCUMULATION_202301242200_patch001,OPT_NORM_VIRTUAL_HOMOTOPY_CONST_INIT_LONG_LIGHT_JTOTAL,Homotopy Light Shrinkage (2000 iters),"(6000,9000]",5637,1.605308027838475,0.912456442841451,0.5150400614050415
RAD_OPERA_HOURLY_RAINFALL_ACCUMULATION_202301242200_patch001,OPT_NORM_VIRTUAL_HOMOTOPY_CONST_INIT_LONG_LIGHT_JTOTAL,Homotopy Light Shrinkage (2000 iters),>9000,175,1.0640011335410426,1.052354667697634,0.23165027750557554
RAD_OPERA_HOURLY_RAINFALL_ACCUMULATION_202301250200_patch000,OPT_NORM_VIRTUAL_HOMOTOPY_CONST_INIT_LONG_LIGHT_JTOTAL,Homotopy Light Shrinkage (2000 iters),≤125,4338,0.12702079025856505,-0.006838335453392229,0.996869819358965
RAD_OPERA_HOURLY_RAINFALL_ACCUMULATION_202301250200_patch000,OPT_NORM_VIRTUAL_HOMOTOPY_CONST_INIT_LONG_LIGHT_JTOTAL,Homotopy Light Shrinkage (2000 iters),"(125,375]",17374,0.15088167314663334,-0.00023765942952129829,0.9955047596118144
RAD_OPERA_HOURLY_RAINFALL_ACCUMULATION_202301250200_patch000,OPT_NORM_VIRTUAL_HOMOTOPY_CONST_INIT_LONG_LIGHT_JTOTAL,Homotopy Light Shrinkage (2000 iters),"(375,750]",27861,0.19712643514271289,0.000873254145373951,0.9916429165928192
RAD_OPERA_HOURLY_RAINFALL_ACCUMULATION_202301250200_patch000,OPT_NORM_VIRTUAL_HOMOTOPY_CONST_INIT_LONG_LIGHT_JTOTAL,Homotopy Light Shrinkage (2000 iters),"(750,1500]",53465,0.25468523438137125,0.0007134517415261275,0.9839011431411205
RAD_OPERA_HOURLY_RAINFALL_ACCUMULATION_202301250200_patch000,OPT_NORM_VIRTUAL_HOMOTOPY_CONST_INIT_LONG_LIGHT_JTOTAL,Homotopy Light Shrinkage (2000 iters),"(1500,3125]",85070,0.3408547063721663,0.014024917622917587,0.9645336565946458
RAD_OPERA_HOURLY_RAINFALL_ACCUMULATION_202301250200_patch000,OPT_NORM_VIRTUAL_HOMOTOPY_CONST_INIT_LONG_LIGHT_JTOTAL,Homotopy Light Shrinkage (2000 iters),"(3125,6000]",42760,0.46804021395026624,-0.02649421041118725,0.9245634658237896
RAD_OPERA_HOURLY_RAINFALL_ACCUMULATION_202301250200_patch000,OPT_NORM_VIRTUAL_HOMOTOPY_CONST_INIT_LONG_LIGHT_JTOTAL,Homotopy Light Shrinkage (2000 iters),"(6000,9000]",5271,0.8459996539072665,0.39656151087929553,0.3470866999158626
RAD_OPERA_HOURLY_RAINFALL_ACCUMULATION_202301250200_patch000,OPT_NORM_VIRTUAL_HOMOTOPY_CONST_INIT_LONG_LIGHT_JTOTAL,Homotopy Light Shrinkage (2000 iters),>9000,405,0.7147227908701336,0.6999123785230849,0.7169381571098239
RAD_OPERA_HOURLY_RAINFALL_ACCUMULATION_202301250200_patch001,OPT_NORM_VIRTUAL_HOMOTOPY_CONST_INIT_LONG_LIGHT_JTOTAL,Homotopy Light Shrinkage (2000 iters),≤125,7047,0.24717776359561316,0.0026889302825092807,0.9970381538960259
RAD_OPERA_HOURLY_RAINFALL_ACCUMULATION_202301250200_patch001,OPT_NORM_VIRTUAL_HOMOTOPY_CONST_INIT_LONG_LIGHT_JTOTAL,Homotopy Light Shrinkage (2000 iters),"(125,375]",28082,0.2989300203457701,0.003749525455847441,0.9950388001318858
RAD_OPERA_HOURLY_RAINFALL_ACCUMULATION_202301250200_patch001,OPT_NORM_VIRTUAL_HOMOTOPY_CONST_INIT_LONG_LIGHT_JTOTAL,Homotopy Light Shrinkage (2000 iters),"(375,750]",47439,0.37068767680469483,0.015687256251523247,0.9914837562922476
RAD_OPERA_HOURLY_RAINFALL_ACCUMULATION_202301250200_patch001,OPT_NORM_VIRTUAL_HOMOTOPY_CONST_INIT_LONG_LIGHT_JTOTAL,Homotopy Light Shrinkage (2000 iters),"(750,1500]",96948,0.48228302725422617,-0.0004179692441746371,0.9835353409096813
RAD_OPERA_HOURLY_RAINFALL_ACCUMULATION_202301250200_patch001,OPT_NORM_VIRTUAL_HOMOTOPY_CONST_INIT_LONG_LIGHT_JTOTAL,Homotopy Light Shrinkage (2000 iters),"(1500,3125]",177373,0.6177389516446066,-0.014240505532651692,0.9733974959438306
RAD_OPERA_HOURLY_RAINFALL_ACCUMULATION_202301250200_patch001,OPT_NORM_VIRTUAL_HOMOTOPY_CONST_INIT_LONG_LIGHT_JTOTAL,Homotopy Light Shrinkage (2000 iters),"(3125,6000]",99828,0.6940851908436964,-0.023284597032394938,0.9690985642953607
RAD_OPERA_HOURLY_RAINFALL_ACCUMULATION_202301250200_patch001,OPT_NORM_VIRTUAL_HOMOTOPY_CONST_INIT_LONG_LIGHT_JTOTAL,Homotopy Light Shrinkage (2000 iters),"(6000,9000]",5091,0.28063083208042217,0.18354414869887548,0.8891069271022347
RAD_OPERA_HOURLY_RAINFALL_ACCUMULATION_202301250200_patch001,OPT_NORM_VIRTUAL_HOMOTOPY_CONST_INIT_LONG_LIGHT_JTOTAL,Homotopy Light Shrinkage (2000 iters),>9000,16,0.21932590808409502,0.2193168280646205,
RAD_OPERA_HOURLY_RAINFALL_ACCUMULATION_202301250300_patch000,OPT_NORM_VIRTUAL_HOMOTOPY_CONST_INIT_LONG_LIGHT_JTOTAL,Homotopy Light Shrinkage (2000 iters),≤125,5148,0.10468696884861464,-0.00020520737584283765,0.9941952230218224
RAD_OPERA_HOURLY_RAINFALL_ACCUMULATION_202301250300_patch000,OPT_NORM_VIRTUAL_HOMOTOPY_CONST_INIT_LONG_LIGHT_JTOTAL,Homotopy Light Shrinkage (2000 iters),"(125,375]",19535,0.11867630692211899,-0.0001277957421481716,0.9925638664703315
RAD_OPERA_HOURLY_RAINFALL_ACCUMULATION_202301250300_patch000,OPT_NORM_VIRTUAL_HOMOTOPY_CONST_INIT_LONG_LIGHT_JTOTAL,Homotopy Light Shrinkage (2000 iters),"(375,750]",29882,0.15549033879767646,0.0014596075192567582,0.9865557772706935
RAD_OPERA_HOURLY_RAINFALL_ACCUMULATION_202301250300_patch000,OPT_NORM_VIRTUAL_HOMOTOPY_CONST_INIT_LONG_LIGHT_JTOTAL,Homotopy Light Shrinkage (2000 iters),"(750,1500]",56090,0.19925078092341517,0.0006484780576824611,0.9755334567490579
RAD_OPERA_HOURLY_RAINFALL_ACCUMULATION_202301250300_patch000,OPT_NORM_VIRTUAL_HOMOTOPY_CONST_INIT_LONG_LIGHT_JTOTAL,Homotopy Light Shrinkage (2000 iters),"(1500,3125]",95021,0.2661555186385773,0.014053389915089299,0.9588000644036894
RAD_OPERA_HOURLY_RAINFALL_ACCUMULATION_202301250300_patch000,OPT_NORM_VIRTUAL_HOMOTOPY_CONST_INIT_LONG_LIGHT_JTOTAL,Homotopy Light Shrinkage (2000 iters),"(3125,6000]",50175,0.3172456701680868,0.04454517285385474,0.9436720417287496
RAD_OPERA_HOURLY_RAINFALL_ACCUMULATION_202301250300_patch000,OPT_NORM_VIRTUAL_HOMOTOPY_CONST_INIT_LONG_LIGHT_JTOTAL,Homotopy Light Shrinkage (2000 iters),"(6000,9000]",2197,0.2724308204519999,0.049714751171968066,0.9000371940353635
RAD_OPERA_HOURLY_RAINFALL_ACCUMULATION_202301250500_patch000,OPT_NORM_VIRTUAL_HOMOTOPY_CONST_INIT_LONG_LIGHT_JTOTAL,Homotopy Light Shrinkage (2000 iters),≤125,5599,0.4916697813521385,-0.011381983940655429,0.9655364931306477
RAD_OPERA_HOURLY_RAINFALL_ACCUMULATION_202301250500_patch000,OPT_NORM_VIRTUAL_HOMOTOPY_CONST_INIT_LONG_LIGHT_JTOTAL,Homotopy Light Shrinkage (2000 iters),"(125,375]",22297,0.626840469243646,-0.002714865453647873,0.9616316321072983
RAD_OPERA_HOURLY_RAINFALL_ACCUMULATION_202301250500_patch000,OPT_NORM_VIRTUAL_HOMOTOPY_CONST_INIT_LONG_LIGHT_JTOTAL,Homotopy Light Shrinkage (2000 iters),"(375,750]",37594,0.8522811070859253,-0.019341186814268975,0.9482379056506924
RAD_OPERA_HOURLY_RAINFALL_ACCUMULATION_202301250500_patch000,OPT_NORM_VIRTUAL_HOMOTOPY_CONST_INIT_LONG_LIGHT_JTOTAL,Homotopy Light Shrinkage (2000 iters),"(750,1500]",78259,1.093628272128833,0.004440342458569681,0.9156097027644989
RAD_OPERA_HOURLY_RAINFALL_ACCUMULATION_202301250500_patch000,OPT_NORM_VIRTUAL_HOMOTOPY_CONST_INIT_LONG_LIGHT_JTOTAL,Homotopy Light Shrinkage (2000 iters),"(1500,3125]",147305,1.3420842320672457,-0.012104402807481476,0.8586987568426956
RAD_OPERA_HOURLY_RAINFALL_ACCUMULATION_202301250500_patch000,OPT_NORM_VIRTUAL_HOMOTOPY_CONST_INIT_LONG_LIGHT_JTOTAL,Homotopy Light Shrinkage (2000 iters),"(3125,6000]",77648,1.172927342682433,-0.1499135230325144,0.8559449209721577
RAD_OPERA_HOURLY_RAINFALL_ACCUMULATION_202301250500_patch000,OPT_NORM_VIRTUAL_HOMOTOPY_CONST_INIT_LONG_LIGHT_JTOTAL,Homotopy Light Shrinkage (2000 iters),"(6000,9000]",7911,1.1870704211796694,-0.5736824053719559,0.675607767199179
RAD_OPERA_HOURLY_RAINFALL_ACCUMULATION_202301250500_patch000,OPT_NORM_VIRTUAL_HOMOTOPY_CONST_INIT_LONG_LIGHT_JTOTAL,Homotopy Light Shrinkage (2000 iters),>9000,219,0.8005420162208955,0.06730030415809318,-0.8277606737756662
RAD_OPERA_HOURLY_RAINFALL_ACCUMULATION_202301251000_patch001,OPT_NORM_VIRTUAL_HOMOTOPY_CONST_INIT_LONG_LIGHT_JTOTAL,Homotopy Light Shrinkage (2000 iters),≤125,4154,0.10622451597836251,-0.002297367656362804,0.9982554273600878
RAD_OPERA_HOURLY_RAINFALL_ACCUMULATION_202301251000_patch001,OPT_NORM_VIRTUAL_HOMOTOPY_CONST_INIT_LONG_LIGHT_JTOTAL,Homotopy Light Shrinkage (2000 iters),"(125,375]",16892,0.12620284141197124,5.1820186257118603e-05,0.9973748835203933
RAD_OPERA_HOURLY_RAINFALL_ACCUMULATION_202301251000_patch001,OPT_NORM_VIRTUAL_HOMOTOPY_CONST_INIT_LONG_LIGHT_JTOTAL,Homotopy Light Shrinkage (2000 iters),"(375,750]",27234,0.17706349745925418,-0.00017808692790130765,0.9944861049147873
RAD_OPERA_HOURLY_RAINFALL_ACCUMULATION_202301251000_patch001,OPT_NORM_VIRTUAL_HOMOTOPY_CONST_INIT_LONG_LIGHT_JTOTAL,Homotopy Light Shrinkage (2000 iters),"(750,1500]",52950,0.23255699787777392,-0.01355737140874218,0.9901522456513193
RAD_OPERA_HOURLY_RAINFALL_ACCUMULATION_202301251000_patch001,OPT_NORM_VIRTUAL_HOMOTOPY_CONST_INIT_LONG_LIGHT_JTOTAL,Homotopy Light Shrinkage (2000 iters),"(1500,3125]",82477,0.34956653295500467,0.00730034364236311,0.9762183627022272
RAD_OPERA_HOURLY_RAINFALL_ACCUMULATION_202301251000_patch001,OPT_NORM_VIRTUAL_HOMOTOPY_CONST_INIT_LONG_LIGHT_JTOTAL,Homotopy Light Shrinkage (2000 iters),"(3125,6000]",40696,0.443600962118557,0.17582277894670936,0.9561426304540772
RAD_OPERA_HOURLY_RAINFALL_ACCUMULATION_202301251000_patch001,OPT_NORM_VIRTUAL_HOMOTOPY_CONST_INIT_LONG_LIGHT_JTOTAL,Homotopy Light Shrinkage (2000 iters),"(6000,9000]",6300,0.5657395521194951,0.2726994260560189,0.5328509411976341
RAD_OPERA_HOURLY_RAINFALL_ACCUMULATION_202301251000_patch001,OPT_NORM_VIRTUAL_HOMOTOPY_CONST_INIT_LONG_LIGHT_JTOTAL,Homotopy Light Shrinkage (2000 iters),>9000,2257,0.3487932989188886,0.2327412336232866,0.6319823927004966
RAD_OPERA_HOURLY_RAINFALL_ACCUMULATION_202301251300_patch000,OPT_NORM_VIRTUAL_HOMOTOPY_CONST_INIT_LONG_LIGHT_JTOTAL,Homotopy Light Shrinkage (2000 iters),≤125,4088,0.10274715107125316,-0.000721151023782396,0.9910966992188308
RAD_OPERA_HOURLY_RAINFALL_ACCUMULATION_202301251300_patch000,OPT_NORM_VIRTUAL_HOMOTOPY_CONST_INIT_LONG_LIGHT_JTOTAL,Homotopy Light Shrinkage (2000 iters),"(125,375]",15882,0.1248531370196057,-0.00023927529454006085,0.9880064427217836
RAD_OPERA_HOURLY_RAINFALL_ACCUMULATION_202301251300_patch000,OPT_NORM_VIRTUAL_HOMOTOPY_CONST_INIT_LONG_LIGHT_JTOTAL,Homotopy Light Shrinkage (2000 iters),"(375,750]",23638,0.17165431345813764,0.003887796538267879,0.9833081575286818
RAD_OPERA_HOURLY_RAINFALL_ACCUMULATION_202301251300_patch000,OPT_NORM_VIRTUAL_HOMOTOPY_CONST_INIT_LONG_LIGHT_JTOTAL,Homotopy Light Shrinkage (2000 iters),"(750,1500]",43117,0.21883408639278296,0.009341371215075191,0.9792937892695291
RAD_OPERA_HOURLY_RAINFALL_ACCUMULATION_202301251300_patch000,OPT_NORM_VIRTUAL_HOMOTOPY_CONST_INIT_LONG_LIGHT_JTOTAL,Homotopy Light Shrinkage (2000 iters),"(1500,3125]",73229,0.2890303533684783,0.029123237375429694,0.9756762042126367
RAD_OPERA_HOURLY_RAINFALL_ACCUMULATION_202301251300_patch000,OPT_NORM_VIRTUAL_HOMOTOPY_CONST_INIT_LONG_LIGHT_JTOTAL,Homotopy Light Shrinkage (2000 iters),"(3125,6000]",37125,0.3359049397453982,0.047399147933640015,0.9816298568091056
RAD_OPERA_HOURLY_RAINFALL_ACCUMULATION_202301251300_patch000,OPT_NORM_VIRTUAL_HOMOTOPY_CONST_INIT_LONG_LIGHT_JTOTAL,Homotopy Light Shrinkage (2000 iters),"(6000,9000]",3369,0.4781026282420598,0.3533649017174168,0.9785116451049001
RAD_OPERA_HOURLY_RAINFALL_ACCUMULATION_202301251600_patch002,OPT_NORM_VIRTUAL_HOMOTOPY_CONST_INIT_LONG_LIGHT_JTOTAL,Homotopy Light Shrinkage (2000 iters),≤125,4119,0.1392930446104865,-0.0017412247391165785,0.9949095596257416
RAD_OPERA_HOURLY_RAINFALL_ACCUMULATION_202301251600_patch002,OPT_NORM_VIRTUAL_HOMOTOPY_CONST_INIT_LONG_LIGHT_JTOTAL,Homotopy Light Shrinkage (2000 iters),"(125,375]",15923,0.16620019830362695,0.0029352855145826856,0.993244977924748
RAD_OPERA_HOURLY_RAINFALL_ACCUMULATION_202301251600_patch002,OPT_NORM_VIRTUAL_HOMOTOPY_CONST_INIT_LONG_LIGHT_JTOTAL,Homotopy Light Shrinkage (2000 iters),"(375,750]",23477,0.2065301475052247,0.00799316356195841,0.9902128528805747
RAD_OPERA_HOURLY_RAINFALL_ACCUMULATION_202301251600_patch002,OPT_NORM_VIRTUAL_HOMOTOPY_CONST_INIT_LONG_LIGHT_JTOTAL,Homotopy Light Shrinkage (2000 iters),"(750,1500]",42558,0.2818760235073903,0.009895861589679467,0.9827858502320114
RAD_OPERA_HOURLY_RAINFALL_ACCUMULATION_202301251600_patch002,OPT_NORM_VIRTUAL_HOMOTOPY_CONST_INIT_LONG_LIGHT_JTOTAL,Homotopy Light Shrinkage (2000 iters),"(1500,3125]",72310,0.4225891122636926,0.00876325923501388,0.9635821852542462
RAD_OPERA_HOURLY_RAINFALL_ACCUMULATION_202301251600_patch002,OPT_NORM_VIRTUAL_HOMOTOPY_CONST_INIT_LONG_LIGHT_JTOTAL,Homotopy Light Shrinkage (2000 iters),"(3125,6000]",35394,0.5437441700248645,0.03869774800153979,0.9163689318012402
RAD_OPERA_HOURLY_RAINFALL_ACCUMULATION_202301251600_patch002,OPT_NORM_VIRTUAL_HOMOTOPY_CONST_INIT_LONG_LIGHT_JTOTAL,Homotopy Light Shrinkage (2000 iters),"(6000,9000]",4806,0.6964406261538192,0.4272190864712211,0.43950627132967135
RAD_OPERA_HOURLY_RAINFALL_ACCUMULATION_202301251600_patch002,OPT_NORM_VIRTUAL_HOMOTOPY_CONST_INIT_LONG_LIGHT_JTOTAL,Homotopy Light Shrinkage (2000 iters),>9000,1093,0.4233823088018093,0.32917908387563694,-0.531193813694519
RAD_OPERA_HOURLY_RAINFALL_ACCUMULATION_202301252100_patch000,OPT_NORM_VIRTUAL_HOMOTOPY_CONST_INIT_LONG_LIGHT_JTOTAL,Homotopy Light Shrinkage (2000 iters),≤125,5395,0.10912366284941812,-0.0020453945147538206,0.9970361645707722
RAD_OPERA_HOURLY_RAINFALL_ACCUMULATION_202301252100_patch000,OPT_NORM_VIRTUAL_HOMOTOPY_CONST_INIT_LONG_LIGHT_JTOTAL,Homotopy Light Shrinkage (2000 iters),"(125,375]",21090,0.12701019128671345,-0.004411775839588777,0.9960214687892306
RAD_OPERA_HOURLY_RAINFALL_ACCUMULATION_202301252100_patch000,OPT_NORM_VIRTUAL_HOMOTOPY_CONST_INIT_LONG_LIGHT_JTOTAL,Homotopy Light Shrinkage (2000 iters),"(375,750]",34488,0.1748931950276488,-0.002964361665614435,0.9923325768525711
RAD_OPERA_HOURLY_RAINFALL_ACCUMULATION_202301252100_patch000,OPT_NORM_VIRTUAL_HOMOTOPY_CONST_INIT_LONG_LIGHT_JTOTAL,Homotopy Light Shrinkage (2000 iters),"(750,1500]",67771,0.20530206069581533,0.0015962632736786328,0.9889886394652841
RAD_OPERA_HOURLY_RAINFALL_ACCUMULATION_202301252100_patch000,OPT_NORM_VIRTUAL_HOMOTOPY_CONST_INIT_LONG_LIGHT_JTOTAL,Homotopy Light Shrinkage (2000 iters),"(1500,3125]",115766,0.23390759921954485,0.030279040102213516,0.9841303057358715
RAD_OPERA_HOURLY_RAINFALL_ACCUMULATION_202301252100_patch000,OPT_NORM_VIRTUAL_HOMOTOPY_CONST_INIT_LONG_LIGHT_JTOTAL,Homotopy Light Shrinkage (2000 iters),"(3125,6000]",63094,0.2930011822882362,0.10365642867759203,0.97599541930966
RAD_OPERA_HOURLY_RAINFALL_ACCUMULATION_202301252100_patch000,OPT_NORM_VIRTUAL_HOMOTOPY_CONST_INIT_LONG_LIGHT_JTOTAL,Homotopy Light Shrinkage (2000 iters),"(6000,9000]",4971,0.34666860811901024,0.2625311582057535,0.9756629821936526
RAD_OPERA_HOURLY_RAINFALL_ACCUMULATION_202301252100_patch000,OPT_NORM_VIRTUAL_HOMOTOPY_CONST_INIT_LONG_LIGHT_JTOTAL,Homotopy Light Shrinkage (2000 iters),>9000,1,0.20147651433944702,0.20147651433944702,
RAD_OPERA_HOURLY_RAINFALL_ACCUMULATION_202301252200_patch000,OPT_NORM_VIRTUAL_HOMOTOPY_CONST_INIT_LONG_LIGHT_JTOTAL,Homotopy Light Shrinkage (2000 iters),≤125,3907,0.15111639562735213,0.00546526102602314,0.9930403557962002
RAD_OPERA_HOURLY_RAINFALL_ACCUMULATION_202301252200_patch000,OPT_NORM_VIRTUAL_HOMOTOPY_CONST_INIT_LONG_LIGHT_JTOTAL,Homotopy Light Shrinkage (2000 iters),"(125,375]",15106,0.16596967814261243,0.004376607427814221,0.9919467524690815
RAD_OPERA_HOURLY_RAINFALL_ACCUMULATION_202301252200_patch000,OPT_NORM_VIRTUAL_HOMOTOPY_CONST_INIT_LONG_LIGHT_JTOTAL,Homotopy Light Shrinkage (2000 iters),"(375,750]",22392,0.19813038017381174,0.004117000681687867,0.9897358108694729
RAD_OPERA_HOURLY_RAINFALL_ACCUMULATION_202301252200_patch000,OPT_NORM_VIRTUAL_HOMOTOPY_CONST_INIT_LONG_LIGHT_JTOTAL,Homotopy Light Shrinkage (2000 iters),"(750,1500]",41007,0.2881801812702284,0.004811926619125784,0.9800694489439371
RAD_OPERA_HOURLY_RAINFALL_ACCUMULATION_202301252200_patch000,OPT_NORM_VIRTUAL_HOMOTOPY_CONST_INIT_LONG_LIGHT_JTOTAL,Homotopy Light Shrinkage (2000 iters),"(1500,3125]",70023,0.3530529838164676,0.03691130042286361,0.9712819293929789
RAD_OPERA_HOURLY_RAINFALL_ACCUMULATION_202301252200_patch000,OPT_NORM_VIRTUAL_HOMOTOPY_CONST_INIT_LONG_LIGHT_JTOTAL,Homotopy Light Shrinkage (2000 iters),"(3125,6000]",32501,0.40692113649540146,0.09926528720458704,0.969168895161464
RAD_OPERA_HOURLY_RAINFALL_ACCUMULATION_202301252200_patch000,OPT_NORM_VIRTUAL_HOMOTOPY_CONST_INIT_LONG_LIGHT_JTOTAL,Homotopy Light Shrinkage (2000 iters),"(6000,9000]",1432,0.5254513635422448,0.44104885443129355,0.972316913246564
RAD_OPERA_HOURLY_RAINFALL_ACCUMULATION_202301260000_patch000,OPT_NORM_VIRTUAL_HOMOTOPY_CONST_INIT_LONG_LIGHT_JTOTAL,Homotopy Light Shrinkage (2000 iters),≤125,3884,3.29789682348243,-0.1078454487325266,0.9814101754308138
RAD_OPERA_HOURLY_RAINFALL_ACCUMULATION_202301260000_patch000,OPT_NORM_VIRTUAL_HOMOTOPY_CONST_INIT_LONG_LIGHT_JTOTAL,Homotopy Light Shrinkage (2000 iters),"(125,375]",15623,3.4448375200709056,-0.12962380338222518,0.9722598558425519
RAD_OPERA_HOURLY_RAINFALL_ACCUMULATION_202301260000_patch000,OPT_NORM_VIRTUAL_HOMOTOPY_CONST_INIT_LONG_LIGHT_JTOTAL,Homotopy Light Shrinkage (2000 iters),"(375,750]",24479,4.486582893656417,0.052286549548655636,0.9354925088416919
RAD_OPERA_HOURLY_RAINFALL_ACCUMULATION_202301260000_patch000,OPT_NORM_VIRTUAL_HOMOTOPY_CONST_INIT_LONG_LIGHT_JTOTAL,Homotopy Light Shrinkage (2000 iters),"(750,1500]",46137,4.675552995499706,-0.04193626974009403,0.8999025272832482
RAD_OPERA_HOURLY_RAINFALL_ACCUMULATION_202301260000_patch000,OPT_NORM_VIRTUAL_HOMOTOPY_CONST_INIT_LONG_LIGHT_JTOTAL,Homotopy Light Shrinkage (2000 iters),"(1500,3125]",72453,4.200686573221824,0.3676139747230496,0.8043019561561032
RAD_OPERA_HOURLY_RAINFALL_ACCUMULATION_202301260000_patch000,OPT_NORM_VIRTUAL_HOMOTOPY_CONST_INIT_LONG_LIGHT_JTOTAL,Homotopy Light Shrinkage (2000 iters),"(3125,6000]",34265,4.2033270512579595,0.6265206934914149,0.7358017687627003
RAD_OPERA_HOURLY_RAINFALL_ACCUMULATION_202301260000_patch000,OPT_NORM_VIRTUAL_HOMOTOPY_CONST_INIT_LONG_LIGHT_JTOTAL,Homotopy Light Shrinkage (2000 iters),"(6000,9000]",2839,1.3893543487765982,0.001999969934300528,0.8827796147682677
RAD_OPERA_HOURLY_RAINFALL_ACCUMULATION_202301260200_patch000,OPT_NORM_VIRTUAL_HOMOTOPY_CONST_INIT_LONG_LIGHT_JTOTAL,Homotopy Light Shrinkage (2000 iters),≤125,4421,0.1653450200596676,-0.0033961855764541877,0.9973330824039914
RAD_OPERA_HOURLY_RAINFALL_ACCUMULATION_202301260200_patch000,OPT_NORM_VIRTUAL_HOMOTOPY_CONST_INIT_LONG_LIGHT_JTOTAL,Homotopy Light Shrinkage (2000 iters),"(125,375]",17544,0.19805665127068642,-0.002636786498890553,0.99612047157081
RAD_OPERA_HOURLY_RAINFALL_ACCUMULATION_202301260200_patch000,OPT_NORM_VIRTUAL_HOMOTOPY_CONST_INIT_LONG_LIGHT_JTOTAL,Homotopy Light Shrinkage (2000 iters),"(375,750]",27121,0.2770306369155298,-0.0020046418134716747,0.9930309089017342
RAD_OPERA_HOURLY_RAINFALL_ACCUMULATION_202301260200_patch000,OPT_NORM_VIRTUAL_HOMOTOPY_CONST_INIT_LONG_LIGHT_JTOTAL,Homotopy Light Shrinkage (2000 iters),"(750,1500]",51199,0.36547069435237783,0.009023266834480898,0.9892723645272786
RAD_OPERA_HOURLY_RAINFALL_ACCUMULATION_202301260200_patch000,OPT_NORM_VIRTUAL_HOMOTOPY_CONST_INIT_LONG_LIGHT_JTOTAL,Homotopy Light Shrinkage (2000 iters),"(1500,3125]",82409,0.5259080435873104,0.04857321132271054,0.9815124244330535
RAD_OPERA_HOURLY_RAINFALL_ACCUMULATION_202301260200_patch000,OPT_NORM_VIRTUAL_HOMOTOPY_CONST_INIT_LONG_LIGHT_JTOTAL,Homotopy Light Shrinkage (2000 iters),"(3125,6000]",39095,0.7664268961567077,0.21799020368809768,0.9620458113902765
RAD_OPERA_HOURLY_RAINFALL_ACCUMULATION_202301260200_patch000,OPT_NORM_VIRTUAL_HOMOTOPY_CONST_INIT_LONG_LIGHT_JTOTAL,Homotopy Light Shrinkage (2000 iters),"(6000,9000]",6701,0.5979827345331807,0.46273447028039516,0.9049039776485743
RAD_OPERA_HOURLY_RAINFALL_ACCUMULATION_202301260200_patch000,OPT_NORM_VIRTUAL_HOMOTOPY_CONST_INIT_LONG_LIGHT_JTOTAL,Homotopy Light Shrinkage (2000 iters),>9000,1654,0.41561885934623843,0.3639545285490937,0.7479030933285592
RAD_OPERA_HOURLY_RAINFALL_ACCUMULATION_202301260200_patch001,OPT_NORM_VIRTUAL_HOMOTOPY_CONST_INIT_LONG_LIGHT_JTOTAL,Homotopy Light Shrinkage (2000 iters),≤125,4870,0.1464531902279062,-0.0026321391856156335,0.9938950638761117
RAD_OPERA_HOURLY_RAINFALL_ACCUMULATION_202301260200_patch001,OPT_NORM_VIRTUAL_HOMOTOPY_CONST_INIT_LONG_LIGHT_JTOTAL,Homotopy Light Shrinkage (2000 iters),"(125,375]",18492,0.1737930521011848,0.0007294960547236171,0.9908456752960527
RAD_OPERA_HOURLY_RAINFALL_ACCUMULATION_202301260200_patch001,OPT_NORM_VIRTUAL_HOMOTOPY_CONST_INIT_LONG_LIGHT_JTOTAL,Homotopy Light Shrinkage (2000 iters),"(375,750]",28487,0.23550458814536626,-0.005823338633736584,0.9831174341272846
RAD_OPERA_HOURLY_RAINFALL_ACCUMULATION_202301260200_patch001,OPT_NORM_VIRTUAL_HOMOTOPY_CONST_INIT_LONG_LIGHT_JTOTAL,Homotopy Light Shrinkage (2000 iters),"(750,1500]",53473,0.33576817005217313,-0.021036249038199933,0.9680131081083696
RAD_OPERA_HOURLY_RAINFALL_ACCUMULATION_202301260200_patch001,OPT_NORM_VIRTUAL_HOMOTOPY_CONST_INIT_LONG_LIGHT_JTOTAL,Homotopy Light Shrinkage (2000 iters),"(1500,3125]",88711,0.4526235562322358,-0.02430811277972991,0.9415591020961019
RAD_OPERA_HOURLY_RAINFALL_ACCUMULATION_202301260200_patch001,OPT_NORM_VIRTUAL_HOMOTOPY_CONST_INIT_LONG_LIGHT_JTOTAL,Homotopy Light Shrinkage (2000 iters),"(3125,6000]",42560,0.49874955731136017,0.06713967612503391,0.9176293949030915
RAD_OPERA_HOURLY_RAINFALL_ACCUMULATION_202301260200_patch001,OPT_NORM_VIRTUAL_HOMOTOPY_CONST_INIT_LONG_LIGHT_JTOTAL,Homotopy Light Shrinkage (2000 iters),"(6000,9000]",975,0.5478107314178516,0.15133406467926808,0.5033799704253563
RAD_OPERA_HOURLY_RAINFALL_ACCUMULATION_202301260600_patch000,OPT_NORM_VIRTUAL_HOMOTOPY_CONST_INIT_LONG_LIGHT_JTOTAL,Homotopy Light Shrinkage (2000 iters),≤125,3390,1.9285802217279078,-0.01705421782328508,0.9850152917331005
RAD_OPERA_HOURLY_RAINFALL_ACCUMULATION_202301260600_patch000,OPT_NORM_VIRTUAL_HOMOTOPY_CONST_INIT_LONG_LIGHT_JTOTAL,Homotopy Light Shrinkage (2000 iters),"(125,375]",13291,2.4884092494509944,-0.020227088062439582,0.9713196460894239
RAD_OPERA_HOURLY_RAINFALL_ACCUMULATION_202301260600_patch000,OPT_NORM_VIRTUAL_HOMOTOPY_CONST_INIT_LONG_LIGHT_JTOTAL,Homotopy Light Shrinkage (2000 iters),"(375,750]",19563,3.171087831192694,0.03991644843313364,0.9571988142332317
RAD_OPERA_HOURLY_RAINFALL_ACCUMULATION_202301260600_patch000,OPT_NORM_VIRTUAL_HOMOTOPY_CONST_INIT_LONG_LIGHT_JTOTAL,Homotopy Light Shrinkage (2000 iters),"(750,1500]",36286,3.1313539357819935,-0.006182629532983807,0.9431518832913962
RAD_OPERA_HOURLY_RAINFALL_ACCUMULATION_202301260600_patch000,OPT_NORM_VIRTUAL_HOMOTOPY_CONST_INIT_LONG_LIGHT_JTOTAL,Homotopy Light Shrinkage (2000 iters),"(1500,3125]",59850,2.9989455232647577,0.2550540575861696,0.8634605291276218
RAD_OPERA_HOURLY_RAINFALL_ACCUMULATION_202301260600_patch000,OPT_NORM_VIRTUAL_HOMOTOPY_CONST_INIT_LONG_LIGHT_JTOTAL,Homotopy Light Shrinkage (2000 iters),"(3125,6000]",31192,3.870179465369276,1.404923012452946,0.7037449524522336
RAD_OPERA_HOURLY_RAINFALL_ACCUMULATION_202301260600_patch000,OPT_NORM_VIRTUAL_HOMOTOPY_CONST_INIT_LONG_LIGHT_JTOTAL,Homotopy Light Shrinkage (2000 iters),"(6000,9000]",2828,7.523700974670597,6.223716880056878,0.38649810153388076
RAD_OPERA_HOURLY_RAINFALL_ACCUMULATION_202301260800_patch001,OPT_NORM_VIRTUAL_HOMOTOPY_CONST_INIT_LONG_LIGHT_JTOTAL,Homotopy Light Shrinkage (2000 iters),≤125,5680,0.15312980799592585,0.00028563560196526454,0.9913681783835767
RAD_OPERA_HOURLY_RAINFALL_ACCUMULATION_202301260800_patch001,OPT_NORM_VIRTUAL_HOMOTOPY_CONST_INIT_LONG_LIGHT_JTOTAL,Homotopy Light Shrinkage (2000 iters),"(125,375]",22152,0.18642978526125517,-0.0010159710161831887,0.9871128662259566
RAD_OPERA_HOURLY_RAINFALL_ACCUMULATION_202301260800_patch001,OPT_NORM_VIRTUAL_HOMOTOPY_CONST_INIT_LONG_LIGHT_JTOTAL,Homotopy Light Shrinkage (2000 iters),"(375,750]",35262,0.2631100152975476,-0.001983259144734555,0.9748845590007439
RAD_OPERA_HOURLY_RAINFALL_ACCUMULATION_202301260800_patch001,OPT_NORM_VIRTUAL_HOMOTOPY_CONST_INIT_LONG_LIGHT_JTOTAL,Homotopy Light Shrinkage (2000 iters),"(750,1500]",67772,0.35714085107066945,-0.026241878736334344,0.9516606368400999
RAD_OPERA_HOURLY_RAINFALL_ACCUMULATION_202301260800_patch001,OPT_NORM_VIRTUAL_HOMOTOPY_CONST_INIT_LONG_LIGHT_JTOTAL,Homotopy Light Shrinkage (2000 iters),"(1500,3125]",116937,0.5318470161139343,-0.043525891947094046,0.903085552698994
RAD_OPERA_HOURLY_RAINFALL_ACCUMULATION_202301260800_patch001,OPT_NORM_VIRTUAL_HOMOTOPY_CONST_INIT_LONG_LIGHT_JTOTAL,Homotopy Light Shrinkage (2000 iters),"(3125,6000]",62770,0.7139757132942682,-0.1218361555124632,0.8189886373467541
RAD_OPERA_HOURLY_RAINFALL_ACCUMULATION_202301260800_patch001,OPT_NORM_VIRTUAL_HOMOTOPY_CONST_INIT_LONG_LIGHT_JTOTAL,Homotopy Light Shrinkage (2000 iters),"(6000,9000]",1235,0.6721452662390692,-0.055444648487847824,0.8396466164687295
RAD_OPERA_HOURLY_RAINFALL_ACCUMULATION_202301260900_patch000,OPT_NORM_VIRTUAL_HOMOTOPY_CONST_INIT_LONG_LIGHT_JTOTAL,Homotopy Light Shrinkage (2000 iters),≤125,3711,0.2059453383230173,-0.003597572225022271,0.9907213918358644
RAD_OPERA_HOURLY_RAINFALL_ACCUMULATION_202301260900_patch000,OPT_NORM_VIRTUAL_HOMOTOPY_CONST_INIT_LONG_LIGHT_JTOTAL,Homotopy Light Shrinkage (2000 iters),"(125,375]",14727,0.2452269441662797,-0.0004908547565263085,0.9858693458876495
RAD_OPERA_HOURLY_RAINFALL_ACCUMULATION_202301260900_patch000,OPT_NORM_VIRTUAL_HOMOTOPY_CONST_INIT_LONG_LIGHT_JTOTAL,Homotopy Light Shrinkage (2000 iters),"(375,750]",22957,0.3138986931327147,-0.0020136894478004256,0.9764090102187577
RAD_OPERA_HOURLY_RAINFALL_ACCUMULATION_202301260900_patch000,OPT_NORM_VIRTUAL_HOMOTOPY_CONST_INIT_LONG_LIGHT_JTOTAL,Homotopy Light Shrinkage (2000 iters),"(750,1500]",43184,0.40207077285843734,-0.007609257117747466,0.9631422404709917
RAD_OPERA_HOURLY_RAINFALL_ACCUMULATION_202301260900_patch000,OPT_NORM_VIRTUAL_HOMOTOPY_CONST_INIT_LONG_LIGHT_JTOTAL,Homotopy Light Shrinkage (2000 iters),"(1500,3125]",67966,0.5663663075556232,0.020515504218682888,0.9233717401014182
RAD_OPERA_HOURLY_RAINFALL_ACCUMULATION_202301260900_patch000,OPT_NORM_VIRTUAL_HOMOTOPY_CONST_INIT_LONG_LIGHT_JTOTAL,Homotopy Light Shrinkage (2000 iters),"(3125,6000]",32037,0.9212839267780699,0.25554498777551166,0.7348072862347
RAD_OPERA_HOURLY_RAINFALL_ACCUMULATION_202301260900_patch000,OPT_NORM_VIRTUAL_HOMOTOPY_CONST_INIT_LONG_LIGHT_JTOTAL,Homotopy Light Shrinkage (2000 iters),"(6000,9000]",1018,1.0664379633754364,0.6153535513840396,0.6683935963825993
RAD_OPERA_HOURLY_RAINFALL_ACCUMULATION_202301260900_patch001,OPT_NORM_VIRTUAL_HOMOTOPY_CONST_INIT_LONG_LIGHT_JTOTAL,Homotopy Light Shrinkage (2000 iters),≤125,5159,0.15252858518800913,0.0014764358886893254,0.9910446459495291
RAD_OPERA_HOURLY_RAINFALL_ACCUMULATION_202301260900_patch001,OPT_NORM_VIRTUAL_HOMOTOPY_CONST_INIT_LONG_LIGHT_JTOTAL,Homotopy Light Shrinkage (2000 iters),"(125,375]",19586,0.16842487984665083,0.0027635191896956774,0.9898284726847429
RAD_OPERA_HOURLY_RAINFALL_ACCUMULATION_202301260900_patch001,OPT_NORM_VIRTUAL_HOMOTOPY_CONST_INIT_LONG_LIGHT_JTOTAL,Homotopy Light Shrinkage (2000 iters),"(375,750]",29988,0.23536727461847373,0.002883609260072291,0.9819281536142087
RAD_OPERA_HOURLY_RAINFALL_ACCUMULATION_202301260900_patch001,OPT_NORM_VIRTUAL_HOMOTOPY_CONST_INIT_LONG_LIGHT_JTOTAL,Homotopy Light Shrinkage (2000 iters),"(750,1500]",56176,0.32870252701540587,-1.5635417131863574e-05,0.9680169772181133
RAD_OPERA_HOURLY_RAINFALL_ACCUMULATION_202301260900_patch001,OPT_NORM_VIRTUAL_HOMOTOPY_CONST_INIT_LONG_LIGHT_JTOTAL,Homotopy Light Shrinkage (2000 iters),"(1500,3125]",95580,0.47988148864043084,-0.0281358314418885,0.940543373955813
RAD_OPERA_HOURLY_RAINFALL_ACCUMULATION_202301260900_patch001,OPT_NORM_VIRTUAL_HOMOTOPY_CONST_INIT_LONG_LIGHT_JTOTAL,Homotopy Light Shrinkage (2000 iters),"(3125,6000]",56911,0.6585546507841439,0.02587102570841626,0.9213583337324819
RAD_OPERA_HOURLY_RAINFALL_ACCUMULATION_202301260900_patch001,OPT_NORM_VIRTUAL_HOMOTOPY_CONST_INIT_LONG_LIGHT_JTOTAL,Homotopy Light Shrinkage (2000 iters),"(6000,9000]",8318,0.6743056469496815,0.30581026587901305,0.8859705447549788
RAD_OPERA_HOURLY_RAINFALL_ACCUMULATION_202301260900_patch001,OPT_NORM_VIRTUAL_HOMOTOPY_CONST_INIT_LONG_LIGHT_JTOTAL,Homotopy Light Shrinkage (2000 iters),>9000,666,0.4247006745290411,0.2368673546178205,0.9492887336367007
RAD_OPERA_HOURLY_RAINFALL_ACCUMULATION_202301270400_patch000,OPT_NORM_VIRTUAL_HOMOTOPY_CONST_INIT_LONG_LIGHT_JTOTAL,Homotopy Light Shrinkage (2000 iters),≤125,4024,0.2560881756240072,-0.0016843815396473101,0.9917081690020577
RAD_OPERA_HOURLY_RAINFALL_ACCUMULATION_202301270400_patch000,OPT_NORM_VIRTUAL_HOMOTOPY_CONST_INIT_LONG_LIGHT_JTOTAL,Homotopy Light Shrinkage (2000 iters),"(125,375]",16310,0.3032314795533931,0.006380900286729823,0.9869537884783585
RAD_OPERA_HOURLY_RAINFALL_ACCUMULATION_202301270400_patch000,OPT_NORM_VIRTUAL_HOMOTOPY_CONST_INIT_LONG_LIGHT_JTOTAL,Homotopy Light Shrinkage (2000 iters),"(375,750]",26560,0.4263449800318702,0.007277653675993912,0.9750197598151874
RAD_OPERA_HOURLY_RAINFALL_ACCUMULATION_202301270400_patch000,OPT_NORM_VIRTUAL_HOMOTOPY_CONST_INIT_LONG_LIGHT_JTOTAL,Homotopy Light Shrinkage (2000 iters),"(750,1500]",51739,0.5836972212686302,-0.01981787190247925,0.9538201104677794
RAD_OPERA_HOURLY_RAINFALL_ACCUMULATION_202301270400_patch000,OPT_NORM_VIRTUAL_HOMOTOPY_CONST_INIT_LONG_LIGHT_JTOTAL,Homotopy Light Shrinkage (2000 iters),"(1500,3125]",79134,0.8458778814087682,0.011163571316712466,0.9077986501180972
RAD_OPERA_HOURLY_RAINFALL_ACCUMULATION_202301270400_patch000,OPT_NORM_VIRTUAL_HOMOTOPY_CONST_INIT_LONG_LIGHT_JTOTAL,Homotopy Light Shrinkage (2000 iters),"(3125,6000]",39529,1.2113804351234896,-0.056461529056164465,0.8836466381216836
RAD_OPERA_HOURLY_RAINFALL_ACCUMULATION_202301270400_patch000,OPT_NORM_VIRTUAL_HOMOTOPY_CONST_INIT_LONG_LIGHT_JTOTAL,Homotopy Light Shrinkage (2000 iters),"(6000,9000]",4447,1.0992792937807778,-0.591724007919662,0.7241792512330989
RAD_OPERA_HOURLY_RAINFALL_ACCUMULATION_202301270400_patch000,OPT_NORM_VIRTUAL_HOMOTOPY_CONST_INIT_LONG_LIGHT_JTOTAL,Homotopy Light Shrinkage (2000 iters),>9000,2257,1.1043253782961,-0.7460123833481802,-0.7412589139560233
RAD_OPERA_HOURLY_RAINFALL_ACCUMULATION_202301270700_patch000,OPT_NORM_VIRTUAL_HOMOTOPY_CONST_INIT_LONG_LIGHT_JTOTAL,Homotopy Light Shrinkage (2000 iters),≤125,6209,0.5340217426378451,-0.00490583290812909,0.9897869002062814
RAD_OPERA_HOURLY_RAINFALL_ACCUMULATION_202301270700_patch000,OPT_NORM_VIRTUAL_HOMOTOPY_CONST_INIT_LONG_LIGHT_JTOTAL,Homotopy Light Shrinkage (2000 iters),"(125,375]",24640,0.6036301166617785,0.00010198413037752305,0.9854576417116602
RAD_OPERA_HOURLY_RAINFALL_ACCUMULATION_202301270700_patch000,OPT_NORM_VIRTUAL_HOMOTOPY_CONST_INIT_LONG_LIGHT_JTOTAL,Homotopy Light Shrinkage (2000 iters),"(375,750]",40310,0.7874672581904159,0.013539010253093918,0.976733388672722
RAD_OPERA_HOURLY_RAINFALL_ACCUMULATION_202301270700_patch000,OPT_NORM_VIRTUAL_HOMOTOPY_CONST_INIT_LONG_LIGHT_JTOTAL,Homotopy Light Shrinkage (2000 iters),"(750,1500]",79643,1.1308615952336223,0.020646987728481465,0.959180345329042
RAD_OPERA_HOURLY_RAINFALL_ACCUMULATION_202301270700_patch000,OPT_NORM_VIRTUAL_HOMOTOPY_CONST_INIT_LONG_LIGHT_JTOTAL,Homotopy Light Shrinkage (2000 iters),"(1500,3125]",137983,1.6731755090103455,0.028836472975800026,0.9329345699239749
RAD_OPERA_HOURLY_RAINFALL_ACCUMULATION_202301270700_patch000,OPT_NORM_VIRTUAL_HOMOTOPY_CONST_INIT_LONG_LIGHT_JTOTAL,Homotopy Light Shrinkage (2000 iters),"(3125,6000]",83142,1.898145436141686,0.0438651585323699,0.9350399190390729
RAD_OPERA_HOURLY_RAINFALL_ACCUMULATION_202301270700_patch000,OPT_NORM_VIRTUAL_HOMOTOPY_CONST_INIT_LONG_LIGHT_JTOTAL,Homotopy Light Shrinkage (2000 iters),"(6000,9000]",10359,0.7679237756892672,0.3450751973834927,0.9080658644065788
RAD_OPERA_HOURLY_RAINFALL_ACCUMULATION_202301270700_patch000,OPT_NORM_VIRTUAL_HOMOTOPY_CONST_INIT_LONG_LIGHT_JTOTAL,Homotopy Light Shrinkage (2000 iters),>9000,2994,1.2219752129162966,-0.5081653396375652,0.7931162770059755
RAD_OPERA_HOURLY_RAINFALL_ACCUMULATION_202301270800_patch000,OPT_NORM_VIRTUAL_HOMOTOPY_CONST_INIT_LONG_LIGHT_JTOTAL,Homotopy Light Shrinkage (2000 iters),≤125,3487,0.12697882220993179,-0.003526087370649053,0.972690115991656
RAD_OPERA_HOURLY_RAINFALL_ACCUMULATION_202301270800_patch000,OPT_NORM_VIRTUAL_HOMOTOPY_CONST_INIT_LONG_LIGHT_JTOTAL,Homotopy Light Shrinkage (2000 iters),"(125,375]",13581,0.11305839414443068,-0.005252597644660691,0.9781730236654229
RAD_OPERA_HOURLY_RAINFALL_ACCUMULATION_202301270800_patch000,OPT_NORM_VIRTUAL_HOMOTOPY_CONST_INIT_LONG_LIGHT_JTOTAL,Homotopy Light Shrinkage (2000 iters),"(375,750]",20224,0.12919607017341442,-0.0052237110978723324,0.9704615548050742
RAD_OPERA_HOURLY_RAINFALL_ACCUMULATION_202301270800_patch000,OPT_NORM_VIRTUAL_HOMOTOPY_CONST_INIT_LONG_LIGHT_JTOTAL,Homotopy Light Shrinkage (2000 iters),"(750,1500]",37125,0.15862001891490168,-0.0039009267826272983,0.9524830248858068
RAD_OPERA_HOURLY_RAINFALL_ACCUMULATION_202301270800_patch000,OPT_NORM_VIRTUAL_HOMOTOPY_CONST_INIT_LONG_LIGHT_JTOTAL,Homotopy Light Shrinkage (2000 iters),"(1500,3125]",60628,0.1937462048340563,0.03905720041485113,0.9255719495227612
RAD_OPERA_HOURLY_RAINFALL_ACCUMULATION_202301270800_patch000,OPT_NORM_VIRTUAL_HOMOTOPY_CONST_INIT_LONG_LIGHT_JTOTAL,Homotopy Light Shrinkage (2000 iters),"(3125,6000]",30024,0.3252594817179771,0.11758070924886856,0.9033332000990278
RAD_OPERA_HOURLY_RAINFALL_ACCUMULATION_202301270800_patch000,OPT_NORM_VIRTUAL_HOMOTOPY_CONST_INIT_LONG_LIGHT_JTOTAL,Homotopy Light Shrinkage (2000 iters),"(6000,9000]",1331,0.5821269448320524,0.4591380642554887,0.9461755158579509
RAD_OPERA_HOURLY_RAINFALL_ACCUMULATION_202301270900_patch000,OPT_NORM_VIRTUAL_HOMOTOPY_CONST_INIT_LONG_LIGHT_JTOTAL,Homotopy Light Shrinkage (2000 iters),≤125,5395,0.3188459850182676,0.007985737318375024,0.9912463258543501
RAD_OPERA_HOURLY_RAINFALL_ACCUMULATION_202301270900_patch000,OPT_NORM_VIRTUAL_HOMOTOPY_CONST_INIT_LONG_LIGHT_JTOTAL,Homotopy Light Shrinkage (2000 iters),"(125,375]",21090,0.41502375615500653,-0.00032666090534953156,0.9839690101150255
RAD_OPERA_HOURLY_RAINFALL_ACCUMULATION_202301270900_patch000,OPT_NORM_VIRTUAL_HOMOTOPY_CONST_INIT_LONG_LIGHT_JTOTAL,Homotopy Light Shrinkage (2000 iters),"(375,750]",34488,0.5890108766460945,-0.037460005461011275,0.9650849171015142
RAD_OPERA_HOURLY_RAINFALL_ACCUMULATION_202301270900_patch000,OPT_NORM_VIRTUAL_HOMOTOPY_CONST_INIT_LONG_LIGHT_JTOTAL,Homotopy Light Shrinkage (2000 iters),"(750,1500]",67771,0.7960429317482363,-0.07518306404898138,0.9250421467748271
RAD_OPERA_HOURLY_RAINFALL_ACCUMULATION_202301270900_patch000,OPT_NORM_VIRTUAL_HOMOTOPY_CONST_INIT_LONG_LIGHT_JTOTAL,Homotopy Light Shrinkage (2000 iters),"(1500,3125]",115766,0.9532379988182929,-0.028761764363302605,0.873745995397645
RAD_OPERA_HOURLY_RAINFALL_ACCUMULATION_202301270900_patch000,OPT_NORM_VIRTUAL_HOMOTOPY_CONST_INIT_LONG_LIGHT_JTOTAL,Homotopy Light Shrinkage (2000 iters),"(3125,6000]",63094,1.0055100194101687,0.14858496816263256,0.8462969664288034
RAD_OPERA_HOURLY_RAINFALL_ACCUMULATION_202301270900_patch000,OPT_NORM_VIRTUAL_HOMOTOPY_CONST_INIT_LONG_LIGHT_JTOTAL,Homotopy Light Shrinkage (2000 iters),"(6000,9000]",4971,0.9988891273936535,0.6742844773080042,0.7749015728601446
RAD_OPERA_HOURLY_RAINFALL_ACCUMULATION_202301270900_patch000,OPT_NORM_VIRTUAL_HOMOTOPY_CONST_INIT_LONG_LIGHT_JTOTAL,Homotopy Light Shrinkage (2000 iters),>9000,1,0.3667587339878082,0.3667587339878082,
RAD_OPERA_HOURLY_RAINFALL_ACCUMULATION_202301271000_patch001,OPT_NORM_VIRTUAL_HOMOTOPY_CONST_INIT_LONG_LIGHT_JTOTAL,Homotopy Light Shrinkage (2000 iters),≤125,5081,0.6946913911359525,-0.01221427296794142,0.9752295359784113
RAD_OPERA_HOURLY_RAINFALL_ACCUMULATION_202301271000_patch001,OPT_NORM_VIRTUAL_HOMOTOPY_CONST_INIT_LONG_LIGHT_JTOTAL,Homotopy Light Shrinkage (2000 iters),"(125,375]",19591,0.8437860951209534,0.011035516887334031,0.9762833455643982
RAD_OPERA_HOURLY_RAINFALL_ACCUMULATION_202301271000_patch001,OPT_NORM_VIRTUAL_HOMOTOPY_CONST_INIT_LONG_LIGHT_JTOTAL,Homotopy Light Shrinkage (2000 iters),"(375,750]",30953,1.1686380295889138,0.04027784080203507,0.9679280015399554
RAD_OPERA_HOURLY_RAINFALL_ACCUMULATION_202301271000_patch001,OPT_NORM_VIRTUAL_HOMOTOPY_CONST_INIT_LONG_LIGHT_JTOTAL,Homotopy Light Shrinkage (2000 iters),"(750,1500]",57909,1.808485110883306,-0.020052011227154665,0.9333393174603161
RAD_OPERA_HOURLY_RAINFALL_ACCUMULATION_202301271000_patch001,OPT_NORM_VIRTUAL_HOMOTOPY_CONST_INIT_LONG_LIGHT_JTOTAL,Homotopy Light Shrinkage (2000 iters),"(1500,3125]",94396,2.545091376588389,-0.060044507915631616,0.8516445679229959
RAD_OPERA_HOURLY_RAINFALL_ACCUMULATION_202301271000_patch001,OPT_NORM_VIRTUAL_HOMOTOPY_CONST_INIT_LONG_LIGHT_JTOTAL,Homotopy Light Shrinkage (2000 iters),"(3125,6000]",50338,2.4053571724389866,0.007314775651030455,0.9061566458865948
RAD_OPERA_HOURLY_RAINFALL_ACCUMULATION_202301271000_patch001,OPT_NORM_VIRTUAL_HOMOTOPY_CONST_INIT_LONG_LIGHT_JTOTAL,Homotopy Light Shrinkage (2000 iters),"(6000,9000]",3450,2.233033908595129,-0.17299645527549412,0.9886233224443516
RAD_OPERA_HOURLY_RAINFALL_ACCUMULATION_202301271000_patch001,OPT_NORM_VIRTUAL_HOMOTOPY_CONST_INIT_LONG_LIGHT_JTOTAL,Homotopy Light Shrinkage (2000 iters),>9000,170,1.124209610309814,1.121944973749273,0.6376721795259528
RAD_OPERA_HOURLY_RAINFALL_ACCUMULATION_202301271800_patch000,OPT_NORM_VIRTUAL_HOMOTOPY_CONST_INIT_LONG_LIGHT_JTOTAL,Homotopy Light Shrinkage (2000 iters),≤125,5395,0.06555917625470983,-0.00032846742034289876,0.994485025687925
RAD_OPERA_HOURLY_RAINFALL_ACCUMULATION_202301271800_patch000,OPT_NORM_VIRTUAL_HOMOTOPY_CONST_INIT_LONG_LIGHT_JTOTAL,Homotopy Light Shrinkage (2000 iters),"(125,375]",21090,0.07610867250150193,0.0011575966211448297,0.9934066985791713
RAD_OPERA_HOURLY_RAINFALL_ACCUMULATION_202301271800_patch000,OPT_NORM_VIRTUAL_HOMOTOPY_CONST_INIT_LONG_LIGHT_JTOTAL,Homotopy Light Shrinkage (2000 iters),"(375,750]",34488,0.09659487502139415,0.002691461782227589,0.9906479808101997
RAD_OPERA_HOURLY_RAINFALL_ACCUMULATION_202301271800_patch000,OPT_NORM_VIRTUAL_HOMOTOPY_CONST_INIT_LONG_LIGHT_JTOTAL,Homotopy Light Shrinkage (2000 iters),"(750,1500]",67771,0.1228951238473922,0.0024304018628400073,0.9852897956007047
RAD_OPERA_HOURLY_RAINFALL_ACCUMULATION_202301271800_patch000,OPT_NORM_VIRTUAL_HOMOTOPY_CONST_INIT_LONG_LIGHT_JTOTAL,Homotopy Light Shrinkage (2000 iters),"(1500,3125]",115766,0.16556139526229943,0.007819841473091407,0.9731125853733569
RAD_OPERA_HOURLY_RAINFALL_ACCUMULATION_202301271800_patch000,OPT_NORM_VIRTUAL_HOMOTOPY_CONST_INIT_LONG_LIGHT_JTOTAL,Homotopy Light Shrinkage (2000 iters),"(3125,6000]",63094,0.24947703643549263,0.007704899983273507,0.9631504348657446
RAD_OPERA_HOURLY_RAINFALL_ACCUMULATION_202301271800_patch000,OPT_NORM_VIRTUAL_HOMOTOPY_CONST_INIT_LONG_LIGHT_JTOTAL,Homotopy Light Shrinkage (2000 iters),"(6000,9000]",4971,0.3942437192142632,0.287661124621088,0.9657549375823427
RAD_OPERA_HOURLY_RAINFALL_ACCUMULATION_202301271800_patch000,OPT_NORM_VIRTUAL_HOMOTOPY_CONST_INIT_LONG_LIGHT_JTOTAL,Homotopy Light Shrinkage (2000 iters),>9000,1,0.3310326337814331,0.3310326337814331,
RAD_OPERA_HOURLY_RAINFALL_ACCUMULATION_202301272100_patch001,OPT_NORM_VIRTUAL_HOMOTOPY_CONST_INIT_LONG_LIGHT_JTOTAL,Homotopy Light Shrinkage (2000 iters),≤125,4361,0.6642977556145423,-0.0027227626656203597,0.9898447243759582
RAD_OPERA_HOURLY_RAINFALL_ACCUMULATION_202301272100_patch001,OPT_NORM_VIRTUAL_HOMOTOPY_CONST_INIT_LONG_LIGHT_JTOTAL,Homotopy Light Shrinkage (2000 iters),"(125,375]",17119,0.7343394495521984,-0.0015241530936980195,0.9876068057986414
RAD_OPERA_HOURLY_RAINFALL_ACCUMULATION_202301272100_patch001,OPT_NORM_VIRTUAL_HOMOTOPY_CONST_INIT_LONG_LIGHT_JTOTAL,Homotopy Light Shrinkage (2000 iters),"(375,750]",25927,0.9894282389293619,-0.016135276842548688,0.98203985113701
RAD_OPERA_HOURLY_RAINFALL_ACCUMULATION_202301272100_patch001,OPT_NORM_VIRTUAL_HOMOTOPY_CONST_INIT_LONG_LIGHT_JTOTAL,Homotopy Light Shrinkage (2000 iters),"(750,1500]",47998,1.3051108494558958,-0.0442309188090629,0.9727019832134209
RAD_OPERA_HOURLY_RAINFALL_ACCUMULATION_202301272100_patch001,OPT_NORM_VIRTUAL_HOMOTOPY_CONST_INIT_LONG_LIGHT_JTOTAL,Homotopy Light Shrinkage (2000 iters),"(1500,3125]",78136,1.8222347968871233,-0.04037318393857816,0.9430821650418008
RAD_OPERA_HOURLY_RAINFALL_ACCUMULATION_202301272100_patch001,OPT_NORM_VIRTUAL_HOMOTOPY_CONST_INIT_LONG_LIGHT_JTOTAL,Homotopy Light Shrinkage (2000 iters),"(3125,6000]",40134,2.1492470995799455,0.442385231451023,0.8891634275892695
RAD_OPERA_HOURLY_RAINFALL_ACCUMULATION_202301272100_patch001,OPT_NORM_VIRTUAL_HOMOTOPY_CONST_INIT_LONG_LIGHT_JTOTAL,Homotopy Light Shrinkage (2000 iters),"(6000,9000]",6879,1.0764056339863235,0.7812613775885203,0.9503114785271711
RAD_OPERA_HOURLY_RAINFALL_ACCUMULATION_202301272100_patch001,OPT_NORM_VIRTUAL_HOMOTOPY_CONST_INIT_LONG_LIGHT_JTOTAL,Homotopy Light Shrinkage (2000 iters),>9000,1654,0.7404300297962,0.6544281627280668,0.8609864924654592
RAD_OPERA_HOURLY_RAINFALL_ACCUMULATION_202301272300_patch000,OPT_NORM_VIRTUAL_HOMOTOPY_CONST_INIT_LONG_LIGHT_JTOTAL,Homotopy Light Shrinkage (2000 iters),≤125,4739,0.13453128080507182,0.0021248661998858253,0.9951174969992242
RAD_OPERA_HOURLY_RAINFALL_ACCUMULATION_202301272300_patch000,OPT_NORM_VIRTUAL_HOMOTOPY_CONST_INIT_LONG_LIGHT_JTOTAL,Homotopy Light Shrinkage (2000 iters),"(125,375]",17811,0.16710868775018856,0.0032737453638449795,0.992838550326989
RAD_OPERA_HOURLY_RAINFALL_ACCUMULATION_202301272300_patch000,OPT_NORM_VIRTUAL_HOMOTOPY_CONST_INIT_LONG_LIGHT_JTOTAL,Homotopy Light Shrinkage (2000 iters),"(375,750]",26584,0.22634503794917152,0.008058309327898446,0.9887279022262092
RAD_OPERA_HOURLY_RAINFALL_ACCUMULATION_202301272300_patch000,OPT_NORM_VIRTUAL_HOMOTOPY_CONST_INIT_LONG_LIGHT_JTOTAL,Homotopy Light Shrinkage (2000 iters),"(750,1500]",49607,0.29204785363406727,0.0017489414281160408,0.9836037526508687
RAD_OPERA_HOURLY_RAINFALL_ACCUMULATION_202301272300_patch000,OPT_NORM_VIRTUAL_HOMOTOPY_CONST_INIT_LONG_LIGHT_JTOTAL,Homotopy Light Shrinkage (2000 iters),"(1500,3125]",83724,0.4236869380696329,0.023038586377360698,0.9643696798211547
RAD_OPERA_HOURLY_RAINFALL_ACCUMULATION_202301272300_patch000,OPT_NORM_VIRTUAL_HOMOTOPY_CONST_INIT_LONG_LIGHT_JTOTAL,Homotopy Light Shrinkage (2000 iters),"(3125,6000]",46547,0.6782277758831889,0.009345092686739486,0.9037874723805677
RAD_OPERA_HOURLY_RAINFALL_ACCUMULATION_202301272300_patch000,OPT_NORM_VIRTUAL_HOMOTOPY_CONST_INIT_LONG_LIGHT_JTOTAL,Homotopy Light Shrinkage (2000 iters),"(6000,9000]",5949,0.8052237070006497,0.1348399762286521,0.6315731064287705
RAD_OPERA_HOURLY_RAINFALL_ACCUMULATION_202301272300_patch000,OPT_NORM_VIRTUAL_HOMOTOPY_CONST_INIT_LONG_LIGHT_JTOTAL,Homotopy Light Shrinkage (2000 iters),>9000,1839,0.6840053529581832,0.5710034553222905,0.5006112451087693
RAD_OPERA_HOURLY_RAINFALL_ACCUMULATION_202301272300_patch002,OPT_NORM_VIRTUAL_HOMOTOPY_CONST_INIT_LONG_LIGHT_JTOTAL,Homotopy Light Shrinkage (2000 iters),≤125,5768,0.5417465465156953,-0.0038426877432160503,0.9903989165090374
RAD_OPERA_HOURLY_RAINFALL_ACCUMULATION_202301272300_patch002,OPT_NORM_VIRTUAL_HOMOTOPY_CONST_INIT_LONG_LIGHT_JTOTAL,Homotopy Light Shrinkage (2000 iters),"(125,375]",22309,0.628855461993116,-0.009987786414242906,0.9862389214318228
RAD_OPERA_HOURLY_RAINFALL_ACCUMULATION_202301272300_patch002,OPT_NORM_VIRTUAL_HOMOTOPY_CONST_INIT_LONG_LIGHT_JTOTAL,Homotopy Light Shrinkage (2000 iters),"(375,750]",36274,0.8193470918818564,-0.0014306081904330182,0.9744458541374103
RAD_OPERA_HOURLY_RAINFALL_ACCUMULATION_202301272300_patch002,OPT_NORM_VIRTUAL_HOMOTOPY_CONST_INIT_LONG_LIGHT_JTOTAL,Homotopy Light Shrinkage (2000 iters),"(750,1500]",71451,1.0647795616649491,0.007708191871643066,0.957428009956776
RAD_OPERA_HOURLY_RAINFALL_ACCUMULATION_202301272300_patch002,OPT_NORM_VIRTUAL_HOMOTOPY_CONST_INIT_LONG_LIGHT_JTOTAL,Homotopy Light Shrinkage (2000 iters),"(1500,3125]",122451,1.31335365015543,0.08580736556010014,0.9411263937690578
RAD_OPERA_HOURLY_RAINFALL_ACCUMULATION_202301272300_patch002,OPT_NORM_VIRTUAL_HOMOTOPY_CONST_INIT_LONG_LIGHT_JTOTAL,Homotopy Light Shrinkage (2000 iters),"(3125,6000]",62604,1.509150258913798,0.15254844346438176,0.9332983014662636
RAD_OPERA_HOURLY_RAINFALL_ACCUMULATION_202301272300_patch002,OPT_NORM_VIRTUAL_HOMOTOPY_CONST_INIT_LONG_LIGHT_JTOTAL,Homotopy Light Shrinkage (2000 iters),"(6000,9000]",1703,1.6391397500523164,0.6868834098821798,0.944937459866348
RAD_OPERA_HOURLY_RAINFALL_ACCUMULATION_202301280000_patch001,OPT_NORM_VIRTUAL_HOMOTOPY_CONST_INIT_LONG_LIGHT_JTOTAL,Homotopy Light Shrinkage (2000 iters),≤125,4067,0.19898900542319276,-0.005297386491653343,0.9936014982459157
RAD_OPERA_HOURLY_RAINFALL_ACCUMULATION_202301280000_patch001,OPT_NORM_VIRTUAL_HOMOTOPY_CONST_INIT_LONG_LIGHT_JTOTAL,Homotopy Light Shrinkage (2000 iters),"(125,375]",16278,0.23079755592477552,0.0024953271215546993,0.9913926425444659
RAD_OPERA_HOURLY_RAINFALL_ACCUMULATION_202301280000_patch001,OPT_NORM_VIRTUAL_HOMOTOPY_CONST_INIT_LONG_LIGHT_JTOTAL,Homotopy Light Shrinkage (2000 iters),"(375,750]",25812,0.303935309980072,0.010174523539091845,0.9858943084305853
RAD_OPERA_HOURLY_RAINFALL_ACCUMULATION_202301280000_patch001,OPT_NORM_VIRTUAL_HOMOTOPY_CONST_INIT_LONG_LIGHT_JTOTAL,Homotopy Light Shrinkage (2000 iters),"(750,1500]",48116,0.44107959768144706,-0.006103648558619492,0.9741675029893878
RAD_OPERA_HOURLY_RAINFALL_ACCUMULATION_202301280000_patch001,OPT_NORM_VIRTUAL_HOMOTOPY_CONST_INIT_LONG_LIGHT_JTOTAL,Homotopy Light Shrinkage (2000 iters),"(1500,3125]",75981,0.6462515986439902,0.04637958650288946,0.953405563681997
RAD_OPERA_HOURLY_RAINFALL_ACCUMULATION_202301280000_patch001,OPT_NORM_VIRTUAL_HOMOTOPY_CONST_INIT_LONG_LIGHT_JTOTAL,Homotopy Light Shrinkage (2000 iters),"(3125,6000]",35618,0.655843506463277,0.030418402995263463,0.9511037028679885
RAD_OPERA_HOURLY_RAINFALL_ACCUMULATION_202301280000_patch001,OPT_NORM_VIRTUAL_HOMOTOPY_CONST_INIT_LONG_LIGHT_JTOTAL,Homotopy Light Shrinkage (2000 iters),"(6000,9000]",1488,0.7849742444106406,0.08894559152183994,0.9204499924363866
RAD_OPERA_HOURLY_RAINFALL_ACCUMULATION_202301280700_patch000,OPT_NORM_VIRTUAL_HOMOTOPY_CONST_INIT_LONG_LIGHT_JTOTAL,Homotopy Light Shrinkage (2000 iters),≤125,4736,0.7711797839974833,0.00493835656010868,0.9913150732378764
RAD_OPERA_HOURLY_RAINFALL_ACCUMULATION_202301280700_patch000,OPT_NORM_VIRTUAL_HOMOTOPY_CONST_INIT_LONG_LIGHT_JTOTAL,Homotopy Light Shrinkage (2000 iters),"(125,375]",19319,0.9084943213154845,0.02406132762782412,0.9849535749494144
RAD_OPERA_HOURLY_RAINFALL_ACCUMULATION_202301280700_patch000,OPT_NORM_VIRTUAL_HOMOTOPY_CONST_INIT_LONG_LIGHT_JTOTAL,Homotopy Light Shrinkage (2000 iters),"(375,750]",32179,1.1177171208853072,-0.009954918914560676,0.9779597621611833
RAD_OPERA_HOURLY_RAINFALL_ACCUMULATION_202301280700_patch000,OPT_NORM_VIRTUAL_HOMOTOPY_CONST_INIT_LONG_LIGHT_JTOTAL,Homotopy Light Shrinkage (2000 iters),"(750,1500]",64809,1.372922089109492,-0.04748837330216237,0.9690910911498517
RAD_OPERA_HOURLY_RAINFALL_ACCUMULATION_202301280700_patch000,OPT_NORM_VIRTUAL_HOMOTOPY_CONST_INIT_LONG_LIGHT_JTOTAL,Homotopy Light Shrinkage (2000 iters),"(1500,3125]",111200,1.6751248694236038,-0.035355604180206016,0.9599820365917934
RAD_OPERA_HOURLY_RAINFALL_ACCUMULATION_202301280700_patch000,OPT_NORM_VIRTUAL_HOMOTOPY_CONST_INIT_LONG_LIGHT_JTOTAL,Homotopy Light Shrinkage (2000 iters),"(3125,6000]",52343,1.8364132361804977,0.37076604690676196,0.9275839482807765
RAD_OPERA_HOURLY_RAINFALL_ACCUMULATION_202301280700_patch000,OPT_NORM_VIRTUAL_HOMOTOPY_CONST_INIT_LONG_LIGHT_JTOTAL,Homotopy Light Shrinkage (2000 iters),"(6000,9000]",2134,2.113739172428838,1.1734599374870105,0.540566920235228
RAD_OPERA_HOURLY_RAINFALL_ACCUMULATION_202301280800_patch000,OPT_NORM_VIRTUAL_HOMOTOPY_CONST_INIT_LONG_LIGHT_JTOTAL,Homotopy Light Shrinkage (2000 iters),≤125,3789,0.5375411604919803,-0.0017583547654080184,0.9976461193945635
RAD_OPERA_HOURLY_RAINFALL_ACCUMULATION_202301280800_patch000,OPT_NORM_VIRTUAL_HOMOTOPY_CONST_INIT_LONG_LIGHT_JTOTAL,Homotopy Light Shrinkage (2000 iters),"(125,375]",15303,0.550450340679126,-0.010525487816614987,0.9969903291217953
RAD_OPERA_HOURLY_RAINFALL_ACCUMULATION_202301280800_patch000,OPT_NORM_VIRTUAL_HOMOTOPY_CONST_INIT_LONG_LIGHT_JTOTAL,Homotopy Light Shrinkage (2000 iters),"(375,750]",24416,0.7750514444656097,-0.036042747240352446,0.9923019193147671
RAD_OPERA_HOURLY_RAINFALL_ACCUMULATION_202301280800_patch000,OPT_NORM_VIRTUAL_HOMOTOPY_CONST_INIT_LONG_LIGHT_JTOTAL,Homotopy Light Shrinkage (2000 iters),"(750,1500]",45694,1.0475362171138816,-0.040158402012146585,0.98230401866022
RAD_OPERA_HOURLY_RAINFALL_ACCUMULATION_202301280800_patch000,OPT_NORM_VIRTUAL_HOMOTOPY_CONST_INIT_LONG_LIGHT_JTOTAL,Homotopy Light Shrinkage (2000 iters),"(1500,3125]",70847,1.1984426181064265,0.06076073045005175,0.9673132553532323
RAD_OPERA_HOURLY_RAINFALL_ACCUMULATION_202301280800_patch000,OPT_NORM_VIRTUAL_HOMOTOPY_CONST_INIT_LONG_LIGHT_JTOTAL,Homotopy Light Shrinkage (2000 iters),"(3125,6000]",36972,1.5003632075565245,0.2436128293285893,0.9284959373426003
RAD_OPERA_HOURLY_RAINFALL_ACCUMULATION_202301280800_patch000,OPT_NORM_VIRTUAL_HOMOTOPY_CONST_INIT_LONG_LIGHT_JTOTAL,Homotopy Light Shrinkage (2000 iters),"(6000,9000]",1379,0.9511121379355114,0.6965065930008975,0.7908157318097357
RAD_OPERA_HOURLY_RAINFALL_ACCUMULATION_202301280900_patch000,OPT_NORM_VIRTUAL_HOMOTOPY_CONST_INIT_LONG_LIGHT_JTOTAL,Homotopy Light Shrinkage (2000 iters),≤125,4739,0.3393372859341612,0.007455670331452399,0.986814673675629
RAD_OPERA_HOURLY_RAINFALL_ACCUMULATION_202301280900_patch000,OPT_NORM_VIRTUAL_HOMOTOPY_CONST_INIT_LONG_LIGHT_JTOTAL,Homotopy Light Shrinkage (2000 iters),"(125,375]",17811,0.3421480028583221,0.002028056693775155,0.9877617737371746
RAD_OPERA_HOURLY_RAINFALL_ACCUMULATION_202301280900_patch000,OPT_NORM_VIRTUAL_HOMOTOPY_CONST_INIT_LONG_LIGHT_JTOTAL,Homotopy Light Shrinkage (2000 iters),"(375,750]",26584,0.40322224738208057,0.006602064607898364,0.9845127151130746
RAD_OPERA_HOURLY_RAINFALL_ACCUMULATION_202301280900_patch000,OPT_NORM_VIRTUAL_HOMOTOPY_CONST_INIT_LONG_LIGHT_JTOTAL,Homotopy Light Shrinkage (2000 iters),"(750,1500]",49607,0.5238736081564387,0.011801597951907768,0.9747031893575698
RAD_OPERA_HOURLY_RAINFALL_ACCUMULATION_202301280900_patch000,OPT_NORM_VIRTUAL_HOMOTOPY_CONST_INIT_LONG_LIGHT_JTOTAL,Homotopy Light Shrinkage (2000 iters),"(1500,3125]",83724,0.6529508668462114,0.07225646321491574,0.9598658704009526
RAD_OPERA_HOURLY_RAINFALL_ACCUMULATION_202301280900_patch000,OPT_NORM_VIRTUAL_HOMOTOPY_CONST_INIT_LONG_LIGHT_JTOTAL,Homotopy Light Shrinkage (2000 iters),"(3125,6000]",46547,1.0213492313661774,0.1597583387302231,0.9038220875724565
RAD_OPERA_HOURLY_RAINFALL_ACCUMULATION_202301280900_patch000,OPT_NORM_VIRTUAL_HOMOTOPY_CONST_INIT_LONG_LIGHT_JTOTAL,Homotopy Light Shrinkage (2000 iters),"(6000,9000]",5949,1.3785521163729075,0.42354917751365617,0.6978683567459589
RAD_OPERA_HOURLY_RAINFALL_ACCUMULATION_202301280900_patch000,OPT_NORM_VIRTUAL_HOMOTOPY_CONST_INIT_LONG_LIGHT_JTOTAL,Homotopy Light Shrinkage (2000 iters),>9000,1839,0.5011432004661392,-0.2622550764182393,0.3244132208217129
RAD_OPERA_HOURLY_RAINFALL_ACCUMULATION_202301281000_patch001,OPT_NORM_VIRTUAL_HOMOTOPY_CONST_INIT_LONG_LIGHT_JTOTAL,Homotopy Light Shrinkage (2000 iters),≤125,4538,0.36997256174846505,0.002244174181294535,0.9923071584816838
RAD_OPERA_HOURLY_RAINFALL_ACCUMULATION_202301281000_patch001,OPT_NORM_VIRTUAL_HOMOTOPY_CONST_INIT_LONG_LIGHT_JTOTAL,Homotopy Light Shrinkage (2000 iters),"(125,375]",16885,0.46641770153182127,0.0076789535990479775,0.9905836796132274
RAD_OPERA_HOURLY_RAINFALL_ACCUMULATION_202301281000_patch001,OPT_NORM_VIRTUAL_HOMOTOPY_CONST_INIT_LONG_LIGHT_JTOTAL,Homotopy Light Shrinkage (2000 iters),"(375,750]",25044,0.6414860376115843,0.01628663569454359,0.9868347645558594
RAD_OPERA_HOURLY_RAINFALL_ACCUMULATION_202301281000_patch001,OPT_NORM_VIRTUAL_HOMOTOPY_CONST_INIT_LONG_LIGHT_JTOTAL,Homotopy Light Shrinkage (2000 iters),"(750,1500]",46152,0.928569633382546,0.003005601831440186,0.98225815611423
RAD_OPERA_HOURLY_RAINFALL_ACCUMULATION_202301281000_patch001,OPT_NORM_VIRTUAL_HOMOTOPY_CONST_INIT_LONG_LIGHT_JTOTAL,Homotopy Light Shrinkage (2000 iters),"(1500,3125]",77771,1.6333307620143325,-0.13439477394524538,0.9671943997072701
RAD_OPERA_HOURLY_RAINFALL_ACCUMULATION_202301281000_patch001,OPT_NORM_VIRTUAL_HOMOTOPY_CONST_INIT_LONG_LIGHT_JTOTAL,Homotopy Light Shrinkage (2000 iters),"(3125,6000]",38060,2.6915476560852047,-0.7772313322091052,0.9578910369564839
RAD_OPERA_HOURLY_RAINFALL_ACCUMULATION_202301281000_patch001,OPT_NORM_VIRTUAL_HOMOTOPY_CONST_INIT_LONG_LIGHT_JTOTAL,Homotopy Light Shrinkage (2000 iters),"(6000,9000]",2697,2.0684045399802007,-0.6843457949749399,0.9945946365892101
RAD_OPERA_HOURLY_RAINFALL_ACCUMULATION_202301281000_patch001,OPT_NORM_VIRTUAL_HOMOTOPY_CONST_INIT_LONG_LIGHT_JTOTAL,Homotopy Light Shrinkage (2000 iters),>9000,53,0.5001853811625553,0.5000609884846885,
RAD_OPERA_HOURLY_RAINFALL_ACCUMULATION_202301281900_patch000,OPT_NORM_VIRTUAL_HOMOTOPY_CONST_INIT_LONG_LIGHT_JTOTAL,Homotopy Light Shrinkage (2000 iters),≤125,4624,0.16977013526631865,0.008885277918568944,0.9928064652715198
RAD_OPERA_HOURLY_RAINFALL_ACCUMULATION_202301281900_patch000,OPT_NORM_VIRTUAL_HOMOTOPY_CONST_INIT_LONG_LIGHT_JTOTAL,Homotopy Light Shrinkage (2000 iters),"(125,375]",18731,0.19617566123392777,-0.0017866197541713282,0.9912852387062021
RAD_OPERA_HOURLY_RAINFALL_ACCUMULATION_202301281900_patch000,OPT_NORM_VIRTUAL_HOMOTOPY_CONST_INIT_LONG_LIGHT_JTOTAL,Homotopy Light Shrinkage (2000 iters),"(375,750]",30721,0.2516082197199213,-0.0037797559881531623,0.987162256987518
RAD_OPERA_HOURLY_RAINFALL_ACCUMULATION_202301281900_patch000,OPT_NORM_VIRTUAL_HOMOTOPY_CONST_INIT_LONG_LIGHT_JTOTAL,Homotopy Light Shrinkage (2000 iters),"(750,1500]",60480,0.2992773788562368,0.0025191354077486764,0.9843402756783434
RAD_OPERA_HOURLY_RAINFALL_ACCUMULATION_202301281900_patch000,OPT_NORM_VIRTUAL_HOMOTOPY_CONST_INIT_LONG_LIGHT_JTOTAL,Homotopy Light Shrinkage (2000 iters),"(1500,3125]",102275,0.4005054676459453,0.04439677243359775,0.9713929466050639
RAD_OPERA_HOURLY_RAINFALL_ACCUMULATION_202301281900_patch000,OPT_NORM_VIRTUAL_HOMOTOPY_CONST_INIT_LONG_LIGHT_JTOTAL,Homotopy Light Shrinkage (2000 iters),"(3125,6000]",53363,0.4803558527098835,0.1516202548037958,0.9459368971973676
RAD_OPERA_HOURLY_RAINFALL_ACCUMULATION_202301281900_patch000,OPT_NORM_VIRTUAL_HOMOTOPY_CONST_INIT_LONG_LIGHT_JTOTAL,Homotopy Light Shrinkage (2000 iters),"(6000,9000]",4494,0.4429797966440489,0.21060272417282813,0.9002581152020805
RAD_OPERA_HOURLY_RAINFALL_ACCUMULATION_202301282100_patch000,OPT_NORM_VIRTUAL_HOMOTOPY_CONST_INIT_LONG_LIGHT_JTOTAL,Homotopy Light Shrinkage (2000 iters),≤125,4949,0.19507452453738655,-0.002445173208716812,0.9854958322974064
RAD_OPERA_HOURLY_RAINFALL_ACCUMULATION_202301282100_patch000,OPT_NORM_VIRTUAL_HOMOTOPY_CONST_INIT_LONG_LIGHT_JTOTAL,Homotopy Light Shrinkage (2000 iters),"(125,375]",18581,0.22110853880130785,-0.0021466302094953395,0.9817758761528798
RAD_OPERA_HOURLY_RAINFALL_ACCUMULATION_202301282100_patch000,OPT_NORM_VIRTUAL_HOMOTOPY_CONST_INIT_LONG_LIGHT_JTOTAL,Homotopy Light Shrinkage (2000 iters),"(375,750]",27724,0.272040178339275,0.011089330543628421,0.9709783849486863
RAD_OPERA_HOURLY_RAINFALL_ACCUMULATION_202301282100_patch000,OPT_NORM_VIRTUAL_HOMOTOPY_CONST_INIT_LONG_LIGHT_JTOTAL,Homotopy Light Shrinkage (2000 iters),"(750,1500]",51472,0.3455105083556137,0.0165958726416941,0.9522178071656965
RAD_OPERA_HOURLY_RAINFALL_ACCUMULATION_202301282100_patch000,OPT_NORM_VIRTUAL_HOMOTOPY_CONST_INIT_LONG_LIGHT_JTOTAL,Homotopy Light Shrinkage (2000 iters),"(1500,3125]",89017,0.4833689240137982,0.03583526227832839,0.9068433507836836
RAD_OPERA_HOURLY_RAINFALL_ACCUMULATION_202301282100_patch000,OPT_NORM_VIRTUAL_HOMOTOPY_CONST_INIT_LONG_LIGHT_JTOTAL,Homotopy Light Shrinkage (2000 iters),"(3125,6000]",45865,0.5871954148129637,0.16669803125237373,0.8403879346988239
RAD_OPERA_HOURLY_RAINFALL_ACCUMULATION_202301282100_patch000,OPT_NORM_VIRTUAL_HOMOTOPY_CONST_INIT_LONG_LIGHT_JTOTAL,Homotopy Light Shrinkage (2000 iters),"(6000,9000]",2008,0.8343805332851787,0.4339803694135164,0.6463674433513383
RAD_OPERA_HOURLY_RAINFALL_ACCUMULATION_202301282200_patch000,OPT_NORM_VIRTUAL_HOMOTOPY_CONST_INIT_LONG_LIGHT_JTOTAL,Homotopy Light Shrinkage (2000 iters),≤125,5612,1.1748900517288055,0.020865979778155005,0.9802299249485515
RAD_OPERA_HOURLY_RAINFALL_ACCUMULATION_202301282200_patch000,OPT_NORM_VIRTUAL_HOMOTOPY_CONST_INIT_LONG_LIGHT_JTOTAL,Homotopy Light Shrinkage (2000 iters),"(125,375]",22110,1.3545760268293296,-0.020590891342137693,0.9749852929453919
RAD_OPERA_HOURLY_RAINFALL_ACCUMULATION_202301282200_patch000,OPT_NORM_VIRTUAL_HOMOTOPY_CONST_INIT_LONG_LIGHT_JTOTAL,Homotopy Light Shrinkage (2000 iters),"(375,750]",35046,1.8765485666534139,-0.0003838065817607511,0.958663178927153
RAD_OPERA_HOURLY_RAINFALL_ACCUMULATION_202301282200_patch000,OPT_NORM_VIRTUAL_HOMOTOPY_CONST_INIT_LONG_LIGHT_JTOTAL,Homotopy Light Shrinkage (2000 iters),"(750,1500]",65839,2.7320466216626276,0.13918598573248492,0.93260460228452
RAD_OPERA_HOURLY_RAINFALL_ACCUMULATION_202301282200_patch000,OPT_NORM_VIRTUAL_HOMOTOPY_CONST_INIT_LONG_LIGHT_JTOTAL,Homotopy Light Shrinkage (2000 iters),"(1500,3125]",112059,4.688549800978952,0.00808046778440554,0.890954730768375
RAD_OPERA_HOURLY_RAINFALL_ACCUMULATION_202301282200_patch000,OPT_NORM_VIRTUAL_HOMOTOPY_CONST_INIT_LONG_LIGHT_JTOTAL,Homotopy Light Shrinkage (2000 iters),"(3125,6000]",70144,5.445471962215382,-0.24642264228910982,0.8308057707185138
RAD_OPERA_HOURLY_RAINFALL_ACCUMULATION_202301282200_patch000,OPT_NORM_VIRTUAL_HOMOTOPY_CONST_INIT_LONG_LIGHT_JTOTAL,Homotopy Light Shrinkage (2000 iters),"(6000,9000]",6630,7.892396774844907,3.196459916269425,0.6495141848499227
RAD_OPERA_HOURLY_RAINFALL_ACCUMULATION_202301282200_patch001,OPT_NORM_VIRTUAL_HOMOTOPY_CONST_INIT_LONG_LIGHT_JTOTAL,Homotopy Light Shrinkage (2000 iters),≤125,6976,0.5040396340973756,-0.004591134574613539,0.9972800613769702
RAD_OPERA_HOURLY_RAINFALL_ACCUMULATION_202301282200_patch001,OPT_NORM_VIRTUAL_HOMOTOPY_CONST_INIT_LONG_LIGHT_JTOTAL,Homotopy Light Shrinkage (2000 iters),"(125,375]",27728,0.6117807734095142,0.00828590583586727,0.9954674956489576
RAD_OPERA_HOURLY_RAINFALL_ACCUMULATION_202301282200_patch001,OPT_NORM_VIRTUAL_HOMOTOPY_CONST_INIT_LONG_LIGHT_JTOTAL,Homotopy Light Shrinkage (2000 iters),"(375,750]",46891,0.7751687068947216,-0.001978826631807565,0.9924887933383673
RAD_OPERA_HOURLY_RAINFALL_ACCUMULATION_202301282200_patch001,OPT_NORM_VIRTUAL_HOMOTOPY_CONST_INIT_LONG_LIGHT_JTOTAL,Homotopy Light Shrinkage (2000 iters),"(750,1500]",95950,0.9876950371280534,-0.013615119931862735,0.9877539531841638
RAD_OPERA_HOURLY_RAINFALL_ACCUMULATION_202301282200_patch001,OPT_NORM_VIRTUAL_HOMOTOPY_CONST_INIT_LONG_LIGHT_JTOTAL,Homotopy Light Shrinkage (2000 iters),"(1500,3125]",174165,1.3048397945408683,0.04047583780295609,0.9769506020377495
RAD_OPERA_HOURLY_RAINFALL_ACCUMULATION_202301282200_patch001,OPT_NORM_VIRTUAL_HOMOTOPY_CONST_INIT_LONG_LIGHT_JTOTAL,Homotopy Light Shrinkage (2000 iters),"(3125,6000]",94327,1.5648428548461844,0.12522279904712225,0.9643395884114483
RAD_OPERA_HOURLY_RAINFALL_ACCUMULATION_202301282200_patch001,OPT_NORM_VIRTUAL_HOMOTOPY_CONST_INIT_LONG_LIGHT_JTOTAL,Homotopy Light Shrinkage (2000 iters),"(6000,9000]",4507,1.1243015774657308,0.23727333948579948,0.7503890835527957
RAD_OPERA_HOURLY_RAINFALL_ACCUMULATION_202301282200_patch001,OPT_NORM_VIRTUAL_HOMOTOPY_CONST_INIT_LONG_LIGHT_JTOTAL,Homotopy Light Shrinkage (2000 iters),>9000,16,0.17728606929777802,0.05075310170650482,0.8418552092668818
RAD_OPERA_HOURLY_RAINFALL_ACCUMULATION_202301290800_patch000,OPT_NORM_VIRTUAL_HOMOTOPY_CONST_INIT_LONG_LIGHT_JTOTAL,Homotopy Light Shrinkage (2000 iters),≤125,5262,0.16684185769887902,0.005151214526207988,0.9679867407865085
RAD_OPERA_HOURLY_RAINFALL_ACCUMULATION_202301290800_patch000,OPT_NORM_VIRTUAL_HOMOTOPY_CONST_INIT_LONG_LIGHT_JTOTAL,Homotopy Light Shrinkage (2000 iters),"(125,375]",20568,0.16720661440844223,-0.002229807912167386,0.9695574209521178
RAD_OPERA_HOURLY_RAINFALL_ACCUMULATION_202301290800_patch000,OPT_NORM_VIRTUAL_HOMOTOPY_CONST_INIT_LONG_LIGHT_JTOTAL,Homotopy Light Shrinkage (2000 iters),"(375,750]",33486,0.19875562248933826,-0.002630103394840379,0.9608505111530874
RAD_OPERA_HOURLY_RAINFALL_ACCUMULATION_202301290800_patch000,OPT_NORM_VIRTUAL_HOMOTOPY_CONST_INIT_LONG_LIGHT_JTOTAL,Homotopy Light Shrinkage (2000 iters),"(750,1500]",65862,0.2507579775392728,0.007264952840460722,0.9384915637566322
RAD_OPERA_HOURLY_RAINFALL_ACCUMULATION_202301290800_patch000,OPT_NORM_VIRTUAL_HOMOTOPY_CONST_INIT_LONG_LIGHT_JTOTAL,Homotopy Light Shrinkage (2000 iters),"(1500,3125]",113228,0.35662332494408966,0.060119358034334706,0.8848048958017329
RAD_OPERA_HOURLY_RAINFALL_ACCUMULATION_202301290800_patch000,OPT_NORM_VIRTUAL_HOMOTOPY_CONST_INIT_LONG_LIGHT_JTOTAL,Homotopy Light Shrinkage (2000 iters),"(3125,6000]",62239,0.6297372298377845,0.21399731849723488,0.7115548337503573
RAD_OPERA_HOURLY_RAINFALL_ACCUMULATION_202301290800_patch000,OPT_NORM_VIRTUAL_HOMOTOPY_CONST_INIT_LONG_LIGHT_JTOTAL,Homotopy Light Shrinkage (2000 iters),"(6000,9000]",2459,0.845797597409309,0.47134702275467383,0.5767418629064618
RAD_OPERA_HOURLY_RAINFALL_ACCUMULATION_202301291100_patch000,OPT_NORM_VIRTUAL_HOMOTOPY_CONST_INIT_LONG_LIGHT_JTOTAL,Homotopy Light Shrinkage (2000 iters),≤125,3487,0.25531466588816765,-0.0023206927593779282,0.9829034775226959
RAD_OPERA_HOURLY_RAINFALL_ACCUMULATION_202301291100_patch000,OPT_NORM_VIRTUAL_HOMOTOPY_CONST_INIT_LONG_LIGHT_JTOTAL,Homotopy Light Shrinkage (2000 iters),"(125,375]",13581,0.2649205576467619,0.0026061885153788214,0.9838483334198154
RAD_OPERA_HOURLY_RAINFALL_ACCUMULATION_202301291100_patch000,OPT_NORM_VIRTUAL_HOMOTOPY_CONST_INIT_LONG_LIGHT_JTOTAL,Homotopy Light Shrinkage (2000 iters),"(375,750]",20224,0.36422340701045486,0.013751992687606547,0.9790246514527357
RAD_OPERA_HOURLY_RAINFALL_ACCUMULATION_202301291100_patch000,OPT_NORM_VIRTUAL_HOMOTOPY_CONST_INIT_LONG_LIGHT_JTOTAL,Homotopy Light Shrinkage (2000 iters),"(750,1500]",37125,0.4945765629209731,0.015999550951048984,0.9741986710853778
RAD_OPERA_HOURLY_RAINFALL_ACCUMULATION_202301291100_patch000,OPT_NORM_VIRTUAL_HOMOTOPY_CONST_INIT_LONG_LIGHT_JTOTAL,Homotopy Light Shrinkage (2000 iters),"(1500,3125]",60628,0.7055993011603015,-0.01973812759882103,0.9649535553399425
RAD_OPERA_HOURLY_RAINFALL_ACCUMULATION_202301291100_patch000,OPT_NORM_VIRTUAL_HOMOTOPY_CONST_INIT_LONG_LIGHT_JTOTAL,Homotopy Light Shrinkage (2000 iters),"(3125,6000]",30024,0.9165008080554324,0.10974409477276513,0.9069808272731433
RAD_OPERA_HOURLY_RAINFALL_ACCUMULATION_202301291100_patch000,OPT_NORM_VIRTUAL_HOMOTOPY_CONST_INIT_LONG_LIGHT_JTOTAL,Homotopy Light Shrinkage (2000 iters),"(6000,9000]",1331,0.6859046614170987,0.36242483425283684,0.7740434854238369
RAD_OPERA_HOURLY_RAINFALL_ACCUMULATION_202301291700_patch000,OPT_NORM_VIRTUAL_HOMOTOPY_CONST_INIT_LONG_LIGHT_JTOTAL,Homotopy Light Shrinkage (2000 iters),≤125,4436,0.06416902198935263,0.0007503893028195642,0.9987150663827533
RAD_OPERA_HOURLY_RAINFALL_ACCUMULATION_202301291700_patch000,OPT_NORM_VIRTUAL_HOMOTOPY_CONST_INIT_LONG_LIGHT_JTOTAL,Homotopy Light Shrinkage (2000 iters),"(125,375]",18292,0.0762026394326013,-0.001371108208942434,0.9981048950624897
RAD_OPERA_HOURLY_RAINFALL_ACCUMULATION_202301291700_patch000,OPT_NORM_VIRTUAL_HOMOTOPY_CONST_INIT_LONG_LIGHT_JTOTAL,Homotopy Light Shrinkage (2000 iters),"(375,750]",30466,0.10452080182451738,-0.0023451553672201907,0.9959395410302299
RAD_OPERA_HOURLY_RAINFALL_ACCUMULATION_202301291700_patch000,OPT_NORM_VIRTUAL_HOMOTOPY_CONST_INIT_LONG_LIGHT_JTOTAL,Homotopy Light Shrinkage (2000 iters),"(750,1500]",61389,0.14789396939415775,0.002018578345567941,0.9902671948408476
RAD_OPERA_HOURLY_RAINFALL_ACCUMULATION_202301291700_patch000,OPT_NORM_VIRTUAL_HOMOTOPY_CONST_INIT_LONG_LIGHT_JTOTAL,Homotopy Light Shrinkage (2000 iters),"(1500,3125]",101766,0.2058792041707673,0.018423747677703984,0.9747666955923557
RAD_OPERA_HOURLY_RAINFALL_ACCUMULATION_202301291700_patch000,OPT_NORM_VIRTUAL_HOMOTOPY_CONST_INIT_LONG_LIGHT_JTOTAL,Homotopy Light Shrinkage (2000 iters),"(3125,6000]",46480,0.24326518239358794,0.04392660666520029,0.9437051754631012
RAD_OPERA_HOURLY_RAINFALL_ACCUMULATION_202301291700_patch000,OPT_NORM_VIRTUAL_HOMOTOPY_CONST_INIT_LONG_LIGHT_JTOTAL,Homotopy Light Shrinkage (2000 iters),"(6000,9000]",3411,0.27730058097390425,0.12330583968983128,0.9085918811007276
RAD_OPERA_HOURLY_RAINFALL_ACCUMULATION_202301291900_patch000,OPT_NORM_VIRTUAL_HOMOTOPY_CONST_INIT_LONG_LIGHT_JTOTAL,Homotopy Light Shrinkage (2000 iters),≤125,7080,0.1919658290295813,-0.0020785664602861564,0.9962559352754109
RAD_OPERA_HOURLY_RAINFALL_ACCUMULATION_202301291900_patch000,OPT_NORM_VIRTUAL_HOMOTOPY_CONST_INIT_LONG_LIGHT_JTOTAL,Homotopy Light Shrinkage (2000 iters),"(125,375]",28363,0.20967201660243465,0.0023294978979355703,0.9950472048685616
RAD_OPERA_HOURLY_RAINFALL_ACCUMULATION_202301291900_patch000,OPT_NORM_VIRTUAL_HOMOTOPY_CONST_INIT_LONG_LIGHT_JTOTAL,Homotopy Light Shrinkage (2000 iters),"(375,750]",48321,0.2614952850497914,0.00507555512491262,0.9914757861672172
RAD_OPERA_HOURLY_RAINFALL_ACCUMULATION_202301291900_patch000,OPT_NORM_VIRTUAL_HOMOTOPY_CONST_INIT_LONG_LIGHT_JTOTAL,Homotopy Light Shrinkage (2000 iters),"(750,1500]",100191,0.3220335406419945,-0.01329231086113621,0.9864022617711345
RAD_OPERA_HOURLY_RAINFALL_ACCUMULATION_202301291900_patch000,OPT_NORM_VIRTUAL_HOMOTOPY_CONST_INIT_LONG_LIGHT_JTOTAL,Homotopy Light Shrinkage (2000 iters),"(1500,3125]",191182,0.47421566309959867,-0.039471754276681766,0.9729174719656676
RAD_OPERA_HOURLY_RAINFALL_ACCUMULATION_202301291900_patch000,OPT_NORM_VIRTUAL_HOMOTOPY_CONST_INIT_LONG_LIGHT_JTOTAL,Homotopy Light Shrinkage (2000 iters),"(3125,6000]",110001,0.5965332112019708,-0.11868263681680867,0.9670408675720109
RAD_OPERA_HOURLY_RAINFALL_ACCUMULATION_202301291900_patch000,OPT_NORM_VIRTUAL_HOMOTOPY_CONST_INIT_LONG_LIGHT_JTOTAL,Homotopy Light Shrinkage (2000 iters),"(6000,9000]",9824,0.5419800862726503,0.1712053027095012,0.9016071057265899
RAD_OPERA_HOURLY_RAINFALL_ACCUMULATION_202301291900_patch000,OPT_NORM_VIRTUAL_HOMOTOPY_CONST_INIT_LONG_LIGHT_JTOTAL,Homotopy Light Shrinkage (2000 iters),>9000,654,0.5291663846459653,0.4682985681823999,0.926027806584115
RAD_OPERA_HOURLY_RAINFALL_ACCUMULATION_202301292200_patch002,OPT_NORM_VIRTUAL_HOMOTOPY_CONST_INIT_LONG_LIGHT_JTOTAL,Homotopy Light Shrinkage (2000 iters),≤125,3390,0.0888105352868416,0.002266024101448622,0.9926736178804407
RAD_OPERA_HOURLY_RAINFALL_ACCUMULATION_202301292200_patch002,OPT_NORM_VIRTUAL_HOMOTOPY_CONST_INIT_LONG_LIGHT_JTOTAL,Homotopy Light Shrinkage (2000 iters),"(125,375]",13291,0.10317558905163345,0.0041106306047276695,0.991426291256566
RAD_OPERA_HOURLY_RAINFALL_ACCUMULATION_202301292200_patch002,OPT_NORM_VIRTUAL_HOMOTOPY_CONST_INIT_LONG_LIGHT_JTOTAL,Homotopy Light Shrinkage (2000 iters),"(375,750]",19563,0.14755689566391417,-0.003110950352534654,0.9876094812923238
RAD_OPERA_HOURLY_RAINFALL_ACCUMULATION_202301292200_patch002,OPT_NORM_VIRTUAL_HOMOTOPY_CONST_INIT_LONG_LIGHT_JTOTAL,Homotopy Light Shrinkage (2000 iters),"(750,1500]",36286,0.2062263543216226,-0.011918292767761206,0.9793280599203256
RAD_OPERA_HOURLY_RAINFALL_ACCUMULATION_202301292200_patch002,OPT_NORM_VIRTUAL_HOMOTOPY_CONST_INIT_LONG_LIGHT_JTOTAL,Homotopy Light Shrinkage (2000 iters),"(1500,3125]",59850,0.3114107208387213,-0.0030052267100876733,0.9595396923321096
RAD_OPERA_HOURLY_RAINFALL_ACCUMULATION_202301292200_patch002,OPT_NORM_VIRTUAL_HOMOTOPY_CONST_INIT_LONG_LIGHT_JTOTAL,Homotopy Light Shrinkage (2000 iters),"(3125,6000]",31192,0.4033676549635907,0.08203595090933596,0.9590922757412077
RAD_OPERA_HOURLY_RAINFALL_ACCUMULATION_202301292200_patch002,OPT_NORM_VIRTUAL_HOMOTOPY_CONST_INIT_LONG_LIGHT_JTOTAL,Homotopy Light Shrinkage (2000 iters),"(6000,9000]",2828,0.5357225208664388,0.4377908490840583,0.9284940449729936
RAD_OPERA_HOURLY_RAINFALL_ACCUMULATION_202301292300_patch001,OPT_NORM_VIRTUAL_HOMOTOPY_CONST_INIT_LONG_LIGHT_JTOTAL,Homotopy Light Shrinkage (2000 iters),≤125,3907,0.17835529761554356,0.002821477593928919,0.9913928689636785
RAD_OPERA_HOURLY_RAINFALL_ACCUMULATION_202301292300_patch001,OPT_NORM_VIRTUAL_HOMOTOPY_CONST_INIT_LONG_LIGHT_JTOTAL,Homotopy Light Shrinkage (2000 iters),"(125,375]",15106,0.2016641664121628,-0.00048163177697812897,0.9894747499295119
RAD_OPERA_HOURLY_RAINFALL_ACCUMULATION_202301292300_patch001,OPT_NORM_VIRTUAL_HOMOTOPY_CONST_INIT_LONG_LIGHT_JTOTAL,Homotopy Light Shrinkage (2000 iters),"(375,750]",22392,0.2514159534340533,0.006629098413053603,0.983650746974397
RAD_OPERA_HOURLY_RAINFALL_ACCUMULATION_202301292300_patch001,OPT_NORM_VIRTUAL_HOMOTOPY_CONST_INIT_LONG_LIGHT_JTOTAL,Homotopy Light Shrinkage (2000 iters),"(750,1500]",41007,0.33806513460892235,-0.006492939524327659,0.9708175752383793
RAD_OPERA_HOURLY_RAINFALL_ACCUMULATION_202301292300_patch001,OPT_NORM_VIRTUAL_HOMOTOPY_CONST_INIT_LONG_LIGHT_JTOTAL,Homotopy Light Shrinkage (2000 iters),"(1500,3125]",70023,0.4415471549215155,-0.024067616696961953,0.9391920397477989
RAD_OPERA_HOURLY_RAINFALL_ACCUMULATION_202301292300_patch001,OPT_NORM_VIRTUAL_HOMOTOPY_CONST_INIT_LONG_LIGHT_JTOTAL,Homotopy Light Shrinkage (2000 iters),"(3125,6000]",32501,0.49854481117239524,-0.014537759533053468,0.9112502754209377
RAD_OPERA_HOURLY_RAINFALL_ACCUMULATION_202301292300_patch001,OPT_NORM_VIRTUAL_HOMOTOPY_CONST_INIT_LONG_LIGHT_JTOTAL,Homotopy Light Shrinkage (2000 iters),"(6000,9000]",1432,0.8600304064838435,0.26737194071268905,0.9134616225711444
RAD_OPERA_HOURLY_RAINFALL_ACCUMULATION_202301292300_patch003,OPT_NORM_VIRTUAL_HOMOTOPY_CONST_INIT_LONG_LIGHT_JTOTAL,Homotopy Light Shrinkage (2000 iters),≤125,3610,0.0527969300593422,-0.0012989530933200488,0.9946591060639459
RAD_OPERA_HOURLY_RAINFALL_ACCUMULATION_202301292300_patch003,OPT_NORM_VIRTUAL_HOMOTOPY_CONST_INIT_LONG_LIGHT_JTOTAL,Homotopy Light Shrinkage (2000 iters),"(125,375]",14108,0.06472776430521433,-0.000691924181848401,0.9927591736865298
RAD_OPERA_HOURLY_RAINFALL_ACCUMULATION_202301292300_patch003,OPT_NORM_VIRTUAL_HOMOTOPY_CONST_INIT_LONG_LIGHT_JTOTAL,Homotopy Light Shrinkage (2000 iters),"(375,750]",20775,0.08644053364709843,-0.0003677097325147131,0.9893854662289017
RAD_OPERA_HOURLY_RAINFALL_ACCUMULATION_202301292300_patch003,OPT_NORM_VIRTUAL_HOMOTOPY_CONST_INIT_LONG_LIGHT_JTOTAL,Homotopy Light Shrinkage (2000 iters),"(750,1500]",37991,0.11038221790493098,0.0006976364232563062,0.9845443724165663
RAD_OPERA_HOURLY_RAINFALL_ACCUMULATION_202301292300_patch003,OPT_NORM_VIRTUAL_HOMOTOPY_CONST_INIT_LONG_LIGHT_JTOTAL,Homotopy Light Shrinkage (2000 iters),"(1500,3125]",63127,0.14942400646393955,0.006996927682542203,0.9745234928322998
RAD_OPERA_HOURLY_RAINFALL_ACCUMULATION_202301292300_patch003,OPT_NORM_VIRTUAL_HOMOTOPY_CONST_INIT_LONG_LIGHT_JTOTAL,Homotopy Light Shrinkage (2000 iters),"(3125,6000]",30617,0.21303695573858483,-0.03440991724931731,0.957502162112741
RAD_OPERA_HOURLY_RAINFALL_ACCUMULATION_202301292300_patch003,OPT_NORM_VIRTUAL_HOMOTOPY_CONST_INIT_LONG_LIGHT_JTOTAL,Homotopy Light Shrinkage (2000 iters),"(6000,9000]",2828,0.2585809507052352,0.11016413497789915,0.8119594100203827
RAD_OPERA_HOURLY_RAINFALL_ACCUMULATION_202301300000_patch001,OPT_NORM_VIRTUAL_HOMOTOPY_CONST_INIT_LONG_LIGHT_JTOTAL,Homotopy Light Shrinkage (2000 iters),≤125,4141,0.08676970950088311,-0.0006999652243501119,0.9882332805140832
RAD_OPERA_HOURLY_RAINFALL_ACCUMULATION_202301300000_patch001,OPT_NORM_VIRTUAL_HOMOTOPY_CONST_INIT_LONG_LIGHT_JTOTAL,Homotopy Light Shrinkage (2000 iters),"(125,375]",16335,0.10347073548123562,0.00019923980206132557,0.9863162914827724
RAD_OPERA_HOURLY_RAINFALL_ACCUMULATION_202301300000_patch001,OPT_NORM_VIRTUAL_HOMOTOPY_CONST_INIT_LONG_LIGHT_JTOTAL,Homotopy Light Shrinkage (2000 iters),"(375,750]",25337,0.14435778753495127,0.0011483384189333954,0.9780866824245333
RAD_OPERA_HOURLY_RAINFALL_ACCUMULATION_202301300000_patch001,OPT_NORM_VIRTUAL_HOMOTOPY_CONST_INIT_LONG_LIGHT_JTOTAL,Homotopy Light Shrinkage (2000 iters),"(750,1500]",47734,0.19734818673468305,-0.0001045525980549144,0.9668456479070644
RAD_OPERA_HOURLY_RAINFALL_ACCUMULATION_202301300000_patch001,OPT_NORM_VIRTUAL_HOMOTOPY_CONST_INIT_LONG_LIGHT_JTOTAL,Homotopy Light Shrinkage (2000 iters),"(1500,3125]",78336,0.24980787418644093,0.017033086789869308,0.9447840856878135
RAD_OPERA_HOURLY_RAINFALL_ACCUMULATION_202301300000_patch001,OPT_NORM_VIRTUAL_HOMOTOPY_CONST_INIT_LONG_LIGHT_JTOTAL,Homotopy Light Shrinkage (2000 iters),"(3125,6000]",34552,0.3090945043562928,0.03311097534629144,0.9014546424240504
RAD_OPERA_HOURLY_RAINFALL_ACCUMULATION_202301300000_patch001,OPT_NORM_VIRTUAL_HOMOTOPY_CONST_INIT_LONG_LIGHT_JTOTAL,Homotopy Light Shrinkage (2000 iters),"(6000,9000]",1437,0.5128864653455444,0.3687564794106374,0.7491834938568015
RAD_OPERA_HOURLY_RAINFALL_ACCUMULATION_202301300200_patch001,OPT_NORM_VIRTUAL_HOMOTOPY_CONST_INIT_LONG_LIGHT_JTOTAL,Homotopy Light Shrinkage (2000 iters),≤125,5782,0.0819731033393412,0.0002183591008227575,0.9937673614417152
RAD_OPERA_HOURLY_RAINFALL_ACCUMULATION_202301300200_patch001,OPT_NORM_VIRTUAL_HOMOTOPY_CONST_INIT_LONG_LIGHT_JTOTAL,Homotopy Light Shrinkage (2000 iters),"(125,375]",23121,0.09707698022704814,-0.0013811051121148253,0.9910582712506097
RAD_OPERA_HOURLY_RAINFALL_ACCUMULATION_202301300200_patch001,OPT_NORM_VIRTUAL_HOMOTOPY_CONST_INIT_LONG_LIGHT_JTOTAL,Homotopy Light Shrinkage (2000 iters),"(375,750]",39508,0.12543145518037344,-0.0012099217403583153,0.9852714187833072
RAD_OPERA_HOURLY_RAINFALL_ACCUMULATION_202301300200_patch001,OPT_NORM_VIRTUAL_HOMOTOPY_CONST_INIT_LONG_LIGHT_JTOTAL,Homotopy Light Shrinkage (2000 iters),"(750,1500]",83743,0.1608301528796313,-0.0038477248460683944,0.9758368292867974
RAD_OPERA_HOURLY_RAINFALL_ACCUMULATION_202301300200_patch001,OPT_NORM_VIRTUAL_HOMOTOPY_CONST_INIT_LONG_LIGHT_JTOTAL,Homotopy Light Shrinkage (2000 iters),"(1500,3125]",155901,0.21840253492097442,-0.023340496974254707,0.9593447614032033
RAD_OPERA_HOURLY_RAINFALL_ACCUMULATION_202301300200_patch001,OPT_NORM_VIRTUAL_HOMOTOPY_CONST_INIT_LONG_LIGHT_JTOTAL,Homotopy Light Shrinkage (2000 iters),"(3125,6000]",76905,0.26813056969017546,-0.04012588604041716,0.9473492530815103
RAD_OPERA_HOURLY_RAINFALL_ACCUMULATION_202301300200_patch001,OPT_NORM_VIRTUAL_HOMOTOPY_CONST_INIT_LONG_LIGHT_JTOTAL,Homotopy Light Shrinkage (2000 iters),"(6000,9000]",6563,0.2737443160222405,0.08212147682846165,0.9462804360382086
RAD_OPERA_HOURLY_RAINFALL_ACCUMULATION_202301300200_patch001,OPT_NORM_VIRTUAL_HOMOTOPY_CONST_INIT_LONG_LIGHT_JTOTAL,Homotopy Light Shrinkage (2000 iters),>9000,157,0.3133031005719772,0.3113277869619382,0.7998611870733089
RAD_OPERA_HOURLY_RAINFALL_ACCUMULATION_202301301000_patch000,OPT_NORM_VIRTUAL_HOMOTOPY_CONST_INIT_LONG_LIGHT_JTOTAL,Homotopy Light Shrinkage (2000 iters),≤125,6083,0.12235538688721037,0.0037778097803647945,0.9914169251204384
RAD_OPERA_HOURLY_RAINFALL_ACCUMULATION_202301301000_patch000,OPT_NORM_VIRTUAL_HOMOTOPY_CONST_INIT_LONG_LIGHT_JTOTAL,Homotopy Light Shrinkage (2000 iters),"(125,375]",24156,0.13488191407556507,0.00038928450348164434,0.9906358444926678
RAD_OPERA_HOURLY_RAINFALL_ACCUMULATION_202301301000_patch000,OPT_NORM_VIRTUAL_HOMOTOPY_CONST_INIT_LONG_LIGHT_JTOTAL,Homotopy Light Shrinkage (2000 iters),"(375,750]",39430,0.17536327835783358,0.0025615732439453758,0.9857808440447503
RAD_OPERA_HOURLY_RAINFALL_ACCUMULATION_202301301000_patch000,OPT_NORM_VIRTUAL_HOMOTOPY_CONST_INIT_LONG_LIGHT_JTOTAL,Homotopy Light Shrinkage (2000 iters),"(750,1500]",77358,0.22709153544044144,0.011175216373081503,0.9779515132409723
RAD_OPERA_HOURLY_RAINFALL_ACCUMULATION_202301301000_patch000,OPT_NORM_VIRTUAL_HOMOTOPY_CONST_INIT_LONG_LIGHT_JTOTAL,Homotopy Light Shrinkage (2000 iters),"(1500,3125]",133480,0.30966715816836865,0.059020379347995186,0.9622274921802069
RAD_OPERA_HOURLY_RAINFALL_ACCUMULATION_202301301000_patch000,OPT_NORM_VIRTUAL_HOMOTOPY_CONST_INIT_LONG_LIGHT_JTOTAL,Homotopy Light Shrinkage (2000 iters),"(3125,6000]",80920,0.4878942293775034,0.1289272550438751,0.9259853603075234
RAD_OPERA_HOURLY_RAINFALL_ACCUMULATION_202301301000_patch000,OPT_NORM_VIRTUAL_HOMOTOPY_CONST_INIT_LONG_LIGHT_JTOTAL,Homotopy Light Shrinkage (2000 iters),"(6000,9000]",9842,0.6679682142289418,0.31668885444996875,0.8599600521701207
RAD_OPERA_HOURLY_RAINFALL_ACCUMULATION_202301301000_patch000,OPT_NORM_VIRTUAL_HOMOTOPY_CONST_INIT_LONG_LIGHT_JTOTAL,Homotopy Light Shrinkage (2000 iters),>9000,443,0.4886298666679345,0.3835077288457556,0.8006806159011667
RAD_OPERA_HOURLY_RAINFALL_ACCUMULATION_202301302200_patch000,OPT_NORM_VIRTUAL_HOMOTOPY_CONST_INIT_LONG_LIGHT_JTOTAL,Homotopy Light Shrinkage (2000 iters),≤125,4949,0.34419219531944056,-0.0017543207077961734,0.9835860910015929
RAD_OPERA_HOURLY_RAINFALL_ACCUMULATION_202301302200_patch000,OPT_NORM_VIRTUAL_HOMOTOPY_CONST_INIT_LONG_LIGHT_JTOTAL,Homotopy Light Shrinkage (2000 iters),"(125,375]",18581,0.41151698429254396,-0.00606986726086117,0.9784436070417823
RAD_OPERA_HOURLY_RAINFALL_ACCUMULATION_202301302200_patch000,OPT_NORM_VIRTUAL_HOMOTOPY_CONST_INIT_LONG_LIGHT_JTOTAL,Homotopy Light Shrinkage (2000 iters),"(375,750]",27724,0.5976786750430303,-0.014993994055892839,0.963296134234079
RAD_OPERA_HOURLY_RAINFALL_ACCUMULATION_202301302200_patch000,OPT_NORM_VIRTUAL_HOMOTOPY_CONST_INIT_LONG_LIGHT_JTOTAL,Homotopy Light Shrinkage (2000 iters),"(750,1500]",51472,0.8499284135794414,-0.06239955041720829,0.943764433991759
RAD_OPERA_HOURLY_RAINFALL_ACCUMULATION_202301302200_patch000,OPT_NORM_VIRTUAL_HOMOTOPY_CONST_INIT_LONG_LIGHT_JTOTAL,Homotopy Light Shrinkage (2000 iters),"(1500,3125]",89017,1.2989480891913483,-0.13206851020102625,0.8754849851136159
RAD_OPERA_HOURLY_RAINFALL_ACCUMULATION_202301302200_patch000,OPT_NORM_VIRTUAL_HOMOTOPY_CONST_INIT_LONG_LIGHT_JTOTAL,Homotopy Light Shrinkage (2000 iters),"(3125,6000]",45865,1.643660707633245,-0.1452148866074793,0.7228293587038199
RAD_OPERA_HOURLY_RAINFALL_ACCUMULATION_202301302200_patch000,OPT_NORM_VIRTUAL_HOMOTOPY_CONST_INIT_LONG_LIGHT_JTOTAL,Homotopy Light Shrinkage (2000 iters),"(6000,9000]",2008,1.7655282143515991,-0.4938619675047963,0.6619775977035419
RAD_OPERA_HOURLY_RAINFALL_ACCUMULATION_202301302200_patch001,OPT_NORM_VIRTUAL_HOMOTOPY_CONST_INIT_LONG_LIGHT_JTOTAL,Homotopy Light Shrinkage (2000 iters),≤125,6108,0.19442346267496755,0.003148813027529913,0.9854884236736252
RAD_OPERA_HOURLY_RAINFALL_ACCUMULATION_202301302200_patch001,OPT_NORM_VIRTUAL_HOMOTOPY_CONST_INIT_LONG_LIGHT_JTOTAL,Homotopy Light Shrinkage (2000 iters),"(125,375]",23986,0.22228772360925825,-4.228493056642813e-05,0.9826939655661995
RAD_OPERA_HOURLY_RAINFALL_ACCUMULATION_202301302200_patch001,OPT_NORM_VIRTUAL_HOMOTOPY_CONST_INIT_LONG_LIGHT_JTOTAL,Homotopy Light Shrinkage (2000 iters),"(375,750]",39919,0.3083452346293126,0.004170771332762308,0.9712415750041524
RAD_OPERA_HOURLY_RAINFALL_ACCUMULATION_202301302200_patch001,OPT_NORM_VIRTUAL_HOMOTOPY_CONST_INIT_LONG_LIGHT_JTOTAL,Homotopy Light Shrinkage (2000 iters),"(750,1500]",80953,0.38202863954896227,0.023597765108472092,0.9573653237150243
RAD_OPERA_HOURLY_RAINFALL_ACCUMULATION_202301302200_patch001,OPT_NORM_VIRTUAL_HOMOTOPY_CONST_INIT_LONG_LIGHT_JTOTAL,Homotopy Light Shrinkage (2000 iters),"(1500,3125]",142104,0.5381361860077036,0.03723896403321374,0.9102964015830847
RAD_OPERA_HOURLY_RAINFALL_ACCUMULATION_202301302200_patch001,OPT_NORM_VIRTUAL_HOMOTOPY_CONST_INIT_LONG_LIGHT_JTOTAL,Homotopy Light Shrinkage (2000 iters),"(3125,6000]",70835,0.6711142411808826,0.11618212822078186,0.825016056029926
RAD_OPERA_HOURLY_RAINFALL_ACCUMULATION_202301302200_patch001,OPT_NORM_VIRTUAL_HOMOTOPY_CONST_INIT_LONG_LIGHT_JTOTAL,Homotopy Light Shrinkage (2000 iters),"(6000,9000]",3393,0.5961126546375721,0.3115808757907507,0.8856370854988485
RAD_OPERA_HOURLY_RAINFALL_ACCUMULATION_202301302200_patch001,OPT_NORM_VIRTUAL_HOMOTOPY_CONST_INIT_LONG_LIGHT_JTOTAL,Homotopy Light Shrinkage (2000 iters),>9000,62,0.7161994657275189,0.7161698140684636,-0.35766641344651967
RAD_OPERA_HOURLY_RAINFALL_ACCUMULATION_202301302200_patch002,OPT_NORM_VIRTUAL_HOMOTOPY_CONST_INIT_LONG_LIGHT_JTOTAL,Homotopy Light Shrinkage (2000 iters),≤125,5246,0.5429986787191662,0.003256664047918836,0.972375844262574
RAD_OPERA_HOURLY_RAINFALL_ACCUMULATION_202301302200_patch002,OPT_NORM_VIRTUAL_HOMOTOPY_CONST_INIT_LONG_LIGHT_JTOTAL,Homotopy Light Shrinkage (2000 iters),"(125,375]",20443,0.5748789529745154,-0.005125717993021396,0.9705696941584054
RAD_OPERA_HOURLY_RAINFALL_ACCUMULATION_202301302200_patch002,OPT_NORM_VIRTUAL_HOMOTOPY_CONST_INIT_LONG_LIGHT_JTOTAL,Homotopy Light Shrinkage (2000 iters),"(375,750]",33072,0.7210426795923229,-0.01947016784483869,0.9504261428506219
RAD_OPERA_HOURLY_RAINFALL_ACCUMULATION_202301302200_patch002,OPT_NORM_VIRTUAL_HOMOTOPY_CONST_INIT_LONG_LIGHT_JTOTAL,Homotopy Light Shrinkage (2000 iters),"(750,1500]",64408,1.005525407099833,-0.06986822986932137,0.9157436194992986
RAD_OPERA_HOURLY_RAINFALL_ACCUMULATION_202301302200_patch002,OPT_NORM_VIRTUAL_HOMOTOPY_CONST_INIT_LONG_LIGHT_JTOTAL,Homotopy Light Shrinkage (2000 iters),"(1500,3125]",110070,1.2099584117050615,-0.021636631009990942,0.8811188676342614
RAD_OPERA_HOURLY_RAINFALL_ACCUMULATION_202301302200_patch002,OPT_NORM_VIRTUAL_HOMOTOPY_CONST_INIT_LONG_LIGHT_JTOTAL,Homotopy Light Shrinkage (2000 iters),"(3125,6000]",59833,1.178165791677657,0.23067046209778475,0.8140392683629137
RAD_OPERA_HOURLY_RAINFALL_ACCUMULATION_202301302200_patch002,OPT_NORM_VIRTUAL_HOMOTOPY_CONST_INIT_LONG_LIGHT_JTOTAL,Homotopy Light Shrinkage (2000 iters),"(6000,9000]",1840,1.3039380926305384,0.836880199416824,0.6692554266648518
RAD_OPERA_HOURLY_RAINFALL_ACCUMULATION_202301310000_patch001,OPT_NORM_VIRTUAL_HOMOTOPY_CONST_INIT_LONG_LIGHT_JTOTAL,Homotopy Light Shrinkage (2000 iters),≤125,4040,0.2525400518341489,0.00845972117977989,0.9766704536822106
RAD_OPERA_HOURLY_RAINFALL_ACCUMULATION_202301310000_patch001,OPT_NORM_VIRTUAL_HOMOTOPY_CONST_INIT_LONG_LIGHT_JTOTAL,Homotopy Light Shrinkage (2000 iters),"(125,375]",16430,0.27590185851440535,-0.003924482933006675,0.9750658382781361
RAD_OPERA_HOURLY_RAINFALL_ACCUMULATION_202301310000_patch001,OPT_NORM_VIRTUAL_HOMOTOPY_CONST_INIT_LONG_LIGHT_JTOTAL,Homotopy Light Shrinkage (2000 iters),"(375,750]",26966,0.3566055072602036,-0.022304322553814114,0.9629128412913921
RAD_OPERA_HOURLY_RAINFALL_ACCUMULATION_202301310000_patch001,OPT_NORM_VIRTUAL_HOMOTOPY_CONST_INIT_LONG_LIGHT_JTOTAL,Homotopy Light Shrinkage (2000 iters),"(750,1500]",52894,0.4469636531011731,-0.03948695242728992,0.9502344138277663
RAD_OPERA_HOURLY_RAINFALL_ACCUMULATION_202301310000_patch001,OPT_NORM_VIRTUAL_HOMOTOPY_CONST_INIT_LONG_LIGHT_JTOTAL,Homotopy Light Shrinkage (2000 iters),"(1500,3125]",83733,0.5997461043919371,-0.04903159830456682,0.9176732673089196
RAD_OPERA_HOURLY_RAINFALL_ACCUMULATION_202301310000_patch001,OPT_NORM_VIRTUAL_HOMOTOPY_CONST_INIT_LONG_LIGHT_JTOTAL,Homotopy Light Shrinkage (2000 iters),"(3125,6000]",44649,0.7201209064189453,0.027721570960222392,0.836865590486356
RAD_OPERA_HOURLY_RAINFALL_ACCUMULATION_202301310000_patch001,OPT_NORM_VIRTUAL_HOMOTOPY_CONST_INIT_LONG_LIGHT_JTOTAL,Homotopy Light Shrinkage (2000 iters),"(6000,9000]",1688,0.6463726879139349,0.04001666375952309,0.7375282833418971
RAD_OPERA_HOURLY_RAINFALL_ACCUMULATION_202301310200_patch000,OPT_NORM_VIRTUAL_HOMOTOPY_CONST_INIT_LONG_LIGHT_JTOTAL,Homotopy Light Shrinkage (2000 iters),≤125,3610,0.27502085843565105,-0.006828025243454033,0.9918377456253115
RAD_OPERA_HOURLY_RAINFALL_ACCUMULATION_202301310200_patch000,OPT_NORM_VIRTUAL_HOMOTOPY_CONST_INIT_LONG_LIGHT_JTOTAL,Homotopy Light Shrinkage (2000 iters),"(125,375]",14108,0.32540605186064375,0.002599706815733665,0.9871639051661757
RAD_OPERA_HOURLY_RAINFALL_ACCUMULATION_202301310200_patch000,OPT_NORM_VIRTUAL_HOMOTOPY_CONST_INIT_LONG_LIGHT_JTOTAL,Homotopy Light Shrinkage (2000 iters),"(375,750]",20775,0.39263299038762833,0.02559043617742013,0.9761570037365696
RAD_OPERA_HOURLY_RAINFALL_ACCUMULATION_202301310200_patch000,OPT_NORM_VIRTUAL_HOMOTOPY_CONST_INIT_LONG_LIGHT_JTOTAL,Homotopy Light Shrinkage (2000 iters),"(750,1500]",37991,0.48417012802858134,0.023970496392187932,0.9571791595580215
RAD_OPERA_HOURLY_RAINFALL_ACCUMULATION_202301310200_patch000,OPT_NORM_VIRTUAL_HOMOTOPY_CONST_INIT_LONG_LIGHT_JTOTAL,Homotopy Light Shrinkage (2000 iters),"(1500,3125]",63127,0.6608732998539316,0.050482138573782524,0.9107440386802852
RAD_OPERA_HOURLY_RAINFALL_ACCUMULATION_202301310200_patch000,OPT_NORM_VIRTUAL_HOMOTOPY_CONST_INIT_LONG_LIGHT_JTOTAL,Homotopy Light Shrinkage (2000 iters),"(3125,6000]",30617,0.936650518600701,0.15420963796448864,0.8305887248497886
RAD_OPERA_HOURLY_RAINFALL_ACCUMULATION_202301310200_patch000,OPT_NORM_VIRTUAL_HOMOTOPY_CONST_INIT_LONG_LIGHT_JTOTAL,Homotopy Light Shrinkage (2000 iters),"(6000,9000]",2828,1.2803681380215766,1.1439330703256154,0.8974436920555393
RAD_OPERA_HOURLY_RAINFALL_ACCUMULATION_202301310900_patch000,OPT_NORM_VIRTUAL_HOMOTOPY_CONST_INIT_LONG_LIGHT_JTOTAL,Homotopy Light Shrinkage (2000 iters),≤125,4327,0.19874403532395507,-0.007768461799715252,0.9924925609918054
RAD_OPERA_HOURLY_RAINFALL_ACCUMULATION_202301310900_patch000,OPT_NORM_VIRTUAL_HOMOTOPY_CONST_INIT_LONG_LIGHT_JTOTAL,Homotopy Light Shrinkage (2000 iters),"(125,375]",17469,0.2371069878717573,-0.0016536536245917175,0.9885503549079888
RAD_OPERA_HOURLY_RAINFALL_ACCUMULATION_202301310900_patch000,OPT_NORM_VIRTUAL_HOMOTOPY_CONST_INIT_LONG_LIGHT_JTOTAL,Homotopy Light Shrinkage (2000 iters),"(375,750]",28304,0.2984452983880962,0.014171498411726217,0.9803003346925284
RAD_OPERA_HOURLY_RAINFALL_ACCUMULATION_202301310900_patch000,OPT_NORM_VIRTUAL_HOMOTOPY_CONST_INIT_LONG_LIGHT_JTOTAL,Homotopy Light Shrinkage (2000 iters),"(750,1500]",54744,0.39041437106556126,0.024499676218489082,0.9671973928992512
RAD_OPERA_HOURLY_RAINFALL_ACCUMULATION_202301310900_patch000,OPT_NORM_VIRTUAL_HOMOTOPY_CONST_INIT_LONG_LIGHT_JTOTAL,Homotopy Light Shrinkage (2000 iters),"(1500,3125]",84620,0.5882628663950684,0.07503536451461343,0.9304706611905289
RAD_OPERA_HOURLY_RAINFALL_ACCUMULATION_202301310900_patch000,OPT_NORM_VIRTUAL_HOMOTOPY_CONST_INIT_LONG_LIGHT_JTOTAL,Homotopy Light Shrinkage (2000 iters),"(3125,6000]",39893,0.7569682514638552,0.11185678441717231,0.8911185953482382
RAD_OPERA_HOURLY_RAINFALL_ACCUMULATION_202301310900_patch000,OPT_NORM_VIRTUAL_HOMOTOPY_CONST_INIT_LONG_LIGHT_JTOTAL,Homotopy Light Shrinkage (2000 iters),"(6000,9000]",4424,1.2387362308109215,0.648871382715258,0.49895714092143045
RAD_OPERA_HOURLY_RAINFALL_ACCUMULATION_202301310900_patch000,OPT_NORM_VIRTUAL_HOMOTOPY_CONST_INIT_LONG_LIGHT_JTOTAL,Homotopy Light Shrinkage (2000 iters),>9000,1227,1.8489264697984935,1.6209926859770933,-0.6227502372017383
RAD_OPERA_HOURLY_RAINFALL_ACCUMULATION_202301311600_patch000,OPT_NORM_VIRTUAL_HOMOTOPY_CONST_INIT_LONG_LIGHT_JTOTAL,Homotopy Light Shrinkage (2000 iters),≤125,4960,0.13131800099258467,0.00265125161217105,0.9960873732246822
RAD_OPERA_HOURLY_RAINFALL_ACCUMULATION_202301311600_patch000,OPT_NORM_VIRTUAL_HOMOTOPY_CONST_INIT_LONG_LIGHT_JTOTAL,Homotopy Light Shrinkage (2000 iters),"(125,375]",18632,0.15594365222849216,0.003302872353687262,0.9940978284081303
RAD_OPERA_HOURLY_RAINFALL_ACCUMULATION_202301311600_patch000,OPT_NORM_VIRTUAL_HOMOTOPY_CONST_INIT_LONG_LIGHT_JTOTAL,Homotopy Light Shrinkage (2000 iters),"(375,750]",27830,0.1994069551397734,0.002722826800327527,0.9894468890382678
RAD_OPERA_HOURLY_RAINFALL_ACCUMULATION_202301311600_patch000,OPT_NORM_VIRTUAL_HOMOTOPY_CONST_INIT_LONG_LIGHT_JTOTAL,Homotopy Light Shrinkage (2000 iters),"(750,1500]",51558,0.24629880060887552,-0.01107158122541666,0.9817614826753217
RAD_OPERA_HOURLY_RAINFALL_ACCUMULATION_202301311600_patch000,OPT_NORM_VIRTUAL_HOMOTOPY_CONST_INIT_LONG_LIGHT_JTOTAL,Homotopy Light Shrinkage (2000 iters),"(1500,3125]",90058,0.30954510194476614,-0.008974087392456006,0.9669677749752252
RAD_OPERA_HOURLY_RAINFALL_ACCUMULATION_202301311600_patch000,OPT_NORM_VIRTUAL_HOMOTOPY_CONST_INIT_LONG_LIGHT_JTOTAL,Homotopy Light Shrinkage (2000 iters),"(3125,6000]",52277,0.41392723855934915,0.005296342946103138,0.9329545236717401
RAD_OPERA_HOURLY_RAINFALL_ACCUMULATION_202301311600_patch000,OPT_NORM_VIRTUAL_HOMOTOPY_CONST_INIT_LONG_LIGHT_JTOTAL,Homotopy Light Shrinkage (2000 iters),"(6000,9000]",10952,0.7647852420240049,-0.0546573394592484,0.7584427747339941
RAD_OPERA_HOURLY_RAINFALL_ACCUMULATION_202301311600_patch000,OPT_NORM_VIRTUAL_HOMOTOPY_CONST_INIT_LONG_LIGHT_JTOTAL,Homotopy Light Shrinkage (2000 iters),>9000,3317,0.7342321484318874,0.35875983295003655,0.45888620519843265
RAD_OPERA_HOURLY_RAINFALL_ACCUMULATION_202301312000_patch001,OPT_NORM_VIRTUAL_HOMOTOPY_CONST_INIT_LONG_LIGHT_JTOTAL,Homotopy Light Shrinkage (2000 iters),≤125,4119,0.14958896194513008,-0.00616272208788465,0.9878847766408397
RAD_OPERA_HOURLY_RAINFALL_ACCUMULATION_202301312000_patch001,OPT_NORM_VIRTUAL_HOMOTOPY_CONST_INIT_LONG_LIGHT_JTOTAL,Homotopy Light Shrinkage (2000 iters),"(125,375]",15923,0.1725527251965606,-0.0003105424490060622,0.9809867364455802
RAD_OPERA_HOURLY_RAINFALL_ACCUMULATION_202301312000_patch001,OPT_NORM_VIRTUAL_HOMOTOPY_CONST_INIT_LONG_LIGHT_JTOTAL,Homotopy Light Shrinkage (2000 iters),"(375,750]",23477,0.22107244721721048,0.005996796068962609,0.968322499448897
RAD_OPERA_HOURLY_RAINFALL_ACCUMULATION_202301312000_patch001,OPT_NORM_VIRTUAL_HOMOTOPY_CONST_INIT_LONG_LIGHT_JTOTAL,Homotopy Light Shrinkage (2000 iters),"(750,1500]",42558,0.32197368150698963,-0.02891677353952863,0.9399516086907216
RAD_OPERA_HOURLY_RAINFALL_ACCUMULATION_202301312000_patch001,OPT_NORM_VIRTUAL_HOMOTOPY_CONST_INIT_LONG_LIGHT_JTOTAL,Homotopy Light Shrinkage (2000 iters),"(1500,3125]",72310,0.5225062566171003,-0.10043572720123217,0.8628153790183326
RAD_OPERA_HOURLY_RAINFALL_ACCUMULATION_202301312000_patch001,OPT_NORM_VIRTUAL_HOMOTOPY_CONST_INIT_LONG_LIGHT_JTOTAL,Homotopy Light Shrinkage (2000 iters),"(3125,6000]",35394,0.7539328882201043,-0.19224327220067053,0.7543554106228938
RAD_OPERA_HOURLY_RAINFALL_ACCUMULATION_202301312000_patch001,OPT_NORM_VIRTUAL_HOMOTOPY_CONST_INIT_LONG_LIGHT_JTOTAL,Homotopy Light Shrinkage (2000 iters),"(6000,9000]",4806,0.8470289669231154,0.19634537472607838,0.11880412013133121
RAD_OPERA_HOURLY_RAINFALL_ACCUMULATION_202301312000_patch001,OPT_NORM_VIRTUAL_HOMOTOPY_CONST_INIT_LONG_LIGHT_JTOTAL,Homotopy Light Shrinkage (2000 iters),>9000,1093,1.2984307667670587,1.2618035085683337,-0.4256205512792526
