method,patch,pixels,rmse,mae,bias,correlation,vg,va,cov,crmse,tn,fp,fn,tp
IDW,RAD_OPERA_HOURLY_RAINFALL_ACCUMULATION_202301180600_patch000,215040,1.1230593715712007,0.8080145687735196,0.15757358562356483,0.795274108888307,3.27281592036694,1.5764590217814447,1.8064210124803757,1.111950051570498,8.835565476190476e-05,0.03238467261904762,1.8601190476190478e-05,0.9675083705357143
IDW,RAD_OPERA_HOURLY_RAINFALL_ACCUMULATION_202301180900_patch002,192000,1.4332071343105242,0.8635543252869763,-0.11342219038492166,0.7755186060776355,5.0953568524250965,2.7185413632061377,2.886340059532181,1.4287120411639538,0.103515625,0.024817708333333334,0.0030677083333333333,0.8685989583333333
IDW,RAD_OPERA_HOURLY_RAINFALL_ACCUMULATION_202301181200_patch003,204800,1.0335874830066494,0.7151537002355579,0.298821145899581,0.8576678112320937,3.702674165373345,2.723222503724304,2.7234438306531836,0.989448840411308,0.0509423828125,0.04271484375,0.00015625,0.9061865234375
IDW,RAD_OPERA_HOURLY_RAINFALL_ACCUMULATION_202301181300_patch002,207360,0.5976609949216708,0.3536643110468616,0.009539580601554961,0.8030230650611444,0.9771221110578717,0.48079048380820893,0.5504024668066866,0.5975848569472856,0.0,0.0,0.0,1.0
IDW,RAD_OPERA_HOURLY_RAINFALL_ACCUMULATION_202301181900_patch000,277760,0.5097288562934369,0.33541310753792414,-0.039742941212945526,0.9332862264379567,1.7626903229844384,1.1306330508909894,1.317539684156734,0.508177139944291,0.0442216301843318,0.013698876728110598,0.0,0.9420794930875576
IDW,RAD_OPERA_HOURLY_RAINFALL_ACCUMULATION_202301190000_patch000,276480,0.6525504939260607,0.48369803499878833,0.15107122865953931,0.9296130307012614,2.9394825701860237,2.348535398173263,2.4425091686824216,0.6348225192874328,0.0,0.0014576099537037038,3.6168981481481483e-06,0.9985387731481481
IDW,RAD_OPERA_HOURLY_RAINFALL_ACCUMULATION_202301190300_patch000,349440,0.9492805911236105,0.6801820858898522,-0.05952858777849802,0.8773394117646576,3.5943924164847436,1.95712188395098,2.3269621562573177,0.9474122586926396,0.0,0.0024210164835164836,0.0,0.9975789835164836
IDW,RAD_OPERA_HOURLY_RAINFALL_ACCUMULATION_202301190300_patch001,365568,0.8684559365217684,0.48318937327489964,-0.07172218310361775,0.8656435966161997,2.96750203921129,2.013130772955668,2.1157805850181024,0.8654892501532027,0.4150199142156863,0.03885733981092437,0.02539609593837535,0.5207266500350141
IDW,RAD_OPERA_HOURLY_RAINFALL_ACCUMULATION_202301190700_patch000,354816,0.5934844221330621,0.40324437175258987,0.0016590762405983349,0.928620410317897,2.4557176230552775,1.785520518400085,1.9445085673373603,0.5934821031679408,0.052049512987012984,0.014297551406926406,0.001995400432900433,0.9316575351731602
IDW,RAD_OPERA_HOURLY_RAINFALL_ACCUMULATION_202301190800_patch001,249600,1.1889044237434088,0.8386451170508726,0.053227357815306346,0.7194936474588657,2.885646768238029,1.1772163823829218,1.326101286722151,1.1877123293022804,0.0004607371794871795,0.00984375,0.0002724358974358974,0.989423076923077
IDW,RAD_OPERA_HOURLY_RAINFALL_ACCUMULATION_202301190800_patch002,253952,3.1360153085873974,1.7860580356660187,0.3736475765841952,0.8577956814635664,34.927763255891534,19.235099305716737,22.233941528700505,3.1136762041367225,0.038964056199596774,0.05243904359879032,0.006969821068548387,0.9016270791330645
IDW,RAD_OPERA_HOURLY_RAINFALL_ACCUMULATION_202301190900_patch001,235008,0.8398493020055503,0.6145870475182695,-0.03045808842906846,0.8526244917436168,2.3939472077044335,1.196471390084309,1.4429997214301427,0.839296821707587,0.0,0.0,0.0,1.0
IDW,RAD_OPERA_HOURLY_RAINFALL_ACCUMULATION_202301192000_patch000,349184,0.7727489350755745,0.5505855283780371,0.15489271371880128,0.9021677836223785,3.027299363914012,2.1631182121614922,2.308634206089122,0.7570661555618902,0.0314361482771261,0.032730594758064516,0.0006758614369501467,0.9351573955278593
IDW,RAD_OPERA_HOURLY_RAINFALL_ACCUMULATION_202301200400_patch000,261888,0.3036122191612479,0.20589325449134488,0.021436350809534026,0.9251032340972405,0.5942338314622407,0.4037343917121891,0.4531236803432208,0.30285452363798077,0.0,0.0,0.0,1.0
IDW,RAD_OPERA_HOURLY_RAINFALL_ACCUMULATION_202301200800_patch001,331520,0.5257069211322635,0.3715854587808001,0.03668805117604472,0.9191165344816143,1.6131469660545812,1.0210202358302458,1.1795727240287797,0.5244251651353774,0.0015021718146718147,0.02261402027027027,0.0,0.9758838079150579
IDW,RAD_OPERA_HOURLY_RAINFALL_ACCUMULATION_202301201300_patch000,166400,1.0832405405776748,0.7579009144452329,-0.17189940883455654,0.872920654117466,3.4980196346614756,1.154940303590162,1.7545496381291468,1.0695142177611963,0.0005649038461538462,0.012986778846153846,1.201923076923077e-05,0.9864362980769231
IDW,RAD_OPERA_HOURLY_RAINFALL_ACCUMULATION_202301201600_patch002,160000,0.525854807512051,0.3848821986649185,-0.011747014670446514,0.8866206616187433,1.112326954311246,0.5461116884173619,0.6910266782493696,0.5257235834826782,0.0,0.0,0.0,1.0
IDW,RAD_OPERA_HOURLY_RAINFALL_ACCUMULATION_202301210300_patch000,269824,3.407655772658238,1.5589023036494143,-0.149388922071744,0.7792411490508888,27.544654792083577,10.315553621144195,13.135203799167261,3.4043796519914244,0.04317999881404175,0.11763964658444023,0.002931540559772296,0.8362488140417458
IDW,RAD_OPERA_HOURLY_RAINFALL_ACCUMULATION_202301210800_patch002,350208,2.835242909427348,1.2417278053941943,-0.2918814114744293,0.8780995800963062,27.8696627274206,11.434460075360718,15.675357602843787,2.820178646308377,0.24599952028508773,0.09935524031432749,0.0010622258771929825,0.6535830135233918
IDW,RAD_OPERA_HOURLY_RAINFALL_ACCUMULATION_202301210900_patch000,397824,3.4543581088922273,1.5662139034164102,-0.14128328287143266,0.8759060682482253,47.7649992717249,26.654554875186395,31.253462584230377,3.4514676557155437,0.31996561293436293,0.0761517656048906,0.0026795768983268985,0.6012030445624196
IDW,RAD_OPERA_HOURLY_RAINFALL_ACCUMULATION_202301211500_patch000,206336,1.0398293205822535,0.775827885241272,-0.011943405837995733,0.8233856235036477,3.212561743840583,1.5877774979203496,1.8596184353806966,1.0397607277636234,0.02248759305210918,0.02903031947890819,0.00036833126550868487,0.9481137562034739
IDW,RAD_OPERA_HOURLY_RAINFALL_ACCUMULATION_202301211800_patch000,179200,0.908592956206297,0.6311412589695828,-0.1584472041823912,0.7981361758130625,2.0261617128539067,0.7764735108079401,1.0010997900536827,0.8946706900052562,0.0790234375,0.09776227678571428,0.006116071428571428,0.8170982142857143
IDW,RAD_OPERA_HOURLY_RAINFALL_ACCUMULATION_202301211900_patch000,304384,1.0399157040594822,0.7183264500303094,-0.19780035062933343,0.8282001013429366,3.035391824603617,1.3103614426109065,1.6517267871870411,1.0209307972827744,0.05953006728343146,0.053301093355761144,0.010526177460050462,0.8766426619007569
IDW,RAD_OPERA_HOURLY_RAINFALL_ACCUMULATION_202301211900_patch001,268800,1.1473437507264745,0.8263035372101958,-0.26841821480782063,0.8053088667638343,3.188012180101132,1.1793489125253784,1.5615058741680166,1.1155040763217665,0.028962053571428573,0.05167410714285714,0.011930803571428571,0.9074330357142857
IDW,RAD_OPERA_HOURLY_RAINFALL_ACCUMULATION_202301212300_patch000,221184,0.9520132465968325,0.6909598740022813,0.09055055741474563,0.7980368562088024,2.4329008468384385,1.865432964607396,1.7001019965990576,0.9476971131367449,0.023338035300925927,0.03688331886574074,0.002093279803240741,0.9376853660300926
IDW,RAD_OPERA_HOURLY_RAINFALL_ACCUMULATION_202301220000_patch001,286720,1.0790311024208445,0.7683237577928705,0.06799308909569535,0.8631800998739707,4.548990748463364,3.3619091559559595,3.375607422296278,1.0768867441967924,0.024434988839285715,0.05995047433035714,0.001171875,0.9144426618303572
IDW,RAD_OPERA_HOURLY_RAINFALL_ACCUMULATION_202301220100_patch001,193024,1.1060367633746038,0.7293995466198391,-0.0008399276153863202,0.9157136541797496,6.972695999177497,4.434637013122439,5.092008197921082,1.1060364444527901,0.1551620523872679,0.03882936836870027,0.0010568633952254642,0.8049517158488063
IDW,RAD_OPERA_HOURLY_RAINFALL_ACCUMULATION_202301221200_patch000,354816,1.0814450004447087,0.7630029182357752,0.1470017001210644,0.9016952192936554,6.103874386331829,4.6016408781547735,4.7788007376691155,1.071407387107431,0.013905799062049062,0.0233332205988456,0.000656678391053391,0.962104301948052
IDW,RAD_OPERA_HOURLY_RAINFALL_ACCUMULATION_202301222100_patch000,186368,1.2781153473629618,0.8587151571334478,-0.29592286300813914,0.918321991460275,7.8880033876569415,4.089754584601849,5.2158747359724895,1.2433859016065008,0.2221465058379121,0.06615406078296704,0.0018511761675824175,0.7098482572115384
IDW,RAD_OPERA_HOURLY_RAINFALL_ACCUMULATION_202301230100_patch000,238080,0.9515225832282214,0.6658503223855221,0.0841743472547705,0.8847107715882829,4.089612109187757,2.8584300920937777,3.0248661478119976,0.9477921215422402,0.2282090053763441,0.06773353494623656,0.002053931451612903,0.7020035282258065
IDW,RAD_OPERA_HOURLY_RAINFALL_ACCUMULATION_202301230600_patch003,268800,0.6745091860784845,0.4414997035371406,-0.11653715079295493,0.9194929876599125,2.3542986389185776,1.282190239934888,1.597553572132073,0.6643656633129981,6.696428571428572e-05,0.014869791666666667,0.0,0.985063244047619
IDW,RAD_OPERA_HOURLY_RAINFALL_ACCUMULATION_202301231200_patch001,312576,0.5297621352282865,0.39072386414892246,0.08370299849738078,0.8844834358602616,1.183047162880077,0.6974387461491132,0.8034220905325047,0.5231077594188226,0.017278997747747746,0.027702062858312858,0.001708384520884521,0.9533105548730548
IDW,RAD_OPERA_HOURLY_RAINFALL_ACCUMULATION_202301231200_patch002,329728,0.767675234918053,0.5247215820805955,0.18980356783239874,0.9260155334892125,3.8563686164218782,3.534415683628921,3.4187422140531103,0.7438412948637496,0.0005671341226708075,0.012316212150621118,6.065605590062111e-06,0.987110588121118
IDW,RAD_OPERA_HOURLY_RAINFALL_ACCUMULATION_202301231200_patch003,272384,3.222778177315659,1.8733616770477222,0.7401714359948331,0.7636020093314192,20.630063442778834,20.98323859007062,15.88742830366503,3.1366296283621673,0.01912373707706767,0.13019854323308272,0.0008407248590225564,0.8498369948308271
IDW,RAD_OPERA_HOURLY_RAINFALL_ACCUMULATION_202301231300_patch001,306176,4.856074568767018,2.2448244862440268,-0.3220651288390446,0.80702450120941,56.56465310379236,17.076109897626537,25.081514365603613,4.845382778502817,0.24658693039297658,0.13737196906354515,0.009876672240802676,0.6061644283026756
IDW,RAD_OPERA_HOURLY_RAINFALL_ACCUMULATION_202301231400_patch002,335872,0.4468121111435978,0.2997906496295799,-0.06286120635869759,0.8937722895415515,0.9476010305382226,0.638257232298766,0.6950843657186303,0.44236809491613205,0.0,0.0,0.0,1.0
IDW,RAD_OPERA_HOURLY_RAINFALL_ACCUMULATION_202301231400_patch003,341504,0.44298209324526944,0.33493664308695115,0.022743684312728732,0.8970218956722691,0.9899112606603819,0.7126124251323972,0.7534039130164679,0.4423978523454239,0.0006471373688155922,0.01453277267616192,4.97797976011994e-05,0.9847703101574213
IDW,RAD_OPERA_HOURLY_RAINFALL_ACCUMULATION_202301231600_patch001,301568,0.8951034254606194,0.6219969326256678,-0.03143759866672804,0.9202690067290058,4.5205301553478,2.6498576304379116,3.185082983062154,0.8945511833659405,0.0010047485144312393,0.015117651740237692,1.9896010186757217e-05,0.9838577037351444
IDW,RAD_OPERA_HOURLY_RAINFALL_ACCUMULATION_202301231700_patch000,291840,0.8530039720789748,0.604062522439952,0.09152939153596219,0.9157461616391216,4.0132486157959875,2.456102388672276,2.8750564288003493,0.8480790923419612,0.04677905701754386,0.044270833333333336,0.0009560032894736843,0.9079941063596492
IDW,RAD_OPERA_HOURLY_RAINFALL_ACCUMULATION_202301231900_patch000,330240,0.8432421849353716,0.5942284324660003,0.08503547163267101,0.9314212601549744,4.667671273419754,2.957672595324466,3.4607587588627156,0.8389435922747062,0.18733345445736435,0.06927386143410853,0.003633720930232558,0.7397589631782946
IDW,RAD_OPERA_HOURLY_RAINFALL_ACCUMULATION_202301240500_patch000,494592,5.306584639583147,2.2540686624356003,0.8965187264649862,0.8144274138822157,78.37198171882613,67.13568857887142,59.07578779377007,5.230305412703679,0.10886953286749483,0.04960250064699793,0.004955599767080745,0.8365723667184265
IDW,RAD_OPERA_HOURLY_RAINFALL_ACCUMULATION_202301240700_patch000,193024,0.6205528365557909,0.45350265840209886,-0.07513866132166637,0.9056493461529542,1.6698463359283904,0.7900952085120324,1.0402507699540986,0.6159870165289411,0.0,0.006538047082228117,0.0,0.9934619529177718
IDW,RAD_OPERA_HOURLY_RAINFALL_ACCUMULATION_202301241500_patch000,433152,1.3721736686840356,0.8285694010862336,-0.10971413684709325,0.8293003660793268,5.877598213343384,3.3203267570138806,3.6635507925757813,1.3677804594326175,0.14642204122340424,0.05685763888888889,0.013376366725768321,0.7833439531619385
IDW,RAD_OPERA_HOURLY_RAINFALL_ACCUMULATION_202301241500_patch001,235008,1.7230407926538283,1.1166795217704681,-0.2552068864888447,0.8578065177200377,9.556716264897508,4.145530772873345,5.399254009766526,1.7040360965184402,0.0073188997821350766,0.034858387799564274,2.5531045751633988e-05,0.957797181372549
IDW,RAD_OPERA_HOURLY_RAINFALL_ACCUMULATION_202301241700_patch000,229376,0.9696858912065306,0.7243404453413195,0.12319405450691827,0.7148964252433035,1.8780420824092592,0.8040083460424103,0.87846823795626,0.9618284423633717,0.008601597377232142,0.03575788225446429,0.00040980747767857144,0.955230712890625
IDW,RAD_OPERA_HOURLY_RAINFALL_ACCUMULATION_202301241700_patch002,186368,1.158282965933715,0.7912621412522705,-0.07135341216783489,0.8612701223421769,4.992635297369451,2.9132142746830034,3.284660726154122,1.1560830937887687,0.054274338942307696,0.020953167925824176,0.01459478021978022,0.9101777129120879
IDW,RAD_OPERA_HOURLY_RAINFALL_ACCUMULATION_202301241900_patch001,185600,0.7760236894747811,0.5543173828044232,-0.029816036333795638,0.8927781759139904,2.932313169231306,2.1023001436488227,2.216644771138368,0.7754506886987679,0.014563577586206897,0.030264008620689654,2.1551724137931033e-05,0.9551508620689655
IDW,RAD_OPERA_HOURLY_RAINFALL_ACCUMULATION_202301242200_patch001,329728,1.4062456830126067,0.8570911949310165,-0.003942714249151101,0.815537744664633,5.744040852233052,2.9671347598460582,3.366832118041584,1.4062401558752127,0.2334287655279503,0.0725689052795031,0.01536417895962733,0.6786381502329193
IDW,RAD_OPERA_HOURLY_RAINFALL_ACCUMULATION_202301250200_patch000,236544,0.5634851336019872,0.3982533751747854,0.007873622702997332,0.9109962088984181,1.8605524761184593,1.6236785171247574,1.5833887456936182,0.5634301215376936,0.13592397186147187,0.044921875,4.22754329004329e-05,0.8191118777056277
IDW,RAD_OPERA_HOURLY_RAINFALL_ACCUMULATION_202301250200_patch001,461824,0.8940165783735414,0.5463548076965631,0.06612358269685398,0.9427641186239515,7.102443023451587,5.957853255080497,6.1327014821570085,0.8915678965833543,0.3942714107538803,0.09412243625277161,0.001831866685144124,0.509774286308204
IDW,RAD_OPERA_HOURLY_RAINFALL_ACCUMULATION_202301250300_patch000,258048,0.383574073349908,0.2821431715218794,0.03429006587017313,0.9107320904337309,0.8463977065576301,0.6368863956774629,0.6686654205531166,0.3820382979870733,0.0,0.0,0.0,1.0
IDW,RAD_OPERA_HOURLY_RAINFALL_ACCUMULATION_202301250500_patch000,376832,1.4931154048175679,0.9485564432552367,-0.1415384899020034,0.8240417410944642,6.413795965297926,2.8851406404089137,3.5447880688635247,1.486391761272845,0.05491306470788043,0.050123131793478264,0.0020539656929347825,0.8929098378057065
IDW,RAD_OPERA_HOURLY_RAINFALL_ACCUMULATION_202301251000_patch001,232960,0.4870324217399299,0.3499650963746235,0.05944745317984158,0.9523237809361776,2.4969475841948108,2.1592855509739652,2.2112832775162423,0.4833907116777188,0.18138307005494506,0.04241500686813187,0.0012062156593406594,0.7749957074175824
IDW,RAD_OPERA_HOURLY_RAINFALL_ACCUMULATION_202301251300_patch000,200448,0.49429887083616375,0.3744913588221887,0.042173317067856514,0.9486323199694427,1.6508663943650703,0.8851417892312551,1.1467276992794626,0.49249648225890963,0.026435783844189018,0.028246727330779056,0.0,0.945317488825032
IDW,RAD_OPERA_HOURLY_RAINFALL_ACCUMULATION_202301251600_patch002,199680,0.6701922540887602,0.47016925319241887,-0.06538896493702183,0.8980890153297458,2.155910080952638,1.3265956134801493,1.5188118768638748,0.666994708153699,0.14157151442307692,0.03197616185897436,0.012655248397435898,0.8137970753205128
IDW,RAD_OPERA_HOURLY_RAINFALL_ACCUMULATION_202301252100_patch000,312576,0.42242774579721054,0.2927153885895981,0.08864509414982151,0.952082912178211,1.77909480623783,1.452765283645044,1.530636421090196,0.41302209105867693,0.05759559275184275,0.019576039107289108,0.0024378071253071255,0.920390561015561
IDW,RAD_OPERA_HOURLY_RAINFALL_ACCUMULATION_202301252200_patch000,186368,0.6098599755266448,0.40064960528300386,-0.10476758151552142,0.9229741375992493,2.046232767315117,1.1658090207981449,1.4255444222502565,0.6007935948499687,0.015705485920329672,0.06568187671703296,1.6097184065934066e-05,0.9185965401785714
IDW,RAD_OPERA_HOURLY_RAINFALL_ACCUMULATION_202301260000_patch000,199680,6.932094954129066,3.3327703181972805,1.33909725989235,0.7221661341191355,90.73277864923094,73.38143794871083,58.92672880816565,6.801526224430107,0.26829927884615384,0.19274338942307692,0.0005258413461538461,0.5384314903846154
IDW,RAD_OPERA_HOURLY_RAINFALL_ACCUMULATION_202301260200_patch000,230144,1.1295080443557561,0.7676466969689512,0.06144023910477805,0.9013500524773432,6.466627323160726,4.198519124350782,4.696566464114197,1.1278357678683153,0.17793207730812013,0.07683015850945495,0.0047578907119021135,0.7404798734705228
IDW,RAD_OPERA_HOURLY_RAINFALL_ACCUMULATION_202301260200_patch001,237568,0.6413766488922065,0.45405233811558493,-0.09942147192110685,0.8780042691800913,1.6971454088925977,1.063679717348415,1.1796728747878877,0.633624002595575,0.008490200700431034,0.03414601293103448,0.00024834994612068964,0.9571154364224138
IDW,RAD_OPERA_HOURLY_RAINFALL_ACCUMULATION_202301260600_patch000,166400,5.575976691599442,3.199857545846089,1.5418674927752634,0.7488385734083656,62.75137105092863,49.068921614283106,41.553065982614264,5.358559573241972,0.07872596153846154,0.12521033653846153,0.0017247596153846154,0.7943389423076923
IDW,RAD_OPERA_HOURLY_RAINFALL_ACCUMULATION_202301260800_patch001,311808,0.7274199630211565,0.5083986922166381,-0.06950879106260813,0.7831388837215337,1.337778001060567,0.6759159758821819,0.7446928231880168,0.7240913827457935,1.6035509031198687e-05,0.00524361145320197,0.0,0.9947403530377669
IDW,RAD_OPERA_HOURLY_RAINFALL_ACCUMULATION_202301260900_patch000,185600,0.8536198604920701,0.638600039515837,0.2879065267879773,0.8332894309916727,2.061711139194065,1.147807564491079,1.2818710028128797,0.8036023258175555,0.0,0.003701508620689655,0.0,0.9962984913793104
IDW,RAD_OPERA_HOURLY_RAINFALL_ACCUMULATION_202301260900_patch001,272384,0.7024684987216807,0.5068708425157425,-0.05673141219624523,0.876296240422479,1.83210938914287,0.867058470693048,1.1044621606347031,0.7001739345094986,0.011256167763157895,0.034421992481203006,1.835643796992481e-05,0.9543034833176691
IDW,RAD_OPERA_HOURLY_RAINFALL_ACCUMULATION_202301270400_patch000,224000,1.1698679300113382,0.7608338613246551,-0.040136687549311725,0.8312456824978609,4.275618214095756,2.265259437478939,2.5869488157965566,1.169179207812721,0.12686160714285713,0.09180357142857143,0.004084821428571429,0.77725
IDW,RAD_OPERA_HOURLY_RAINFALL_ACCUMULATION_202301270700_patch000,385280,2.185928138087937,1.159282958426011,-0.14547628993227182,0.8876481370520021,18.550969446440156,8.503543778805211,11.148697375646615,2.1810819503063468,0.2198530938538206,0.10953073089700997,0.007109115448504983,0.6635070598006645
IDW,RAD_OPERA_HOURLY_RAINFALL_ACCUMULATION_202301270800_patch000,166400,0.312900854678929,0.2003566163097723,0.032713294262066483,0.8414167348863318,0.29533724061420197,0.1255603517051991,0.16203040354103668,0.311186094222296,0.0,0.0,0.0,1.0
IDW,RAD_OPERA_HOURLY_RAINFALL_ACCUMULATION_202301270900_patch000,312576,1.1685781850403913,0.8553064890148587,0.07364619633959855,0.8212843926719773,4.1737425036185964,2.6813048216416866,2.7474480564716397,1.1662552089131284,0.014415694103194104,0.07331976863226863,0.003938242219492219,0.908326295045045
IDW,RAD_OPERA_HOURLY_RAINFALL_ACCUMULATION_202301271000_patch001,261888,2.767393988513654,1.4049691364835297,-0.29679518956884454,0.8584278913292093,24.143236716831044,9.698264409680023,13.135559511700379,2.7514327364321125,0.09086326979472141,0.10062316715542521,0.005376344086021506,0.8031372189638318
IDW,RAD_OPERA_HOURLY_RAINFALL_ACCUMULATION_202301271800_patch000,312576,0.27788739703929366,0.18999182877975937,0.007763133446642493,0.9357749458627768,0.542592791772456,0.34903948762733006,0.40723557010371125,0.2777789394327144,0.0,0.0,6.398443898443899e-06,0.9999936015561015
IDW,RAD_OPERA_HOURLY_RAINFALL_ACCUMULATION_202301272100_patch001,222208,2.8456314788384596,1.5396707515534356,-0.12437389593473955,0.8399489658663764,25.901361316404063,12.96408589505041,15.39164878204405,2.84291217721659,0.18124909994239632,0.11100860455069124,0.0017641129032258064,0.7059781826036866
IDW,RAD_OPERA_HOURLY_RAINFALL_ACCUMULATION_202301272300_patch000,236800,0.7324055291534538,0.52038968722465,-0.0854603071813157,0.8990226593951817,2.4631703250810824,1.3751838126141311,1.654619871332094,0.7274024986422756,0.042402871621621624,0.015460304054054054,0.0007643581081081081,0.9413724662162162
IDW,RAD_OPERA_HOURLY_RAINFALL_ACCUMULATION_202301272300_patch002,322560,1.900015569466442,1.2237121611712538,0.03295861583984723,0.8722540613424569,14.613834454836178,8.98322304014989,9.994042300564631,1.8997296896813527,0.0020833333333333333,0.017872643849206348,0.0031343005952380954,0.9769097222222223
IDW,RAD_OPERA_HOURLY_RAINFALL_ACCUMULATION_202301280000_patch001,207360,0.8862999929089302,0.6273820107774722,0.05568063353902637,0.912669803927077,3.999393506497799,2.2111106661471873,2.7140384140829616,0.8845492323658772,0.015046296296296295,0.04972993827160494,0.00024112654320987653,0.9349826388888889
IDW,RAD_OPERA_HOURLY_RAINFALL_ACCUMULATION_202301280700_patch000,286720,2.824454413312724,1.5321109558336263,0.12804363231767577,0.854309965088043,29.03443330398368,18.153942288269022,19.61361401557404,2.821550559728572,0.018240792410714284,0.019670758928571428,0.005130440848214286,0.9569580078125
IDW,RAD_OPERA_HOURLY_RAINFALL_ACCUMULATION_202301280800_patch000,198400,2.740971658915373,1.5792984971461157,0.8815346278475538,0.8762755759827064,27.863142115830293,26.448489713072405,23.787904747009865,2.5953462841946484,0.0,0.0,1.0080645161290323e-05,0.9999899193548387
IDW,RAD_OPERA_HOURLY_RAINFALL_ACCUMULATION_202301280900_patch000,236800,0.9489826829553262,0.5940213238722816,0.03177397982548492,0.9107287857622146,5.237337492836444,4.021716190638545,4.179747568359925,0.9484506032235621,0.3074535472972973,0.026473817567567566,0.0055278716216216215,0.6605447635135135
IDW,RAD_OPERA_HOURLY_RAINFALL_ACCUMULATION_202301281000_patch001,211200,3.0709495628625287,1.626359335490545,-0.9488405593202843,0.924810160227502,34.8615290299946,12.913861434715301,19.62247882703779,2.9206904681315216,0.07690814393939394,0.0360748106060606,0.011619318181818182,0.8753977272727272
IDW,RAD_OPERA_HOURLY_RAINFALL_ACCUMULATION_202301281900_patch000,274688,0.6586288654040732,0.43518215749759526,0.0044237533886938634,0.9227509065316831,2.477361060786308,1.4300461691167439,1.73681740857682,0.6586140089228384,0.0,0.0007062558247903076,0.0,0.9992937441752097
IDW,RAD_OPERA_HOURLY_RAINFALL_ACCUMULATION_202301282100_patch000,239616,0.658679040562753,0.4908361583914271,0.09232723746138967,0.8187024431330919,1.2381901473932473,0.608947841772801,0.7109021147333158,0.6521761722873788,0.00034638755341880344,0.003889556623931624,3.7560096153846156e-05,0.9957264957264957
IDW,RAD_OPERA_HOURLY_RAINFALL_ACCUMULATION_202301282200_patch000,317440,4.968458211908017,2.4861646590092334,-0.15864435056011633,0.8352177989198977,76.73795213797683,37.340769099931244,44.70915613219826,4.9659247853256465,0.04254977318548387,0.08696131552419355,0.0003244707661290323,0.8701644405241935
IDW,RAD_OPERA_HOURLY_RAINFALL_ACCUMULATION_202301282200_patch001,450560,1.715811276960331,1.0551141438996328,0.1127571442215207,0.9599729402411483,36.905733997139116,31.834352802966052,32.90439631776696,1.7121022646358626,0.2211669921875,0.09627796519886364,0.007719282670454545,0.6748357599431818
IDW,RAD_OPERA_HOURLY_RAINFALL_ACCUMULATION_202301290800_patch000,303104,0.5620794427283996,0.3922413356118046,0.18009199048655983,0.725904141001842,0.5992703817547332,0.3127228974775032,0.3142465521658897,0.5324473447210128,0.0,0.0,0.0,1.0
IDW,RAD_OPERA_HOURLY_RAINFALL_ACCUMULATION_202301291100_patch000,166400,1.227713035694744,0.7675944040339583,-0.3517377684641486,0.90412688743335,4.830157755722127,1.6350291831008619,2.5408135492861628,1.1762482052061398,2.403846153846154e-05,0.0037860576923076923,0.0,0.9961899038461538
IDW,RAD_OPERA_HOURLY_RAINFALL_ACCUMULATION_202301291700_patch000,266240,0.32388923663908137,0.23716935420603616,0.049067920086515816,0.9456028099478849,0.9575140360368515,0.920301279964602,0.8876593695862117,0.3201508657321266,0.019606370192307692,0.016162109375,0.0028170072115384615,0.9614145132211539
IDW,RAD_OPERA_HOURLY_RAINFALL_ACCUMULATION_202301291900_patch000,495616,0.7239402053652176,0.5313286278835206,0.012190536159624187,0.9358100834068217,4.109712847038261,3.1752340889618615,3.3805030621138736,0.7238375589677386,0.0,0.006186240960743801,0.0,0.9938137590392562
IDW,RAD_OPERA_HOURLY_RAINFALL_ACCUMULATION_202301292200_patch002,166400,0.5405491071249053,0.40366287948706975,-0.0730217222439555,0.8935358829464319,1.160714470095825,0.536896704015567,0.7053750044086665,0.535594217009537,0.0010576923076923077,0.02057091346153846,0.0,0.9783713942307692
IDW,RAD_OPERA_HOURLY_RAINFALL_ACCUMULATION_202301292300_patch001,186368,0.595702084109057,0.43526962192781565,-0.0015841534557614148,0.8934067986513651,1.717612539117084,1.1670713134994284,1.2649126945734048,0.5956999777318299,0.0,0.0,0.0,1.0
IDW,RAD_OPERA_HOURLY_RAINFALL_ACCUMULATION_202301292300_patch003,173056,0.24740626859689058,0.1871502269679383,-0.02353698804770657,0.9343958133799285,0.402126237331252,0.24446011692249198,0.2929652411595326,0.2462841284668561,0.0,0.0,0.0,1.0
IDW,RAD_OPERA_HOURLY_RAINFALL_ACCUMULATION_202301300000_patch001,207872,0.3189416710499194,0.23504810195801587,-0.0210485699772376,0.9116294481095875,0.5407175109944128,0.32566602347106827,0.3825513936157263,0.31824636248357707,0.0,0.0,0.0,1.0
IDW,RAD_OPERA_HOURLY_RAINFALL_ACCUMULATION_202301300200_patch001,391680,0.32623140487629315,0.2275660895511167,-0.03335896325084606,0.9064817641841703,0.5704246107106009,0.39003562473908726,0.4275730631756497,0.32452135384037306,0.0,0.0,0.0,1.0
IDW,RAD_OPERA_HOURLY_RAINFALL_ACCUMULATION_202301301000_patch000,371712,0.5200134739679022,0.37169663303179973,0.051411195580842554,0.9039499881802622,1.2637963729443076,0.6802194598861839,0.8381224653766884,0.517465846290472,0.0,0.004672972623966942,0.0,0.9953270273760331
IDW,RAD_OPERA_HOURLY_RAINFALL_ACCUMULATION_202301302200_patch000,239616,1.5113381213097652,1.0343930825233536,-0.09831355017624278,0.7968261865671603,5.948336024655221,2.632730274383325,3.1532944681313357,1.508137050395578,0.05106503739316239,0.06233306623931624,0.0028128338675213675,0.8837890625
IDW,RAD_OPERA_HOURLY_RAINFALL_ACCUMULATION_202301302200_patch001,367360,0.660777747541284,0.4901262019922702,-0.011724196983066685,0.8567792868897309,1.6065802750773213,0.9796702427013123,1.0748803714638993,0.6606737279859365,0.0,0.010776894599303135,5.444250871080139e-06,0.9892176611498258
IDW,RAD_OPERA_HOURLY_RAINFALL_ACCUMULATION_202301302200_patch002,294912,1.5835624462995925,0.9772901292141832,0.15836502816322293,0.7506212630560438,5.651092091182291,3.643908767839942,3.4062051599185112,1.5756238571388832,0.21495225694444445,0.1261223687065972,0.004604763454861111,0.6543206108940972
IDW,RAD_OPERA_HOURLY_RAINFALL_ACCUMULATION_202301310000_patch001,230400,0.8536685146034986,0.6286231733519537,-0.10015761944803155,0.7981496918956577,1.8866958681376096,0.8319577650948317,0.9999676245702974,0.8477726016402316,0.00011284722222222222,0.020911458333333334,0.0,0.9789756944444444
IDW,RAD_OPERA_HOURLY_RAINFALL_ACCUMULATION_202301310200_patch000,173056,1.0220481840977926,0.7836238849028454,0.2700539890703602,0.8109614535210132,2.832819424185654,1.7471055331265253,1.8041358118536988,0.9857247757892572,0.006107849482248521,0.014920025887573964,5.7784763313609464e-05,0.9789143398668639
IDW,RAD_OPERA_HOURLY_RAINFALL_ACCUMULATION_202301310900_patch000,235008,0.8066937073537428,0.6264091036462556,0.06945376700304082,0.8605790761689915,2.355802869611127,1.2865242047967687,1.4981980813373412,0.8036982715753551,0.03486689814814815,0.05915968818082789,0.0003829656862745098,0.9055904479847494
IDW,RAD_OPERA_HOURLY_RAINFALL_ACCUMULATION_202301311600_patch000,259584,0.5054939587665274,0.35884468641563333,0.020704326280130945,0.9141699113254648,1.5512759544307506,1.3312617032512086,1.313721092229609,0.505069770648315,0.0038908407297830374,0.023645525147928993,0.0001348311143984221,0.9723288030078896
IDW,RAD_OPERA_HOURLY_RAINFALL_ACCUMULATION_202301312000_patch001,199680,0.638892130710883,0.4415025172716317,-0.09752709357253013,0.7625447701566174,0.9150624447126362,0.3650135470772343,0.4407021855431417,0.6314044826445145,0.0006510416666666666,0.007962740384615384,2.0032051282051282e-05,0.9913661858974359
ILDW,RAD_OPERA_HOURLY_RAINFALL_ACCUMULATION_202301180600_patch000,215040,1.1048605589599985,0.7778062078181566,0.15822089498168163,0.7984001791409477,3.27281592036694,1.8197604742405258,1.9484466957354352,1.0934729091918993,0.0006742931547619048,0.03179873511904762,0.00019066220238095238,0.9673363095238096
ILDW,RAD_OPERA_HOURLY_RAINFALL_ACCUMULATION_202301180900_patch002,192000,1.3737278314104178,0.817070081490745,-0.10431374403632195,0.7959201107584812,5.0953568524250965,2.9006380863221954,3.0598740705752983,1.3697615842170103,0.109109375,0.019223958333333332,0.005130208333333333,0.8665364583333334
ILDW,RAD_OPERA_HOURLY_RAINFALL_ACCUMULATION_202301181200_patch003,204800,0.9726431962839919,0.6687439236849342,0.26810093044666733,0.8740700689646328,3.702674165373345,2.7689864644719386,2.7987519757370563,0.9349634636557574,0.0513818359375,0.042275390625,0.0005029296875,0.90583984375
ILDW,RAD_OPERA_HOURLY_RAINFALL_ACCUMULATION_202301181300_patch002,207360,0.5632257174074803,0.3297352889363573,0.01372157225651386,0.8273722125267094,0.9771221110578717,0.5242668013734415,0.5921769926136666,0.5630585468705541,0.0,0.0,0.0,1.0
ILDW,RAD_OPERA_HOURLY_RAINFALL_ACCUMULATION_202301181900_patch000,277760,0.4766819865061665,0.3110905338710409,-0.03287252757932719,0.9399182716478487,1.7626903229844384,1.218882630150074,1.3777139199722503,0.4755471724130126,0.04890552995391705,0.009014976958525345,0.0009216589861751152,0.9411578341013825
ILDW,RAD_OPERA_HOURLY_RAINFALL_ACCUMULATION_202301190000_patch000,276480,0.6333243816790202,0.46551484769074447,0.15092861481128692,0.933979871608511,2.9394825701860237,2.3916807233748685,2.4764214839503165,0.6150774956542138,0.0,0.0014576099537037038,0.0,0.9985423900462963
ILDW,RAD_OPERA_HOURLY_RAINFALL_ACCUMULATION_202301190300_patch000,349440,0.9062375007898906,0.6475249497332711,-0.0397581953463882,0.8852760578958956,3.5943924164847436,2.1691193493229686,2.4719130360335035,0.9053649505810933,0.0,0.0024210164835164836,0.0,0.9975789835164836
ILDW,RAD_OPERA_HOURLY_RAINFALL_ACCUMULATION_202301190300_patch001,365568,0.8581480544200549,0.47082936732295944,-0.04842094659748988,0.8678065657882783,2.96750203921129,2.125798781010531,2.1796136624931464,0.8567808910307982,0.41301481530112044,0.0408624387254902,0.022149094012605043,0.5239736519607843
ILDW,RAD_OPERA_HOURLY_RAINFALL_ACCUMULATION_202301190700_patch000,354816,0.5873844620170563,0.39649881139333226,0.007308446873245022,0.9292896951512846,2.4557176230552775,1.8400451528864028,1.9753978415591564,0.5873389931065088,0.05031340187590187,0.01603366251803752,0.0017248376623376623,0.9319280979437229
ILDW,RAD_OPERA_HOURLY_RAINFALL_ACCUMULATION_202301190800_patch001,249600,1.1045996249073378,0.7750540492892954,0.07811533852370137,0.7666683484323394,2.885646768238029,1.3127930742553506,1.4922007586303103,1.1018340733671101,0.0017267628205128204,0.008577724358974359,0.00025240384615384616,0.9894431089743589
ILDW,RAD_OPERA_HOURLY_RAINFALL_ACCUMULATION_202301190800_patch002,253952,2.975221151699563,1.6552544494520187,0.30597382117737,0.8706862900161396,34.927763255891534,21.065872206843146,23.617657270230048,2.9594460499009934,0.038719915574596774,0.05268318422379032,0.007103704637096774,0.9014931955645161
ILDW,RAD_OPERA_HOURLY_RAINFALL_ACCUMULATION_202301190900_patch001,235008,0.808869447266056,0.5919806611555197,-0.007667701733536442,0.8637451883509788,2.3939472077044335,1.2572860571678217,1.4985111379008171,0.8088331033474214,0.0,0.0,0.0,1.0
ILDW,RAD_OPERA_HOURLY_RAINFALL_ACCUMULATION_202301192000_patch000,349184,0.7342513870858359,0.5192537418255172,0.1567632117357215,0.9123356971589309,3.027299363914012,2.260398246292384,2.3865736076613104,0.7173216815932553,0.03942906891495601,0.024737674120234605,0.0013459952346041057,0.9344872617302052
ILDW,RAD_OPERA_HOURLY_RAINFALL_ACCUMULATION_202301200400_patch000,261888,0.2930800358140974,0.19522604691326267,0.022300116088500077,0.9291942471523046,0.5942338314622407,0.42414640536743387,0.4664908123072213,0.2922304094635465,0.0,0.0,0.0,1.0
ILDW,RAD_OPERA_HOURLY_RAINFALL_ACCUMULATION_202301200800_patch001,331520,0.49987001535465975,0.3498789361735444,0.036643207883234906,0.924584983555454,1.6131469660545812,1.111655061128782,1.2381373598083347,0.4985251323320559,0.003272804054054054,0.020843388030888033,0.00046151061776061777,0.9754222972972973
ILDW,RAD_OPERA_HOURLY_RAINFALL_ACCUMULATION_202301201300_patch000,166400,1.009489723365397,0.6985975701254885,-0.1378938586266808,0.876079242957031,3.4980196346614756,1.4551764816657469,1.976570665496915,1.0000273922915266,0.002512019230769231,0.011039663461538462,0.0,0.9864483173076923
ILDW,RAD_OPERA_HOURLY_RAINFALL_ACCUMULATION_202301201600_patch002,160000,0.4654277482693755,0.3359465354094493,0.008039587676825851,0.9074307257387537,1.112326954311246,0.6643384147289434,0.7800535075755508,0.4653583069948228,0.0,0.0,0.0,1.0
ILDW,RAD_OPERA_HOURLY_RAINFALL_ACCUMULATION_202301210300_patch000,269824,3.4216990392239826,1.5148822911168756,-0.16323037874362697,0.771440462206684,27.544654792083577,11.031372248197245,13.447323440899641,3.4178034113274474,0.05141870256166983,0.10940094283681215,0.003750592979127135,0.8354297616223909
ILDW,RAD_OPERA_HOURLY_RAINFALL_ACCUMULATION_202301210800_patch002,350208,2.6177002847345707,1.1687081272236721,-0.17409668634322134,0.8872926688917001,27.8696627274206,13.978171712245636,17.51289465758124,2.6119045014134348,0.2515961942616959,0.0937585663377193,0.0019331368786549708,0.6527121025219298
ILDW,RAD_OPERA_HOURLY_RAINFALL_ACCUMULATION_202301210900_patch000,397824,3.0837950354360086,1.3913762782772396,-0.09405797867184665,0.9018441697170373,47.7649992717249,29.903855368105823,34.08395486130139,3.0823602834886032,0.3244877131595882,0.07162966537966538,0.0031295246138996137,0.6007530968468469
ILDW,RAD_OPERA_HOURLY_RAINFALL_ACCUMULATION_202301211500_patch000,206336,0.9977555251184008,0.735287963162045,0.004216329511928314,0.8379143927051537,3.212561743840583,1.7048216794607973,1.9609425564158187,0.9977466163659703,0.022758995037220845,0.028758917493796526,0.0015702543424317619,0.9469118331265509
ILDW,RAD_OPERA_HOURLY_RAINFALL_ACCUMULATION_202301211800_patch000,179200,0.8682401101762687,0.5985181281214542,-0.14105009827817674,0.8125574663072704,2.0261617128539067,0.8895909613612951,1.0909034577602927,0.8567063433257722,0.09343191964285714,0.08335379464285714,0.010005580357142857,0.8132087053571428
ILDW,RAD_OPERA_HOURLY_RAINFALL_ACCUMULATION_202301211900_patch000,304384,0.9826007361449952,0.6770336039036609,-0.1681312685639723,0.8441708879414941,3.035391824603617,1.4784500727058174,1.7883029070528391,0.9681095409114384,0.057893976030277544,0.05493718460891506,0.009008357863751051,0.8781604814970564
ILDW,RAD_OPERA_HOURLY_RAINFALL_ACCUMULATION_202301211900_patch001,268800,1.0752824940089398,0.7661126694403114,-0.22189512012745147,0.8225396652021244,3.188012180101132,1.4235917706768833,1.7523044765961528,1.0521382977468834,0.03472098214285714,0.04591517857142857,0.012425595238095237,0.906938244047619
ILDW,RAD_OPERA_HOURLY_RAINFALL_ACCUMULATION_202301212300_patch000,221184,0.8945987370410688,0.6433459064707351,0.08845842272850533,0.8231981668126106,2.4329008468384385,1.890155732992336,1.7652872860334572,0.8902145852342906,0.03293185763888889,0.027289496527777776,0.00340892650462963,0.9363697193287037
ILDW,RAD_OPERA_HOURLY_RAINFALL_ACCUMULATION_202301220000_patch001,286720,1.036391865229846,0.732595720261037,0.07033798201286705,0.8747982326758895,4.548990748463364,3.3437296959469864,3.4117798889046966,1.0340022565744027,0.029690987723214286,0.054694475446428574,0.0017229352678571428,0.9138916015625
ILDW,RAD_OPERA_HOURLY_RAINFALL_ACCUMULATION_202301220100_patch001,193024,1.059378564731059,0.688261292547083,0.025467720052378812,0.9212529311933876,6.972695999177497,4.727829927000685,5.289445793765605,1.0590723953757701,0.1635444297082228,0.03044699104774536,0.001818426724137931,0.8041901525198939
ILDW,RAD_OPERA_HOURLY_RAINFALL_ACCUMULATION_202301221200_patch000,354816,1.0364512732953333,0.7236895673988529,0.14835829424502603,0.9099053813154068,6.103874386331829,4.858784183761541,4.955218755824572,1.0257782696295645,0.015159970238095238,0.022079049422799424,0.00044530122655122656,0.9623156791125541
ILDW,RAD_OPERA_HOURLY_RAINFALL_ACCUMULATION_202301222100_patch000,186368,1.169096062464308,0.773103005450187,-0.22211153086571545,0.9263887523390585,7.8880033876569415,4.6476135896660855,5.609082453098495,1.1478031499895953,0.22882147149725274,0.059479095123626376,0.004217462225274725,0.7074819711538461
ILDW,RAD_OPERA_HOURLY_RAINFALL_ACCUMULATION_202301230100_patch000,238080,0.9162568966526526,0.636655336407209,0.10723578393378937,0.8936628695169293,4.089612109187757,3.0277303060123484,3.1446576139462254,0.9099599921467182,0.22985551075268817,0.06608702956989247,0.0024739583333333332,0.701583501344086
ILDW,RAD_OPERA_HOURLY_RAINFALL_ACCUMULATION_202301230600_patch003,268800,0.6094189133906928,0.40263916630523355,-0.06802101455725307,0.9289414429700041,2.3542986389185776,1.4772530762248726,1.732393580783278,0.6056108928816379,0.0004055059523809524,0.01453125,0.00011904761904761905,0.9849441964285715
ILDW,RAD_OPERA_HOURLY_RAINFALL_ACCUMULATION_202301231200_patch001,312576,0.49591179235300753,0.36051900868485864,0.06091913177424421,0.8974487471224865,1.183047162880077,0.7508774032802519,0.8458536004908422,0.49215583424220904,0.02194346334971335,0.023037597256347256,0.0025305845618345617,0.9524883548321048
ILDW,RAD_OPERA_HOURLY_RAINFALL_ACCUMULATION_202301231200_patch002,329728,0.7250624870417998,0.4878112735291603,0.15119694473366685,0.9326549381715756,3.8563686164218782,3.4671018399591107,3.4103076811812723,0.7091227637147495,0.0008036927406832299,0.012079653532608696,3.0328027950310557e-06,0.9871136209239131
ILDW,RAD_OPERA_HOURLY_RAINFALL_ACCUMULATION_202301231200_patch003,272384,3.0173020798251406,1.74443998985849,0.6451162642327998,0.7900590796223633,20.630063442778834,20.75203027480792,16.34707843552366,2.9475306353860744,0.02392578125,0.12539649906015038,0.0008333822838345865,0.8498443374060151
ILDW,RAD_OPERA_HOURLY_RAINFALL_ACCUMULATION_202301231300_patch001,306176,4.441312198210544,2.061955929898223,-0.18776662314785963,0.8312823487002278,56.56465310379236,22.698897953280504,29.786776659933718,4.437341291494877,0.25444515572742477,0.129513743729097,0.012754102215719064,0.6032869983277592
ILDW,RAD_OPERA_HOURLY_RAINFALL_ACCUMULATION_202301231400_patch002,335872,0.4211077035762768,0.2818864061634713,-0.04956262859382364,0.9061176533500725,0.9476010305382226,0.6548831633036554,0.713804474991861,0.4181808745724224,0.0,0.0,0.0,1.0
ILDW,RAD_OPERA_HOURLY_RAINFALL_ACCUMULATION_202301231400_patch003,341504,0.41918712889488974,0.31310605957652476,0.02744114993066658,0.9077113970733949,0.9899112606603819,0.7691715962864746,0.7920590123126164,0.4182879777397667,0.0017305800224887557,0.013449330022488756,0.00022254497751124437,0.9845975449775113
ILDW,RAD_OPERA_HOURLY_RAINFALL_ACCUMULATION_202301231600_patch001,301568,0.829391165650177,0.5674025803373258,0.0014591862399246256,0.9293691195872225,4.5205301553478,2.916964576987695,3.374803577950709,0.8293898820422616,0.0020227610356536503,0.01409963921901528,0.0003912882003395586,0.9834863115449916
ILDW,RAD_OPERA_HOURLY_RAINFALL_ACCUMULATION_202301231700_patch000,291840,0.8327108938218124,0.5824736574729118,0.0794143023227748,0.9191339618643873,4.0132486157959875,2.521068172757104,2.923607993638491,0.8289154367461791,0.0449390076754386,0.0461108826754386,0.0013945997807017544,0.907555509868421
ILDW,RAD_OPERA_HOURLY_RAINFALL_ACCUMULATION_202301231900_patch000,330240,0.7944769527986466,0.5566058478095535,0.11003060254671372,0.9377615976343181,4.667671273419754,3.2007101976303347,3.6246472880093292,0.7868207515256763,0.19229651162790698,0.06431080426356589,0.004666303294573643,0.7387263808139535
ILDW,RAD_OPERA_HOURLY_RAINFALL_ACCUMULATION_202301240500_patch000,494592,4.793102907435408,2.0307158617153616,0.7279481416261606,0.8473828856347223,78.37198171882613,65.4682395231277,60.69814712879253,4.737502188323376,0.1110066479037267,0.04746538561076605,0.005442870082815735,0.8360850964026915
ILDW,RAD_OPERA_HOURLY_RAINFALL_ACCUMULATION_202301240700_patch000,193024,0.5554207678219366,0.40613170268611143,-0.041290032086127956,0.918203687056118,1.6698463359283904,0.9504320562760902,1.156745514813122,0.5538838890762541,0.0,0.006538047082228117,0.0,0.9934619529177718
ILDW,RAD_OPERA_HOURLY_RAINFALL_ACCUMULATION_202301241500_patch000,433152,1.3229606459528613,0.7928926093344603,-0.09792453136273892,0.8421714715492644,5.877598213343384,3.4729375878721593,3.804950072159072,1.319331518950942,0.1473870604314421,0.05589261968085106,0.012339779107565011,0.7843805407801419
ILDW,RAD_OPERA_HOURLY_RAINFALL_ACCUMULATION_202301241500_patch001,235008,1.6239280460967924,1.0705602250479935,-0.17296803835536173,0.8667374445451992,9.556716264897508,4.840063145639852,5.8947775269650595,1.6146901735649608,0.009472017973856208,0.03270526960784314,0.0013276143790849674,0.9564950980392157
ILDW,RAD_OPERA_HOURLY_RAINFALL_ACCUMULATION_202301241700_patch000,229376,0.9339706094405942,0.6870094013938254,0.10672501059178818,0.7376412021801299,1.8780420824092592,0.8874335768182585,0.9522823939072502,0.9278528285310217,0.010698590959821428,0.033660888671875,0.0016915457589285715,0.953948974609375
ILDW,RAD_OPERA_HOURLY_RAINFALL_ACCUMULATION_202301241700_patch002,186368,1.0790858419395382,0.7360454688727113,-0.030553755931794574,0.8789177681818238,4.992635297369451,3.2313217025739704,3.5302321388353,1.0786531983324492,0.05528309581043956,0.019944411057692308,0.01535134787087912,0.909421145260989
ILDW,RAD_OPERA_HOURLY_RAINFALL_ACCUMULATION_202301241900_patch001,185600,0.7396725971048181,0.5246521519736684,-0.026271884392813086,0.9034948481653492,2.932313169231306,2.1287042804744893,2.257296055353779,0.739205884039242,0.015845905172413792,0.02898168103448276,0.0003286637931034483,0.95484375
ILDW,RAD_OPERA_HOURLY_RAINFALL_ACCUMULATION_202301242200_patch001,329728,1.3691749101112436,0.8383038307118792,0.060347043444631175,0.8227131168562802,5.744040852233052,3.422167630699529,3.6476051570534787,1.367844351096141,0.23460852581521738,0.07138914499223603,0.01419048427795031,0.6798118449145962
ILDW,RAD_OPERA_HOURLY_RAINFALL_ACCUMULATION_202301250200_patch000,236544,0.520314867099057,0.3630860982018494,0.01518670042788784,0.9247418865299369,1.8605524761184593,1.671468456156953,1.6307620036104944,0.5200931888175647,0.138769108495671,0.042076738365800864,0.00015641910173160172,0.8189977340367965
ILDW,RAD_OPERA_HOURLY_RAINFALL_ACCUMULATION_202301250200_patch001,461824,0.8585643019285637,0.5284912154051067,0.060670157714821225,0.947536931067876,7.102443023451587,5.9393874403749445,6.154189335658796,0.8564180010420968,0.4017785996396896,0.0866152473669623,0.003341099639689579,0.5082650533536586
ILDW,RAD_OPERA_HOURLY_RAINFALL_ACCUMULATION_202301250300_patch000,258048,0.36262020957597585,0.26594470974481726,0.03596794414889383,0.9213764961891081,0.8463977065576301,0.6388943668354815,0.6775461750032425,0.3608319877541717,0.0,0.0,0.0,1.0
ILDW,RAD_OPERA_HOURLY_RAINFALL_ACCUMULATION_202301250500_patch000,376832,1.4266109507918097,0.916371356233029,-0.09789900859702019,0.832131609000135,6.413795965297926,3.52364374307116,3.955902559667127,1.4232479014686201,0.05624787703804348,0.048788319463315216,0.002056619395380435,0.8929071841032609
ILDW,RAD_OPERA_HOURLY_RAINFALL_ACCUMULATION_202301251000_patch001,232960,0.45231330930632635,0.3206193441009599,0.054358329145988545,0.9588782764033512,2.4969475841948108,2.2287344050300426,2.2620247436983787,0.44903507861646713,0.1834220467032967,0.04037603021978022,0.0019059065934065934,0.7742960164835165
ILDW,RAD_OPERA_HOURLY_RAINFALL_ACCUMULATION_202301251300_patch000,200448,0.47857876275738465,0.3529825474866284,0.055235650237855836,0.9463402291369488,1.6508663943650703,0.9691682737331545,1.1970240064965174,0.47538053715438366,0.027827666028097064,0.02685484514687101,0.0,0.945317488825032
ILDW,RAD_OPERA_HOURLY_RAINFALL_ACCUMULATION_202301251600_patch002,199680,0.6263992222799449,0.435556113787668,-0.029434967598007192,0.9085671499348844,2.155910080952638,1.4650545678318279,1.6147275402145207,0.6257072545171776,0.1427333733974359,0.030814302884615386,0.012905649038461538,0.8135466746794872
ILDW,RAD_OPERA_HOURLY_RAINFALL_ACCUMULATION_202301252100_patch000,312576,0.39393508285757567,0.27531234158363876,0.09215421030088294,0.9588483977523615,1.77909480623783,1.4924682254019062,1.5624352903049554,0.38300450523437146,0.056530251842751844,0.020641380016380016,0.0016635954135954137,0.9211647727272727
ILDW,RAD_OPERA_HOURLY_RAINFALL_ACCUMULATION_202301252200_patch000,186368,0.5482324308034396,0.3636825569443264,-0.05249108746419902,0.9334069707098286,2.046232767315117,1.3222113116220091,1.5353202975078262,0.5457137380728784,0.02034147493131868,0.06104588770604396,0.00026292067307692306,0.9183497166895604
ILDW,RAD_OPERA_HOURLY_RAINFALL_ACCUMULATION_202301260000_patch000,199680,7.061692753215281,3.2624646895621447,1.3403706630422965,0.7156095172584123,90.73277864923094,76.84890113232467,59.755384377543415,6.933318904137381,0.2710536858974359,0.18998898237179487,0.00218349358974359,0.5367738381410256
ILDW,RAD_OPERA_HOURLY_RAINFALL_ACCUMULATION_202301260200_patch000,230144,1.0387717416093525,0.692544177125099,0.07681620172946058,0.916343867675682,6.466627323160726,4.576556929143572,4.985019124993155,1.0359276047668518,0.1784578350945495,0.07630440072302558,0.005005561735261402,0.7402322024471635
ILDW,RAD_OPERA_HOURLY_RAINFALL_ACCUMULATION_202301260200_patch001,237568,0.600277770874244,0.42251895792962335,-0.07560791659592295,0.8918503857732054,1.6971454088925977,1.1577121757094755,1.250120369724149,0.5954971411801868,0.01368029364224138,0.028955919989224137,0.0015321928879310344,0.9558315934806034
ILDW,RAD_OPERA_HOURLY_RAINFALL_ACCUMULATION_202301260600_patch000,166400,5.264825518558434,2.9948885756313333,1.3890185925703125,0.7786088885835872,62.75137105092863,51.93810457570012,44.450230268135336,5.078288598569214,0.08727163461538462,0.11666466346153846,0.0025721153846153845,0.7934915865384615
ILDW,RAD_OPERA_HOURLY_RAINFALL_ACCUMULATION_202301260800_patch001,311808,0.689410364736843,0.47975502989949337,-0.0706674452675255,0.8089973409341309,1.337778001060567,0.7156006325731752,0.791542935223897,0.6857789462982574,0.00010583435960591134,0.005153812602627258,3.207101806239737e-06,0.9947371459359606
ILDW,RAD_OPERA_HOURLY_RAINFALL_ACCUMULATION_202301260900_patch000,185600,0.820186268486091,0.6030439931648336,0.2467803549958676,0.8408453225110067,2.061711139194065,1.2526373878138246,1.351271777803319,0.782179628602824,0.0,0.003701508620689655,0.0,0.9962984913793104
ILDW,RAD_OPERA_HOURLY_RAINFALL_ACCUMULATION_202301260900_patch001,272384,0.6794503009930339,0.47977662437687757,-0.0457751077487848,0.881493709311465,1.83210938914287,0.9354724094191479,1.1540122237659531,0.6779065946206096,0.014439174107142858,0.031238986137218046,0.00034510103383458645,0.9539767387218046
ILDW,RAD_OPERA_HOURLY_RAINFALL_ACCUMULATION_202301270400_patch000,224000,1.0860731999277604,0.7108677895746182,-0.02118168641946411,0.8543814958849573,4.275618214095756,2.5919841463288784,2.844248014331441,1.0858666270595816,0.13634375,0.08232142857142857,0.0071339285714285714,0.7742008928571429
ILDW,RAD_OPERA_HOURLY_RAINFALL_ACCUMULATION_202301270700_patch000,385280,2.1151523853700667,1.107233103956813,-0.09050937814342472,0.8884745367818712,18.550969446440156,9.482316763127054,11.78380427188122,2.113215006998761,0.22368666943521595,0.10569715531561462,0.007246677740863787,0.6633694975083056
ILDW,RAD_OPERA_HOURLY_RAINFALL_ACCUMULATION_202301270800_patch000,166400,0.294049126210543,0.1871196709596093,0.04671860136539938,0.8589356247081333,0.29533724061420197,0.14753845742240138,0.1792967185624793,0.29031407287908856,0.0,0.0,0.0,1.0
ILDW,RAD_OPERA_HOURLY_RAINFALL_ACCUMULATION_202301270900_patch000,312576,1.1154157238630895,0.811752339658917,0.06692956154363827,0.8388936824756049,4.1737425036185964,2.7474048340751196,2.84073733343056,1.1134058877303445,0.018427518427518427,0.0693079443079443,0.0025465806715806714,0.9097179565929566
ILDW,RAD_OPERA_HOURLY_RAINFALL_ACCUMULATION_202301271000_patch001,261888,2.6150662818097734,1.3424698371680186,-0.18789716799035272,0.8598919809551808,24.143236716831044,12.317895066503054,14.828932735407248,2.6083071737277415,0.10144794721407624,0.09003848973607038,0.007075543743890518,0.8014380193059628
ILDW,RAD_OPERA_HOURLY_RAINFALL_ACCUMULATION_202301271800_patch000,312576,0.26132216187429563,0.17924999056651766,0.005228310884135038,0.9424074250458963,0.542592791772456,0.3687162136686287,0.42152353419456523,0.2612698548473482,0.0,0.0,0.0,1.0
ILDW,RAD_OPERA_HOURLY_RAINFALL_ACCUMULATION_202301272100_patch001,222208,2.7140087918873865,1.467200278774802,-0.006034676070638901,0.8510815228630403,25.901361316404063,14.870462872740854,16.703008442009082,2.714002082741786,0.19556901641705068,0.09668868807603687,0.004239271313364055,0.7035030241935484
ILDW,RAD_OPERA_HOURLY_RAINFALL_ACCUMULATION_202301272300_patch000,236800,0.6906009063484542,0.4828558359119299,-0.06461728317734965,0.9060371351026777,2.4631703250810824,1.5480119358214306,1.7692140211692144,0.6875712461731399,0.044168074324324326,0.013695101351351352,0.0013386824324324324,0.9407981418918919
ILDW,RAD_OPERA_HOURLY_RAINFALL_ACCUMULATION_202301272300_patch002,322560,1.7800581077336006,1.1503933341731443,0.07241233502366382,0.8886306503869482,14.613834454836178,9.596397427767872,10.523434280979751,1.7785846397190512,0.004244171626984127,0.015711805555555555,0.002545262896825397,0.977498759920635
ILDW,RAD_OPERA_HOURLY_RAINFALL_ACCUMULATION_202301280000_patch001,207360,0.8220010530943399,0.5819860497697933,0.0715573725755901,0.9219167356441712,3.999393506497799,2.4913618975914176,2.910095065185467,0.8188805002674578,0.02156153549382716,0.043214699074074076,0.0006847993827160494,0.9345389660493827
ILDW,RAD_OPERA_HOURLY_RAINFALL_ACCUMULATION_202301280700_patch000,286720,2.651655538402115,1.4222772155403578,0.18708973195494882,0.8723100867469504,29.03443330398368,19.94596586964808,20.992062323548055,2.6450471690568462,0.02014857700892857,0.017762974330357142,0.004094587053571429,0.9579938616071428
ILDW,RAD_OPERA_HOURLY_RAINFALL_ACCUMULATION_202301280800_patch000,198400,2.5196702538898905,1.4398624810921667,0.7634945962104797,0.8940620959393398,27.863142115830293,26.39571821941488,24.24652307267511,2.401210984044289,0.0,0.0,0.0,1.0
ILDW,RAD_OPERA_HOURLY_RAINFALL_ACCUMULATION_202301280900_patch000,236800,0.9250713120288904,0.5771831475217089,0.05185699639369691,0.9152279261248149,5.237337492836444,4.170285721519863,4.277277715046216,0.9236166868695459,0.30779983108108105,0.026127533783783782,0.006651182432432432,0.6594214527027027
ILDW,RAD_OPERA_HOURLY_RAINFALL_ACCUMULATION_202301281000_patch001,211200,2.9364166561480554,1.5339366664543992,-0.7970599453285878,0.9155983018136102,34.8615290299946,14.998452233325523,20.936371520631802,2.8261702393975696,0.07524147727272727,0.037741477272727274,0.007627840909090909,0.8793892045454546
ILDW,RAD_OPERA_HOURLY_RAINFALL_ACCUMULATION_202301281900_patch000,274688,0.623933723813222,0.41228463574186347,0.03299697524752391,0.926152722384528,2.477361060786308,1.6090008622908247,1.8490787158705926,0.6230605840012257,0.0,0.0007062558247903076,0.0,0.9992937441752097
ILDW,RAD_OPERA_HOURLY_RAINFALL_ACCUMULATION_202301282100_patch000,239616,0.6223685478385222,0.4592927743797537,0.09039455957485053,0.8387096320365338,1.2381901473932473,0.6787713727712077,0.7688950436132775,0.6157689769206467,0.0005300146901709401,0.003705929487179487,0.00047993456196581194,0.9952841212606838
ILDW,RAD_OPERA_HOURLY_RAINFALL_ACCUMULATION_202301282200_patch000,317440,4.7829367136028305,2.3787445011638217,-0.15270158764487288,0.8481339516813589,76.73795213797683,39.4740961173497,46.67944121193298,4.7804984919420885,0.05507182459677419,0.07443926411290322,0.0040102066532258064,0.8664787046370968
ILDW,RAD_OPERA_HOURLY_RAINFALL_ACCUMULATION_202301282200_patch001,450560,1.7257280994949231,1.054318090423925,0.11754165987790476,0.9593476800005978,36.905733997139116,32.15874414241301,33.05007835398631,1.721720485903419,0.22945001775568183,0.08799493963068182,0.00984774502840909,0.6727072975852273
ILDW,RAD_OPERA_HOURLY_RAINFALL_ACCUMULATION_202301290800_patch000,303104,0.5306153408713994,0.3656827287091407,0.15878956071811307,0.7565041107455598,0.5992703817547332,0.3366128232693606,0.3397723448245369,0.5062988399898029,0.0,0.0,0.0,1.0
ILDW,RAD_OPERA_HOURLY_RAINFALL_ACCUMULATION_202301291100_patch000,166400,1.118435946155963,0.7089945332691627,-0.26696297267978586,0.9015238648682712,4.830157755722127,2.122202219841921,2.886365119346146,1.0861076083297436,0.00016225961538461538,0.0036478365384615386,6.610576923076923e-05,0.9961237980769231
ILDW,RAD_OPERA_HOURLY_RAINFALL_ACCUMULATION_202301291700_patch000,266240,0.3057941924558556,0.22263907742710845,0.04886555970409295,0.9516133276561897,0.9575140360368515,0.9171472199541243,0.8917695053882205,0.301864614048309,0.02072941706730769,0.0150390625,0.003917518028846154,0.9603140024038461
ILDW,RAD_OPERA_HOURLY_RAINFALL_ACCUMULATION_202301291900_patch000,495616,0.6861776612317504,0.5014024386113368,0.023066459460968147,0.9430762890536785,4.109712847038261,3.1911120976242087,3.4152586117205295,0.6857898520840114,0.0,0.006186240960743801,0.0,0.9938137590392562
ILDW,RAD_OPERA_HOURLY_RAINFALL_ACCUMULATION_202301292200_patch002,166400,0.49645654919339505,0.36582506169558243,-0.04831961795240997,0.9060771570415187,1.160714470095825,0.6170875855754939,0.7668338679566861,0.49409950390376534,0.004158653846153846,0.01746995192307692,0.00041466346153846154,0.9779567307692307
ILDW,RAD_OPERA_HOURLY_RAINFALL_ACCUMULATION_202301292300_patch001,186368,0.5654349427187035,0.40926666864835237,0.009291932190137325,0.9039646700126232,1.717612539117084,1.2323061932777448,1.3151441989756756,0.5653585892541807,0.0,0.0,0.0,1.0
ILDW,RAD_OPERA_HOURLY_RAINFALL_ACCUMULATION_202301292300_patch003,173056,0.228943918453388,0.1717996269522948,-0.023014677387925554,0.9421567413921788,0.402126237331252,0.26577752305637986,0.30800905898305536,0.22778420143091854,0.0,0.0,0.0,1.0
ILDW,RAD_OPERA_HOURLY_RAINFALL_ACCUMULATION_202301300000_patch001,207872,0.30201370722942056,0.22056897025712044,-0.02099506460063831,0.918946709604881,0.5407175109944128,0.35291199457613903,0.40142900947683924,0.30128306725880427,0.0,0.0,0.0,1.0
ILDW,RAD_OPERA_HOURLY_RAINFALL_ACCUMULATION_202301300200_patch001,391680,0.3132904023636089,0.22019449525000478,-0.025894021397358538,0.9127875961498024,0.5704246107106009,0.41113803928439546,0.4420411370629856,0.3122184745799408,0.0,0.0,0.0,1.0
ILDW,RAD_OPERA_HOURLY_RAINFALL_ACCUMULATION_202301301000_patch000,371712,0.5056579386797176,0.35431340701171615,0.06167940899468162,0.9047421194493924,1.2637963729443076,0.7513978492650002,0.8816543103767099,0.5018820593086466,0.0,0.004672972623966942,0.0,0.9953270273760331
ILDW,RAD_OPERA_HOURLY_RAINFALL_ACCUMULATION_202301302200_patch000,239616,1.456055706026204,0.9750302997610152,-0.09682220530328084,0.8115729520934233,5.948336024655221,2.876602491237523,3.357107418140534,1.4528329840734193,0.055250901442307696,0.058147202190170943,0.004573985042735043,0.8820279113247863
ILDW,RAD_OPERA_HOURLY_RAINFALL_ACCUMULATION_202301302200_patch001,367360,0.6348873628738528,0.46604585206009147,-0.007224894819189406,0.867081199731322,1.6065802750773213,1.0676536293502363,1.1356020699978953,0.6348462525933085,0.0,0.010776894599303135,0.0,0.9892231054006969
ILDW,RAD_OPERA_HOURLY_RAINFALL_ACCUMULATION_202301302200_patch002,294912,1.4751220014607525,0.9124603696784526,0.1373205337539609,0.7866103143838608,5.651092091182291,3.6930018771281374,3.593482989053663,1.468716443090055,0.22446695963541666,0.116607666015625,0.008456759982638888,0.6504686143663194
ILDW,RAD_OPERA_HOURLY_RAINFALL_ACCUMULATION_202301310000_patch001,230400,0.8067722532900407,0.5788393621828455,-0.07433639285973995,0.8175782832153012,1.8866958681376096,0.9649485183151972,1.1031444085387574,0.8033402575343104,0.00017361111111111112,0.020850694444444446,0.0,0.9789756944444444
ILDW,RAD_OPERA_HOURLY_RAINFALL_ACCUMULATION_202301310200_patch000,173056,0.970434993696025,0.7275853711758166,0.24866577121081518,0.8303474934439812,2.832819424185654,1.9088959780392274,1.9309029955034733,0.9380348667389367,0.007783607618343195,0.01324426775147929,0.00043916420118343197,0.9785329604289941
ILDW,RAD_OPERA_HOURLY_RAINFALL_ACCUMULATION_202301310900_patch000,235008,0.7542290293555731,0.5769622375938952,0.06268057305460366,0.8769277788898215,2.355802869611127,1.4446195872811427,1.6177449412040366,0.7516199667945207,0.03808380991285403,0.055942776416122005,0.0009957107843137254,0.9049777028867102
ILDW,RAD_OPERA_HOURLY_RAINFALL_ACCUMULATION_202301311600_patch000,259584,0.48380592710564935,0.3423536636036722,0.027669943140746115,0.9217672154905224,1.5512759544307506,1.338096399466814,1.3280349022742097,0.4830140260376968,0.004472540680473373,0.02306382519723866,0.0008475098619329388,0.971616124260355
ILDW,RAD_OPERA_HOURLY_RAINFALL_ACCUMULATION_202301312000_patch001,199680,0.6309378126654078,0.426230887240784,-0.10284510290393988,0.7659644941487442,0.9150624447126362,0.40477169725741136,0.46616436685518015,0.6224993239029961,0.000836338141025641,0.00777744391025641,0.0002403846153846154,0.9911458333333333
Solver(ILDW) light,RAD_OPERA_HOURLY_RAINFALL_ACCUMULATION_202301180600_patch000,215040,0.7771612977871084,0.5197278773486946,0.02605610798650776,0.9072105226027473,3.27281592036694,2.208024624493486,2.4387698914228437,0.7767243796963874,0.00361328125,0.028859747023809525,0.00023716517857142857,0.9672898065476191
Solver(ILDW) light,RAD_OPERA_HOURLY_RAINFALL_ACCUMULATION_202301180900_patch002,192000,1.3624447647383613,0.8024608073436903,-0.10435896562373319,0.799789976566673,5.0953568524250965,2.919978270921342,3.0849850900447624,1.3584421015475459,0.110296875,0.018036458333333335,0.004942708333333334,0.8667239583333334
Solver(ILDW) light,RAD_OPERA_HOURLY_RAINFALL_ACCUMULATION_202301181200_patch003,204800,0.7202875676393771,0.4595430133264297,0.10498005228641163,0.9289310327753534,3.702674165373345,3.1441825383257322,3.1695316674906424,0.7125962171649471,0.066259765625,0.0273974609375,0.0010009765625,0.905341796875
Solver(ILDW) light,RAD_OPERA_HOURLY_RAINFALL_ACCUMULATION_202301181300_patch002,207360,0.4288125201692075,0.23882821319038394,-0.0005938550842534981,0.905572763897548,0.9771221110578717,0.6486452035893449,0.7209437449286054,0.428812108959164,0.0,0.0,0.0,1.0
Solver(ILDW) light,RAD_OPERA_HOURLY_RAINFALL_ACCUMULATION_202301181900_patch000,277760,0.31149691635774124,0.19485781151422596,-0.009044454181899449,0.9738030179548349,1.7626903229844384,1.4803574374105024,1.5730496168230037,0.31136558375795664,0.05303139400921659,0.004889112903225807,0.00048963133640553,0.9415898617511521
Solver(ILDW) light,RAD_OPERA_HOURLY_RAINFALL_ACCUMULATION_202301190000_patch000,276480,0.39040883106065377,0.27396173324453194,0.06211486606712074,0.9747569379602812,2.9394825701860237,2.6443592752018024,2.717640523302108,0.38543585560195326,2.8935185185185186e-05,0.0014286747685185186,2.8935185185185186e-05,0.9985134548611111
Solver(ILDW) light,RAD_OPERA_HOURLY_RAINFALL_ACCUMULATION_202301190300_patch000,349440,0.6888055034647441,0.4796484192089611,-0.012672863961726209,0.9340607337954264,3.5943924164847436,2.7053313387363933,2.912715667549405,0.6886889138953285,0.0,0.0024210164835164836,0.0,0.9975789835164836
Solver(ILDW) light,RAD_OPERA_HOURLY_RAINFALL_ACCUMULATION_202301190300_patch001,365568,0.8511976473511313,0.46568146239829,-0.04803773460307824,0.8701369678657569,2.96750203921129,2.1308032585536076,2.188037743427296,0.849841050379602,0.41304764093137253,0.040829613095238096,0.021344866071428572,0.5247778799019608
Solver(ILDW) light,RAD_OPERA_HOURLY_RAINFALL_ACCUMULATION_202301190700_patch000,354816,0.4287457695675655,0.28312146968587193,0.01987837097940126,0.962403920560835,2.4557176230552775,2.1337687100665383,2.2030292739162634,0.428284701208541,0.05237362463924964,0.013973439754689754,0.0011188897907647908,0.9325340458152959
Solver(ILDW) light,RAD_OPERA_HOURLY_RAINFALL_ACCUMULATION_202301190800_patch001,249600,0.8325502115872279,0.5402197528624376,0.027698605060711718,0.8769475156731076,2.885646768238029,1.7656264601503566,1.9794502931483788,0.8320893233851933,0.0035496794871794873,0.006754807692307692,0.00046474358974358973,0.9892307692307692
Solver(ILDW) light,RAD_OPERA_HOURLY_RAINFALL_ACCUMULATION_202301190800_patch002,253952,2.7813171987502128,1.5287259569483902,0.30862314067577334,0.8887549589866273,34.927763255891534,22.12099181828516,24.704138978536772,2.764141298324518,0.040306829637096774,0.05109627016129032,0.0077534337197580645,0.9008434664818549
Solver(ILDW) light,RAD_OPERA_HOURLY_RAINFALL_ACCUMULATION_202301190900_patch001,235008,0.623043563616284,0.4275511781926508,-0.0019169922579234072,0.9208284592747945,2.3939472077044335,1.6114639286961723,1.8086157645481222,0.6230406144902285,0.0,0.0,0.0,1.0
Solver(ILDW) light,RAD_OPERA_HOURLY_RAINFALL_ACCUMULATION_202301192000_patch000,349184,0.5131082553162835,0.3464083651153402,0.07811568372635307,0.9574838785051004,3.027299363914012,2.5395783420647264,2.654849842174526,0.5071272243034136,0.04687213618035191,0.01729460685483871,0.0020648139662756597,0.9337684429985337
Solver(ILDW) light,RAD_OPERA_HOURLY_RAINFALL_ACCUMULATION_202301200400_patch000,261888,0.18004608647804687,0.1225115554967125,0.02078837600972718,0.9746393752036963,0.5942338314622407,0.49580169129690704,0.5290255430401046,0.17884193210468996,0.0,0.0,0.0,1.0
Solver(ILDW) light,RAD_OPERA_HOURLY_RAINFALL_ACCUMULATION_202301200800_patch001,331520,0.35508094502332554,0.23960793342648878,0.02060021630500686,0.9609668244079798,1.6131469660545812,1.3777937806802891,1.4326413190640128,0.35448287491336566,0.006759773166023166,0.01735641891891892,0.000702823359073359,0.9751809845559846
Solver(ILDW) light,RAD_OPERA_HOURLY_RAINFALL_ACCUMULATION_202301201300_patch000,166400,0.6964627401035811,0.468501455958467,-0.014729642755387781,0.9326246186233775,3.4980196346614756,2.4741240661484243,2.743650157416506,0.6963069624647503,0.005600961538461538,0.007950721153846154,0.0,0.9864483173076923
Solver(ILDW) light,RAD_OPERA_HOURLY_RAINFALL_ACCUMULATION_202301201600_patch002,160000,0.2968028999924631,0.20725197642222046,0.02888003246858716,0.9612075575371763,1.112326954311246,0.9263149321173001,0.9756919906299983,0.29539449075524316,0.0,0.0,0.0,1.0
Solver(ILDW) light,RAD_OPERA_HOURLY_RAINFALL_ACCUMULATION_202301210300_patch000,269824,3.4214314668964563,1.514547129313698,-0.16337098454869547,0.7714687780763991,27.544654792083577,11.035436293408784,13.450293940707764,3.4175288153981715,0.051470588235294115,0.10934905716318785,0.0038395398481973434,0.8353408147533207
Solver(ILDW) light,RAD_OPERA_HOURLY_RAINFALL_ACCUMULATION_202301210800_patch002,350208,2.6054539866682744,1.1609864492789106,-0.17336827432613128,0.8887106383338914,27.8696627274206,14.00860907614717,17.559968942732493,2.5996795798911037,0.25180178636695905,0.09355297423245613,0.0018988715277777778,0.652746367872807
Solver(ILDW) light,RAD_OPERA_HOURLY_RAINFALL_ACCUMULATION_202301210900_patch000,397824,3.071001503119663,1.3812087659100905,-0.09307417524409155,0.9027601461547554,47.7649992717249,29.97028972467751,34.156450783168275,3.069590759379149,0.32497536599099097,0.07114201254826255,0.003101874195624196,0.6007807472651223
Solver(ILDW) light,RAD_OPERA_HOURLY_RAINFALL_ACCUMULATION_202301211500_patch000,206336,0.7027148926623803,0.49143328152129845,0.09505821627002295,0.9240557274298311,3.212561743840583,2.3480959291572487,2.537942758554385,0.6962558121043315,0.0321223635235732,0.01939554900744417,0.0007366625310173697,0.9477454249379652
Solver(ILDW) light,RAD_OPERA_HOURLY_RAINFALL_ACCUMULATION_202301211800_patch000,179200,0.8563235510238997,0.5843440053915169,-0.13842268925680062,0.8183309084972709,2.0261617128539067,0.9084694089256773,1.1102509693212437,0.8450616445781316,0.0962109375,0.08057477678571429,0.009575892857142857,0.8136383928571429
Solver(ILDW) light,RAD_OPERA_HOURLY_RAINFALL_ACCUMULATION_202301211900_patch000,304384,0.9811012978082994,0.6750799479171345,-0.16788864614009025,0.8447796941532434,3.035391824603617,1.479799027310319,1.7904088464277792,0.9666297942120224,0.05800567703952902,0.054825483599663584,0.009044496425567703,0.8781243429352397
Solver(ILDW) light,RAD_OPERA_HOURLY_RAINFALL_ACCUMULATION_202301211900_patch001,268800,1.0325050023850344,0.7166153241758304,-0.20797847497412714,0.8364420660989325,3.188012180101132,1.5327335120071304,1.8489670791053534,1.0113414526743951,0.03545758928571428,0.04517857142857143,0.009929315476190477,0.9094345238095238
Solver(ILDW) light,RAD_OPERA_HOURLY_RAINFALL_ACCUMULATION_202301212300_patch000,221184,0.5630622555134984,0.3787230563272412,-0.035703016611309805,0.9351982938913437,2.4329008468384385,1.8371394326145198,1.9771379406320788,0.5619291754205336,0.041323061342592594,0.018898292824074073,0.0006510416666666666,0.9391276041666666
Solver(ILDW) light,RAD_OPERA_HOURLY_RAINFALL_ACCUMULATION_202301220000_patch001,286720,0.7796098946574842,0.5283842465601845,0.054087527104909904,0.9320293752899614,4.548990748463364,3.615088537008202,3.7796065791060185,0.7777313978871685,0.04515555245535714,0.039229910714285714,0.0019008091517857143,0.9137137276785714
Solver(ILDW) light,RAD_OPERA_HOURLY_RAINFALL_ACCUMULATION_202301220100_patch001,193024,0.8193789057003016,0.49915291602765643,0.05637382210011491,0.9529799572135186,6.972695999177497,5.5195529876335705,5.9120226017613104,0.8174373268260073,0.17425812334217505,0.019733297413793104,0.006237566312997348,0.7997710129310345
Solver(ILDW) light,RAD_OPERA_HOURLY_RAINFALL_ACCUMULATION_202301221200_patch000,354816,0.7537991224265319,0.4991408301834276,0.06838002407409803,0.9531431536230767,6.103874386331829,5.219760568732488,5.380048832892841,0.7506912076737248,0.01775850018037518,0.01948051948051948,5.636724386724387e-05,0.9627046130952381
Solver(ILDW) light,RAD_OPERA_HOURLY_RAINFALL_ACCUMULATION_202301222100_patch000,186368,1.1672690022693173,0.7708972424559731,-0.22210185754721956,0.9267136081969485,7.8880033876569415,4.649208812252372,5.6120122556882155,1.1459440163170633,0.22921316964285715,0.059087396978021976,0.003992101648351648,0.7077073317307693
Solver(ILDW) light,RAD_OPERA_HOURLY_RAINFALL_ACCUMULATION_202301230100_patch000,238080,0.9118290897271151,0.6318972155695659,0.10675662720910908,0.8947983909726506,4.089612109187757,3.0277412431953925,3.148659020481818,0.9055580110735671,0.22985131048387097,0.06609122983870967,0.0025117607526881722,0.7015456989247312
Solver(ILDW) light,RAD_OPERA_HOURLY_RAINFALL_ACCUMULATION_202301230600_patch003,268800,0.4784136672488913,0.2849582828856295,0.02036292415821836,0.9511009062077957,2.3542986389185776,1.952471351209883,2.0391525008991005,0.4779801129024716,0.0007514880952380952,0.014185267857142856,0.00013392857142857144,0.9849293154761904
Solver(ILDW) light,RAD_OPERA_HOURLY_RAINFALL_ACCUMULATION_202301231200_patch001,312576,0.36998573643428134,0.25100594207404886,0.0202543537337158,0.9431105153274265,1.183047162880077,0.9030503242923038,0.974809140426367,0.3694309222569857,0.025920096232596234,0.019060964373464374,0.0029976709664209663,0.9520212684275184
Solver(ILDW) light,RAD_OPERA_HOURLY_RAINFALL_ACCUMULATION_202301231200_patch002,329728,0.46569975100409816,0.3012020924389442,0.025006168335477346,0.9721094079219718,3.8563686164218782,3.40279422412481,3.521455945458116,0.46502790199132865,0.005465110636645963,0.007418235636645963,0.0006611510093167701,0.9864555027173914
Solver(ILDW) light,RAD_OPERA_HOURLY_RAINFALL_ACCUMULATION_202301231200_patch003,272384,2.3125867608015143,1.3477635888147188,0.4708318077244893,0.870080270918433,20.630063442778834,18.401547832582686,16.952618170146096,2.2641499365256994,0.04590578007518797,0.1034165002349624,0.002863604323308271,0.8478141153665414
Solver(ILDW) light,RAD_OPERA_HOURLY_RAINFALL_ACCUMULATION_202301231300_patch001,306176,4.437991700541531,2.058862010281503,-0.18801665917645968,0.8316765008908198,56.56465310379236,22.703152485776148,29.803692759810435,4.434007224841613,0.25441576086956524,0.1295431385869565,0.012770432692307692,0.6032706678511706
Solver(ILDW) light,RAD_OPERA_HOURLY_RAINFALL_ACCUMULATION_202301231400_patch002,335872,0.3161928295666269,0.20627735033858477,-0.03027324512368068,0.9497126183791907,0.9476010305382226,0.7158087232545041,0.7821741588468476,0.31474026767960833,0.0,0.0,0.0,1.0
Solver(ILDW) light,RAD_OPERA_HOURLY_RAINFALL_ACCUMULATION_202301231400_patch003,341504,0.32721688332371274,0.22691006396374927,0.03273285869851072,0.9449467599713561,0.9899112606603819,0.8877208224620383,0.8858163172144563,0.3255755652586778,0.0062693262743628185,0.008910583770614693,0.0012532796101949026,0.9835668103448276
Solver(ILDW) light,RAD_OPERA_HOURLY_RAINFALL_ACCUMULATION_202301231600_patch001,301568,0.5015789060932865,0.3336126237021797,0.06141288233118476,0.97309885097487,4.5205301553478,3.921451633933144,4.097085966179716,0.497805039068021,0.013247426782682512,0.0028749734719864177,0.001800588921901528,0.9820770108234296
Solver(ILDW) light,RAD_OPERA_HOURLY_RAINFALL_ACCUMULATION_202301231700_patch000,291840,0.5177763028742871,0.34276168312256533,0.037779479080570146,0.9685716897345752,4.0132486157959875,3.2573518683149834,3.501967736666202,0.5163961761850743,0.053142132675438596,0.037907757675438594,0.002422560307017544,0.9065275493421052
Solver(ILDW) light,RAD_OPERA_HOURLY_RAINFALL_ACCUMULATION_202301231900_patch000,330240,0.4979259067820176,0.343498889935262,0.08887316820322484,0.9755797639118051,4.667671273419754,3.9437344944632065,4.185686999632372,0.4899303711939236,0.1999576065891473,0.05664970930232558,0.0042090600775193795,0.7391836240310078
Solver(ILDW) light,RAD_OPERA_HOURLY_RAINFALL_ACCUMULATION_202301240500_patch000,494592,4.766624296559529,2.0236113214987945,0.7280624499782309,0.8492177646948823,78.37198171882613,65.60241359373428,60.89188152953855,4.710693394128228,0.11094599184782608,0.047526041666666664,0.005426695134575569,0.8361012713509317
Solver(ILDW) light,RAD_OPERA_HOURLY_RAINFALL_ACCUMULATION_202301240700_patch000,193024,0.32662184472126576,0.2281685779471783,0.0008953247722349469,0.9694154618247746,1.6698463359283904,1.3796858619886967,1.4714255850372058,0.3266206176019433,0.0045797413793103444,0.0019583057029177718,6.734913793103448e-05,0.9933946037798409
Solver(ILDW) light,RAD_OPERA_HOURLY_RAINFALL_ACCUMULATION_202301241500_patch000,433152,1.3212822156897581,0.7908233573478606,-0.09809710803209885,0.8426621193028507,5.877598213343384,3.4733376678028836,3.807386115126246,1.3176356290317042,0.14751172798463358,0.05576795212765957,0.012129691193853428,0.7845906286938534
Solver(ILDW) light,RAD_OPERA_HOURLY_RAINFALL_ACCUMULATION_202301241500_patch001,235008,1.1188976724696793,0.7461563118669369,-0.04297437555677507,0.9358130256620519,9.556716264897508,6.98395039741734,7.64529072890564,1.1180720927129748,0.012820840141612201,0.029356447440087145,0.0008169934640522876,0.9570057189542484
Solver(ILDW) light,RAD_OPERA_HOURLY_RAINFALL_ACCUMULATION_202301241700_patch000,229376,0.9309176117371816,0.6835273660282325,0.10654719384221144,0.7397912268369652,1.8780420824092592,0.8888096291438743,0.9557982081131627,0.924800138044328,0.01092529296875,0.03343418666294643,0.001708984375,0.9539315359933036
Solver(ILDW) light,RAD_OPERA_HOURLY_RAINFALL_ACCUMULATION_202301241700_patch002,186368,1.0615218185633255,0.7172385634337699,-0.026974660256425285,0.883174945610355,4.992635297369451,3.264951651768387,3.5657430050738994,1.0611790324869974,0.05556747939560439,0.019660027472527472,0.01535134787087912,0.909421145260989
Solver(ILDW) light,RAD_OPERA_HOURLY_RAINFALL_ACCUMULATION_202301241900_patch001,185600,0.5145326728415647,0.36355984741524827,0.06174342024115974,0.9563731456320773,2.932313169231306,2.354561464613641,2.5129715061832694,0.5108146645099455,0.017936422413793104,0.026891163793103447,0.0004418103448275862,0.9547306034482759
Solver(ILDW) light,RAD_OPERA_HOURLY_RAINFALL_ACCUMULATION_202301242200_patch001,329728,1.3663863261525588,0.8356114530236864,0.06050660428620083,0.823544762729564,5.744040852233052,3.4262677521682114,3.6534790306334117,1.3650459857215216,0.23463278823757763,0.07136488256987578,0.014193517080745342,0.6798088121118012
Solver(ILDW) light,RAD_OPERA_HOURLY_RAINFALL_ACCUMULATION_202301250200_patch000,236544,0.35327927318887187,0.2395392438901467,0.004388315529023041,0.9658833511816503,1.8605524761184593,1.7383204107287555,1.73704294964777,0.353252017052522,0.16080729166666666,0.020038555194805196,0.001035748106060606,0.8181184050324676
Solver(ILDW) light,RAD_OPERA_HOURLY_RAINFALL_ACCUMULATION_202301250200_patch001,461824,0.8534835560076196,0.5241838519669174,0.06043423522027773,0.9481965377820738,7.102443023451587,5.942153711623909,6.159907425743372,0.8513412262945755,0.4025342987804878,0.08585954822616408,0.003289131790465632,0.5083170212028825
Solver(ILDW) light,RAD_OPERA_HOURLY_RAINFALL_ACCUMULATION_202301250300_patch000,258048,0.24246746132628602,0.1718131384684331,0.016077022132184725,0.9660674139785422,0.8463977065576301,0.7112081602881466,0.7495369338422008,0.2419338735303001,0.0,0.0,0.0,1.0
Solver(ILDW) light,RAD_OPERA_HOURLY_RAINFALL_ACCUMULATION_202301250500_patch000,376832,1.1729619490994887,0.7235073636521797,-0.00048539453366728316,0.8863079430207474,6.413795965297926,4.954887113268959,4.996421790069734,1.1729618486666213,0.06883704144021739,0.036199155061141304,0.002290145210597826,0.8926736582880435
Solver(ILDW) light,RAD_OPERA_HOURLY_RAINFALL_ACCUMULATION_202301251000_patch001,232960,0.3793640178011131,0.257097540882451,0.049002300957186405,0.9713535597364754,2.4969475841948108,2.2872871245365296,2.3213594381141176,0.37618590152091635,0.19406335851648351,0.029734718406593405,0.0019445398351648352,0.7742573832417582
Solver(ILDW) light,RAD_OPERA_HOURLY_RAINFALL_ACCUMULATION_202301251300_patch000,200448,0.2828622592414518,0.20198905814200904,0.03607327343854136,0.9772500534958091,1.6508663943650703,1.4135354473517585,1.4928460325351112,0.28055262723169516,0.039416706577266925,0.01526580459770115,0.00014467592592592592,0.945172812899106
Solver(ILDW) light,RAD_OPERA_HOURLY_RAINFALL_ACCUMULATION_202301251600_patch002,199680,0.4752259727052691,0.31495395139634197,0.015471374532853419,0.9476636352924429,2.155910080952638,1.7293099373347092,1.8298098282918067,0.4749740642432315,0.14714042467948718,0.026407251602564102,0.009149639423076924,0.8173026842948717
Solver(ILDW) light,RAD_OPERA_HOURLY_RAINFALL_ACCUMULATION_202301252100_patch000,312576,0.24384739033988675,0.16650022377150764,0.044629234124162295,0.9840422135746539,1.77909480623783,1.635198278068701,1.6784116515347334,0.23972855740829838,0.05955991502866503,0.01761171683046683,0.0033751791564291564,0.919453188984439
Solver(ILDW) light,RAD_OPERA_HOURLY_RAINFALL_ACCUMULATION_202301252200_patch000,186368,0.32803727010343886,0.22293023759961975,0.037981044686483195,0.9753150159799429,2.046232767315117,1.7297917149865527,1.8349292957401149,0.32583107712653786,0.04139659168956044,0.0399907709478022,0.0011107057005494505,0.9175019316620879
Solver(ILDW) light,RAD_OPERA_HOURLY_RAINFALL_ACCUMULATION_202301260000_patch000,199680,6.9757303099546695,3.2353386507208497,1.331765153584035,0.7228347929235222,90.73277864923094,76.9557891011711,60.40067640874124,6.847423963281342,0.2710236378205128,0.19001903044871796,0.002594150641025641,0.5363631810897436
Solver(ILDW) light,RAD_OPERA_HOURLY_RAINFALL_ACCUMULATION_202301260200_patch000,230144,0.5658450219309443,0.35774982842654973,0.10409290746218904,0.9762709673237242,6.466627323160726,5.781900477695401,5.969591272698014,0.556188147536514,0.21849363876529476,0.03626859705228031,0.00784291573971079,0.7373948484427141
Solver(ILDW) light,RAD_OPERA_HOURLY_RAINFALL_ACCUMULATION_202301260200_patch001,237568,0.405311330962886,0.2820458709436558,-0.004734551053278947,0.9510940185271543,1.6971454088925977,1.4183382323391551,1.4756143910992614,0.4052836772351312,0.0364990234375,0.006137190193965517,0.00695379849137931,0.9504099878771551
Solver(ILDW) light,RAD_OPERA_HOURLY_RAINFALL_ACCUMULATION_202301260600_patch000,166400,4.9651920732163175,2.8295914798463095,1.363865814835658,0.8065920256000114,62.75137105092863,53.592013928924736,46.775191308400274,4.774201751398114,0.090625,0.11331129807692308,0.0025,0.7935637019230769
Solver(ILDW) light,RAD_OPERA_HOURLY_RAINFALL_ACCUMULATION_202301260800_patch001,311808,0.5035098898199761,0.3315493485112841,-0.04893834543165813,0.9072348570979595,1.337778001060567,0.8633355525696631,0.9749931530686469,0.5011259796627353,0.0005355860016420361,0.004724060960591133,1.6035509031198687e-05,0.9947243175287356
Solver(ILDW) light,RAD_OPERA_HOURLY_RAINFALL_ACCUMULATION_202301260900_patch000,185600,0.5898206283549976,0.40603094704417064,0.06507465953039455,0.9140651871899315,2.061711139194065,1.5503841396707487,1.6342208082723633,0.586219807171412,0.0005172413793103448,0.0031842672413793104,0.0007543103448275862,0.9955441810344827
Solver(ILDW) light,RAD_OPERA_HOURLY_RAINFALL_ACCUMULATION_202301260900_patch001,272384,0.4831729257570189,0.3284547321589863,0.011071695532466817,0.9392613631526058,1.83210938914287,1.297160937224754,1.4479684163124948,0.4830460575790202,0.027501615366541353,0.01817654487781955,0.0013253348214285715,0.9529965049342105
Solver(ILDW) light,RAD_OPERA_HOURLY_RAINFALL_ACCUMULATION_202301270400_patch000,224000,1.0779974313091285,0.7006566285599815,-0.022192727393833662,0.8569646748866264,4.275618214095756,2.5951895434561147,2.854610906395984,1.0777689663188035,0.13714732142857142,0.08151785714285714,0.006866071428571429,0.77446875
Solver(ILDW) light,RAD_OPERA_HOURLY_RAINFALL_ACCUMULATION_202301270700_patch000,385280,2.1081791764402182,1.1007763006903757,-0.09035216798607758,0.8894816128535703,18.550969446440156,9.493426617407057,11.804070069065421,2.106242133686527,0.22400591777408638,0.10537790697674419,0.007314161129568107,0.6633020141196013
Solver(ILDW) light,RAD_OPERA_HOURLY_RAINFALL_ACCUMULATION_202301270800_patch000,166400,0.21249534185158037,0.13316837829036207,0.036841320290874974,0.9278461657097489,0.29533724061420197,0.20442195568383428,0.22798110443509556,0.20927729792752287,0.0,0.0,0.0,1.0
Solver(ILDW) light,RAD_OPERA_HOURLY_RAINFALL_ACCUMULATION_202301270900_patch000,312576,0.8835912400281165,0.6273959556179582,0.032807558502094936,0.9041170227427856,4.1737425036185964,2.9386386792367083,3.166362019647875,0.8829819610612418,0.027177390458640458,0.06055807227682228,0.005509060196560197,0.9067554770679771
Solver(ILDW) light,RAD_OPERA_HOURLY_RAINFALL_ACCUMULATION_202301271000_patch001,261888,2.363059140523286,1.1433628217104395,-0.10057799149750322,0.8841325548525354,24.143236716831044,14.391313658969182,16.480308903281625,2.360917738769604,0.11953583211143695,0.07195060483870967,0.007560483870967742,0.8009530791788856
Solver(ILDW) light,RAD_OPERA_HOURLY_RAINFALL_ACCUMULATION_202301271800_patch000,312576,0.17853637467597422,0.12194154703994202,0.014070367371170713,0.9721567433916964,0.542592791772456,0.4525361778915825,0.4817258539097792,0.17798107159043666,0.0,0.0,0.0,1.0
Solver(ILDW) light,RAD_OPERA_HOURLY_RAINFALL_ACCUMULATION_202301272100_patch001,222208,2.711621503788562,1.4653028701689987,-0.00653770170522299,0.8514067099768229,25.901361316404063,14.872039024722808,16.71027595143096,2.7116136225990894,0.19565902217741934,0.0965986823156682,0.0042617727534562215,0.7034805227534562
Solver(ILDW) light,RAD_OPERA_HOURLY_RAINFALL_ACCUMULATION_202301272300_patch000,236800,0.47289092048942083,0.31540421273065355,0.04079312973171221,0.9544494637052723,2.4631703250810824,2.091608496847044,2.166408539340052,0.47112816010935227,0.05297297297297297,0.004890202702702703,0.001879222972972973,0.9402576013513514
Solver(ILDW) light,RAD_OPERA_HOURLY_RAINFALL_ACCUMULATION_202301272300_patch002,322560,1.2429482748161766,0.7945984966827497,0.09021132183298174,0.947482893716427,14.613834454836178,11.674336877234484,12.375694500394504,1.2396702510271254,0.0028118799603174603,0.017144097222222224,0.0011222718253968253,0.9789217509920635
Solver(ILDW) light,RAD_OPERA_HOURLY_RAINFALL_ACCUMULATION_202301280000_patch001,207360,0.5540570703730121,0.37020043048685713,0.03763257892195848,0.9620203321174163,3.999393506497799,3.3747806338292667,3.5343055570465287,0.5527775558341778,0.02960551697530864,0.03517071759259259,0.0020592206790123455,0.9331645447530864
Solver(ILDW) light,RAD_OPERA_HOURLY_RAINFALL_ACCUMULATION_202301280700_patch000,286720,2.4174990977990647,1.247517791384972,0.19082885367919541,0.8952951572515867,29.03443330398368,21.247114024895122,22.236830546208015,2.4099556503103483,0.020814732142857142,0.01709681919642857,0.00341796875,0.9586704799107143
Solver(ILDW) light,RAD_OPERA_HOURLY_RAINFALL_ACCUMULATION_202301280800_patch000,198400,1.17584599204594,0.684453968805291,0.09387678912390143,0.9754849732487173,27.863142115830293,24.929031511223265,25.70918634078963,1.1720925498757715,0.0,0.0,0.0,1.0
Solver(ILDW) light,RAD_OPERA_HOURLY_RAINFALL_ACCUMULATION_202301280900_patch000,236800,0.9230644653114666,0.5753742711398937,0.05182025587381813,0.915620121089948,5.237337492836444,4.171797277435638,4.279886051035084,0.9216087392174164,0.3078547297297297,0.026072635135135136,0.006714527027027027,0.6593581081081081
Solver(ILDW) light,RAD_OPERA_HOURLY_RAINFALL_ACCUMULATION_202301281000_patch001,211200,2.9315774772458982,1.528839567448479,-0.7969931937967045,0.9161181960093641,34.8615290299946,15.009838171474032,20.956209423665737,2.821160816780418,0.07521780303030302,0.037765151515151515,0.007518939393939394,0.8794981060606061
Solver(ILDW) light,RAD_OPERA_HOURLY_RAINFALL_ACCUMULATION_202301281900_patch000,274688,0.37236062200646775,0.2481226316653843,0.058482573028173876,0.9740170500715243,2.477361060786308,2.0813804009958123,2.2117546201545366,0.3677393390338432,0.0,0.0007062558247903076,0.0,0.9992937441752097
Solver(ILDW) light,RAD_OPERA_HOURLY_RAINFALL_ACCUMULATION_202301282100_patch000,239616,0.4405730939709578,0.30787665283407806,0.06153312964273532,0.9211866813313355,1.2381901473932473,0.944340189128707,0.9961060057172207,0.4362548854597651,0.0015691773504273505,0.002666766826923077,0.0012520032051282052,0.9945120526175214
Solver(ILDW) light,RAD_OPERA_HOURLY_RAINFALL_ACCUMULATION_202301282200_patch000,317440,4.778347854150824,2.3739004597299065,-0.15299345599537076,0.8485053428557466,76.73795213797683,39.4909527191739,46.70985181973018,4.7758979488354205,0.055500252016129036,0.07401083669354838,0.003997605846774194,0.8664913054435484
Solver(ILDW) light,RAD_OPERA_HOURLY_RAINFALL_ACCUMULATION_202301282200_patch001,450560,1.7022414096438985,1.038306383189733,0.11627784249167464,0.9604993142555663,36.905733997139116,32.18895182684666,33.10529027196692,1.6982653738600244,0.2308993252840909,0.08654563210227273,0.009257368607954546,0.6732976740056819
Solver(ILDW) light,RAD_OPERA_HOURLY_RAINFALL_ACCUMULATION_202301290800_patch000,303104,0.4107737345488851,0.2693262569436401,0.0844264332876805,0.8555710842557591,0.5992703817547332,0.3977005271449194,0.4176818352710469,0.4020040277877309,0.0,0.0,0.0,1.0
Solver(ILDW) light,RAD_OPERA_HOURLY_RAINFALL_ACCUMULATION_202301291100_patch000,166400,0.6412034380553246,0.4149018106559435,0.010794729750889999,0.9597205992960274,4.830157755722127,3.7510199245398095,4.0850761787391825,0.6411125663903132,0.00024639423076923075,0.003563701923076923,0.0003545673076923077,0.9958353365384616
Solver(ILDW) light,RAD_OPERA_HOURLY_RAINFALL_ACCUMULATION_202301291700_patch000,266240,0.19205575318247642,0.13334757658326102,0.01890601984744605,0.9808851312100172,0.9575140360368515,0.8898525477303644,0.9054193045115997,0.19112293097380093,0.023865685096153846,0.011902794471153846,0.003076171875,0.9611553485576924
Solver(ILDW) light,RAD_OPERA_HOURLY_RAINFALL_ACCUMULATION_202301291900_patch000,495616,0.46950086557204684,0.32579456016387404,-0.016377243611248198,0.9748735252319395,4.109712847038261,3.4184283939529556,3.653989196163309,0.46921514112888457,0.0,0.006186240960743801,0.0,0.9938137590392562
Solver(ILDW) light,RAD_OPERA_HOURLY_RAINFALL_ACCUMULATION_202301292200_patch002,166400,0.29762268163263805,0.20586177135083394,0.02627345342278624,0.9638353513219619,1.160714470095825,0.9303664794843813,1.0015959916563815,0.29646073309536847,0.017716346153846155,0.003912259615384615,0.003245192307692308,0.975126201923077
Solver(ILDW) light,RAD_OPERA_HOURLY_RAINFALL_ACCUMULATION_202301292300_patch001,186368,0.408175094005235,0.2860207600841442,-0.005866502178832889,0.9517427188289977,1.717612539117084,1.3878400637793564,1.469440055689036,0.40813293363604974,0.0,0.0,0.0,1.0
Solver(ILDW) light,RAD_OPERA_HOURLY_RAINFALL_ACCUMULATION_202301292300_patch003,173056,0.15070941383443073,0.10722335681495582,-0.001940097178321486,0.9725850233037309,0.402126237331252,0.3430603084500692,0.3612384911700324,0.1506969257856854,0.0,0.0,0.0,1.0
Solver(ILDW) light,RAD_OPERA_HOURLY_RAINFALL_ACCUMULATION_202301300000_patch001,207872,0.2304293898824292,0.16103143017656477,0.013496635931319204,0.9502771172393193,0.5407175109944128,0.45813348394198566,0.4729677251981361,0.23003378999643942,0.0,0.0,0.0,1.0
Solver(ILDW) light,RAD_OPERA_HOURLY_RAINFALL_ACCUMULATION_202301300200_patch001,391680,0.21085560128691275,0.14929310895663875,-0.012741885667064173,0.9620713976398727,0.5704246107106009,0.4673578482447928,0.49674236500584035,0.2104702566723217,0.0,0.0,0.0,1.0
Solver(ILDW) light,RAD_OPERA_HOURLY_RAINFALL_ACCUMULATION_202301301000_patch000,371712,0.35695789853663035,0.23676491509217104,0.07003092079405164,0.9527306816422203,1.2637963729443076,0.9890129956735196,1.0651473785787013,0.35002087289249567,0.0,0.004672972623966942,0.0,0.9953270273760331
Solver(ILDW) light,RAD_OPERA_HOURLY_RAINFALL_ACCUMULATION_202301302200_patch000,239616,1.1750206858722472,0.733993747918178,-0.08382876430623912,0.881092889588046,5.948336024655221,3.7682159266959268,4.171452800424286,1.1720265997419066,0.0767269297542735,0.03667117387820513,0.006844284188034188,0.8797576121794872
Solver(ILDW) light,RAD_OPERA_HOURLY_RAINFALL_ACCUMULATION_202301302200_patch001,367360,0.50687356630912,0.35856524559588376,0.04886836165692377,0.918387741077751,1.6065802750773213,1.2305281213458437,1.2912878504856355,0.504512334291139,0.00044370644599303133,0.010333188153310104,0.0003076001742160279,0.9889155052264809
Solver(ILDW) light,RAD_OPERA_HOURLY_RAINFALL_ACCUMULATION_202301302200_patch002,294912,1.0830648578290558,0.6412432566323673,0.03816286234270865,0.8918711475446246,5.651092091182291,3.9818141795334765,4.230666594256842,1.0823922958900272,0.2554083930121528,0.0856662326388889,0.011182996961805556,0.6477423773871528
Solver(ILDW) light,RAD_OPERA_HOURLY_RAINFALL_ACCUMULATION_202301310000_patch001,230400,0.5523193990766332,0.3814440175508476,-0.022137638957256196,0.9194750329180391,1.8866958681376096,1.3205995304577023,1.4513643775287703,0.5518755688900998,0.0005598958333333334,0.020464409722222222,1.736111111111111e-05,0.9789583333333334
Solver(ILDW) light,RAD_OPERA_HOURLY_RAINFALL_ACCUMULATION_202301310200_patch000,173056,0.6798531669807676,0.4673441637980066,0.09034409948446259,0.9176140682085042,2.832819424185654,2.1428011804891667,2.2607911661663493,0.6738236210924348,0.009372688609467456,0.01165518676035503,0.0003813794378698225,0.9785907451923077
Solver(ILDW) light,RAD_OPERA_HOURLY_RAINFALL_ACCUMULATION_202301310900_patch000,235008,0.7522934362052828,0.5743643209330808,0.06253706450535162,0.8776728574973822,2.355802869611127,1.4458557389160203,1.619812039403271,0.7496896222575081,0.03818167892156863,0.055844907407407406,0.0007404003267973856,0.9052330133442266
Solver(ILDW) light,RAD_OPERA_HOURLY_RAINFALL_ACCUMULATION_202301311600_patch000,259584,0.36040336455326744,0.241360875636916,0.0008768023524885259,0.9574680317415325,1.5512759544307506,1.3580531253293622,1.389719631680581,0.36040229799343687,0.010732556706114399,0.016803809171597635,0.000835952909270217,0.9716276812130178
Solver(ILDW) light,RAD_OPERA_HOURLY_RAINFALL_ACCUMULATION_202301312000_patch001,199680,0.5134025074650975,0.3185638572734136,-0.07382123766389365,0.8583507132634703,0.9150624447126362,0.4757178952429528,0.5663238902071843,0.5080674753821783,0.002173477564102564,0.006440304487179487,0.0006310096153846154,0.9907552083333333
Solver(ILDW) none,RAD_OPERA_HOURLY_RAINFALL_ACCUMULATION_202301180600_patch000,215040,0.7770800835726032,0.5195746812196116,0.02547098140930757,0.9072429680082063,3.27281592036694,2.207275712375368,2.438443473675529,0.7766625299261259,0.0035574776785714285,0.028915550595238097,0.00022786458333333334,0.9672991071428572
Solver(ILDW) none,RAD_OPERA_HOURLY_RAINFALL_ACCUMULATION_202301180900_patch002,192000,1.3559307888458219,0.7948756660840557,-0.10435794752364069,0.8020009126097618,5.0953568524250965,2.931121113628867,3.0994101215626286,1.3519089181334318,0.110890625,0.017442708333333334,0.004848958333333334,0.8668177083333334
Solver(ILDW) none,RAD_OPERA_HOURLY_RAINFALL_ACCUMULATION_202301181200_patch003,204800,0.7203426395409759,0.4595245580177651,0.10513763052743665,0.9289247671117984,3.702674165373345,3.1437534653316472,3.1692940168585277,0.7126286529377951,0.06626953125,0.0273876953125,0.0009912109375,0.9053515625
Solver(ILDW) none,RAD_OPERA_HOURLY_RAINFALL_ACCUMULATION_202301181300_patch002,207360,0.42978095197779775,0.23945800038284543,-0.0004548432018009969,0.9051559690711947,0.9771221110578717,0.647139769262274,0.719775210259771,0.42978071129426443,0.0,0.0,0.0,1.0
Solver(ILDW) none,RAD_OPERA_HOURLY_RAINFALL_ACCUMULATION_202301181900_patch000,277760,0.3108611672298585,0.19453621264069645,-0.008790845164872517,0.9738868501751587,1.7626903229844384,1.4822865639963763,1.5742097503240087,0.31073684418297953,0.05306019585253456,0.004860311059907834,0.0005148329493087557,0.9415646601382488
Solver(ILDW) none,RAD_OPERA_HOURLY_RAINFALL_ACCUMULATION_202301190000_patch000,276480,0.3957900975071328,0.277490200433035,0.06841757568289285,0.9742064261536322,2.9394825701860237,2.632401154836926,2.7099574442002847,0.3898318055551411,4.7019675925925926e-05,0.0014105902777777778,2.8935185185185186e-05,0.9985134548611111
Solver(ILDW) none,RAD_OPERA_HOURLY_RAINFALL_ACCUMULATION_202301190300_patch000,349440,0.6903898164523293,0.4807281512139372,-0.01198785953674015,0.9338370711834887,3.5943924164847436,2.6949094028962555,2.9064037147480954,0.6902857306107437,0.0,0.0024210164835164836,0.0,0.9975789835164836
Solver(ILDW) none,RAD_OPERA_HOURLY_RAINFALL_ACCUMULATION_202301190300_patch001,365568,0.8530642447889529,0.4671163510606983,-0.0481762266151921,0.8695165246199726,2.96750203921129,2.1289993435279735,2.1855518629063972,0.8517027984728408,0.4130421699929972,0.040835084033613446,0.02152267156862745,0.5246000744047619
Solver(ILDW) none,RAD_OPERA_HOURLY_RAINFALL_ACCUMULATION_202301190700_patch000,354816,0.42788394249597134,0.2824689492217041,0.02010369395187202,0.9625345353829187,2.4557176230552775,2.138428982488402,2.2057330479041473,0.42741140571513203,0.052303165584415584,0.01404389880952381,0.001121708152958153,0.9325312274531025
Solver(ILDW) none,RAD_OPERA_HOURLY_RAINFALL_ACCUMULATION_202301190800_patch001,249600,0.8339603851534985,0.5395848448019331,0.024633985871138672,0.8760930317603745,2.885646768238029,1.7770217954180076,1.9838927364552823,0.8335964795663859,0.0034415064102564104,0.00686298076923077,0.0004927884615384615,0.9892027243589744
Solver(ILDW) none,RAD_OPERA_HOURLY_RAINFALL_ACCUMULATION_202301190800_patch002,253952,2.3376491609290433,1.2175971411547633,0.26802975022457526,0.9218289670136526,34.927763255891534,25.669565641338398,27.60228262232156,2.3222324716933085,0.05268712197580645,0.03871597782258065,0.009923135080645162,0.8986737651209677
Solver(ILDW) none,RAD_OPERA_HOURLY_RAINFALL_ACCUMULATION_202301190900_patch001,235008,0.6206480778535796,0.42580579861761164,-0.0014200962812098022,0.9213291366741897,2.3939472077044335,1.6197827897657413,1.8142639888001397,0.620646453200125,0.0,0.0,0.0,1.0
Solver(ILDW) none,RAD_OPERA_HOURLY_RAINFALL_ACCUMULATION_202301192000_patch000,349184,0.5072912819794326,0.3424343351920006,0.06526023803611748,0.958096621079355,3.027299363914012,2.555201484086705,2.6647076509484555,0.5030760838121859,0.04723011363636364,0.01693662939882698,0.001970307917888563,0.9338629490469208
Solver(ILDW) none,RAD_OPERA_HOURLY_RAINFALL_ACCUMULATION_202301200400_patch000,261888,0.1798760054651494,0.1224334210481491,0.02080203393585288,0.9746782622117232,0.5942338314622407,0.4960942204765418,0.5292026996062762,0.17866911519966192,0.0,0.0,0.0,1.0
Solver(ILDW) none,RAD_OPERA_HOURLY_RAINFALL_ACCUMULATION_202301200800_patch001,331520,0.3533830291843048,0.23844881767119966,0.020003650575371814,0.9612918828321452,1.6131469660545812,1.3831440256956518,1.4359057862355498,0.35281641016133825,0.0068774131274131275,0.01723877895752896,0.0007390202702702703,0.9751447876447876
Solver(ILDW) none,RAD_OPERA_HOURLY_RAINFALL_ACCUMULATION_202301201300_patch000,166400,0.6968297394062731,0.4687731085463355,-0.015609760798084049,0.932644709499159,3.4980196346614756,2.4686226107128486,2.7406571121427414,0.6966548794696275,0.005600961538461538,0.007950721153846154,0.0,0.9864483173076923
Solver(ILDW) none,RAD_OPERA_HOURLY_RAINFALL_ACCUMULATION_202301201600_patch002,160000,0.29629041317912785,0.20690177225843073,0.028643814819306137,0.9613079765970897,1.112326954311246,0.927948518986917,0.9766539662418537,0.2949025954691745,0.0,0.0,0.0,1.0
Solver(ILDW) none,RAD_OPERA_HOURLY_RAINFALL_ACCUMULATION_202301210300_patch000,269824,3.4214314667701196,1.514547129297373,-0.16337098427652538,0.7714687780857314,27.544654792083577,11.035436295465987,13.450293942124157,3.4175288152847005,0.051470588235294115,0.10934905716318785,0.0038395398481973434,0.8353408147533207
Solver(ILDW) none,RAD_OPERA_HOURLY_RAINFALL_ACCUMULATION_202301210800_patch002,350208,2.6076224128403953,1.1624242286245707,-0.17361142534385143,0.8884938613723742,27.8696627274206,13.998140205704663,17.549124606093812,2.601836605349698,0.2517846536915205,0.09357010690789473,0.0018988715277777778,0.652746367872807
Solver(ILDW) none,RAD_OPERA_HOURLY_RAINFALL_ACCUMULATION_202301210900_patch000,397824,3.072280188316108,1.3822194614464922,-0.09314609805000976,0.9026691186048491,47.7649992717249,29.963458883876957,34.14911439783207,3.070867851265782,0.32491252413127414,0.07120485440797941,0.0031244972651222652,0.6007581241956242
Solver(ILDW) none,RAD_OPERA_HOURLY_RAINFALL_ACCUMULATION_202301211500_patch000,206336,0.7037425892619985,0.4921689597553534,0.09518480265892063,0.9238373864044424,3.212561743840583,2.3453525604296104,2.5358604094931145,0.6972757598568621,0.03201574131513648,0.01950217121588089,0.0006881978908188586,0.9477938895781638
Solver(ILDW) none,RAD_OPERA_HOURLY_RAINFALL_ACCUMULATION_202301211800_patch000,179200,0.8447996940731343,0.5725740999710384,-0.1338157373345236,0.8234231832077819,2.0261617128539067,0.9287987274330389,1.129590284369633,0.8341342047582505,0.09790736607142857,0.07887834821428572,0.009107142857142857,0.8141071428571428
Solver(ILDW) none,RAD_OPERA_HOURLY_RAINFALL_ACCUMULATION_202301211900_patch000,304384,0.9815589781548328,0.6756662285012355,-0.1680138120443715,0.8446023380755899,3.035391824603617,1.4793010110999194,1.789731724572429,0.9670725859823958,0.057969538477712364,0.05486162216148024,0.00904121110176619,0.8781276282590412
Solver(ILDW) none,RAD_OPERA_HOURLY_RAINFALL_ACCUMULATION_202301211900_patch001,268800,0.973911751203653,0.6638374206308918,-0.18141455116124747,0.8535356164380532,3.188012180101132,1.6902887029742224,1.9813540116579125,0.9568661660647895,0.037548363095238096,0.043087797619047616,0.007113095238095238,0.9122507440476191
Solver(ILDW) none,RAD_OPERA_HOURLY_RAINFALL_ACCUMULATION_202301212300_patch000,221184,0.5628915673547172,0.3790446534714849,-0.03448976712078783,0.9352476598477192,2.4329008468384385,1.835809166899107,1.9765263205872712,0.5618339368203064,0.04106083622685185,0.019160517939814815,0.0006419994212962963,0.9391366464120371
Solver(ILDW) none,RAD_OPERA_HOURLY_RAINFALL_ACCUMULATION_202301220000_patch001,286720,0.7823681644667244,0.530251009132902,0.0527027400065872,0.9315699671313161,4.548990748463364,3.5992623358937346,3.7694653591951353,0.780591036309558,0.044384765625,0.04000069754464286,0.001869419642857143,0.9137451171875
Solver(ILDW) none,RAD_OPERA_HOURLY_RAINFALL_ACCUMULATION_202301220100_patch001,193024,0.8226792272004096,0.5028200486492003,0.060215784278562785,0.952731649608013,6.972695999177497,5.493332488794833,5.896426658890775,0.8204725286021348,0.1735483670424403,0.02044305371352785,0.0056780503978779845,0.8003305288461539
Solver(ILDW) none,RAD_OPERA_HOURLY_RAINFALL_ACCUMULATION_202301221200_patch000,354816,0.7555289940383543,0.5007253284324622,0.06947339160167437,0.9529507851377884,6.103874386331829,5.210440313245735,5.3741585954427995,0.752328059221486,0.01775568181818182,0.019483337842712844,5.354888167388167e-05,0.9627074314574314
Solver(ILDW) none,RAD_OPERA_HOURLY_RAINFALL_ACCUMULATION_202301222100_patch000,186368,1.1663041409500678,0.7696598102692189,-0.22197518671724847,0.9268712021313456,7.8880033876569415,4.65059198852244,5.613801505250132,1.1449857491161706,0.2292990212912088,0.05900154532967033,0.003868689903846154,0.7078307434752747
Solver(ILDW) none,RAD_OPERA_HOURLY_RAINFALL_ACCUMULATION_202301230100_patch000,238080,0.9106058254863195,0.6304590333798453,0.10643782287125331,0.8951055526737841,4.089612109187757,3.0277323541338226,3.149735252024766,0.9043638423068722,0.2297841061827957,0.06615843413978495,0.0024907594086021508,0.7015667002688172
Solver(ILDW) none,RAD_OPERA_HOURLY_RAINFALL_ACCUMULATION_202301230600_patch003,268800,0.47939203797127355,0.2853720734166425,0.02066040200403049,0.9508754536817289,2.3542986389185776,1.9534220615329585,2.0391654132961263,0.4789466294476691,0.0007775297619047619,0.01415922619047619,0.00013392857142857144,0.9849293154761904
Solver(ILDW) none,RAD_OPERA_HOURLY_RAINFALL_ACCUMULATION_202301231200_patch001,312576,0.37098808362799535,0.2519946874319481,0.020924993190619256,0.9429330093447955,1.183047162880077,0.8987283471368313,0.9722906035814817,0.3703974930448976,0.025616170147420146,0.019364890458640458,0.0028601044226044224,0.952158834971335
Solver(ILDW) none,RAD_OPERA_HOURLY_RAINFALL_ACCUMULATION_202301231200_patch002,329728,0.4750841542764002,0.30740406600359294,0.037124009139334016,0.9710009454766697,3.8563686164218782,3.4014618419330755,3.5167518483825044,0.4736314617822015,0.005477241847826087,0.007406104425465839,0.0006247573757763975,0.9864918963509317
Solver(ILDW) none,RAD_OPERA_HOURLY_RAINFALL_ACCUMULATION_202301231200_patch003,272384,2.8219801257628965,1.6132185771996972,0.6245617575318746,0.8164706690498591,20.630063442778834,20.63578805802247,16.846178529785917,2.7519982633042246,0.028632371945488722,0.12068990836466166,0.0035795054041353382,0.8470982142857143
Solver(ILDW) none,RAD_OPERA_HOURLY_RAINFALL_ACCUMULATION_202301231300_patch001,306176,4.437991698822495,2.0588620104675384,-0.18801665604798593,0.8316765009357374,56.56465310379236,22.703152520507476,29.803692784216967,4.434007223253691,0.25441576086956524,0.1295431385869565,0.012770432692307692,0.6032706678511706
Solver(ILDW) none,RAD_OPERA_HOURLY_RAINFALL_ACCUMULATION_202301231400_patch002,335872,0.31247671661840193,0.20456559525656504,-0.02855712654979093,0.9507953901751667,0.9476010305382226,0.7207138865217718,0.7857443640540791,0.3111690681154479,0.0,0.0,0.0,1.0
Solver(ILDW) none,RAD_OPERA_HOURLY_RAINFALL_ACCUMULATION_202301231400_patch003,341504,0.3276904648413069,0.2273422223984437,0.032013724984358886,0.9447542956892729,0.9899112606603819,0.885204879830416,0.8843799891651303,0.3261229249233143,0.0058828007871064465,0.009297109257871064,0.001209356259370315,0.9836107336956522
Solver(ILDW) none,RAD_OPERA_HOURLY_RAINFALL_ACCUMULATION_202301231600_patch001,301568,0.5024034274269212,0.3341915432667338,0.06307190506448669,0.9730002376529524,4.5205301553478,3.9261646902079153,4.099131853436931,0.4984286696026364,0.013214266765704584,0.0029081334889643463,0.0018536449490662139,0.9820239547962648
Solver(ILDW) none,RAD_OPERA_HOURLY_RAINFALL_ACCUMULATION_202301231700_patch000,291840,0.5182886292033232,0.343192298666282,0.039686262556821464,0.9685229150584761,4.0132486157959875,3.256947030646282,3.501573771358269,0.5167669723634927,0.052323190789473686,0.03872669956140351,0.0023300438596491227,0.9066200657894737
Solver(ILDW) none,RAD_OPERA_HOURLY_RAINFALL_ACCUMULATION_202301231900_patch000,330240,0.49422118024732126,0.3408552988042379,0.0860141340442712,0.9758937534433686,4.667671273419754,3.9516036348493375,4.191209382259712,0.4866786863523708,0.20103561046511628,0.05557170542635659,0.0042242005813953485,0.7391684835271318
Solver(ILDW) none,RAD_OPERA_HOURLY_RAINFALL_ACCUMULATION_202301240500_patch000,494592,4.769162676154935,2.0243029277910813,0.7277489217195647,0.8490325435892739,78.37198171882613,65.57599125268281,60.8663394164718,4.713310316387552,0.11099653856107661,0.04747549495341615,0.005444891951345756,0.8360830745341615
Solver(ILDW) none,RAD_OPERA_HOURLY_RAINFALL_ACCUMULATION_202301240700_patch000,193024,0.32681944405104535,0.22801938086015663,-8.869210019737324e-05,0.9693176449157903,1.6698463359283904,1.3822205912982295,1.4726279930415374,0.3268194320164359,0.0049890169098143235,0.0015490301724137932,7.252984084880636e-05,0.9933894230769231
Solver(ILDW) none,RAD_OPERA_HOURLY_RAINFALL_ACCUMULATION_202301241500_patch000,433152,1.3180487929827178,0.7870103827445266,-0.09794649064824994,0.8435593697397181,5.877598213343384,3.4774242834285536,3.8136816955595227,1.3144044680587827,0.1477449024822695,0.05553477763002364,0.011898825354609928,0.7848214945330969
Solver(ILDW) none,RAD_OPERA_HOURLY_RAINFALL_ACCUMULATION_202301241500_patch001,235008,1.1201092084281639,0.7464785260039233,-0.04326547976943332,0.935693522946048,9.556716264897508,6.976202676321439,7.6400731020765305,1.119273307582151,0.012842116013071895,0.02933517156862745,0.0008212486383442266,0.9570014637799564
Solver(ILDW) none,RAD_OPERA_HOURLY_RAINFALL_ACCUMULATION_202301241700_patch000,229376,0.9309176122852981,0.6835273668256148,0.10654719762560484,0.7397912266932278,1.8780420824092592,0.8888096312286874,0.9557982090484279,0.9248001381601816,0.01092529296875,0.03343418666294643,0.001708984375,0.9539315359933036
Solver(ILDW) none,RAD_OPERA_HOURLY_RAINFALL_ACCUMULATION_202301241700_patch002,186368,1.071492519635283,0.727385751154859,-0.02948078879494133,0.8808042803329509,4.992635297369451,3.243160138673968,3.544284166658512,1.0710868791682564,0.05534211881868132,0.019885388049450548,0.015340616414835164,0.909431876717033
Solver(ILDW) none,RAD_OPERA_HOURLY_RAINFALL_ACCUMULATION_202301241900_patch001,185600,0.5160520328805528,0.36465493324341186,0.06144601482978283,0.9561546161824234,2.932313169231306,2.347863992599949,2.5088215369647826,0.5123808036038131,0.01793103448275862,0.02689655172413793,0.00044719827586206897,0.9547252155172414
Solver(ILDW) none,RAD_OPERA_HOURLY_RAINFALL_ACCUMULATION_202301242200_patch001,329728,1.3674732622980807,0.8366681466727061,0.06036317004712716,0.8232234058869359,5.744040852233052,3.4241847098142504,3.650943075622643,1.3661403334950686,0.23460549301242237,0.07139217779503106,0.01419048427795031,0.6798118449145962
Solver(ILDW) none,RAD_OPERA_HOURLY_RAINFALL_ACCUMULATION_202301250200_patch000,236544,0.35994131394040374,0.24213256047860576,0.0014013873166704523,0.9645563533228713,1.8605524761184593,1.735982148199359,1.7334894193615427,0.35993858586532923,0.15967431006493507,0.021171536796536796,0.001035748106060606,0.8181184050324676
Solver(ILDW) none,RAD_OPERA_HOURLY_RAINFALL_ACCUMULATION_202301250200_patch001,461824,0.8533888341311311,0.524117151900784,0.06042054287053446,0.948209911886133,7.102443023451587,5.941778951376386,6.159800057304526,0.8512472380095697,0.40250181887472286,0.08589202813192905,0.003299958425720621,0.5083061945676275
Solver(ILDW) none,RAD_OPERA_HOURLY_RAINFALL_ACCUMULATION_202301250300_patch000,258048,0.2428826175736693,0.17213649542157775,0.01622176222089264,0.9659687962137936,0.8463977065576301,0.7103984489651669,0.7490336675864554,0.24234029865023712,0.0,0.0,0.0,1.0
Solver(ILDW) none,RAD_OPERA_HOURLY_RAINFALL_ACCUMULATION_202301250500_patch000,376832,1.1740031088041887,0.7244453757425914,0.0003736160111242023,0.8860919781361919,6.413795965297926,4.953821895456769,4.994667350430859,1.1740030493542069,0.06787374745244565,0.03716244904891304,0.002199919327445652,0.8927638841711957
Solver(ILDW) none,RAD_OPERA_HOURLY_RAINFALL_ACCUMULATION_202301251000_patch001,232960,0.38433015274472154,0.26088420676184804,0.049473501839190345,0.9705930101254336,2.4969475841948108,2.2798476458358,2.315766595553031,0.38113257394842104,0.19312328296703296,0.030674793956043955,0.001820054945054945,0.7743818681318682
Solver(ILDW) none,RAD_OPERA_HOURLY_RAINFALL_ACCUMULATION_202301251300_patch000,200448,0.28165495415383585,0.2012815849854445,0.03548988829710342,0.9774204590229144,1.6508663943650703,1.415667569765857,1.4942319915514344,0.27941005892426013,0.039571360153256706,0.015111151021711367,0.00020953065134099617,0.945107958173691
Solver(ILDW) none,RAD_OPERA_HOURLY_RAINFALL_ACCUMULATION_202301251600_patch002,199680,0.5658477811589082,0.37679870181595726,-0.015763308198625942,0.9255082556930795,2.155910080952638,1.5762001730773545,1.7060875122364487,0.5656281725277612,0.14288361378205128,0.0306640625,0.010251402243589744,0.816200921474359
Solver(ILDW) none,RAD_OPERA_HOURLY_RAINFALL_ACCUMULATION_202301252100_patch000,312576,0.24257138574037393,0.16587630776853593,0.04356553469689976,0.9841916383607333,1.77909480623783,1.635845268139871,1.6789985765055613,0.23862715974209328,0.05982225122850123,0.017349380630630632,0.003384776822276822,0.9194435913185913
Solver(ILDW) none,RAD_OPERA_HOURLY_RAINFALL_ACCUMULATION_202301252200_patch000,186368,0.32753327720925135,0.22247643055927435,0.03769662595284619,0.9753723099678588,2.046232767315117,1.7313310823038894,1.8358534187739017,0.32535674585169355,0.041927798763736264,0.039459563873626376,0.0009390024038461539,0.9176736349587912
Solver(ILDW) none,RAD_OPERA_HOURLY_RAINFALL_ACCUMULATION_202301260000_patch000,199680,6.983225795506299,3.2381085333187514,1.332567141244298,0.7221790144365386,90.73277864923094,76.92287000498635,60.33297066455834,6.854903888830287,0.27106370192307694,0.18997896634615385,0.0026943108974358974,0.5362630208333333
Solver(ILDW) none,RAD_OPERA_HOURLY_RAINFALL_ACCUMULATION_202301260200_patch000,230144,0.9502241823381654,0.6094961513689817,0.08851015179823113,0.9307370941123893,6.466627323160726,4.807924398793258,5.189729886112547,0.9460929921148815,0.18546214543937709,0.069300090378198,0.005331444660734149,0.7399063195216907
Solver(ILDW) none,RAD_OPERA_HOURLY_RAINFALL_ACCUMULATION_202301260200_patch001,237568,0.40771741803222217,0.28370280064619097,-0.0048451512412329666,0.9504580969492946,1.6971454088925977,1.4187951531449996,1.4748652722806428,0.40768862809294965,0.03640641837284483,0.00622979525862069,0.00647393588362069,0.9508898504849138
Solver(ILDW) none,RAD_OPERA_HOURLY_RAINFALL_ACCUMULATION_202301260600_patch000,166400,5.003042232249893,2.8480114397609886,1.3672609637014959,0.8033227512659035,62.75137105092863,53.506491240330035,46.548416628222306,4.812590678087432,0.09018028846153846,0.11375600961538461,0.002776442307692308,0.7932872596153846
Solver(ILDW) none,RAD_OPERA_HOURLY_RAINFALL_ACCUMULATION_202301260800_patch001,311808,0.5034744881915936,0.3314835608091019,-0.04894617898277392,0.9072532644048958,1.337778001060567,0.8633112141873941,0.974999191712594,0.501089644497642,0.0005323788998357964,0.004727268062397373,1.6035509031198687e-05,0.9947243175287356
Solver(ILDW) none,RAD_OPERA_HOURLY_RAINFALL_ACCUMULATION_202301260900_patch000,185600,0.5911292241623768,0.40706678178964245,0.06674520155511282,0.9137439085669454,2.061711139194065,1.5471334577450349,1.6319328796054595,0.5873489914251839,0.0005118534482758621,0.0031896551724137933,0.0007435344827586206,0.9955549568965517
Solver(ILDW) none,RAD_OPERA_HOURLY_RAINFALL_ACCUMULATION_202301260900_patch001,272384,0.47810230709798074,0.3254561600762991,0.010951426827107622,0.9404996005365868,1.83210938914287,1.3062635035074261,1.4549555051737166,0.47797686377361653,0.027545670817669173,0.01813248942669173,0.0014207882988721803,0.952901051456767
Solver(ILDW) none,RAD_OPERA_HOURLY_RAINFALL_ACCUMULATION_202301270400_patch000,224000,1.043966390711379,0.6642586400328965,-0.030689758225526435,0.8672140465574021,4.275618214095756,2.635425932061948,2.911060091241351,1.0435151957087172,0.14429910714285715,0.07436607142857143,0.007415178571428572,0.7739196428571429
Solver(ILDW) none,RAD_OPERA_HOURLY_RAINFALL_ACCUMULATION_202301270700_patch000,385280,2.108422754948405,1.1010208186605865,-0.09033110754709242,0.8894550104853699,18.550969446440156,9.492092137261478,11.802887389554048,2.1064868394066782,0.22397736710963456,0.10540645764119601,0.007267441860465116,0.6633487333887044
Solver(ILDW) none,RAD_OPERA_HOURLY_RAINFALL_ACCUMULATION_202301270800_patch000,166400,0.21160170532006,0.13288637383626056,0.036662136581368174,0.9284788295627506,0.29533724061420197,0.20489798461258338,0.22840202789556935,0.20840146217252564,0.0,0.0,0.0,1.0
Solver(ILDW) none,RAD_OPERA_HOURLY_RAINFALL_ACCUMULATION_202301270900_patch000,312576,0.8823056113696338,0.6264223249721463,0.030641609914130917,0.9043848226369506,4.1737425036185964,2.941955810167932,3.1690870150951578,0.8817733742840127,0.027241374897624897,0.060494087837837836,0.005643427518427518,0.9066211097461098
Solver(ILDW) none,RAD_OPERA_HOURLY_RAINFALL_ACCUMULATION_202301271000_patch001,261888,2.559756375522794,1.284553665806699,-0.1731884962474488,0.8655824815986983,24.143236716831044,12.73759823400937,15.179238252021635,2.553890844730279,0.10660664100684263,0.08487979594330401,0.007560483870967742,0.8009530791788856
Solver(ILDW) none,RAD_OPERA_HOURLY_RAINFALL_ACCUMULATION_202301271800_patch000,312576,0.17934528677798878,0.12241436568920994,0.014198434134116922,0.9719027641708721,0.542592791772456,0.4520067116955202,0.481318183555179,0.17878237149567677,0.0,0.0,0.0,1.0
Solver(ILDW) none,RAD_OPERA_HOURLY_RAINFALL_ACCUMULATION_202301272100_patch001,222208,2.7116215034021804,1.4653028703203594,-0.006537699410472508,0.8514067099773328,25.901361316404063,14.87203904127111,16.71027596073783,2.711613622218239,0.19565902217741934,0.0965986823156682,0.0042617727534562215,0.7034805227534562
Solver(ILDW) none,RAD_OPERA_HOURLY_RAINFALL_ACCUMULATION_202301272300_patch000,236800,0.4737570424433692,0.31566480781134165,0.03950098639014303,0.9542953862646658,2.4631703250810824,2.0854418481408503,2.162863382941519,0.4721074108070049,0.05297297297297297,0.004890202702702703,0.001900337837837838,0.9402364864864865
Solver(ILDW) none,RAD_OPERA_HOURLY_RAINFALL_ACCUMULATION_202301272300_patch002,322560,1.2400038536067863,0.7925159139658458,0.0890081663327735,0.9477509708619747,14.613834454836178,11.675864263290489,12.380005807420455,1.2368052002177858,0.0029575892857142856,0.016998387896825395,0.0010788690476190477,0.9789651537698413
Solver(ILDW) none,RAD_OPERA_HOURLY_RAINFALL_ACCUMULATION_202301280000_patch001,207360,0.5541886286499492,0.37064829010956196,0.03870574605628204,0.9620361902943473,3.999393506497799,3.3709893149253647,3.532377960038013,0.5528353293225189,0.029296875,0.035479359567901235,0.0020109953703703705,0.9332127700617284
Solver(ILDW) none,RAD_OPERA_HOURLY_RAINFALL_ACCUMULATION_202301280700_patch000,286720,2.3519706306111607,1.2090320944427566,0.1886290988993568,0.9013465809140843,29.03443330398368,21.46484592712482,22.501547160401305,2.344394358956248,0.021013532366071428,0.016898018973214284,0.003219168526785714,0.9588692801339286
Solver(ILDW) none,RAD_OPERA_HOURLY_RAINFALL_ACCUMULATION_202301280800_patch000,198400,1.1754298683356121,0.6854297477412489,0.09677478116516385,0.9755036148430017,27.863142115830293,24.94664386574947,25.718757982236927,1.1714392929665238,0.0,0.0,0.0,1.0
Solver(ILDW) none,RAD_OPERA_HOURLY_RAINFALL_ACCUMULATION_202301280900_patch000,236800,0.9243477093621796,0.5764950484421174,0.0517863729021095,0.9153691516211837,5.237337492836444,4.170708494979544,4.278154564215619,0.9228959092902905,0.30786739864864865,0.026059966216216215,0.006701858108108108,0.6593707770270271
Solver(ILDW) none,RAD_OPERA_HOURLY_RAINFALL_ACCUMULATION_202301281000_patch001,211200,2.9315242574112883,1.5287504897734903,-0.7970100214448587,0.916132562442347,34.8615290299946,15.009034528264849,20.955977030376083,2.8211007598998075,0.07520833333333334,0.03777462121212121,0.0074621212121212125,0.8795549242424242
Solver(ILDW) none,RAD_OPERA_HOURLY_RAINFALL_ACCUMULATION_202301281900_patch000,274688,0.3713311660709497,0.24760140065624112,0.0586626456414878,0.9741302320037234,2.477361060786308,2.0857640529264696,2.2143397924054127,0.36666814546937737,0.0,0.0007062558247903076,0.0,0.9992937441752097
Solver(ILDW) none,RAD_OPERA_HOURLY_RAINFALL_ACCUMULATION_202301282100_patch000,239616,0.5197425132350253,0.3652408111308118,0.08268528885887393,0.8907647298317856,1.2381901473932473,0.8176328056907851,0.8962637650069237,0.5131232045719478,0.0015608306623931625,0.002675113514957265,0.0013104300213675213,0.994453625801282
Solver(ILDW) none,RAD_OPERA_HOURLY_RAINFALL_ACCUMULATION_202301282200_patch000,317440,4.778350055298711,2.3739026050856697,-0.15299336618435544,0.8485051567500221,76.73795213797683,39.49094958398942,46.70983972054475,4.775900153989484,0.055500252016129036,0.07401083669354838,0.004000756048387097,0.8664881552419355
Solver(ILDW) none,RAD_OPERA_HOURLY_RAINFALL_ACCUMULATION_202301282200_patch001,450560,1.699543325512508,1.0363528213389468,0.11601645799898173,0.9606311209148476,36.905733997139116,32.19005983561294,33.11040306799228,1.6955788677520975,0.2310724431818182,0.08637251420454546,0.009184126420454545,0.6733709161931818
Solver(ILDW) none,RAD_OPERA_HOURLY_RAINFALL_ACCUMULATION_202301290800_patch000,303104,0.4036975287901539,0.26682491307941303,0.07945019683393184,0.860548420948875,0.5992703817547332,0.39929374149705055,0.4209523811387285,0.39580217403941403,0.0,0.0,0.0,1.0
Solver(ILDW) none,RAD_OPERA_HOURLY_RAINFALL_ACCUMULATION_202301291100_patch000,166400,0.6432789833815874,0.4168397498761232,0.015341990222581304,0.9593269273708792,4.830157755722127,3.7601639430295117,4.08837461247759,0.6430960066712115,0.00024639423076923075,0.003563701923076923,0.00037259615384615386,0.9958173076923077
Solver(ILDW) none,RAD_OPERA_HOURLY_RAINFALL_ACCUMULATION_202301291700_patch000,266240,0.19525168700461074,0.1347808133464871,0.01975721430017774,0.980226739874221,0.9575140360368515,0.8904884859405274,0.9051348241080678,0.194249514185347,0.02392578125,0.011842698317307693,0.0030987079326923075,0.9611328125
Solver(ILDW) none,RAD_OPERA_HOURLY_RAINFALL_ACCUMULATION_202301291900_patch000,495616,0.46995173266905227,0.3260638434656974,-0.016552843301341012,0.9748316012057513,4.109712847038261,3.4169278352381545,3.6530300239295643,0.4696601264928561,0.0,0.006186240960743801,0.0,0.9938137590392562
Solver(ILDW) none,RAD_OPERA_HOURLY_RAINFALL_ACCUMULATION_202301292200_patch002,166400,0.29870084566044947,0.20669818729305497,0.02684015418581951,0.9635244902773514,1.160714470095825,0.9308034065543022,1.001508037664289,0.2974925231355388,0.0178125,0.003816105769230769,0.003810096153846154,0.974561298076923
Solver(ILDW) none,RAD_OPERA_HOURLY_RAINFALL_ACCUMULATION_202301292300_patch001,186368,0.40993085574892274,0.2869130363086607,-0.0049912400657546475,0.9513192646511623,1.717612539117084,1.3854866373713308,1.467540391235382,0.40990046842819067,0.0,0.0,0.0,1.0
Solver(ILDW) none,RAD_OPERA_HOURLY_RAINFALL_ACCUMULATION_202301292300_patch003,173056,0.1507940506220696,0.10719941918133377,-0.0018152957957805569,0.9725280093202792,0.402126237331252,0.3433709163400125,0.36138080163353975,0.15078312373798702,0.0,0.0,0.0,1.0
Solver(ILDW) none,RAD_OPERA_HOURLY_RAINFALL_ACCUMULATION_202301300000_patch001,207872,0.23080725715417072,0.16104225814686585,0.013736565128253232,0.9500723652916234,0.5407175109944128,0.45927789031209504,0.4734560522864995,0.23039812658419936,0.0,0.0,0.0,1.0
Solver(ILDW) none,RAD_OPERA_HOURLY_RAINFALL_ACCUMULATION_202301300200_patch001,391680,0.21031289466928274,0.14901487273270617,-0.012467200807721835,0.9622406461693539,0.5704246107106009,0.4681061713889845,0.4972273497656963,0.20994304601056152,0.0,0.0,0.0,1.0
Solver(ILDW) none,RAD_OPERA_HOURLY_RAINFALL_ACCUMULATION_202301301000_patch000,371712,0.3629685782128032,0.23966747386663004,0.07177649143621205,0.9512521630155244,1.2637963729443076,0.979095282784625,1.0581486658410009,0.3558009612788184,0.0,0.004672972623966942,0.0,0.9953270273760331
Solver(ILDW) none,RAD_OPERA_HOURLY_RAINFALL_ACCUMULATION_202301302200_patch000,239616,1.1733650285906718,0.7327292781114646,-0.08470812584677444,0.8814043085986928,5.948336024655221,3.778413075651266,4.178569538285686,1.1703033896110508,0.07684378338675214,0.036554320245726496,0.00679420405982906,0.8798076923076923
Solver(ILDW) none,RAD_OPERA_HOURLY_RAINFALL_ACCUMULATION_202301302200_patch001,367360,0.5056521030828794,0.3580050147862532,0.049828183519906886,0.9188253736237542,1.6065802750773213,1.2325676322776893,1.2929733529378824,0.5031910188777671,0.0004709277003484321,0.010305966898954704,0.0003239329268292683,0.9888991724738676
Solver(ILDW) none,RAD_OPERA_HOURLY_RAINFALL_ACCUMULATION_202301302200_patch002,294912,1.093331549983035,0.6489190649415826,0.050609587383820806,0.8894943218979497,5.651092091182291,4.004331676513666,4.231305609921406,1.0921595798477186,0.2543267144097222,0.08674791124131945,0.009687635633680556,0.6492377387152778
Solver(ILDW) none,RAD_OPERA_HOURLY_RAINFALL_ACCUMULATION_202301310000_patch001,230400,0.5549658475194328,0.38280809744840366,-0.021940725388232586,0.9185712531316278,1.8866958681376096,1.3197243543603185,1.4494572630077636,0.5545319616418882,0.0005598958333333334,0.020464409722222222,1.3020833333333334e-05,0.9789626736111111
Solver(ILDW) none,RAD_OPERA_HOURLY_RAINFALL_ACCUMULATION_202301310200_patch000,173056,0.6776812997959074,0.46591267433627465,0.08896676728134416,0.9181494079965178,2.832819424185654,2.14394461698574,2.2627135913794083,0.671816089724396,0.009407359467455622,0.011620515902366863,0.00038715791420118346,0.9785849667159763
Solver(ILDW) none,RAD_OPERA_HOURLY_RAINFALL_ACCUMULATION_202301310900_patch000,235008,0.7522934362455913,0.5743643210552265,0.06253706630172849,0.8776728574845253,2.355802869611127,1.4458557406738317,1.6198120403641927,0.7496896221481079,0.03818167892156863,0.055844907407407406,0.0007404003267973856,0.9052330133442266
Solver(ILDW) none,RAD_OPERA_HOURLY_RAINFALL_ACCUMULATION_202301311600_patch000,259584,0.36218847783261116,0.24253719642561358,0.0019185678360394076,0.9570239508645575,1.5512759544307506,1.3581463841468875,1.3891227630027378,0.3621833963231368,0.01055535009861933,0.016981015779092702,0.0008205436390532544,0.9716430904832347
Solver(ILDW) none,RAD_OPERA_HOURLY_RAINFALL_ACCUMULATION_202301312000_patch001,199680,0.5182026764274119,0.32076278849764583,-0.07648172037846122,0.8554625868169967,0.9150624447126362,0.4717957641426302,0.5620868242753913,0.512527619065045,0.00218349358974359,0.006430288461538461,0.0006209935897435897,0.9907652243589744
Convex light,RAD_OPERA_HOURLY_RAINFALL_ACCUMULATION_202301180600_patch000,215040,0.7632532909491793,0.5043261793435141,-0.007053979054243038,0.910592500685322,3.27281592036694,2.2327758283387538,2.461542960590719,0.7632206938522138,0.0040504092261904765,0.028422619047619047,0.0003162202380952381,0.9672107514880952
Convex light,RAD_OPERA_HOURLY_RAINFALL_ACCUMULATION_202301180900_patch002,192000,1.0077997481502392,0.5604242664898258,-0.12747665158554006,0.9026061176807542,5.0953568524250965,3.2487702237108436,3.672358520231857,0.9997049743160352,0.12120833333333333,0.007125,0.0027395833333333335,0.8689270833333333
Convex light,RAD_OPERA_HOURLY_RAINFALL_ACCUMULATION_202301181200_patch003,204800,0.7206639331764334,0.46119282667143663,0.08672799501573544,0.9283710708565128,3.702674165373345,3.2626294064897046,3.226734406200586,0.7154262781460277,0.067685546875,0.0259716796875,0.0012890625,0.9050537109375
Convex light,RAD_OPERA_HOURLY_RAINFALL_ACCUMULATION_202301181300_patch002,207360,0.42221580734778086,0.23512994009070098,-0.006634496399028985,0.9088680011281978,0.9771221110578717,0.6522504388652234,0.7255751892456128,0.4221636784848617,0.0,0.0,0.0,1.0
Convex light,RAD_OPERA_HOURLY_RAINFALL_ACCUMULATION_202301181900_patch000,277760,0.3047463075980133,0.18856471080787926,-0.01345594805646001,0.9746625224790075,1.7626903229844384,1.5054479721994976,1.5877245228637056,0.3044490917321397,0.05322220622119816,0.00469830069124424,0.0005004320276497696,0.9415790610599079
Convex light,RAD_OPERA_HOURLY_RAINFALL_ACCUMULATION_202301190000_patch000,276480,0.38161386023724314,0.2658746335235062,0.05107546742397567,0.9756828869579016,2.9394825701860237,2.658151914828913,2.727307025031172,0.37818042645355476,3.616898148148148e-05,0.0014214409722222222,2.5318287037037036e-05,0.9985170717592593
Convex light,RAD_OPERA_HOURLY_RAINFALL_ACCUMULATION_202301190300_patch000,349440,0.6802971481924155,0.47462555796672135,-0.024966742483823946,0.9356763078119039,3.5943924164847436,2.732167415971378,2.932189480423821,0.6798388570892957,0.0,0.0024210164835164836,0.0,0.9975789835164836
Convex light,RAD_OPERA_HOURLY_RAINFALL_ACCUMULATION_202301190300_patch001,365568,0.6801696766716726,0.3615300317040422,0.02660473517826746,0.9188900876781301,2.96750203921129,2.5297995455180367,2.5176893037997923,0.6796491573817641,0.4194705225840336,0.034406731442577033,0.017720369397759103,0.5284023765756303
Convex light,RAD_OPERA_HOURLY_RAINFALL_ACCUMULATION_202301190700_patch000,354816,0.4386765435812497,0.28667199171443186,0.02088771771474244,0.9604014148992593,2.4557176230552775,2.1552146137776615,2.209465711847939,0.4381789738646314,0.051843772546897544,0.014503291847041848,0.001121708152958153,0.9325312274531025
Convex light,RAD_OPERA_HOURLY_RAINFALL_ACCUMULATION_202301190800_patch001,249600,0.8686692348306257,0.5575372956210198,-3.504760414123153e-05,0.860447008284283,2.885646768238029,1.9273453025207454,2.0292029162229426,0.8686692341236049,0.003421474358974359,0.006883012820512821,0.0004927884615384615,0.9892027243589744
Convex light,RAD_OPERA_HOURLY_RAINFALL_ACCUMULATION_202301190800_patch002,253952,2.243204901806805,1.1071528867173484,0.21617269909874742,0.9270899515370058,34.927763255891534,27.042676368616334,28.492601014426718,2.232764563417836,0.0574951171875,0.033907982610887094,0.009840442288306451,0.8987564579133065
Convex light,RAD_OPERA_HOURLY_RAINFALL_ACCUMULATION_202301190900_patch001,235008,0.6170643511671882,0.42336673439609207,-0.007967768684141176,0.9217379610559727,2.3939472077044335,1.6446058928634548,1.8289240862121545,0.6170129075988434,0.0,0.0,0.0,1.0
Convex light,RAD_OPERA_HOURLY_RAINFALL_ACCUMULATION_202301192000_patch000,349184,0.5018356487957736,0.3393409512139807,0.04347222061026399,0.9582579720641773,3.027299363914012,2.615850189121017,2.69660018429877,0.4999491818550037,0.04751076796187683,0.016655975073313782,0.00202758431085044,0.933805672653959
Convex light,RAD_OPERA_HOURLY_RAINFALL_ACCUMULATION_202301200400_patch000,261888,0.16792671352399585,0.11599131037352765,0.012664501828834312,0.9775810546425026,0.5942338314622407,0.5075591898300511,0.5368770148919471,0.16744847418951786,0.0,0.0,0.0,1.0
Convex light,RAD_OPERA_HOURLY_RAINFALL_ACCUMULATION_202301200800_patch001,331520,0.3493113797576734,0.23506608693420103,0.019338313262467034,0.9622382215718981,1.6131469660545812,1.3833436079846408,1.437423052185425,0.3487756724147661,0.006814068532818533,0.01730212355212355,0.0007661679536679536,0.97511763996139
Convex light,RAD_OPERA_HOURLY_RAINFALL_ACCUMULATION_202301201300_patch000,166400,0.6829125589401466,0.4568095137950821,-0.028949486081882452,0.9349306262843671,3.4980196346614756,2.5284982711287975,2.780493207688249,0.6822986812340869,0.0050180288461538465,0.008533653846153845,0.0,0.9864483173076923
Convex light,RAD_OPERA_HOURLY_RAINFALL_ACCUMULATION_202301201600_patch002,160000,0.29525457733245564,0.206916061219573,0.024186281497776508,0.9612655821978086,1.112326954311246,0.9372505436636724,0.9814936043759204,0.29426227964704776,0.0,0.0,0.0,1.0
Convex light,RAD_OPERA_HOURLY_RAINFALL_ACCUMULATION_202301210300_patch000,269824,3.061389738507048,1.284297930467376,-0.10330405363770737,0.81509333118917,27.544654792083577,15.492613471994417,16.837916430269864,3.0596462873244463,0.07014572462049336,0.09067392077798861,0.009287535578747627,0.8298928190227703
Convex light,RAD_OPERA_HOURLY_RAINFALL_ACCUMULATION_202301210800_patch002,350208,1.5907001770518139,0.6884261391292892,-0.04594242763710833,0.9573661643978902,27.8696627274206,21.19782703869631,23.269636709750717,1.5900365865650643,0.29433365314327486,0.05102110745614035,0.002804047880116959,0.6518411915204678
Convex light,RAD_OPERA_HOURLY_RAINFALL_ACCUMULATION_202301210900_patch000,397824,1.7341705742652722,0.7668199736680777,0.03989064854113584,0.9701196711961116,47.7649992717249,39.24186598647483,42.000554470696606,1.7337117167529648,0.3599254946911197,0.03619188384813385,0.007199163449163449,0.596683458011583
Convex light,RAD_OPERA_HOURLY_RAINFALL_ACCUMULATION_202301211500_patch000,206336,0.6914301260391871,0.47711856113157464,0.07947429795761041,0.9254163709983817,3.212561743840583,2.4229969520945565,2.581899620388214,0.686847475906195,0.03534041563275434,0.016177496898263026,0.0021518300248138957,0.9463302574441688
Convex light,RAD_OPERA_HOURLY_RAINFALL_ACCUMULATION_202301211800_patch000,179200,0.6715492051162012,0.451159343253897,-0.020208307731032923,0.8859349771801635,2.0261617128539067,1.2991681623977938,1.4373799580304254,0.6712450813159448,0.1222265625,0.054559151785714285,0.008995535714285715,0.81421875
Convex light,RAD_OPERA_HOURLY_RAINFALL_ACCUMULATION_202301211900_patch000,304384,0.6715763592885307,0.46166846115777993,-0.021925028456419693,0.9256421306210925,3.035391824603617,2.2098827662499834,2.3973702456855888,0.6712183694465035,0.07125210260723297,0.04157905803195963,0.004704583683767872,0.8824642556770396
Convex light,RAD_OPERA_HOURLY_RAINFALL_ACCUMULATION_202301211900_patch001,268800,0.7843534573027069,0.5225762117446848,-0.09014319087189149,0.901897235719623,3.188012180101132,2.24882797410033,2.4148778015396597,0.7791563072465901,0.05427827380952381,0.026357886904761905,0.00857514880952381,0.9107886904761905
Convex light,RAD_OPERA_HOURLY_RAINFALL_ACCUMULATION_202301212300_patch000,221184,0.5574227141022663,0.37431973131902785,-0.045195751408755314,0.9365116431933778,2.4329008468384385,1.8576656729137346,1.9909445467502196,0.555587460488207,0.04124620225694445,0.018975151909722224,0.0006465205439814815,0.9391321252893519
Convex light,RAD_OPERA_HOURLY_RAINFALL_ACCUMULATION_202301220000_patch001,286720,0.7792112446716092,0.5280567044077914,0.06932767232741832,0.932039672081882,4.548990748463364,3.673623447189334,3.8101251789901784,0.776121019991303,0.04657854352678571,0.037806919642857144,0.0020821707589285714,0.9135323660714286
Convex light,RAD_OPERA_HOURLY_RAINFALL_ACCUMULATION_202301220100_patch001,193024,0.8103870851866892,0.48395545462336603,0.0373141942524343,0.9536777207434343,6.972695999177497,5.580641462192903,5.9490012913128645,0.8095275651543127,0.1754341429045093,0.018557277851458887,0.006874792771883289,0.7991337864721485
Convex light,RAD_OPERA_HOURLY_RAINFALL_ACCUMULATION_202301221200_patch000,354816,0.736157345089827,0.48761171695213024,0.03890994277082734,0.9549225358680455,6.103874386331829,5.331535121122831,5.447497927185693,0.7351283242286842,0.020751600829725828,0.016487418831168832,0.0008032332251082251,0.9619577471139971
Convex light,RAD_OPERA_HOURLY_RAINFALL_ACCUMULATION_202301222100_patch000,186368,0.6002545673448294,0.39252088967503757,-0.04491871843818125,0.979293330909162,7.8880033876569415,6.570591018709362,7.050153276007053,0.5985715114772835,0.2504614526098901,0.03783911401098901,0.006497896634615385,0.7052015367445055
Convex light,RAD_OPERA_HOURLY_RAINFALL_ACCUMULATION_202301230100_patch000,238080,0.6699927822193527,0.41981636103075415,0.04565079549670045,0.9443627474422042,4.089612109187757,3.398349206288744,3.5205774911899774,0.6684357359511438,0.2660954301075269,0.029847110215053763,0.006350806451612903,0.6977066532258065
Convex light,RAD_OPERA_HOURLY_RAINFALL_ACCUMULATION_202301230600_patch003,268800,0.4772861132324058,0.2838526826571407,0.024229636157064565,0.9512057284961396,2.3542986389185776,1.9715447849656769,2.049314232634031,0.4766707024940732,0.0014211309523809524,0.013515625,0.00010416666666666667,0.9849590773809523
Convex light,RAD_OPERA_HOURLY_RAINFALL_ACCUMULATION_202301231200_patch001,312576,0.36839996350964443,0.247143563453041,0.014108501407454397,0.9427927133198957,1.183047162880077,0.9253432982634917,0.9864354889208128,0.36812970988761995,0.029896729115479116,0.01508433149058149,0.0037526873464373465,0.951266252047502
Convex light,RAD_OPERA_HOURLY_RAINFALL_ACCUMULATION_202301231200_patch002,329728,0.4628050639709735,0.3004609001659418,0.011491068278769065,0.9722284041870132,3.8563686164218782,3.4446448985277693,3.543478516181329,0.4626623851006147,0.005516668284161491,0.007366677989130435,0.0007096758540372671,0.9864069778726708
Convex light,RAD_OPERA_HOURLY_RAINFALL_ACCUMULATION_202301231200_patch003,272384,2.070180531185107,1.2157733687557664,0.22192192066993824,0.8916983170640086,20.630063442778834,17.216528578795728,16.805096964375274,2.058251221990168,0.05984198778195489,0.08948029252819549,0.004115513392857143,0.8465622062969925
Convex light,RAD_OPERA_HOURLY_RAINFALL_ACCUMULATION_202301231300_patch001,306176,2.735950005329534,1.198216736964689,0.11912141992011512,0.9335758680795593,56.56465310379236,43.12791277427026,46.110666679541865,2.733355541999411,0.3255741795568562,0.05838471989966555,0.019864391722408028,0.5961767088210702
Convex light,RAD_OPERA_HOURLY_RAINFALL_ACCUMULATION_202301231400_patch002,335872,0.3076419691269088,0.20142282758663385,-0.02894033484158061,0.9521829273586866,0.9476010305382226,0.7289044660215633,0.7913497291861236,0.3062777141542281,0.0,0.0,0.0,1.0
Convex light,RAD_OPERA_HOURLY_RAINFALL_ACCUMULATION_202301231400_patch003,341504,0.3223530252293485,0.2237710652613211,0.030377219439829063,0.9465528582178898,0.9899112606603819,0.8884067967830918,0.8876646800149283,0.320918521456175,0.006374742316341829,0.008805167728635682,0.0012884182908545728,0.9835316716641679
Convex light,RAD_OPERA_HOURLY_RAINFALL_ACCUMULATION_202301231600_patch001,301568,0.479507330906436,0.31732212687255135,0.03906520525509798,0.9750694344833705,4.5205301553478,3.987651444099725,4.139890204658067,0.4779133709485343,0.013433122877758913,0.002689277376910017,0.0018569609507640068,0.982020638794567
Convex light,RAD_OPERA_HOURLY_RAINFALL_ACCUMULATION_202301231700_patch000,291840,0.4983198257339619,0.3331656334556643,0.028154600356815777,0.9708993174354938,4.0132486157959875,3.2880010812305613,3.5268598649141367,0.4975238358091743,0.05995751096491228,0.031092379385964913,0.0025630482456140352,0.9063870614035088
Convex light,RAD_OPERA_HOURLY_RAINFALL_ACCUMULATION_202301231900_patch000,330240,0.4628805438242591,0.3154364598434768,0.06064706949002512,0.9784742921411668,4.667671273419754,4.021535885966465,4.2393134142864515,0.4588903254736516,0.21522226259689922,0.04138505329457364,0.004263565891472868,0.7391291182170543
Convex light,RAD_OPERA_HOURLY_RAINFALL_ACCUMULATION_202301240500_patch000,494592,3.1794103714574637,1.1448727009367063,0.09159111516121657,0.933408564843289,78.37198171882613,69.9435392336337,69.10762978735252,3.1780908384995556,0.12725033967391305,0.031221693840579712,0.008427148033126294,0.8331008184523809
Convex light,RAD_OPERA_HOURLY_RAINFALL_ACCUMULATION_202301240700_patch000,193024,0.31957143137004673,0.22227117032123314,0.00019562892434841876,0.9704103254320158,1.6698463359283904,1.4040873460865357,1.485903910268851,0.31957137149191644,0.0045797413793103444,0.0019583057029177718,7.252984084880636e-05,0.9933894230769231
Convex light,RAD_OPERA_HOURLY_RAINFALL_ACCUMULATION_202301241500_patch000,433152,0.9989576226450256,0.5950530835842112,-0.04249336225973665,0.9145317820094571,5.877598213343384,4.1283410911490375,4.504914329243978,0.998053428431797,0.1598861369680851,0.04339354314420804,0.013406379284869976,0.7833139406028369
Convex light,RAD_OPERA_HOURLY_RAINFALL_ACCUMULATION_202301241500_patch001,235008,1.1095572964091782,0.7362481435433463,-0.053299188519644596,0.9371372777044296,9.556716264897508,6.985730402981763,7.65708503868064,1.1082764052879555,0.012799564270152506,0.029377723311546842,0.0008169934640522876,0.9570057189542484
Convex light,RAD_OPERA_HOURLY_RAINFALL_ACCUMULATION_202301241700_patch000,229376,0.6992957017059079,0.4944646127449531,-0.010549093917006813,0.8627744484184534,1.8780420824092592,1.1845101115754202,1.2868244994713953,0.6992161289915217,0.02752685546875,0.016832624162946428,0.007577078683035714,0.9480634416852679
Convex light,RAD_OPERA_HOURLY_RAINFALL_ACCUMULATION_202301241700_patch002,186368,0.7114589002135913,0.4588527663814428,0.03978344192448237,0.9488918282300166,4.992635297369451,4.140269393530735,4.314156823229206,0.710345721773401,0.05796595982142857,0.017261547046703296,0.01244848901098901,0.9123240041208791
Convex light,RAD_OPERA_HOURLY_RAINFALL_ACCUMULATION_202301241900_patch001,185600,0.506909923915007,0.3577152659702275,0.06069349611338613,0.9573619696714792,2.932313169231306,2.392982289736155,2.536010744237204,0.503263321227618,0.018157327586206896,0.026670258620689655,0.0004579741379310345,0.9547144396551724
Convex light,RAD_OPERA_HOURLY_RAINFALL_ACCUMULATION_202301242200_patch001,329728,1.1675151819040837,0.6541862493851714,0.018010939987233323,0.8739005779657602,5.744040852233052,4.0825831369977665,4.231928341606758,1.1673762486950392,0.2441102969720497,0.06188737383540373,0.006866265527950311,0.6871360636645962
Convex light,RAD_OPERA_HOURLY_RAINFALL_ACCUMULATION_202301250200_patch000,236544,0.3455115752256991,0.23695852556692368,0.01055002985977607,0.9674181562750896,1.8605524761184593,1.7446315292103955,1.7429585299219765,0.3453504676193471,0.1622362012987013,0.018609645562770564,0.001094933712121212,0.8180592194264069
Convex light,RAD_OPERA_HOURLY_RAINFALL_ACCUMULATION_202301250200_patch001,461824,0.5664876926037252,0.3212147291695734,-0.006538465792609376,0.9783171932856775,7.102443023451587,6.150224503390912,6.465900986252965,0.5664499574866005,0.4518474570399113,0.036546389966740575,0.007502858231707317,0.5041032947616408
Convex light,RAD_OPERA_HOURLY_RAINFALL_ACCUMULATION_202301250300_patch000,258048,0.24289663109961004,0.1714945989441485,0.01460933299769374,0.9657107444064558,0.8463977065576301,0.7170528593080333,0.7523326125383806,0.24245688439164303,0.0,0.0,0.0,1.0
Convex light,RAD_OPERA_HOURLY_RAINFALL_ACCUMULATION_202301250500_patch000,376832,1.168704954118387,0.7069222262202461,-0.04858269169730904,0.8873611072420643,6.413795965297926,5.053148434088828,5.051716703769225,1.1676947340158323,0.07732623556385869,0.0277099609375,0.005262291949728261,0.8897015115489131
Convex light,RAD_OPERA_HOURLY_RAINFALL_ACCUMULATION_202301251000_patch001,232960,0.32369924565907354,0.21833199177879378,0.03984774171088394,0.9791224350304061,2.4969475841948108,2.3795025318435865,2.386628378458801,0.3212372318408872,0.2084478021978022,0.015350274725274725,0.0014938186813186812,0.7747081043956044
Convex light,RAD_OPERA_HOURLY_RAINFALL_ACCUMULATION_202301251300_patch000,200448,0.26528133246938845,0.19289280197871456,0.02809736143234622,0.9796906771408738,1.6508663943650703,1.4450723557159137,1.5131770132218547,0.26378916512486694,0.04096324233716475,0.013719268837803321,0.000249441251596424,0.9450680475734355
Convex light,RAD_OPERA_HOURLY_RAINFALL_ACCUMULATION_202301251600_patch002,199680,0.3926898519774761,0.2671038875624872,0.025372842838167934,0.9645897541719056,2.155910080952638,1.8399767641831977,1.9211626532217168,0.3918692877636645,0.1473908253205128,0.026156850961538462,0.009064503205128206,0.8173878205128206
Convex light,RAD_OPERA_HOURLY_RAINFALL_ACCUMULATION_202301252100_patch000,312576,0.23089102641452725,0.15877163523193533,0.03613929294657464,0.985604097070995,1.77909480623783,1.6402291077271676,1.683659648190461,0.2280452095179278,0.061034756347256344,0.016136875511875513,0.0033175931613431612,0.9195107749795249
Convex light,RAD_OPERA_HOURLY_RAINFALL_ACCUMULATION_202301252200_patch000,186368,0.320723972175902,0.21747183344532559,0.03704398950703562,0.9761521666089342,2.046232767315117,1.7562251060715852,1.8504831321085056,0.3185774774991028,0.0580571771978022,0.02333018543956044,0.0010087568681318682,0.9176038804945055
Convex light,RAD_OPERA_HOURLY_RAINFALL_ACCUMULATION_202301260000_patch000,199680,4.257371611305673,1.6526864045205993,0.22592731254079937,0.8957772324694133,90.73277864923094,66.41169272421833,69.53515074362485,4.251372706103235,0.3657802483974359,0.09526241987179487,0.015474759615384616,0.5234825721153846
Convex light,RAD_OPERA_HOURLY_RAINFALL_ACCUMULATION_202301260200_patch000,230144,0.502385040220335,0.319992309327167,0.07252500823028603,0.9811238868777296,6.466627323160726,5.866651837120362,6.043074154231351,0.4971225722278004,0.22575865545050056,0.029003580367074528,0.009919876251390434,0.7353178879310345
Convex light,RAD_OPERA_HOURLY_RAINFALL_ACCUMULATION_202301260200_patch001,237568,0.39620877514201436,0.2764371601872348,-0.0014911100999346798,0.9533651787112497,1.6971454088925977,1.4237916942114741,1.4819789665069334,0.39620596927634133,0.036562163254310345,0.006074050377155173,0.007366311961206897,0.9499974744073276
Convex light,RAD_OPERA_HOURLY_RAINFALL_ACCUMULATION_202301260600_patch000,166400,3.3013118246329616,1.9372151569149596,0.46252231648779674,0.9109022349906902,62.75137105092863,52.4928790725777,52.279758626647066,3.2687509648506685,0.11797475961538462,0.08596153846153846,0.005697115384615385,0.7903665865384616
Convex light,RAD_OPERA_HOURLY_RAINFALL_ACCUMULATION_202301260800_patch001,311808,0.49862478720755254,0.32844643570262994,-0.04675402696033093,0.9089731969579445,1.337778001060567,0.8706957487695455,0.9810165052246714,0.4964279800542771,0.0004971007799671593,0.00476254618226601,2.244971264367816e-05,0.9947179033251231
Convex light,RAD_OPERA_HOURLY_RAINFALL_ACCUMULATION_202301260900_patch000,185600,0.5704881386538367,0.39729425233050153,0.05305972573315275,0.9200984475645609,2.061711139194065,1.5414187002930135,1.6402442288186185,0.568015300718072,0.0005280172413793103,0.003173491379310345,0.0007920258620689655,0.9955064655172414
Convex light,RAD_OPERA_HOURLY_RAINFALL_ACCUMULATION_202301260900_patch001,272384,0.465314089280435,0.3170645099484578,0.006071625929993238,0.9433659342380383,1.83210938914287,1.334231887802784,1.4749304699521038,0.4652744749515568,0.027666823308270676,0.018011336936090225,0.0012959645206766918,0.9530258752349624
Convex light,RAD_OPERA_HOURLY_RAINFALL_ACCUMULATION_202301270400_patch000,224000,0.8099178156794297,0.5095947852053975,-0.02832182587541348,0.9215123841693664,4.275618214095756,3.2536548720504443,3.4370541719060896,0.8094224745669109,0.19470089285714287,0.023964285714285716,0.015861607142857143,0.7654732142857142
Convex light,RAD_OPERA_HOURLY_RAINFALL_ACCUMULATION_202301270700_patch000,385280,1.4710468190100747,0.7414770249275713,0.03081768803446376,0.9433819634844296,18.550969446440156,13.794870419392021,15.091405426004155,1.4707239760824837,0.2757890365448505,0.053594788205980064,0.003467607973421927,0.6671485672757476
Convex light,RAD_OPERA_HOURLY_RAINFALL_ACCUMULATION_202301270800_patch000,166400,0.21096862221064996,0.13278681725836716,0.0371669827759839,0.9285949923433754,0.29533724061420197,0.20711195161819204,0.22966140864180218,0.2076689070342252,0.0,0.0,0.0,1.0
Convex light,RAD_OPERA_HOURLY_RAINFALL_ACCUMULATION_202301270900_patch000,312576,0.8631669150176898,0.6129891025243539,0.010137598315418148,0.9083148848485528,4.1737425036185964,3.0082219245177853,3.218505037927416,0.8631073816632268,0.03134597665847666,0.05638948607698608,0.0069775030712530715,0.9052870341932842
Convex light,RAD_OPERA_HOURLY_RAINFALL_ACCUMULATION_202301271000_patch001,261888,2.1120429711009474,1.0163463488640592,-0.02075029527218956,0.9051236861746722,24.143236716831044,17.114327183878206,18.398634481843107,2.1119410354039325,0.13756262218963833,0.05392381476050831,0.00759103128054741,0.800922531769306
Convex light,RAD_OPERA_HOURLY_RAINFALL_ACCUMULATION_202301271800_patch000,312576,0.17308022944672186,0.11931098199218365,0.009957764433493974,0.9738342703958295,0.542592791772456,0.45495691698592805,0.4838460500027835,0.1727935437243444,0.0,0.0,0.0,1.0
Convex light,RAD_OPERA_HOURLY_RAINFALL_ACCUMULATION_202301272100_patch001,222208,1.6040655338122416,0.8365140191858648,0.08325882196869261,0.950912489121953,25.901361316404063,20.67406009702094,22.004663604048133,1.6019033071096198,0.23625162010368664,0.05600608438940092,0.005634360599078341,0.7021079349078341
Convex light,RAD_OPERA_HOURLY_RAINFALL_ACCUMULATION_202301272300_patch000,236800,0.4471047831175604,0.29913884841910926,0.019304427979970225,0.9593766829910384,2.4631703250810824,2.093175716715557,2.1784080078248365,0.4466878397124404,0.05293074324324324,0.004932432432432432,0.001853885135135135,0.9402829391891891
Convex light,RAD_OPERA_HOURLY_RAINFALL_ACCUMULATION_202301272300_patch002,322560,1.2121373057935076,0.773684799564459,0.06663349070632461,0.9498737757457067,14.613834454836178,11.83480701162306,12.491902320223302,1.2103044352610766,0.005660962301587301,0.01429501488095238,0.0047867063492063495,0.975257316468254
Convex light,RAD_OPERA_HOURLY_RAINFALL_ACCUMULATION_202301280000_patch001,207360,0.5410830965774657,0.3588985854851076,0.02300508493452655,0.9635030067431944,3.999393506497799,3.4290810823928726,3.5681164527108282,0.5405938248528318,0.03252797067901234,0.03224826388888889,0.0020881558641975308,0.9331356095679012
Convex light,RAD_OPERA_HOURLY_RAINFALL_ACCUMULATION_202301280700_patch000,286720,1.5375607407977199,0.8009975156398138,0.053815345555477866,0.9605589612388342,29.03443330398368,23.378706768903275,25.025971566330888,1.536618671051858,0.02860630580357143,0.009305245535714286,0.0021902901785714286,0.9598981584821429
Convex light,RAD_OPERA_HOURLY_RAINFALL_ACCUMULATION_202301280800_patch000,198400,1.1385759751098308,0.6579562232715468,0.057668370745114744,0.9769318739094841,27.863142115830293,25.072755891693898,25.821434198705646,1.137114598496082,0.0,0.0,0.0,1.0
Convex light,RAD_OPERA_HOURLY_RAINFALL_ACCUMULATION_202301280900_patch000,236800,0.7017144119118022,0.4225018851686785,0.06909734809994923,0.952862682386443,5.237337492836444,4.436785334807874,4.593247077637018,0.6983041403072738,0.30367398648648647,0.030253378378378378,0.0013597972972972973,0.6647128378378379
Convex light,RAD_OPERA_HOURLY_RAINFALL_ACCUMULATION_202301281000_patch001,211200,1.6125237542539834,0.85457925208184,-0.19476934554527323,0.9685925446194423,34.8615290299946,25.817237391727673,29.058234330826522,1.600717888970204,0.08781723484848485,0.025165719696969697,0.005847537878787879,0.8811695075757576
Convex light,RAD_OPERA_HOURLY_RAINFALL_ACCUMULATION_202301281900_patch000,274688,0.37105348308866015,0.24708292169185253,0.04964481589511533,0.973752747056548,2.477361060786308,2.1017346074377157,2.221939794328529,0.36771739089546296,0.0,0.0007062558247903076,0.0,0.9992937441752097
Convex light,RAD_OPERA_HOURLY_RAINFALL_ACCUMULATION_202301282100_patch000,239616,0.444341388091653,0.3092266553168686,0.053563092725461864,0.9188176394359961,1.2381901473932473,0.9628870479784313,1.0032534655513892,0.4411011950436097,0.0016317775106837607,0.0026041666666666665,0.0012770432692307692,0.9944870125534188
Convex light,RAD_OPERA_HOURLY_RAINFALL_ACCUMULATION_202301282200_patch000,317440,4.207194355907903,1.828840660081268,0.04319751292476558,0.8792416454258031,76.73795213797683,51.39613481227882,55.217734313497616,4.206972584087092,0.08800403225806451,0.0415070564516129,0.015161920362903225,0.8553269909274194
Convex light,RAD_OPERA_HOURLY_RAINFALL_ACCUMULATION_202301282200_patch001,450560,1.2168803810959,0.7152215055267693,0.04172119332698048,0.9802186566227995,36.905733997139116,33.31664503378833,34.37166091350198,1.2161649575298061,0.28267489346590907,0.03477006392045454,0.011052911931818182,0.6715021306818182
Convex light,RAD_OPERA_HOURLY_RAINFALL_ACCUMULATION_202301290800_patch000,303104,0.3936771752031787,0.2610850888036972,0.07114278929264008,0.8668405886760338,0.5992703817547332,0.4098967309662592,0.42962334545668757,0.387195585986743,0.0,0.0,0.0,1.0
Convex light,RAD_OPERA_HOURLY_RAINFALL_ACCUMULATION_202301291100_patch000,166400,0.6435824543167793,0.4218871144946808,0.0215633591511645,0.9588595742758503,4.830157755722127,3.8059604741555595,4.11119241641558,0.6432211105417227,0.0002403846153846154,0.0035697115384615385,0.00036658653846153845,0.9958233173076924
Convex light,RAD_OPERA_HOURLY_RAINFALL_ACCUMULATION_202301291700_patch000,266240,0.18514267339163326,0.130367848061052,0.016409425111263632,0.9822543548247976,0.9575140360368515,0.8894152213540897,0.9064603585564112,0.18441404577232945,0.02381310096153846,0.01195537860576923,0.002955979567307692,0.9612755408653846
Convex light,RAD_OPERA_HOURLY_RAINFALL_ACCUMULATION_202301291900_patch000,495616,0.4500835310167564,0.3126672582861641,-0.0402155806129959,0.9766948248947299,4.109712847038261,3.5048799594924853,3.7068174572811374,0.4482832720149963,0.0,0.006186240960743801,0.0,0.9938137590392562
Convex light,RAD_OPERA_HOURLY_RAINFALL_ACCUMULATION_202301292200_patch002,166400,0.2882338378456573,0.1979638634926568,0.0191818210715428,0.9658978279634403,1.160714470095825,0.9421819746631,1.0100928208696547,0.28759485916757277,0.01784855769230769,0.003780048076923077,0.003888221153846154,0.9744831730769231
Convex light,RAD_OPERA_HOURLY_RAINFALL_ACCUMULATION_202301292300_patch001,186368,0.3985658843555245,0.2802077351294069,-0.009997577094959074,0.9540329823973305,1.717612539117084,1.4004907617199072,1.4796742441063295,0.3984404756351087,0.0,0.0,0.0,1.0
Convex light,RAD_OPERA_HOURLY_RAINFALL_ACCUMULATION_202301292300_patch003,173056,0.1456496047715005,0.10475622078909445,-0.001747978434790499,0.9744185343111919,0.402126237331252,0.34564167001404217,0.36327857770190425,0.1456391154240021,0.0,0.0,0.0,1.0
Convex light,RAD_OPERA_HOURLY_RAINFALL_ACCUMULATION_202301300000_patch001,207872,0.23166418991733315,0.1613553620959756,0.014687672704733505,0.9495500021423172,0.5407175109944128,0.4648419238909129,0.4760534328623764,0.23119811668907,0.0,0.0,0.0,1.0
Convex light,RAD_OPERA_HOURLY_RAINFALL_ACCUMULATION_202301300200_patch001,391680,0.20529975165964456,0.145849008515045,-0.016672963893278412,0.9642021974943152,0.5704246107106009,0.4709560650322473,0.4997553377181615,0.20462160273667385,0.0,0.0,0.0,1.0
Convex light,RAD_OPERA_HOURLY_RAINFALL_ACCUMULATION_202301301000_patch000,371712,0.3371596366509172,0.2295581494042877,0.06107670958081822,0.9574050626506391,1.2637963729443076,1.017379167404296,1.0856146421076225,0.3315814472092172,0.0,0.004672972623966942,0.0,0.9953270273760331
Convex light,RAD_OPERA_HOURLY_RAINFALL_ACCUMULATION_202301302200_patch000,239616,1.1755761064729744,0.7274386503467187,-0.09631431207811002,0.8803428426422436,5.948336024655221,3.848480277099519,4.212056783177831,1.171623973550848,0.08700587606837606,0.026392227564102564,0.006472856570512821,0.8801290397970085
Convex light,RAD_OPERA_HOURLY_RAINFALL_ACCUMULATION_202301302200_patch001,367360,0.49823724245729045,0.3514253748000309,0.04551461517574239,0.9213618443917246,1.6065802750773213,1.2305380259823964,1.2954747657414345,0.4961539776892341,0.0005362587108013937,0.010240635888501742,0.00036476480836236934,0.9888583405923345
Convex light,RAD_OPERA_HOURLY_RAINFALL_ACCUMULATION_202301302200_patch002,294912,1.0686524286785546,0.6315733451305712,0.026187693051299272,0.8950805867659531,5.651092091182291,3.978693298395091,4.24422658576208,1.0683315113078076,0.2649943033854167,0.076080322265625,0.015333387586805556,0.6435919867621528
Convex light,RAD_OPERA_HOURLY_RAINFALL_ACCUMULATION_202301310000_patch001,230400,0.5491347926625254,0.37961795881719845,-0.02374565478310098,0.9203497391268294,1.8866958681376096,1.3289393427734049,1.4573250232597887,0.5486211483268182,0.0005598958333333334,0.020464409722222222,1.736111111111111e-05,0.9789583333333334
Convex light,RAD_OPERA_HOURLY_RAINFALL_ACCUMULATION_202301310200_patch000,173056,0.6491006261006558,0.4494156445676741,0.07290647279537633,0.9253438718479157,2.832819424185654,2.1417566745611287,2.2792799148589915,0.6449932317697609,0.009470922707100591,0.011556952662721894,0.00037560096153846156,0.978596523668639
Convex light,RAD_OPERA_HOURLY_RAINFALL_ACCUMULATION_202301310900_patch000,235008,0.565305437160413,0.39364093365982783,0.07374629764031725,0.9325041867813519,2.355802869611127,1.818449086486342,1.9300601176149987,0.5604745497054004,0.05157271241830065,0.04245387391067538,0.0013488902505446622,0.9046245234204793
Convex light,RAD_OPERA_HOURLY_RAINFALL_ACCUMULATION_202301311600_patch000,259584,0.3429825670023196,0.2343531569697448,-0.0011627592738346734,0.961833486621919,1.5512759544307506,1.344373999131771,1.3890071321520747,0.3429805960376939,0.010266426282051282,0.017269939595660748,0.0007858727810650888,0.9716777613412229
Convex light,RAD_OPERA_HOURLY_RAINFALL_ACCUMULATION_202301312000_patch001,199680,0.5066092222003095,0.31380895697840083,-0.06390662152344026,0.8609721735594789,0.9150624447126362,0.4869647340187413,0.5747291654937576,0.502562282452496,0.0022786458333333335,0.006335136217948718,0.000641025641025641,0.9907451923076923
Convex none,RAD_OPERA_HOURLY_RAINFALL_ACCUMULATION_202301180600_patch000,215040,0.7658342475847785,0.5052664951497545,-0.010215860620068963,0.9100304596942319,3.27281592036694,2.224476061768885,2.4554471255851444,0.7657661072191267,0.004036458333333334,0.028436569940476192,0.00030691964285714285,0.9672200520833333
Convex none,RAD_OPERA_HOURLY_RAINFALL_ACCUMULATION_202301180900_patch002,192000,1.0071310949069776,0.5603692047392748,-0.1234523983927075,0.902508512568662,5.0953568524250965,3.2575092067734737,3.6768967557694765,0.9995361662589383,0.12115625,0.007177083333333333,0.00275,0.8689166666666667
Convex none,RAD_OPERA_HOURLY_RAINFALL_ACCUMULATION_202301181200_patch003,204800,0.7200766479708832,0.46129297821880144,0.09247198130892566,0.9286104592802445,3.702674165373345,3.239013708018382,3.215864280882971,0.7141143547260377,0.06701171875,0.0266455078125,0.001298828125,0.9050439453125
Convex none,RAD_OPERA_HOURLY_RAINFALL_ACCUMULATION_202301181300_patch002,207360,0.4218743594097225,0.23445461913080956,-0.008263870754658623,0.9090344273908424,0.9771221110578717,0.6526663082211844,0.7259393678557711,0.4217934133761622,0.0,0.0,0.0,1.0
Convex none,RAD_OPERA_HOURLY_RAINFALL_ACCUMULATION_202301181900_patch000,277760,0.3046753290588264,0.1883763087165546,-0.015435120140949119,0.9747181179813043,1.7626903229844384,1.503980009515855,1.5870407596484775,0.3042840994914762,0.053193404377880185,0.004727102534562212,0.0005184331797235024,0.9415610599078341
Convex none,RAD_OPERA_HOURLY_RAINFALL_ACCUMULATION_202301190000_patch000,276480,0.3827899504930656,0.26722081799633557,0.05254329996446527,0.9755769768415261,2.9394825701860237,2.652303140049971,2.7240091812043334,0.37916664914958936,3.616898148148148e-05,0.0014214409722222222,2.5318287037037036e-05,0.9985170717592593
Convex none,RAD_OPERA_HOURLY_RAINFALL_ACCUMULATION_202301190300_patch000,349440,0.6836618661965131,0.4767720570948125,-0.01589828131092719,0.935241411459914,3.5943924164847436,2.7026250302993087,2.914938327420698,0.6834769871346493,0.0,0.0024210164835164836,0.0,0.9975789835164836
Convex none,RAD_OPERA_HOURLY_RAINFALL_ACCUMULATION_202301190300_patch001,365568,0.6859938994269323,0.365448038166584,0.02988291597858022,0.917485616184724,2.96750203921129,2.540099811633123,2.518953604730414,0.6853427181954919,0.4194650516456583,0.034412202380952384,0.01805956757703081,0.5280631783963585
Convex none,RAD_OPERA_HOURLY_RAINFALL_ACCUMULATION_202301190700_patch000,354816,0.4365560044458191,0.28603336855722417,0.02347116564521403,0.9608246732541398,2.4557176230552775,2.1561198118504574,2.2109035927523912,0.4359245914157092,0.052091788419913417,0.014255275974025974,0.0011132530663780665,0.9325396825396826
Convex none,RAD_OPERA_HOURLY_RAINFALL_ACCUMULATION_202301190800_patch001,249600,0.8680619335915907,0.5559237338062853,-0.006252786876777044,0.8608001363508382,2.885646768238029,1.916895061371026,2.0245247032010054,0.8680394133949476,0.003421474358974359,0.006883012820512821,0.00048477564102564105,0.9892107371794872
Convex none,RAD_OPERA_HOURLY_RAINFALL_ACCUMULATION_202301190800_patch002,253952,2.2393132637536746,1.098496559774531,0.20325627232861035,0.92729254682833,34.927763255891534,27.034775187956658,28.494663831432987,2.230069680745921,0.05780226184475806,0.03360083795362903,0.009938886088709678,0.8986580141129032
Convex none,RAD_OPERA_HOURLY_RAINFALL_ACCUMULATION_202301190900_patch001,235008,0.6157867229810883,0.422545448565462,0.0005453956274879784,0.9220258686271495,2.3939472077044335,1.6479080998034432,1.8313311583822398,0.6157864814555425,0.0,0.0,0.0,1.0
Convex none,RAD_OPERA_HOURLY_RAINFALL_ACCUMULATION_202301192000_patch000,349184,0.5010868045415363,0.3389013565707538,0.04776930099625797,0.9585247981061589,3.027299363914012,2.6047315688746617,2.6916124266103485,0.4988046507080469,0.04745921920821115,0.016707523826979473,0.00202758431085044,0.933805672653959
Convex none,RAD_OPERA_HOURLY_RAINFALL_ACCUMULATION_202301200400_patch000,261888,0.16514526104618227,0.11430426099986742,0.012915637556241347,0.9782525109958936,0.5942338314622407,0.5110043186078955,0.5390660032588044,0.16463943498605518,0.0,0.0,0.0,1.0
Convex none,RAD_OPERA_HOURLY_RAINFALL_ACCUMULATION_202301200800_patch001,331520,0.3501966004193653,0.2359496711484532,0.019676796128207122,0.9620138261596843,1.6131469660545812,1.38501485501277,1.437955669213971,0.34964336492976605,0.006841216216216217,0.01727497586872587,0.0007601351351351352,0.9751236727799227
Convex none,RAD_OPERA_HOURLY_RAINFALL_ACCUMULATION_202301201300_patch000,166400,0.6877591997768607,0.46072414721630944,-0.016193158449067806,0.9340550017440911,3.4980196346614756,2.5085515447879816,2.766910340476153,0.6875685409449381,0.005042067307692307,0.008509615384615385,0.0,0.9864483173076923
Convex none,RAD_OPERA_HOURLY_RAINFALL_ACCUMULATION_202301201600_patch002,160000,0.29539564846945016,0.20712615042477847,0.025728338688611983,0.9612727732487044,1.112326954311246,0.9368061307390324,0.9812682216636336,0.29427307339104447,0.0,0.0,0.0,1.0
Convex none,RAD_OPERA_HOURLY_RAINFALL_ACCUMULATION_202301210300_patch000,269824,3.0643214560501875,1.2822123490890187,-0.1163362974628541,0.8150553637525654,27.544654792083577,15.341379783652387,16.754751361916895,3.062112318629442,0.07029026328273245,0.09052938211574953,0.009313478415559772,0.8298668761859582
Convex none,RAD_OPERA_HOURLY_RAINFALL_ACCUMULATION_202301210800_patch002,350208,1.5989714353315203,0.6888193035582698,-0.053181950630914694,0.9570344818586697,27.8696627274206,21.101070660329174,23.208426028308267,1.5980867720913132,0.2943564967105263,0.05099826388888889,0.002758360745614035,0.6518868786549707
Convex none,RAD_OPERA_HOURLY_RAINFALL_ACCUMULATION_202301210900_patch000,397824,1.7320062960893294,0.766607698601422,0.044401357980529264,0.9701364541203927,47.7649992717249,39.33411442678438,42.050619684703356,1.7314370705002717,0.3600134732947233,0.03610390524453024,0.007194136100386101,0.5966884853603603
Convex none,RAD_OPERA_HOURLY_RAINFALL_ACCUMULATION_202301211500_patch000,206336,0.6906201564372465,0.4766173644374684,0.07834901141274891,0.9255972376995464,3.212561743840583,2.4219740786657042,2.581859094809118,0.6861615209905405,0.03528710452853598,0.01623080800248139,0.0021809088089330027,0.9463011786600496
Convex none,RAD_OPERA_HOURLY_RAINFALL_ACCUMULATION_202301211800_patch000,179200,0.6712136945062146,0.45109853580938364,-0.017496574594433923,0.8859126371777705,2.0261617128539067,1.3031560259011874,1.4395480225924753,0.6709856135344061,0.1222265625,0.054559151785714285,0.008956473214285714,0.8142578125
Convex none,RAD_OPERA_HOURLY_RAINFALL_ACCUMULATION_202301211900_patch000,304384,0.6709035294769115,0.46127475020460595,-0.020087910110472645,0.9257312982085035,3.035391824603617,2.2141970918775433,2.3999404473745947,0.6706027301852943,0.07124224663582843,0.041588914003364175,0.004648733179142136,0.8825201061816653
Convex none,RAD_OPERA_HOURLY_RAINFALL_ACCUMULATION_202301211900_patch001,268800,0.7811796804347872,0.5213915250930936,-0.08396066372473024,0.90249168888104,3.188012180101132,2.2584865682320188,2.421653224131026,0.7766545564606565,0.05422991071428571,0.02640625,0.008571428571428572,0.9107924107142857
Convex none,RAD_OPERA_HOURLY_RAINFALL_ACCUMULATION_202301212300_patch000,221184,0.5577695172593192,0.3746390474129671,-0.04667362573511329,0.9365774736923308,2.4329008468384385,1.8503807129422782,1.9871765763681424,0.5558132843360553,0.04115125868055555,0.019070095486111112,0.0006374782986111111,0.9391411675347222
Convex none,RAD_OPERA_HOURLY_RAINFALL_ACCUMULATION_202301220000_patch001,286720,0.779695175431861,0.5284773607804691,0.06707258729021515,0.9319357883904276,4.548990748463364,3.6679439618570004,3.8067544378472244,0.7768048883895602,0.04661342075892857,0.03777204241071429,0.002089146205357143,0.913525390625
Convex none,RAD_OPERA_HOURLY_RAINFALL_ACCUMULATION_202301220100_patch001,193024,0.8096907679247896,0.4831940016135064,0.03422293431579219,0.9538201121205765,6.972695999177497,5.567622520904694,5.9429452948263695,0.8089671998477148,0.17549631133952254,0.018495109416445624,0.006859250663129974,0.7991493285809018
Convex none,RAD_OPERA_HOURLY_RAINFALL_ACCUMULATION_202301221200_patch000,354816,0.7445158872807912,0.4912935722430141,0.0421778614153853,0.9539034948207157,6.103874386331829,5.309227656677809,5.4302885542948545,0.7433202098826106,0.020478219696969696,0.016760799963924964,0.0008060515873015873,0.9619549287518038
Convex none,RAD_OPERA_HOURLY_RAINFALL_ACCUMULATION_202301222100_patch000,186368,0.6023967052710841,0.3935406118278984,-0.035533136796338634,0.9790561613157094,7.8880033876569415,6.571740481949602,7.049062341447837,0.6013478084360747,0.2499517084478022,0.03834885817307692,0.006492530906593407,0.7052069024725275
Convex none,RAD_OPERA_HOURLY_RAINFALL_ACCUMULATION_202301230100_patch000,238080,0.6657854059661079,0.41703072077619674,0.04173185322164053,0.9450525186305626,4.089612109187757,3.4020468814199973,3.525065165691806,0.664476229239348,0.26634324596774195,0.02959929435483871,0.0062836021505376346,0.6977738575268817
Convex none,RAD_OPERA_HOURLY_RAINFALL_ACCUMULATION_202301230600_patch003,268800,0.4769881896207553,0.2836145668084334,0.02504859298578508,0.9512679093597238,2.3542986389185776,1.9729873689133013,2.0501978534023806,0.47633003372359173,0.0013913690476190475,0.013545386904761906,0.00010416666666666667,0.9849590773809523
Convex none,RAD_OPERA_HOURLY_RAINFALL_ACCUMULATION_202301231200_patch001,312576,0.3677392842315847,0.24696168280066583,0.013014591071249798,0.9430769020940116,1.183047162880077,0.9232815624444005,0.9856329618690356,0.3675089136149032,0.030027897215397215,0.01495316339066339,0.003800675675675676,0.9512182637182637
Convex none,RAD_OPERA_HOURLY_RAINFALL_ACCUMULATION_202301231200_patch002,329728,0.4620683523355677,0.2998775204060446,0.019599551500380907,0.972399971750512,3.8563686164218782,3.4339563139026326,3.5386009552567104,0.4616524881456725,0.005519701086956522,0.007363645186335404,0.0007127086568322981,0.9864039450698758
Convex none,RAD_OPERA_HOURLY_RAINFALL_ACCUMULATION_202301231200_patch003,272384,2.0600732595629547,1.2074712771874943,0.21224114732165192,0.8926753546220186,20.630063442778834,17.18453851949057,16.80787321605974,2.0491109121152826,0.059305979793233085,0.0900163005169173,0.004115513392857143,0.8465622062969925
Convex none,RAD_OPERA_HOURLY_RAINFALL_ACCUMULATION_202301231300_patch001,306176,2.7376537680972306,1.2008985947265962,0.12693644420093292,0.9335075746641872,56.56465310379236,43.11841696513682,46.10221738790929,2.734709361725774,0.32531615802675584,0.05864274142976589,0.019710885242474916,0.5963302153010034
Convex none,RAD_OPERA_HOURLY_RAINFALL_ACCUMULATION_202301231400_patch002,335872,0.30669415895500013,0.20105225510225155,-0.026880771918335884,0.9523401389678523,0.9476010305382226,0.7313294055130037,0.7927958524065185,0.3055138805982296,0.0,0.0,0.0,1.0
Convex none,RAD_OPERA_HOURLY_RAINFALL_ACCUMULATION_202301231400_patch003,341504,0.32648033129192394,0.22582602989807518,0.03464387096478597,0.9452797617311495,0.9899112606603819,0.8922988376419447,0.8884104446886335,0.32463704182526626,0.006363029422788605,0.008816880622188905,0.0012884182908545728,0.9835316716641679
Convex none,RAD_OPERA_HOURLY_RAINFALL_ACCUMULATION_202301231600_patch001,301568,0.48800188401488725,0.32378637323971105,0.048906819561080526,0.9743151917768265,4.5205301553478,3.9633165406513524,4.124046367098326,0.48554501521743526,0.013456334889643463,0.002666065365025467,0.001674580857385399,0.9822030188879457
Convex none,RAD_OPERA_HOURLY_RAINFALL_ACCUMULATION_202301231700_patch000,291840,0.499115163079036,0.3327121540615815,0.021319292110249015,0.9708665630323198,4.0132486157959875,3.2758613314224183,3.5202242567095374,0.4986596372269672,0.05962171052631579,0.031428179824561406,0.002559621710526316,0.9063904879385964
Convex none,RAD_OPERA_HOURLY_RAINFALL_ACCUMULATION_202301231900_patch000,330240,0.4671464705281617,0.3187138529277931,0.062397213611364195,0.9781164675686638,4.667671273419754,4.009593295114207,4.231466077936751,0.46296048714815435,0.214546996124031,0.04206031976744186,0.004248425387596899,0.7391442587209303
Convex none,RAD_OPERA_HOURLY_RAINFALL_ACCUMULATION_202301240500_patch000,494592,3.153266339078524,1.1320797703447396,0.05750441627400792,0.934448527697678,78.37198171882613,69.12749043074886,68.77984515115014,3.1527419569756514,0.12727864583333334,0.03119338768115942,0.008348295160455486,0.8331796713250518
Convex none,RAD_OPERA_HOURLY_RAINFALL_ACCUMULATION_202301240700_patch000,193024,0.31840051622380977,0.22013611528579027,-0.006598844263635931,0.9704321585962304,1.6698463359283904,1.4170411266922436,1.4927760593173305,0.31833212842245884,0.0044968501326259945,0.002041196949602122,7.252984084880636e-05,0.9933894230769231
Convex none,RAD_OPERA_HOURLY_RAINFALL_ACCUMULATION_202301241500_patch000,433152,0.9999924506469693,0.594466729020414,-0.047754322869955214,0.9144245985563146,5.877598213343384,4.122461775116432,4.501177781230826,0.9988515535344393,0.15957677674349882,0.04370290336879433,0.013535664154846336,0.7831846557328606
Convex none,RAD_OPERA_HOURLY_RAINFALL_ACCUMULATION_202301241500_patch001,235008,1.110631352071911,0.7379940510644484,-0.05079665094448938,0.9368062583040532,9.556716264897508,7.014958919383328,7.670376741911466,1.1094691074824503,0.01291019880174292,0.029267088779956426,0.0008510348583877996,0.9569716775599129
Convex none,RAD_OPERA_HOURLY_RAINFALL_ACCUMULATION_202301241700_patch000,229376,0.6989911884040135,0.4939505073948506,-0.01431627943181653,0.8629721547718401,1.8780420824092592,1.183700462555726,1.28667940967765,0.6988445646992508,0.027535574776785716,0.016823904854910716,0.007598876953125,0.9480416434151786
Convex none,RAD_OPERA_HOURLY_RAINFALL_ACCUMULATION_202301241700_patch002,186368,0.7072935711151632,0.4545552107318996,0.03674066217819372,0.9493600068536466,4.992635297369451,4.1754893428244095,4.3346051603551565,0.7063386719439537,0.05802498282967033,0.01720252403846154,0.01310310782967033,0.9116693853021978
Convex none,RAD_OPERA_HOURLY_RAINFALL_ACCUMULATION_202301241900_patch001,185600,0.5062462274156287,0.3576177481644594,0.06047700564417153,0.9574893417808147,2.932313169231306,2.392505159106932,2.5360952768886835,0.5026209054156735,0.018173491379310344,0.026654094827586208,0.00046336206896551726,0.9547090517241379
Convex none,RAD_OPERA_HOURLY_RAINFALL_ACCUMULATION_202301242200_patch001,329728,1.1652961189642,0.6526689613828945,0.01709217018490979,0.8744184739981937,5.744040852233052,4.0860585808599,4.236238265250778,1.1651707611296283,0.24417701863354038,0.06182065217391304,0.006814707880434783,0.6871876213121118
Convex none,RAD_OPERA_HOURLY_RAINFALL_ACCUMULATION_202301250200_patch000,236544,0.3455987364272218,0.2370042595392165,0.011761424324236602,0.9674100940027788,1.8605524761184593,1.747615053657304,1.744433687128903,0.34539854591175906,0.16229538690476192,0.018550459956709956,0.0011033887987012987,0.8180507643398268
Convex none,RAD_OPERA_HOURLY_RAINFALL_ACCUMULATION_202301250200_patch001,461824,0.5656227240193592,0.31958932911598814,-0.005112553481056447,0.9783530515504921,7.102443023451587,6.159813771645224,6.471176933686413,0.5655996178605353,0.4515464765798226,0.03684737042682927,0.007476874307095344,0.5041292786862528
Convex none,RAD_OPERA_HOURLY_RAINFALL_ACCUMULATION_202301250300_patch000,258048,0.24264601601671393,0.1711660511858691,0.013120822098691918,0.9657422960998231,0.8463977065576301,0.7176905304060478,0.75269165192372,0.2422910091527085,0.0,0.0,0.0,1.0
Convex none,RAD_OPERA_HOURLY_RAINFALL_ACCUMULATION_202301250500_patch000,376832,1.1714992119998078,0.708733130123105,-0.059852943607715446,0.8868955100166543,6.413795965297926,5.064626630524118,5.05479728348219,1.1699692426972863,0.07769775390625,0.027338442595108696,0.005649732506793478,0.8893140709918478
Convex none,RAD_OPERA_HOURLY_RAINFALL_ACCUMULATION_202301251000_patch001,232960,0.33080279909867377,0.2217025001873864,0.04844532058504471,0.9783221734415862,2.4969475841948108,2.3910023783586167,2.390433209874249,0.3272362186631085,0.2084005837912088,0.015397493131868133,0.0014938186813186812,0.7747081043956044
Convex none,RAD_OPERA_HOURLY_RAINFALL_ACCUMULATION_202301251300_patch000,200448,0.2676585469506977,0.19405238021504,0.027593841951144202,0.979386413900943,1.6508663943650703,1.437697262893056,1.5088419898079959,0.2662323752704282,0.04087344348659004,0.013809067688378033,0.00025443007662835247,0.9450630587484036
Convex none,RAD_OPERA_HOURLY_RAINFALL_ACCUMULATION_202301251600_patch002,199680,0.39419806981061506,0.2678027640626444,0.02745553650246762,0.9642937513379536,2.155910080952638,1.8423305635001574,1.9218011663475096,0.3932407808935592,0.14732071314102563,0.02622696314102564,0.009084535256410257,0.8173677884615385
Convex none,RAD_OPERA_HOURLY_RAINFALL_ACCUMULATION_202301252100_patch000,312576,0.23277428702614852,0.16010834598577414,0.03739247764573249,0.9853764211048917,1.77909480623783,1.6401073220726898,1.6832082284972374,0.22975132494948788,0.06102515868140868,0.016146473177723178,0.003323991605241605,0.9195043765356266
Convex none,RAD_OPERA_HOURLY_RAINFALL_ACCUMULATION_202301252200_patch000,186368,0.32060110568472416,0.21745865182094928,0.03750357960322347,0.9761712851138487,2.046232767315117,1.7569823797168793,1.8509182982743924,0.31839998505529543,0.05806790865384615,0.023319453983516484,0.0010087568681318682,0.9176038804945055
Convex none,RAD_OPERA_HOURLY_RAINFALL_ACCUMULATION_202301260000_patch000,199680,4.2469877721187705,1.6409941697090324,0.1842089994123368,0.8963805037436204,90.73277864923094,65.95822882686872,69.3440176475189,4.242990947558321,0.3667618189102564,0.09428084935897436,0.01556991185897436,0.5233874198717948
Convex none,RAD_OPERA_HOURLY_RAINFALL_ACCUMULATION_202301260200_patch000,230144,0.501740192120677,0.31961692172448747,0.06910470272756757,0.9811839658694145,6.466627323160726,5.848011624381914,6.033835593546204,0.4969585097875158,0.22562830228031144,0.029133933537263627,0.009885115406006674,0.7353526487764183
Convex none,RAD_OPERA_HOURLY_RAINFALL_ACCUMULATION_202301260200_patch001,237568,0.39684512433281494,0.27607223830856475,-0.0041621238740782275,0.9531533685709707,1.6971454088925977,1.4280298331379198,1.4838532562994666,0.39682329749094136,0.036600047144396554,0.006036166487068966,0.007341056034482759,0.9500227303340517
Convex none,RAD_OPERA_HOURLY_RAINFALL_ACCUMULATION_202301260600_patch000,166400,3.2544682624170167,1.9199708159282707,0.4639229468922513,0.913588326927771,62.75137105092863,52.38308960319993,52.379060741851056,3.2212325545397134,0.11797475961538462,0.08596153846153846,0.005733173076923077,0.7903305288461538
Convex none,RAD_OPERA_HOURLY_RAINFALL_ACCUMULATION_202301260800_patch001,311808,0.4977347798677087,0.3283335708572234,-0.047501739348404945,0.9092724408755872,1.337778001060567,0.8731611021515158,0.982727803681625,0.4954629106692373,0.0004971007799671593,0.00476254618226601,2.8863916256157634e-05,0.9947114891215106
Convex none,RAD_OPERA_HOURLY_RAINFALL_ACCUMULATION_202301260900_patch000,185600,0.5728607200951441,0.39840354209926365,0.052349598760684506,0.9193406489327389,2.061711139194065,1.5400682622019743,1.6381752386292583,0.5704637798647013,0.0005226293103448276,0.0031788793103448274,0.00078125,0.9955172413793103
Convex none,RAD_OPERA_HOURLY_RAINFALL_ACCUMULATION_202301260900_patch001,272384,0.4656131438992134,0.31610445043590063,0.0013799912226101895,0.9434390402661507,1.83210938914287,1.3291475614546728,1.472231627600804,0.46561109887537594,0.027611753994360902,0.01806640625,0.001277608082706767,0.9530442316729323
Convex none,RAD_OPERA_HOURLY_RAINFALL_ACCUMULATION_202301270400_patch000,224000,0.8204199645145901,0.5163220580877568,-0.038869460392981524,0.9191954025078695,4.275618214095756,3.2702754662609648,3.437157798566921,0.8194986779872679,0.19467857142857142,0.023986607142857143,0.01597767857142857,0.7653571428571428
Convex none,RAD_OPERA_HOURLY_RAINFALL_ACCUMULATION_202301270700_patch000,385280,1.4717456755783005,0.7421462865445839,0.03295863565602061,0.9433075256767309,18.550969446440156,13.799790679902241,15.09290553221164,1.471376587389891,0.2758072051495017,0.0535766196013289,0.003426079734219269,0.6671900955149501
Convex none,RAD_OPERA_HOURLY_RAINFALL_ACCUMULATION_202301270800_patch000,166400,0.21085159521772734,0.13271784321619914,0.03684009921378814,0.9286605533332959,0.29533724061420197,0.20704540344136613,0.22964072087989476,0.20760829052756677,0.0,0.0,0.0,1.0
Convex none,RAD_OPERA_HOURLY_RAINFALL_ACCUMULATION_202301270900_patch000,312576,0.8628449922095232,0.6128111926666022,0.010856476204337764,0.90837517922002,4.1737425036185964,3.010277243505685,3.219818064809402,0.8627766904045779,0.03135557432432432,0.05637988841113841,0.006990299959049959,0.9052742373054873
Convex none,RAD_OPERA_HOURLY_RAINFALL_ACCUMULATION_202301271000_patch001,261888,2.105971201654488,1.017193096129248,-0.008235959115408987,0.905596086325797,24.143236716831044,17.195626162843695,18.451908004249617,2.105955097141318,0.1375168010752688,0.05396963587487781,0.007583394428152493,0.8009301686217009
Convex none,RAD_OPERA_HOURLY_RAINFALL_ACCUMULATION_202301271800_patch000,312576,0.17462095586363613,0.1201238372400525,0.010824732234538285,0.9733832531674532,0.542592791772456,0.45386457377418743,0.4830410310739316,0.17428512099080776,0.0,0.0,0.0,1.0
Convex none,RAD_OPERA_HOURLY_RAINFALL_ACCUMULATION_202301272100_patch001,222208,1.6054832005016972,0.8371153808912888,0.07986705950160282,0.9508683169552868,25.901361316404063,20.626939390630337,21.978551573567337,1.6034954193572677,0.2362201180875576,0.05603758640552996,0.005629860311059907,0.7021124351958525
Convex none,RAD_OPERA_HOURLY_RAINFALL_ACCUMULATION_202301272300_patch000,236800,0.4439251036007305,0.2985567595981489,0.019358786773502928,0.959919137541049,2.4631703250810824,2.102435095245328,2.184455342672417,0.44350280154873584,0.05283361486486487,0.005029560810810811,0.0018623310810810811,0.9402744932432432
Convex none,RAD_OPERA_HOURLY_RAINFALL_ACCUMULATION_202301272300_patch002,322560,1.2121796012368458,0.7737565000293894,0.06800780437798018,0.949882486829586,14.613834454836178,11.832169537871689,12.490624834254733,1.2102703516976712,0.005611359126984127,0.014344618055555555,0.004765004960317461,0.9752790178571429
Convex none,RAD_OPERA_HOURLY_RAINFALL_ACCUMULATION_202301280000_patch001,207360,0.5417589122704115,0.35939925098633624,0.022595017277463166,0.9634243852710387,3.999393506497799,3.424956238692986,3.5656787804860675,0.5412875245363139,0.03252314814814815,0.03225308641975309,0.0020929783950617282,0.933130787037037
Convex none,RAD_OPERA_HOURLY_RAINFALL_ACCUMULATION_202301280700_patch000,286720,1.539973274093237,0.8011566201704486,0.05341289751562975,0.9604272652241879,29.03443330398368,23.37010721429103,25.017937885487136,1.5390467008185387,0.028634207589285716,0.00927734375,0.0021902901785714286,0.9598981584821429
Convex none,RAD_OPERA_HOURLY_RAINFALL_ACCUMULATION_202301280800_patch000,198400,1.1419914264703854,0.6612294090283855,0.0655094317151534,0.9768028868353202,27.863142115830293,25.07259547195968,25.817942327650872,1.140110929904728,0.0,0.0,0.0,1.0
Convex none,RAD_OPERA_HOURLY_RAINFALL_ACCUMULATION_202301280900_patch000,236800,0.7030004316924631,0.4232816878062238,0.0631661659453633,0.95266053664535,5.237337492836444,4.418991337154952,4.583054593775922,0.7001568698795666,0.3034839527027027,0.03044341216216216,0.001389358108108108,0.664683277027027
Convex none,RAD_OPERA_HOURLY_RAINFALL_ACCUMULATION_202301281000_patch001,211200,1.622103894859708,0.8569146379863033,-0.20609383632651695,0.9684707559648006,34.8615290299946,25.666568534237996,28.96967559394267,1.6089581648841136,0.0878409090909091,0.025142045454545455,0.005800189393939394,0.8812168560606061
Convex none,RAD_OPERA_HOURLY_RAINFALL_ACCUMULATION_202301281900_patch000,274688,0.3712050095803597,0.2468152097759435,0.04497795062387433,0.9735931567929249,2.477361060786308,2.1048114566507117,2.2232011871708943,0.3684700029788467,0.0,0.0007062558247903076,0.0,0.9992937441752097
Convex none,RAD_OPERA_HOURLY_RAINFALL_ACCUMULATION_202301282100_patch000,239616,0.4425345414893878,0.3069685302405172,0.04836071180618845,0.9192397654048601,1.2381901473932473,0.9665173177260744,1.0056047015772502,0.4398841460712371,0.0016150841346153845,0.0026208600427350425,0.0012770432692307692,0.9944870125534188
Convex none,RAD_OPERA_HOURLY_RAINFALL_ACCUMULATION_202301282200_patch000,317440,4.221206176797827,1.8339904189973326,0.07945055740426848,0.8779866253195392,76.73795213797683,52.02861011743039,55.47714652972147,4.2204584106426495,0.08798828125,0.041522807459677416,0.015114667338709677,0.8553742439516129
Convex none,RAD_OPERA_HOURLY_RAINFALL_ACCUMULATION_202301282200_patch001,450560,1.220094507162837,0.7144502843953799,0.051909194610825694,0.9801071052406456,36.905733997139116,33.34680019193028,34.38329907357281,1.2189897628461783,0.28246848366477273,0.034976473721590906,0.011101740056818183,0.6714533025568182
Convex none,RAD_OPERA_HOURLY_RAINFALL_ACCUMULATION_202301290800_patch000,303104,0.39650014386994764,0.2624148263279789,0.07375315052214884,0.8650166994211785,0.5992703817547332,0.40894030276238963,0.42821892382008825,0.3895803343046803,0.0,0.0,0.0,1.0
Convex none,RAD_OPERA_HOURLY_RAINFALL_ACCUMULATION_202301291100_patch000,166400,0.6450566438188576,0.42302709641651465,0.025586743721595178,0.9587089829620358,4.830157755722127,3.800753295137545,4.107733829289549,0.6445489836161205,0.0002403846153846154,0.0035697115384615385,0.00036658653846153845,0.9958233173076924
Convex none,RAD_OPERA_HOURLY_RAINFALL_ACCUMULATION_202301291700_patch000,266240,0.1841378696499631,0.12995623017497845,0.014289592657251677,0.9824375369985889,0.9575140360368515,0.8877947362046587,0.9058031048302966,0.18358257700805,0.023809344951923078,0.011959134615384615,0.002955979567307692,0.9612755408653846
Convex none,RAD_OPERA_HOURLY_RAINFALL_ACCUMULATION_202301291900_patch000,495616,0.44861308286631574,0.31151357883088865,-0.036668688781698495,0.9767211310494173,4.109712847038261,3.5199048406680964,3.714854291162253,0.44711196067858755,0.0,0.006186240960743801,0.0,0.9938137590392562
Convex none,RAD_OPERA_HOURLY_RAINFALL_ACCUMULATION_202301292200_patch002,166400,0.28942901392559256,0.1988170973995987,0.018675300086346956,0.9656277251245027,1.160714470095825,0.9401824469160381,1.0087382648716188,0.2888258770758356,0.017842548076923075,0.0037860576923076923,0.003930288461538462,0.9744411057692308
Convex none,RAD_OPERA_HOURLY_RAINFALL_ACCUMULATION_202301292300_patch001,186368,0.3984016769205976,0.28016544334880833,-0.009359623820093655,0.9540758695728393,1.717612539117084,1.400234487959063,1.479605366730528,0.39829171923991913,0.0,0.0,0.0,1.0
Convex none,RAD_OPERA_HOURLY_RAINFALL_ACCUMULATION_202301292300_patch003,173056,0.1450944173832111,0.1047450621190795,-0.0005243280509861528,0.9745698365304759,0.402126237331252,0.3465490061465575,0.36381156422097055,0.145093469997338,0.0,0.0,0.0,1.0
Convex none,RAD_OPERA_HOURLY_RAINFALL_ACCUMULATION_202301300000_patch001,207872,0.23268485464724925,0.16149736559156128,0.014244796389374386,0.9490705261518482,0.5407175109944128,0.46458956862471557,0.47568387613054575,0.2322484173423724,0.0,0.0,0.0,1.0
Convex none,RAD_OPERA_HOURLY_RAINFALL_ACCUMULATION_202301300200_patch001,391680,0.2053190909613346,0.1456339871407383,-0.01866152394514263,0.9642563254952162,0.5704246107106009,0.4710576714208498,0.49983730274710847,0.20446925597075385,0.0,0.0,0.0,1.0
Convex none,RAD_OPERA_HOURLY_RAINFALL_ACCUMULATION_202301301000_patch000,371712,0.33951817296010095,0.23025053654142896,0.059003908961634315,0.9568859918487806,1.2637963729443076,1.0077075552120545,1.079856399829475,0.33435180349059307,0.0,0.004672972623966942,0.0,0.9953270273760331
Convex none,RAD_OPERA_HOURLY_RAINFALL_ACCUMULATION_202301302200_patch000,239616,1.1755994756347359,0.7279048508510786,-0.09518091444890459,0.8803033862905908,5.948336024655221,3.849599346543879,4.212480325280882,1.171740039700503,0.08688484909188034,0.026513254540598292,0.006435296474358974,0.8801665998931624
Convex none,RAD_OPERA_HOURLY_RAINFALL_ACCUMULATION_202301302200_patch001,367360,0.4999073270598441,0.35286230117293826,0.04582973798571738,0.9208061833227956,1.6065802750773213,1.2290958552887503,1.2939345798008965,0.49780214017647456,0.0005335365853658537,0.010243358013937283,0.00036476480836236934,0.9888583405923345
Convex none,RAD_OPERA_HOURLY_RAINFALL_ACCUMULATION_202301302200_patch002,294912,1.0675943982655955,0.6299367857875579,0.018521581452429423,0.8954778007986858,5.651092091182291,3.9518950167575846,4.231786178855647,1.0674337217029355,0.2652011447482639,0.07587348090277778,0.015424940321180556,0.6435004340277778
Convex none,RAD_OPERA_HOURLY_RAINFALL_ACCUMULATION_202301310000_patch001,230400,0.5504561983639574,0.38067273223544856,-0.02553941466369036,0.9199435810202214,1.8866958681376096,1.3281257656493224,1.456235934585498,0.5498634054162329,0.0005598958333333334,0.020464409722222222,1.736111111111111e-05,0.9789583333333334
Convex none,RAD_OPERA_HOURLY_RAINFALL_ACCUMULATION_202301310200_patch000,173056,0.6492006531384212,0.45024521285034275,0.07819043590030055,0.9254078984773952,2.832819424185654,2.1473091066422287,2.282390393529404,0.6444747813290088,0.009470922707100591,0.011556952662721894,0.0003813794378698225,0.9785907451923077
Convex none,RAD_OPERA_HOURLY_RAINFALL_ACCUMULATION_202301310900_patch000,235008,0.5588503529952715,0.39449669976563473,0.06928916574524879,0.9344112832319166,2.355802869611127,1.79923219472282,1.92376116789034,0.5545383021516791,0.05176845043572985,0.04225813589324619,0.0013531454248366013,0.9046202682461874
Convex none,RAD_OPERA_HOURLY_RAINFALL_ACCUMULATION_202301311600_patch000,259584,0.3423710065559874,0.23428647864001015,0.002089878880139624,0.96200953883445,1.5512759544307506,1.341825774180488,1.3879440950374062,0.3423646280450513,0.010281835552268245,0.017254530325443787,0.0007897250986193294,0.9716739090236687
Convex none,RAD_OPERA_HOURLY_RAINFALL_ACCUMULATION_202301312000_patch001,199680,0.5067018099918412,0.3138855304731689,-0.06556199825001666,0.8611245842766133,0.9150624447126362,0.4865055580290352,0.5745598270535993,0.5024423833978109,0.0022786458333333335,0.006335136217948718,0.0006460336538461538,0.9907401842948718
